{"type": "FeatureCollection", "bbox": [-119.49958733625371, 49.84087498649998, -119.45770946374628, 49.86787501350001], "features": [{"type": "Feature", "geometry": {"type": "Point", "coordinates": [-119.490317, 49.8552234]}, "properties": {"source": "osm", "kind": "traffic_signals", "osm_id": 32687232, "osm_type": "node", "tags": {"highway": "traffic_signals", "traffic_signals": "signal"}}}, {"type": "Feature", "geometry": {"type": "Point", "coordinates": [-119.491179, 49.8581537]}, "properties": {"source": "osm", "kind": "traffic_signals", "osm_id": 32687241, "osm_type": "node", "tags": {"highway": "traffic_signals", "traffic_signals": "signal"}}}, {"type": "Feature", "geometry": {"type": "Point", "coordinates": [-119.4912442, 49.8620062]}, "properties": {"source": "osm", "kind": "traffic_signals", "osm_id": 32687242, "osm_type": "node", "tags": {"highway": "traffic_signals"}}}, {"type": "Feature", "geometry": {"type": "Point", "coordinates": [-119.474394, 49.8609541]}, "properties": {"source": "osm", "kind": "traffic_signals", "osm_id": 32687245, "osm_type": "node", "tags": {"highway": "traffic_signals"}}}, {"type": "Feature", "geometry": {"type": "Point", "coordinates": [-119.4882217, 49.8654018]}, "properties": {"source": "osm", "kind": "traffic_signals", "osm_id": 32687246, "osm_type": "node", "tags": {"highway": "traffic_signals"}}}, {"type": "Feature", "geometry": {"type": "Point", "coordinates": [-119.4827794, 49.8655052]}, "properties": {"source": "osm", "kind": "stop", "osm_id": 32687247, "osm_type": "node", "tags": {"direction": "forward", "highway": "stop", "stop": "all"}}}, {"type": "Feature", "geometry": {"type": "Point", "coordinates": [-119.489075, 49.8579325]}, "properties": {"source": "osm", "kind": "traffic_signals", "osm_id": 32687250, "osm_type": "node", "tags": {"highway": "traffic_signals", "traffic_signals": "signal"}}}, {"type": "Feature", "geometry": {"type": "Point", "coordinates": [-119.491218, 49.8653926]}, "properties": {"source": "osm", "kind": "traffic_signals", "osm_id": 362577018, "osm_type": "node", "tags": {"highway": "traffic_signals", "traffic_signals": "signal"}}}, {"type": "Feature", "geometry": {"type": "Point", "coordinates": [-119.4742973, 49.8649261]}, "properties": {"source": "osm", "kind": "traffic_signals", "osm_id": 362577035, "osm_type": "node", "tags": {"highway": "traffic_signals"}}}, {"type": "Feature", "geometry": {"type": "Point", "coordinates": [-119.474442, 49.8574206]}, "properties": {"source": "osm", "kind": "traffic_signals", "osm_id": 771879734, "osm_type": "node", "tags": {"highway": "traffic_signals", "source": "Bing", "traffic_signals": "signal"}}}, {"type": "Feature", "geometry": {"type": "Point", "coordinates": [-119.4766136, 49.8509162]}, "properties": {"source": "osm", "kind": "traffic_signals", "osm_id": 771879765, "osm_type": "node", "tags": {"highway": "traffic_signals"}}}, {"type": "Feature", "geometry": {"type": "Point", "coordinates": [-119.4866471, 49.8502562]}, "properties": {"source": "osm", "kind": "traffic_signals", "osm_id": 775402860, "osm_type": "node", "tags": {"highway": "traffic_signals", "traffic_signals": "signal"}}}, {"type": "Feature", "geometry": {"type": "Point", "coordinates": [-119.476547, 49.8609578]}, "properties": {"source": "osm", "kind": "traffic_signals", "osm_id": 1213230313, "osm_type": "node", "tags": {"highway": "traffic_signals", "traffic_signals": "signal"}}}, {"type": "Feature", "geometry": {"type": "Point", "coordinates": [-119.4835556, 49.8609277]}, "properties": {"source": "osm", "kind": "traffic_signals", "osm_id": 1213230396, "osm_type": "node", "tags": {"highway": "traffic_signals", "traffic_signals": "signal"}}}, {"type": "Feature", "geometry": {"type": "Point", "coordinates": [-119.4852322, 49.8610305]}, "properties": {"source": "osm", "kind": "crossing", "osm_id": 1213230495, "osm_type": "node", "tags": {"crossing": "traffic_signals", "crossing:signals": "yes", "highway": "crossing"}}}, {"type": "Feature", "geometry": {"type": "Point", "coordinates": [-119.487635, 49.8457592]}, "properties": {"source": "osm", "kind": "traffic_signals", "osm_id": 1687970156, "osm_type": "node", "tags": {"highway": "traffic_signals", "traffic_signals": "signal"}}}, {"type": "Feature", "geometry": {"type": "Point", "coordinates": [-119.480285, 49.8455391]}, "properties": {"source": "osm", "kind": "traffic_signals", "osm_id": 1687970603, "osm_type": "node", "tags": {"highway": "traffic_signals", "traffic_signals": "signal"}}}, {"type": "Feature", "geometry": {"type": "Point", "coordinates": [-119.4913645, 49.8600375]}, "properties": {"source": "osm", "kind": "bus_stop", "osm_id": 1907753411, "osm_type": "node", "tags": {"bus": "yes", "highway": "bus_stop", "name": "Pandosy Exchange", "public_transport": "platform", "shelter": "yes"}}}, {"type": "Feature", "geometry": {"type": "Point", "coordinates": [-119.4913633, 49.8616429]}, "properties": {"source": "osm", "kind": "bus_stop", "osm_id": 1907753412, "osm_type": "node", "tags": {"bus": "yes", "highway": "bus_stop", "name": "Lakeshore at Cedar", "public_transport": "platform"}}}, {"type": "Feature", "geometry": {"type": "Point", "coordinates": [-119.4910951, 49.8601676]}, "properties": {"source": "osm", "kind": "bus_stop", "osm_id": 1907787733, "osm_type": "node", "tags": {"bench": "yes", "bus": "yes", "highway": "bus_stop", "name": "Pandosy Exchange", "public_transport": "platform", "ref": "94251"}}}, {"type": "Feature", "geometry": {"type": "Point", "coordinates": [-119.4742697, 49.8574172]}, "properties": {"source": "osm", "kind": "traffic_signals", "osm_id": 3101190952, "osm_type": "node", "tags": {"highway": "traffic_signals", "traffic_signals": "signal"}}}, {"type": "Feature", "geometry": {"type": "Point", "coordinates": [-119.4742222, 49.8609538]}, "properties": {"source": "osm", "kind": "traffic_signals", "osm_id": 3101190953, "osm_type": "node", "tags": {"highway": "traffic_signals"}}}, {"type": "Feature", "geometry": {"type": "Point", "coordinates": [-119.4741486, 49.8649284]}, "properties": {"source": "osm", "kind": "traffic_signals", "osm_id": 3101190955, "osm_type": "node", "tags": {"highway": "traffic_signals"}}}, {"type": "Feature", "geometry": {"type": "Point", "coordinates": [-119.4765019, 49.8508845]}, "properties": {"source": "osm", "kind": "traffic_signals", "osm_id": 3101190968, "osm_type": "node", "tags": {"highway": "traffic_signals"}}}, {"type": "Feature", "geometry": {"type": "Point", "coordinates": [-119.48009, 49.8455028]}, "properties": {"source": "osm", "kind": "traffic_signals", "osm_id": 3101190977, "osm_type": "node", "tags": {"highway": "traffic_signals", "traffic_signals": "signal"}}}, {"type": "Feature", "geometry": {"type": "Point", "coordinates": [-119.4835635, 49.861039]}, "properties": {"source": "osm", "kind": "traffic_signals", "osm_id": 3102875531, "osm_type": "node", "tags": {"highway": "traffic_signals", "traffic_signals": "signal"}}}, {"type": "Feature", "geometry": {"type": "Point", "coordinates": [-119.4742204, 49.8610512]}, "properties": {"source": "osm", "kind": "traffic_signals", "osm_id": 3102875535, "osm_type": "node", "tags": {"highway": "traffic_signals"}}}, {"type": "Feature", "geometry": {"type": "Point", "coordinates": [-119.4743914, 49.8610516]}, "properties": {"source": "osm", "kind": "traffic_signals", "osm_id": 3102875536, "osm_type": "node", "tags": {"highway": "traffic_signals"}}}, {"type": "Feature", "geometry": {"type": "Point", "coordinates": [-119.476545, 49.8610571]}, "properties": {"source": "osm", "kind": "traffic_signals", "osm_id": 3102875538, "osm_type": "node", "tags": {"highway": "traffic_signals", "traffic_signals": "signal"}}}, {"type": "Feature", "geometry": {"type": "Point", "coordinates": [-119.4666433, 49.8610319]}, "properties": {"source": "osm", "kind": "crossing", "osm_id": 3102875550, "osm_type": "node", "tags": {"crossing": "uncontrolled", "crossing:markings": "yes", "crossing:signals": "no", "highway": "crossing"}}}, {"type": "Feature", "geometry": {"type": "Point", "coordinates": [-119.4666451, 49.8609407]}, "properties": {"source": "osm", "kind": "crossing", "osm_id": 3102875551, "osm_type": "node", "tags": {"crossing": "uncontrolled", "crossing:markings": "yes", "crossing:signals": "no", "highway": "crossing"}}}, {"type": "Feature", "geometry": {"type": "Point", "coordinates": [-119.4852353, 49.8609244]}, "properties": {"source": "osm", "kind": "crossing", "osm_id": 3102875577, "osm_type": "node", "tags": {"crossing": "traffic_signals", "crossing:signals": "yes", "highway": "crossing"}}}, {"type": "Feature", "geometry": {"type": "Point", "coordinates": [-119.4885716, 49.8667242]}, "properties": {"source": "osm", "kind": "playground", "osm_id": 3696144055, "osm_type": "node", "tags": {"leisure": "playground"}}}, {"type": "Feature", "geometry": {"type": "Point", "coordinates": [-119.4928007, 49.8586465]}, "properties": {"source": "osm", "kind": "fountain", "osm_id": 5271232469, "osm_type": "node", "tags": {"amenity": "fountain"}}}, {"type": "Feature", "geometry": {"type": "Point", "coordinates": [-119.4859188, 49.8444871]}, "properties": {"source": "osm", "kind": "tower", "osm_id": 5796611980, "osm_type": "node", "tags": {"man_made": "tower", "source": "NRCan-CanVec-10.0", "tower:type": "communication"}}}, {"type": "Feature", "geometry": {"type": "Point", "coordinates": [-119.4669415, 49.8484743]}, "properties": {"source": "osm", "kind": "tower", "osm_id": 5796615439, "osm_type": "node", "tags": {"man_made": "tower", "source": "NRCan-CanVec-10.0", "tower:type": "communication"}}}, {"type": "Feature", "geometry": {"type": "Point", "coordinates": [-119.466279, 49.8473438]}, "properties": {"source": "osm", "kind": "tower", "osm_id": 5796616000, "osm_type": "node", "tags": {"man_made": "tower", "source": "NRCan-CanVec-10.0", "tower:type": "communication"}}}, {"type": "Feature", "geometry": {"type": "Point", "coordinates": [-119.4674635, 49.8494761]}, "properties": {"source": "osm", "kind": "yes", "osm_id": 5796616548, "osm_type": "node", "tags": {"historic": "yes", "source": "NRCan-CanVec-10.0", "tourism": "attraction"}}}, {"type": "Feature", "geometry": {"type": "Point", "coordinates": [-119.4667177, 49.8479004]}, "properties": {"source": "osm", "kind": "tower", "osm_id": 5796617132, "osm_type": "node", "tags": {"man_made": "tower", "source": "NRCan-CanVec-10.0", "tower:type": "communication"}}}, {"type": "Feature", "geometry": {"type": "Point", "coordinates": [-119.4805594, 49.8445877]}, "properties": {"source": "osm", "kind": "crossing", "osm_id": 7229896335, "osm_type": "node", "tags": {"highway": "crossing"}}}, {"type": "Feature", "geometry": {"type": "Point", "coordinates": [-119.4657352, 49.8537913]}, "properties": {"source": "osm", "kind": "gate", "osm_id": 7232090727, "osm_type": "node", "tags": {"barrier": "gate"}}}, {"type": "Feature", "geometry": {"type": "Point", "coordinates": [-119.471885, 49.8519904]}, "properties": {"source": "osm", "kind": "memorial", "osm_id": 7525279785, "osm_type": "node", "tags": {"historic": "memorial", "name": "Pandosy Mission Graveyard"}}}, {"type": "Feature", "geometry": {"type": "Point", "coordinates": [-119.4802706, 49.8611091]}, "properties": {"source": "osm", "kind": "bus_stop", "osm_id": 8555812111, "osm_type": "node", "tags": {"bus": "yes", "highway": "bus_stop", "name": "Okanagan College Exchange", "public_transport": "platform"}}}, {"type": "Feature", "geometry": {"type": "Point", "coordinates": [-119.491082, 49.865794]}, "properties": {"source": "osm", "kind": "bus_stop", "osm_id": 8564531826, "osm_type": "node", "tags": {"bench": "yes", "bin": "yes", "bus": "yes", "highway": "bus_stop", "name": "Pandosy at Osprey", "public_transport": "platform", "ref": "140053", "shelter": "no", "source": "BC Transit Open Data", "tactile_paving": "no"}}}, {"type": "Feature", "geometry": {"type": "Point", "coordinates": [-119.4798787, 49.8457348]}, "properties": {"source": "osm", "kind": "bus_stop", "osm_id": 8564531831, "osm_type": "node", "tags": {"bus": "yes", "highway": "bus_stop", "name": "Gordon at Cook", "public_transport": "platform", "ref": "140029", "source": "BC Transit Open Data"}}}, {"type": "Feature", "geometry": {"type": "Point", "coordinates": [-119.480603, 49.845169]}, "properties": {"source": "osm", "kind": "bus_stop", "osm_id": 8564531832, "osm_type": "node", "tags": {"bus": "yes", "highway": "bus_stop", "name": "Gordon at Cook", "public_transport": "platform", "ref": "140027", "source": "BC Transit Open Data"}}}, {"type": "Feature", "geometry": {"type": "Point", "coordinates": [-119.474585, 49.857063]}, "properties": {"source": "osm", "kind": "bus_stop", "osm_id": 8564531833, "osm_type": "node", "tags": {"bus": "yes", "highway": "bus_stop", "name": "Gordon at Lanfranco", "public_transport": "platform", "ref": "140025", "source": "BC Transit Open Data"}}}, {"type": "Feature", "geometry": {"type": "Point", "coordinates": [-119.4761557, 49.8512558]}, "properties": {"source": "osm", "kind": "bus_stop", "osm_id": 8564533336, "osm_type": "node", "tags": {"bus": "yes", "highway": "bus_stop", "name": "Gordon at Casorso", "public_transport": "platform", "ref": "140030", "source": "BC Transit Open Data"}}}, {"type": "Feature", "geometry": {"type": "Point", "coordinates": [-119.474513, 49.860216]}, "properties": {"source": "osm", "kind": "bus_stop", "osm_id": 8564533337, "osm_type": "node", "tags": {"bus": "yes", "highway": "bus_stop", "name": "Gordon at KLO", "public_transport": "platform", "ref": "140024", "source": "BC Transit Open Data"}}}, {"type": "Feature", "geometry": {"type": "Point", "coordinates": [-119.4741667, 49.8601908]}, "properties": {"source": "osm", "kind": "bus_stop", "osm_id": 8564614929, "osm_type": "node", "tags": {"bus": "yes", "highway": "bus_stop", "name": "Gordon at KLO", "public_transport": "platform", "ref": "140032", "source": "BC Transit Open Data"}}}, {"type": "Feature", "geometry": {"type": "Point", "coordinates": [-119.476978, 49.850557]}, "properties": {"source": "osm", "kind": "bus_stop", "osm_id": 8564614930, "osm_type": "node", "tags": {"bus": "yes", "highway": "bus_stop", "name": "Gordon at Casorso", "public_transport": "platform", "ref": "140026", "source": "BC Transit Open Data"}}}, {"type": "Feature", "geometry": {"type": "Point", "coordinates": [-119.4741027, 49.8653428]}, "properties": {"source": "osm", "kind": "bus_stop", "osm_id": 8564625122, "osm_type": "node", "tags": {"bus": "yes", "highway": "bus_stop", "name": "Gordon at Raymer", "public_transport": "platform", "ref": "140033", "source": "BC Transit Open Data"}}}, {"type": "Feature", "geometry": {"type": "Point", "coordinates": [-119.4742217, 49.8576938]}, "properties": {"source": "osm", "kind": "bus_stop", "osm_id": 8564625123, "osm_type": "node", "tags": {"bus": "yes", "highway": "bus_stop", "name": "Gordon at Bothe", "public_transport": "platform", "ref": "140031", "source": "BC Transit Open Data"}}}, {"type": "Feature", "geometry": {"type": "Point", "coordinates": [-119.472523, 49.860816]}, "properties": {"source": "osm", "kind": "bus_stop", "osm_id": 8564625308, "osm_type": "node", "tags": {"bench": "no", "bin": "yes", "bus": "yes", "highway": "bus_stop", "name": "KLO at Holland", "public_transport": "platform", "ref": "103045", "shelter": "no", "source": "BC Transit Open Data", "tactile_paving": "no"}}}, {"type": "Feature", "geometry": {"type": "Point", "coordinates": [-119.491387, 49.863396]}, "properties": {"source": "osm", "kind": "bus_stop", "osm_id": 8564625316, "osm_type": "node", "tags": {"bus": "yes", "highway": "bus_stop", "name": "Pandosy at Groves", "public_transport": "platform", "ref": "102982", "source": "BC Transit Open Data"}}}, {"type": "Feature", "geometry": {"type": "Point", "coordinates": [-119.481203, 49.860833]}, "properties": {"source": "osm", "kind": "bus_stop", "osm_id": 8564625342, "osm_type": "node", "tags": {"bus": "yes", "highway": "bus_stop", "name": "Okanagan College Exchange", "public_transport": "platform", "ref": "103457", "source": "BC Transit Open Data"}}}, {"type": "Feature", "geometry": {"type": "Point", "coordinates": [-119.488023, 49.843814]}, "properties": {"source": "osm", "kind": "bus_stop", "osm_id": 8564625364, "osm_type": "node", "tags": {"bus": "yes", "highway": "bus_stop", "name": "Lakeshore at Truswell", "public_transport": "platform", "ref": "103152", "source": "BC Transit Open Data"}}}, {"type": "Feature", "geometry": {"type": "Point", "coordinates": [-119.486383, 49.848548]}, "properties": {"source": "osm", "kind": "bus_stop", "osm_id": 8564625370, "osm_type": "node", "tags": {"bus": "yes", "highway": "bus_stop", "name": "Lakeshore at Barrera", "public_transport": "platform", "ref": "103119", "source": "BC Transit Open Data"}}}, {"type": "Feature", "geometry": {"type": "Point", "coordinates": [-119.486806, 49.851516]}, "properties": {"source": "osm", "kind": "bus_stop", "osm_id": 8564625373, "osm_type": "node", "tags": {"bus": "yes", "highway": "bus_stop", "name": "Lakeshore at Bechard", "public_transport": "platform", "ref": "103091", "source": "BC Transit Open Data"}}}, {"type": "Feature", "geometry": {"type": "Point", "coordinates": [-119.458536, 49.861043]}, "properties": {"source": "osm", "kind": "bus_stop", "osm_id": 8564625375, "osm_type": "node", "tags": {"bus": "yes", "highway": "bus_stop", "name": "KLO at Benvoulin", "public_transport": "platform", "ref": "103084", "source": "BC Transit Open Data"}}}, {"type": "Feature", "geometry": {"type": "Point", "coordinates": [-119.465845, 49.86082]}, "properties": {"source": "osm", "kind": "bus_stop", "osm_id": 8564625377, "osm_type": "node", "tags": {"bus": "yes", "highway": "bus_stop", "name": "KLO at St Amand", "public_transport": "platform", "ref": "103059", "source": "BC Transit Open Data"}}}, {"type": "Feature", "geometry": {"type": "Point", "coordinates": [-119.491101, 49.857142]}, "properties": {"source": "osm", "kind": "bus_stop", "osm_id": 8564625382, "osm_type": "node", "tags": {"bus": "yes", "highway": "bus_stop", "name": "Lakeshore at Lanfranco", "public_transport": "platform", "ref": "103044", "source": "BC Transit Open Data"}}}, {"type": "Feature", "geometry": {"type": "Point", "coordinates": [-119.475551, 49.860817]}, "properties": {"source": "osm", "kind": "bus_stop", "osm_id": 8564625384, "osm_type": "node", "tags": {"bus": "yes", "highway": "bus_stop", "name": "K-L-O at Gordon", "public_transport": "platform", "ref": "103038", "source": "BC Transit Open Data"}}}, {"type": "Feature", "geometry": {"type": "Point", "coordinates": [-119.4921969, 49.8618548]}, "properties": {"source": "osm", "kind": "bus_stop", "osm_id": 8564625390, "osm_type": "node", "tags": {"bench": "yes", "bin": "yes", "bus": "yes", "highway": "bus_stop", "lit": "no", "name": "KLO at Tutt", "public_transport": "platform", "ref": "102997", "shelter": "yes", "source": "BC Transit Open Data", "tactile_paving": "yes"}}}, {"type": "Feature", "geometry": {"type": "Point", "coordinates": [-119.474466, 49.864562]}, "properties": {"source": "osm", "kind": "bus_stop", "osm_id": 8564625949, "osm_type": "node", "tags": {"bus": "yes", "highway": "bus_stop", "name": "Gordon at Raymer", "public_transport": "platform", "ref": "103006", "source": "BC Transit Open Data"}}}, {"type": "Feature", "geometry": {"type": "Point", "coordinates": [-119.491115, 49.862286]}, "properties": {"source": "osm", "kind": "bus_stop", "osm_id": 8564625950, "osm_type": "node", "tags": {"bus": "yes", "highway": "bus_stop", "name": "Pandosy at KLO", "public_transport": "platform", "ref": "102995", "source": "BC Transit Open Data"}}}, {"type": "Feature", "geometry": {"type": "Point", "coordinates": [-119.487974, 49.845203]}, "properties": {"source": "osm", "kind": "bus_stop", "osm_id": 8564626046, "osm_type": "node", "tags": {"bus": "yes", "highway": "bus_stop", "name": "Lakeshore at Cook", "public_transport": "platform", "ref": "103139", "source": "BC Transit Open Data"}}}, {"type": "Feature", "geometry": {"type": "Point", "coordinates": [-119.490657, 49.855706]}, "properties": {"source": "osm", "kind": "bus_stop", "osm_id": 8564626054, "osm_type": "node", "tags": {"bus": "yes", "highway": "bus_stop", "name": "Lakeshore at Richter", "public_transport": "platform", "ref": "103055", "source": "BC Transit Open Data"}}}, {"type": "Feature", "geometry": {"type": "Point", "coordinates": [-119.490324, 49.858134]}, "properties": {"source": "osm", "kind": "bus_stop", "osm_id": 8564626057, "osm_type": "node", "tags": {"bus": "yes", "highway": "bus_stop", "name": "Lanfranco at Lakeshore", "public_transport": "platform", "ref": "103039", "source": "BC Transit Open Data"}}}, {"type": "Feature", "geometry": {"type": "Point", "coordinates": [-119.479333, 49.861347]}, "properties": {"source": "osm", "kind": "bus_stop", "osm_id": 8564626058, "osm_type": "node", "tags": {"bus": "yes", "highway": "bus_stop", "name": "Okanagan College Exchange", "public_transport": "platform", "ref": "103028", "source": "BC Transit Open Data"}}}, {"type": "Feature", "geometry": {"type": "Point", "coordinates": [-119.484909, 49.860845]}, "properties": {"source": "osm", "kind": "bus_stop", "osm_id": 8564626059, "osm_type": "node", "tags": {"bus": "yes", "highway": "bus_stop", "name": "KLO at Casorso", "public_transport": "platform", "ref": "103020", "source": "BC Transit Open Data"}}}, {"type": "Feature", "geometry": {"type": "Point", "coordinates": [-119.491054, 49.863954]}, "properties": {"source": "osm", "kind": "bus_stop", "osm_id": 8564626064, "osm_type": "node", "tags": {"bus": "yes", "highway": "bus_stop", "name": "Pandosy at Groves", "public_transport": "platform", "ref": "102984", "source": "BC Transit Open Data"}}}, {"type": "Feature", "geometry": {"type": "Point", "coordinates": [-119.491377, 49.865713]}, "properties": {"source": "osm", "kind": "bus_stop", "osm_id": 8564627028, "osm_type": "node", "tags": {"bench": "yes", "bin": "yes", "bus": "yes", "highway": "bus_stop", "name": "Pandosy at Raymer", "public_transport": "platform", "ref": "102976", "shelter": "yes", "source": "BC Transit Open Data", "tactile_paving": "no"}}}, {"type": "Feature", "geometry": {"type": "Point", "coordinates": [-119.467047, 49.86105]}, "properties": {"source": "osm", "kind": "bus_stop", "osm_id": 8564627130, "osm_type": "node", "tags": {"bus": "yes", "highway": "bus_stop", "name": "K-L-O at Saint Amand", "public_transport": "platform", "ref": "103054", "source": "BC Transit Open Data"}}}, {"type": "Feature", "geometry": {"type": "Point", "coordinates": [-119.4858761, 49.8577204]}, "properties": {"source": "osm", "kind": "bus_stop", "osm_id": 8564627131, "osm_type": "node", "tags": {"bus": "yes", "highway": "bus_stop", "name": "Casorso at Lanfranco", "public_transport": "platform", "ref": "103040", "source": "BC Transit Open Data"}}}, {"type": "Feature", "geometry": {"type": "Point", "coordinates": [-119.48727, 49.846219]}, "properties": {"source": "osm", "kind": "bus_stop", "osm_id": 8564637320, "osm_type": "node", "tags": {"bus": "yes", "highway": "bus_stop", "name": "Lakeshore at Cook", "public_transport": "platform", "ref": "103133", "source": "BC Transit Open Data"}}}, {"type": "Feature", "geometry": {"type": "Point", "coordinates": [-119.487699, 49.843896]}, "properties": {"source": "osm", "kind": "bus_stop", "osm_id": 8564642520, "osm_type": "node", "tags": {"bus": "yes", "highway": "bus_stop", "name": "Lakeshore at Truswell", "public_transport": "platform", "ref": "103151", "source": "BC Transit Open Data"}}}, {"type": "Feature", "geometry": {"type": "Point", "coordinates": [-119.48604, 49.848947]}, "properties": {"source": "osm", "kind": "bus_stop", "osm_id": 8564642527, "osm_type": "node", "tags": {"bus": "yes", "highway": "bus_stop", "name": "Lakeshore at Barrera", "public_transport": "platform", "ref": "103113", "source": "BC Transit Open Data"}}}, {"type": "Feature", "geometry": {"type": "Point", "coordinates": [-119.487041, 49.851509]}, "properties": {"source": "osm", "kind": "bus_stop", "osm_id": 8564642536, "osm_type": "node", "tags": {"bus": "yes", "highway": "bus_stop", "name": "Lakeshore at Bechard", "public_transport": "platform", "ref": "103093", "source": "BC Transit Open Data"}}}, {"type": "Feature", "geometry": {"type": "Point", "coordinates": [-119.459949, 49.860816]}, "properties": {"source": "osm", "kind": "bus_stop", "osm_id": 8564642538, "osm_type": "node", "tags": {"bus": "yes", "highway": "bus_stop", "name": "KLO at Benvoulin", "public_transport": "platform", "ref": "103088", "source": "BC Transit Open Data"}}}, {"type": "Feature", "geometry": {"type": "Point", "coordinates": [-119.490134, 49.854748]}, "properties": {"source": "osm", "kind": "bus_stop", "osm_id": 8564642542, "osm_type": "node", "tags": {"bus": "yes", "highway": "bus_stop", "name": "Lakeshore at Swordy", "public_transport": "platform", "ref": "103062", "source": "BC Transit Open Data"}}}, {"type": "Feature", "geometry": {"type": "Point", "coordinates": [-119.472745, 49.861039]}, "properties": {"source": "osm", "kind": "bus_stop", "osm_id": 8564642548, "osm_type": "node", "tags": {"bench": "no", "bin": "no", "bus": "yes", "highway": "bus_stop", "name": "KLO at Holland", "public_transport": "platform", "ref": "103042", "shelter": "no", "source": "BC Transit Open Data", "tactile_paving": "no"}}}, {"type": "Feature", "geometry": {"type": "Point", "coordinates": [-119.4883514, 49.8677226]}, "properties": {"source": "osm", "kind": "pole", "osm_id": 9672223226, "osm_type": "node", "tags": {"line_attachment": "anchor", "material": "wood", "operator": "FortisBC", "operator:wikidata": "Q5472663", "power": "pole"}}}, {"type": "Feature", "geometry": {"type": "Point", "coordinates": [-119.4883514, 49.8670861]}, "properties": {"source": "osm", "kind": "pole", "osm_id": 9672223227, "osm_type": "node", "tags": {"line_attachment": "anchor", "material": "wood", "operator": "FortisBC", "operator:wikidata": "Q5472663", "power": "pole"}}}, {"type": "Feature", "geometry": {"type": "Point", "coordinates": [-119.4883583, 49.8664506]}, "properties": {"source": "osm", "kind": "pole", "osm_id": 9672223228, "osm_type": "node", "tags": {"line_attachment": "anchor", "material": "wood", "operator": "FortisBC", "operator:wikidata": "Q5472663", "power": "pole"}}}, {"type": "Feature", "geometry": {"type": "Point", "coordinates": [-119.4883514, 49.8656497]}, "properties": {"source": "osm", "kind": "pole", "osm_id": 9672223229, "osm_type": "node", "tags": {"line_attachment": "anchor", "material": "wood", "operator": "FortisBC", "operator:wikidata": "Q5472663", "power": "pole"}}}, {"type": "Feature", "geometry": {"type": "Point", "coordinates": [-119.4883628, 49.8648609]}, "properties": {"source": "osm", "kind": "pole", "osm_id": 9672223230, "osm_type": "node", "tags": {"line_attachment": "anchor", "material": "wood", "operator": "FortisBC", "operator:wikidata": "Q5472663", "power": "pole"}}}, {"type": "Feature", "geometry": {"type": "Point", "coordinates": [-119.488364, 49.8640104]}, "properties": {"source": "osm", "kind": "pole", "osm_id": 9672223231, "osm_type": "node", "tags": {"line_attachment": "anchor", "material": "wood", "operator": "FortisBC", "operator:wikidata": "Q5472663", "power": "pole"}}}, {"type": "Feature", "geometry": {"type": "Point", "coordinates": [-119.4883549, 49.8630994]}, "properties": {"source": "osm", "kind": "pole", "osm_id": 9672223232, "osm_type": "node", "tags": {"line_attachment": "anchor", "material": "wood", "operator": "FortisBC", "operator:wikidata": "Q5472663", "power": "pole"}}}, {"type": "Feature", "geometry": {"type": "Point", "coordinates": [-119.4883606, 49.8623524]}, "properties": {"source": "osm", "kind": "pole", "osm_id": 9672223233, "osm_type": "node", "tags": {"line_attachment": "anchor", "material": "wood", "operator": "FortisBC", "operator:wikidata": "Q5472663", "power": "pole"}}}, {"type": "Feature", "geometry": {"type": "Point", "coordinates": [-119.4883994, 49.8618192]}, "properties": {"source": "osm", "kind": "pole", "osm_id": 9672223234, "osm_type": "node", "tags": {"line_attachment": "anchor", "material": "wood", "operator": "FortisBC", "operator:wikidata": "Q5472663", "power": "pole"}}}, {"type": "Feature", "geometry": {"type": "Point", "coordinates": [-119.4885216, 49.8612542]}, "properties": {"source": "osm", "kind": "pole", "osm_id": 9672223235, "osm_type": "node", "tags": {"line_attachment": "anchor", "material": "wood", "operator": "FortisBC", "operator:wikidata": "Q5472663", "power": "pole"}}}, {"type": "Feature", "geometry": {"type": "Point", "coordinates": [-119.4886792, 49.8606742]}, "properties": {"source": "osm", "kind": "pole", "osm_id": 9672223236, "osm_type": "node", "tags": {"line_attachment": "anchor", "material": "wood", "operator": "FortisBC", "operator:wikidata": "Q5472663", "power": "pole"}}}, {"type": "Feature", "geometry": {"type": "Point", "coordinates": [-119.4888553, 49.859866]}, "properties": {"source": "osm", "kind": "pole", "osm_id": 9672223237, "osm_type": "node", "tags": {"line_attachment": "anchor", "material": "wood", "operator": "FortisBC", "operator:wikidata": "Q5472663", "power": "pole"}}}, {"type": "Feature", "geometry": {"type": "Point", "coordinates": [-119.4890003, 49.8592358]}, "properties": {"source": "osm", "kind": "pole", "osm_id": 9672223238, "osm_type": "node", "tags": {"line_attachment": "anchor", "material": "wood", "operator": "FortisBC", "operator:wikidata": "Q5472663", "power": "pole"}}}, {"type": "Feature", "geometry": {"type": "Point", "coordinates": [-119.4891716, 49.8585421]}, "properties": {"source": "osm", "kind": "pole", "osm_id": 9672223239, "osm_type": "node", "tags": {"line_attachment": "anchor", "material": "wood", "operator": "FortisBC", "operator:wikidata": "Q5472663", "power": "pole"}}}, {"type": "Feature", "geometry": {"type": "Point", "coordinates": [-119.489247, 49.8581299]}, "properties": {"source": "osm", "kind": "pole", "osm_id": 9672223240, "osm_type": "node", "tags": {"line_attachment": "anchor", "material": "wood", "operator": "FortisBC", "operator:wikidata": "Q5472663", "power": "pole"}}}, {"type": "Feature", "geometry": {"type": "Point", "coordinates": [-119.4893395, 49.8576808]}, "properties": {"source": "osm", "kind": "pole", "osm_id": 9672223241, "osm_type": "node", "tags": {"line_attachment": "anchor", "material": "wood", "operator": "FortisBC", "operator:wikidata": "Q5472663", "power": "pole"}}}, {"type": "Feature", "geometry": {"type": "Point", "coordinates": [-119.4894868, 49.8571476]}, "properties": {"source": "osm", "kind": "pole", "osm_id": 9672223242, "osm_type": "node", "tags": {"line_attachment": "anchor", "material": "wood", "operator": "FortisBC", "operator:wikidata": "Q5472663", "power": "pole"}}}, {"type": "Feature", "geometry": {"type": "Point", "coordinates": [-119.4892927, 49.8564648]}, "properties": {"source": "osm", "kind": "pole", "osm_id": 9672223243, "osm_type": "node", "tags": {"line_attachment": "anchor", "material": "wood", "operator": "FortisBC", "operator:wikidata": "Q5472663", "power": "pole"}}}, {"type": "Feature", "geometry": {"type": "Point", "coordinates": [-119.4891191, 49.8558302]}, "properties": {"source": "osm", "kind": "pole", "osm_id": 9672223244, "osm_type": "node", "tags": {"line_attachment": "anchor", "material": "wood", "operator": "FortisBC", "operator:wikidata": "Q5472663", "power": "pole"}}}, {"type": "Feature", "geometry": {"type": "Point", "coordinates": [-119.4889455, 49.8554509]}, "properties": {"source": "osm", "kind": "pole", "osm_id": 9672223245, "osm_type": "node", "tags": {"line_attachment": "anchor", "material": "wood", "operator": "FortisBC", "operator:wikidata": "Q5472663", "power": "pole"}}}, {"type": "Feature", "geometry": {"type": "Point", "coordinates": [-119.4887702, 49.8550145]}, "properties": {"source": "osm", "kind": "pole", "osm_id": 9672253226, "osm_type": "node", "tags": {"line_attachment": "anchor", "material": "wood", "operator": "FortisBC", "operator:wikidata": "Q5472663", "power": "pole"}}}, {"type": "Feature", "geometry": {"type": "Point", "coordinates": [-119.488705, 49.8548507]}, "properties": {"source": "osm", "kind": "pole", "osm_id": 9672253227, "osm_type": "node", "tags": {"line_attachment": "anchor", "material": "wood", "operator": "FortisBC", "operator:wikidata": "Q5472663", "power": "pole"}}}, {"type": "Feature", "geometry": {"type": "Point", "coordinates": [-119.486925, 49.8556024]}, "properties": {"source": "osm", "kind": "pole", "osm_id": 9672253228, "osm_type": "node", "tags": {"line_attachment": "anchor", "material": "wood", "operator": "FortisBC", "operator:wikidata": "Q5472663", "power": "pole"}}}, {"type": "Feature", "geometry": {"type": "Point", "coordinates": [-119.4859745, 49.8560048]}, "properties": {"source": "osm", "kind": "pole", "osm_id": 9672253229, "osm_type": "node", "tags": {"line_attachment": "anchor", "material": "wood", "operator": "FortisBC", "operator:wikidata": "Q5472663", "power": "pole"}}}, {"type": "Feature", "geometry": {"type": "Point", "coordinates": [-119.4852727, 49.8562907]}, "properties": {"source": "osm", "kind": "pole", "osm_id": 9672253230, "osm_type": "node", "tags": {"line_attachment": "anchor", "material": "wood", "operator": "FortisBC", "operator:wikidata": "Q5472663", "power": "pole"}}}, {"type": "Feature", "geometry": {"type": "Point", "coordinates": [-119.4850716, 49.8561449]}, "properties": {"source": "osm", "kind": "pole", "osm_id": 9672253231, "osm_type": "node", "tags": {"line_attachment": "anchor", "material": "wood", "operator": "FortisBC", "operator:wikidata": "Q5472663", "power": "pole"}}}, {"type": "Feature", "geometry": {"type": "Point", "coordinates": [-119.4839701, 49.856136]}, "properties": {"source": "osm", "kind": "pole", "osm_id": 9672253232, "osm_type": "node", "tags": {"line_attachment": "anchor", "material": "wood", "operator": "FortisBC", "operator:wikidata": "Q5472663", "power": "pole"}}}, {"type": "Feature", "geometry": {"type": "Point", "coordinates": [-119.4853947, 49.8559793]}, "properties": {"source": "osm", "kind": "pole", "osm_id": 9672253233, "osm_type": "node", "tags": {"line_attachment": "anchor", "material": "wood", "operator": "FortisBC", "operator:wikidata": "Q5472663", "power": "pole"}}}, {"type": "Feature", "geometry": {"type": "Point", "coordinates": [-119.4856297, 49.8561465]}, "properties": {"source": "osm", "kind": "pole", "osm_id": 9672253234, "osm_type": "node", "tags": {"line_attachment": "anchor", "material": "wood", "operator": "FortisBC", "operator:wikidata": "Q5472663", "power": "pole"}}}, {"type": "Feature", "geometry": {"type": "Point", "coordinates": [-119.4849982, 49.8556081]}, "properties": {"source": "osm", "kind": "pole", "osm_id": 9672253235, "osm_type": "node", "tags": {"line_attachment": "anchor", "material": "wood", "operator": "FortisBC", "operator:wikidata": "Q5472663", "power": "pole"}}}, {"type": "Feature", "geometry": {"type": "Point", "coordinates": [-119.4846985, 49.8553025]}, "properties": {"source": "osm", "kind": "pole", "osm_id": 9672253236, "osm_type": "node", "tags": {"line_attachment": "anchor", "material": "wood", "operator": "FortisBC", "operator:wikidata": "Q5472663", "power": "pole"}}}, {"type": "Feature", "geometry": {"type": "Point", "coordinates": [-119.4841655, 49.8547735]}, "properties": {"source": "osm", "kind": "pole", "osm_id": 9672253237, "osm_type": "node", "tags": {"line_attachment": "anchor", "material": "wood", "operator": "FortisBC", "operator:wikidata": "Q5472663", "power": "pole"}}}, {"type": "Feature", "geometry": {"type": "Point", "coordinates": [-119.4836455, 49.8542544]}, "properties": {"source": "osm", "kind": "pole", "osm_id": 9672253238, "osm_type": "node", "tags": {"line_attachment": "anchor", "material": "wood", "operator": "FortisBC", "operator:wikidata": "Q5472663", "power": "pole"}}}, {"type": "Feature", "geometry": {"type": "Point", "coordinates": [-119.4830874, 49.8536936]}, "properties": {"source": "osm", "kind": "pole", "osm_id": 9672253239, "osm_type": "node", "tags": {"line_attachment": "anchor", "material": "wood", "operator": "FortisBC", "operator:wikidata": "Q5472663", "power": "pole"}}}, {"type": "Feature", "geometry": {"type": "Point", "coordinates": [-119.4826497, 49.8532448]}, "properties": {"source": "osm", "kind": "pole", "osm_id": 9672253240, "osm_type": "node", "tags": {"line_attachment": "anchor", "material": "wood", "operator": "FortisBC", "operator:wikidata": "Q5472663", "power": "pole"}}}, {"type": "Feature", "geometry": {"type": "Point", "coordinates": [-119.4821499, 49.8527439]}, "properties": {"source": "osm", "kind": "pole", "osm_id": 9672253241, "osm_type": "node", "tags": {"line_attachment": "anchor", "material": "wood", "operator": "FortisBC", "operator:wikidata": "Q5472663", "power": "pole"}}}, {"type": "Feature", "geometry": {"type": "Point", "coordinates": [-119.4817558, 49.8523472]}, "properties": {"source": "osm", "kind": "pole", "osm_id": 9672253242, "osm_type": "node", "tags": {"line_attachment": "anchor", "material": "wood", "operator": "FortisBC", "operator:wikidata": "Q5472663", "power": "pole"}}}, {"type": "Feature", "geometry": {"type": "Point", "coordinates": [-119.4812284, 49.8521415]}, "properties": {"source": "osm", "kind": "pole", "osm_id": 9672253243, "osm_type": "node", "tags": {"line_attachment": "anchor", "material": "wood", "operator": "FortisBC", "operator:wikidata": "Q5472663", "power": "pole"}}}, {"type": "Feature", "geometry": {"type": "Point", "coordinates": [-119.4805089, 49.851852]}, "properties": {"source": "osm", "kind": "pole", "osm_id": 9672253244, "osm_type": "node", "tags": {"line_attachment": "anchor", "material": "wood", "operator": "FortisBC", "operator:wikidata": "Q5472663", "power": "pole"}}}, {"type": "Feature", "geometry": {"type": "Point", "coordinates": [-119.4795963, 49.851613]}, "properties": {"source": "osm", "kind": "pole", "osm_id": 9672253245, "osm_type": "node", "tags": {"line_attachment": "anchor", "material": "wood", "operator": "FortisBC", "operator:wikidata": "Q5472663", "power": "pole"}}}, {"type": "Feature", "geometry": {"type": "Point", "coordinates": [-119.4786054, 49.8513479]}, "properties": {"source": "osm", "kind": "pole", "osm_id": 9672253246, "osm_type": "node", "tags": {"line_attachment": "anchor", "material": "wood", "operator": "FortisBC", "operator:wikidata": "Q5472663", "power": "pole"}}}, {"type": "Feature", "geometry": {"type": "Point", "coordinates": [-119.4777284, 49.8510918]}, "properties": {"source": "osm", "kind": "pole", "osm_id": 9672253247, "osm_type": "node", "tags": {"line_attachment": "anchor", "material": "wood", "operator": "FortisBC", "operator:wikidata": "Q5472663", "power": "pole"}}}, {"type": "Feature", "geometry": {"type": "Point", "coordinates": [-119.477172, 49.8509486]}, "properties": {"source": "osm", "kind": "pole", "osm_id": 9672253248, "osm_type": "node", "tags": {"line_attachment": "anchor", "material": "wood", "operator": "FortisBC", "operator:wikidata": "Q5472663", "power": "pole"}}}, {"type": "Feature", "geometry": {"type": "Point", "coordinates": [-119.4763071, 49.8507075]}, "properties": {"source": "osm", "kind": "pole", "osm_id": 9672253249, "osm_type": "node", "tags": {"line_attachment": "anchor", "material": "wood", "operator": "FortisBC", "operator:wikidata": "Q5472663", "power": "pole"}}}, {"type": "Feature", "geometry": {"type": "Point", "coordinates": [-119.4751603, 49.8504018]}, "properties": {"source": "osm", "kind": "pole", "osm_id": 9672253250, "osm_type": "node", "tags": {"line_attachment": "anchor", "material": "wood", "operator": "FortisBC", "operator:wikidata": "Q5472663", "power": "pole"}}}, {"type": "Feature", "geometry": {"type": "Point", "coordinates": [-119.4743075, 49.8501639]}, "properties": {"source": "osm", "kind": "pole", "osm_id": 9672253251, "osm_type": "node", "tags": {"line_attachment": "anchor", "material": "wood", "operator": "FortisBC", "operator:wikidata": "Q5472663", "power": "pole"}}}, {"type": "Feature", "geometry": {"type": "Point", "coordinates": [-119.473416, 49.8499457]}, "properties": {"source": "osm", "kind": "pole", "osm_id": 9672253252, "osm_type": "node", "tags": {"line_attachment": "anchor", "material": "wood", "operator": "FortisBC", "operator:wikidata": "Q5472663", "power": "pole"}}}, {"type": "Feature", "geometry": {"type": "Point", "coordinates": [-119.4725495, 49.8496994]}, "properties": {"source": "osm", "kind": "pole", "osm_id": 9672253253, "osm_type": "node", "tags": {"line_attachment": "anchor", "material": "wood", "operator": "FortisBC", "operator:wikidata": "Q5472663", "power": "pole"}}}, {"type": "Feature", "geometry": {"type": "Point", "coordinates": [-119.471691, 49.8494651]}, "properties": {"source": "osm", "kind": "pole", "osm_id": 9672253254, "osm_type": "node", "tags": {"line_attachment": "anchor", "material": "wood", "operator": "FortisBC", "operator:wikidata": "Q5472663", "power": "pole"}}}, {"type": "Feature", "geometry": {"type": "Point", "coordinates": [-119.4707631, 49.8491136]}, "properties": {"source": "osm", "kind": "pole", "osm_id": 9672253255, "osm_type": "node", "tags": {"line_attachment": "anchor", "material": "wood", "operator": "FortisBC", "operator:wikidata": "Q5472663", "power": "pole"}}}, {"type": "Feature", "geometry": {"type": "Point", "coordinates": [-119.469888, 49.84881]}, "properties": {"source": "osm", "kind": "pole", "osm_id": 9672253256, "osm_type": "node", "tags": {"line_attachment": "anchor", "material": "wood", "operator": "FortisBC", "operator:wikidata": "Q5472663", "power": "pole"}}}, {"type": "Feature", "geometry": {"type": "Point", "coordinates": [-119.469561, 49.8485362]}, "properties": {"source": "osm", "kind": "pole", "osm_id": 9672253257, "osm_type": "node", "tags": {"line_attachment": "anchor", "material": "wood", "operator": "FortisBC", "operator:wikidata": "Q5472663", "power": "pole"}}}, {"type": "Feature", "geometry": {"type": "Point", "coordinates": [-119.468857, 49.8479221]}, "properties": {"source": "osm", "kind": "pole", "osm_id": 9672253258, "osm_type": "node", "tags": {"line_attachment": "anchor", "material": "wood", "operator": "FortisBC", "operator:wikidata": "Q5472663", "power": "pole"}}}, {"type": "Feature", "geometry": {"type": "Point", "coordinates": [-119.468494, 49.8474936]}, "properties": {"source": "osm", "kind": "pole", "osm_id": 9672253259, "osm_type": "node", "tags": {"line_attachment": "anchor", "material": "wood", "operator": "FortisBC", "operator:wikidata": "Q5472663", "power": "pole"}}}, {"type": "Feature", "geometry": {"type": "Point", "coordinates": [-119.467989, 49.8468708]}, "properties": {"source": "osm", "kind": "pole", "osm_id": 9672253260, "osm_type": "node", "tags": {"line_attachment": "anchor", "material": "wood", "operator": "FortisBC", "operator:wikidata": "Q5472663", "power": "pole"}}}, {"type": "Feature", "geometry": {"type": "Point", "coordinates": [-119.467502, 49.8462599]}, "properties": {"source": "osm", "kind": "pole", "osm_id": 9672253261, "osm_type": "node", "tags": {"line_attachment": "anchor", "material": "wood", "operator": "FortisBC", "operator:wikidata": "Q5472663", "power": "pole"}}}, {"type": "Feature", "geometry": {"type": "Point", "coordinates": [-119.466887, 49.8456347]}, "properties": {"source": "osm", "kind": "pole", "osm_id": 9672253262, "osm_type": "node", "tags": {"line_attachment": "anchor", "material": "wood", "operator": "FortisBC", "operator:wikidata": "Q5472663", "power": "pole"}}}, {"type": "Feature", "geometry": {"type": "Point", "coordinates": [-119.465828, 49.8452559]}, "properties": {"source": "osm", "kind": "pole", "osm_id": 9672253263, "osm_type": "node", "tags": {"line_attachment": "anchor", "material": "wood", "operator": "FortisBC", "operator:wikidata": "Q5472663", "power": "pole"}}}, {"type": "Feature", "geometry": {"type": "Point", "coordinates": [-119.4663755, 49.8450891]}, "properties": {"source": "osm", "kind": "pole", "osm_id": 9672253264, "osm_type": "node", "tags": {"line_attachment": "anchor", "material": "wood", "operator": "FortisBC", "operator:wikidata": "Q5472663", "power": "pole"}}}, {"type": "Feature", "geometry": {"type": "Point", "coordinates": [-119.464859, 49.8450654]}, "properties": {"source": "osm", "kind": "pole", "osm_id": 9672253265, "osm_type": "node", "tags": {"line_attachment": "anchor", "material": "wood", "operator": "FortisBC", "operator:wikidata": "Q5472663", "power": "pole"}}}, {"type": "Feature", "geometry": {"type": "Point", "coordinates": [-119.463837, 49.8448999]}, "properties": {"source": "osm", "kind": "pole", "osm_id": 9672253266, "osm_type": "node", "tags": {"line_attachment": "anchor", "material": "wood", "operator": "FortisBC", "operator:wikidata": "Q5472663", "power": "pole"}}}, {"type": "Feature", "geometry": {"type": "Point", "coordinates": [-119.462941, 49.8443472]}, "properties": {"source": "osm", "kind": "pole", "osm_id": 9672253267, "osm_type": "node", "tags": {"line_attachment": "anchor", "material": "wood", "operator": "FortisBC", "operator:wikidata": "Q5472663", "power": "pole"}}}, {"type": "Feature", "geometry": {"type": "Point", "coordinates": [-119.46219, 49.8438752]}, "properties": {"source": "osm", "kind": "pole", "osm_id": 9672253268, "osm_type": "node", "tags": {"line_attachment": "anchor", "material": "wood", "operator": "FortisBC", "operator:wikidata": "Q5472663", "power": "pole"}}}, {"type": "Feature", "geometry": {"type": "Point", "coordinates": [-119.461395, 49.8433685]}, "properties": {"source": "osm", "kind": "pole", "osm_id": 9672253269, "osm_type": "node", "tags": {"line_attachment": "anchor", "material": "wood", "operator": "FortisBC", "operator:wikidata": "Q5472663", "power": "pole"}}}, {"type": "Feature", "geometry": {"type": "Point", "coordinates": [-119.46073, 49.8429402]}, "properties": {"source": "osm", "kind": "pole", "osm_id": 9672253270, "osm_type": "node", "tags": {"line_attachment": "anchor", "material": "wood", "operator": "FortisBC", "operator:wikidata": "Q5472663", "power": "pole"}}}, {"type": "Feature", "geometry": {"type": "Point", "coordinates": [-119.460081, 49.8425172]}, "properties": {"source": "osm", "kind": "pole", "osm_id": 9672253271, "osm_type": "node", "tags": {"line_attachment": "anchor", "material": "wood", "operator": "FortisBC", "operator:wikidata": "Q5472663", "power": "pole"}}}, {"type": "Feature", "geometry": {"type": "Point", "coordinates": [-119.459694, 49.8422596]}, "properties": {"source": "osm", "kind": "pole", "osm_id": 9672253272, "osm_type": "node", "tags": {"line_attachment": "anchor", "material": "wood", "operator": "FortisBC", "operator:wikidata": "Q5472663", "power": "pole"}}}, {"type": "Feature", "geometry": {"type": "Point", "coordinates": [-119.458881, 49.8417367]}, "properties": {"source": "osm", "kind": "pole", "osm_id": 9672253273, "osm_type": "node", "tags": {"line_attachment": "anchor", "material": "wood", "operator": "FortisBC", "operator:wikidata": "Q5472663", "power": "pole"}}}, {"type": "Feature", "geometry": {"type": "Point", "coordinates": [-119.458738, 49.8410965]}, "properties": {"source": "osm", "kind": "pole", "osm_id": 9672253274, "osm_type": "node", "tags": {"line_attachment": "anchor", "material": "wood", "operator": "FortisBC", "operator:wikidata": "Q5472663", "power": "pole"}}}, {"type": "Feature", "geometry": {"type": "Point", "coordinates": [-119.4805687, 49.8520444]}, "properties": {"source": "osm", "kind": "crossing", "osm_id": 10766872071, "osm_type": "node", "tags": {"highway": "crossing"}}}, {"type": "Feature", "geometry": {"type": "Point", "coordinates": [-119.4788569, 49.8516254]}, "properties": {"source": "osm", "kind": "crossing", "osm_id": 10766885960, "osm_type": "node", "tags": {"highway": "crossing"}}}, {"type": "Feature", "geometry": {"type": "Point", "coordinates": [-119.4828481, 49.8653962]}, "properties": {"source": "osm", "kind": "crossing", "osm_id": 10966254905, "osm_type": "node", "tags": {"highway": "crossing"}}}, {"type": "Feature", "geometry": {"type": "Point", "coordinates": [-119.4828562, 49.8677787]}, "properties": {"source": "osm", "kind": "crossing", "osm_id": 10966254949, "osm_type": "node", "tags": {"highway": "crossing"}}}, {"type": "Feature", "geometry": {"type": "Point", "coordinates": [-119.4828473, 49.8668294]}, "properties": {"source": "osm", "kind": "crossing", "osm_id": 10966254950, "osm_type": "node", "tags": {"highway": "crossing"}}}, {"type": "Feature", "geometry": {"type": "Point", "coordinates": [-119.4853178, 49.8609265]}, "properties": {"source": "osm", "kind": "crossing", "osm_id": 11410472609, "osm_type": "node", "tags": {"highway": "crossing"}}}, {"type": "Feature", "geometry": {"type": "Point", "coordinates": [-119.4854314, 49.8609353]}, "properties": {"source": "osm", "kind": "crossing", "osm_id": 11410472610, "osm_type": "node", "tags": {"highway": "crossing"}}}, {"type": "Feature", "geometry": {"type": "Point", "coordinates": [-119.4855192, 49.8584939]}, "properties": {"source": "osm", "kind": "crossing", "osm_id": 11410472611, "osm_type": "node", "tags": {"highway": "crossing"}}}, {"type": "Feature", "geometry": {"type": "Point", "coordinates": [-119.4855041, 49.8609501]}, "properties": {"source": "osm", "kind": "crossing", "osm_id": 12412887980, "osm_type": "node", "tags": {"highway": "crossing"}}}, {"type": "Feature", "geometry": {"type": "Point", "coordinates": [-119.4854885, 49.8610615]}, "properties": {"source": "osm", "kind": "crossing", "osm_id": 12412887981, "osm_type": "node", "tags": {"highway": "crossing"}}}, {"type": "Feature", "geometry": {"type": "Point", "coordinates": [-119.4853086, 49.8610361]}, "properties": {"source": "osm", "kind": "crossing", "osm_id": 12412887982, "osm_type": "node", "tags": {"highway": "crossing"}}}, {"type": "Feature", "geometry": {"type": "Point", "coordinates": [-119.4853097, 49.8610221]}, "properties": {"source": "osm", "kind": "crossing", "osm_id": 12412887983, "osm_type": "node", "tags": {"highway": "crossing"}}}, {"type": "Feature", "geometry": {"type": "Point", "coordinates": [-119.4910361, 49.8651228]}, "properties": {"source": "osm", "kind": "bicycle_parking", "osm_id": 13384670908, "osm_type": "node", "tags": {"amenity": "bicycle_parking", "bicycle_parking": "lockers", "operator": "City Of Kelowna", "operator:type": "government", "website": "https://www.kelowna.ca/roads-transportation/active-transportation/bicycling/bike-parking"}}}, {"type": "Feature", "geometry": {"type": "Point", "coordinates": [-119.4910347, 49.8650923]}, "properties": {"source": "osm", "kind": "bicycle_parking", "osm_id": 13384670909, "osm_type": "node", "tags": {"amenity": "bicycle_parking", "bicycle_parking": "lockers", "operator": "City Of Kelowna", "operator:type": "government", "website": "https://www.kelowna.ca/roads-transportation/active-transportation/bicycling/bike-parking"}}}, {"type": "Feature", "geometry": {"type": "Point", "coordinates": [-119.4910894, 49.8642563]}, "properties": {"source": "osm", "kind": "bicycle_parking", "osm_id": 13384670910, "osm_type": "node", "tags": {"amenity": "bicycle_parking", "bicycle_parking": "lockers", "operator": "City Of Kelowna", "operator:type": "government", "website": "https://www.kelowna.ca/roads-transportation/active-transportation/bicycling/bike-parking"}}}, {"type": "Feature", "geometry": {"type": "Point", "coordinates": [-119.4910887, 49.8642361]}, "properties": {"source": "osm", "kind": "bicycle_parking", "osm_id": 13384670911, "osm_type": "node", "tags": {"amenity": "bicycle_parking", "bicycle_parking": "lockers", "operator": "City Of Kelowna", "operator:type": "government", "website": "https://www.kelowna.ca/roads-transportation/active-transportation/bicycling/bike-parking"}}}, {"type": "Feature", "geometry": {"type": "Point", "coordinates": [-119.4910624, 49.8626163]}, "properties": {"source": "osm", "kind": "bicycle_parking", "osm_id": 13384670912, "osm_type": "node", "tags": {"amenity": "bicycle_parking", "bicycle_parking": "lockers", "operator": "City Of Kelowna", "operator:type": "government", "website": "https://www.kelowna.ca/roads-transportation/active-transportation/bicycling/bike-parking"}}}, {"type": "Feature", "geometry": {"type": "Point", "coordinates": [-119.4910619, 49.8625959]}, "properties": {"source": "osm", "kind": "bicycle_parking", "osm_id": 13384670913, "osm_type": "node", "tags": {"amenity": "bicycle_parking", "bicycle_parking": "lockers", "operator": "City Of Kelowna", "operator:type": "government", "website": "https://www.kelowna.ca/roads-transportation/active-transportation/bicycling/bike-parking"}}}, {"type": "Feature", "geometry": {"type": "Point", "coordinates": [-119.4940322, 49.8624888]}, "properties": {"source": "osm", "kind": "tree", "osm_id": 13408043459, "osm_type": "node", "tags": {"natural": "tree"}}}, {"type": "Feature", "geometry": {"type": "Point", "coordinates": [-119.4940968, 49.8623719]}, "properties": {"source": "osm", "kind": "tree", "osm_id": 13408043460, "osm_type": "node", "tags": {"natural": "tree"}}}, {"type": "Feature", "geometry": {"type": "Point", "coordinates": [-119.4941604, 49.8622738]}, "properties": {"source": "osm", "kind": "tree", "osm_id": 13408043461, "osm_type": "node", "tags": {"natural": "tree"}}}, {"type": "Feature", "geometry": {"type": "Point", "coordinates": [-119.4942291, 49.862165]}, "properties": {"source": "osm", "kind": "tree", "osm_id": 13408043462, "osm_type": "node", "tags": {"natural": "tree"}}}, {"type": "Feature", "geometry": {"type": "Point", "coordinates": [-119.4938769, 49.8620636]}, "properties": {"source": "osm", "kind": "tree", "osm_id": 13408043463, "osm_type": "node", "tags": {"natural": "tree"}}}, {"type": "Feature", "geometry": {"type": "Point", "coordinates": [-119.4940343, 49.8620636]}, "properties": {"source": "osm", "kind": "tree", "osm_id": 13408043464, "osm_type": "node", "tags": {"natural": "tree"}}}, {"type": "Feature", "geometry": {"type": "Point", "coordinates": [-119.493731, 49.8620669]}, "properties": {"source": "osm", "kind": "tree", "osm_id": 13408043465, "osm_type": "node", "tags": {"natural": "tree"}}}, {"type": "Feature", "geometry": {"type": "Point", "coordinates": [-119.4941791, 49.8619407]}, "properties": {"source": "osm", "kind": "tree", "osm_id": 13408043466, "osm_type": "node", "tags": {"natural": "tree"}}}, {"type": "Feature", "geometry": {"type": "Point", "coordinates": [-119.4940218, 49.8619366]}, "properties": {"source": "osm", "kind": "tree", "osm_id": 13408043467, "osm_type": "node", "tags": {"natural": "tree"}}}, {"type": "Feature", "geometry": {"type": "Point", "coordinates": [-119.4938925, 49.861936]}, "properties": {"source": "osm", "kind": "tree", "osm_id": 13408043468, "osm_type": "node", "tags": {"natural": "tree"}}}, {"type": "Feature", "geometry": {"type": "Point", "coordinates": [-119.4937362, 49.8619353]}, "properties": {"source": "osm", "kind": "tree", "osm_id": 13408043469, "osm_type": "node", "tags": {"natural": "tree"}}}, {"type": "Feature", "geometry": {"type": "Point", "coordinates": [-119.4946762, 49.8622329]}, "properties": {"source": "osm", "kind": "tree", "osm_id": 13408043470, "osm_type": "node", "tags": {"natural": "tree"}}}, {"type": "Feature", "geometry": {"type": "Point", "coordinates": [-119.4947137, 49.8623598]}, "properties": {"source": "osm", "kind": "tree", "osm_id": 13408043471, "osm_type": "node", "tags": {"natural": "tree"}}}, {"type": "Feature", "geometry": {"type": "Point", "coordinates": [-119.4947804, 49.8624901]}, "properties": {"source": "osm", "kind": "tree", "osm_id": 13408043472, "osm_type": "node", "tags": {"natural": "tree"}}}, {"type": "Feature", "geometry": {"type": "Point", "coordinates": [-119.4948616, 49.8626117]}, "properties": {"source": "osm", "kind": "tree", "osm_id": 13408043473, "osm_type": "node", "tags": {"natural": "tree"}}}, {"type": "Feature", "geometry": {"type": "Point", "coordinates": [-119.494921, 49.8627192]}, "properties": {"source": "osm", "kind": "tree", "osm_id": 13408043474, "osm_type": "node", "tags": {"natural": "tree"}}}, {"type": "Feature", "geometry": {"type": "Point", "coordinates": [-119.4945834, 49.861762]}, "properties": {"source": "osm", "kind": "tree", "osm_id": 13408043475, "osm_type": "node", "tags": {"natural": "tree"}}}, {"type": "Feature", "geometry": {"type": "Point", "coordinates": [-119.4936581, 49.8621227]}, "properties": {"source": "osm", "kind": "tree", "osm_id": 13408043476, "osm_type": "node", "tags": {"natural": "tree"}}}, {"type": "Feature", "geometry": {"type": "Point", "coordinates": [-119.493705, 49.862204]}, "properties": {"source": "osm", "kind": "tree", "osm_id": 13408043477, "osm_type": "node", "tags": {"natural": "tree"}}}, {"type": "Feature", "geometry": {"type": "Point", "coordinates": [-119.4941614, 49.862073]}, "properties": {"source": "osm", "kind": "tree", "osm_id": 13408043478, "osm_type": "node", "tags": {"natural": "tree"}}}, {"type": "Feature", "geometry": {"type": "Point", "coordinates": [-119.4947627, 49.8620622]}, "properties": {"source": "osm", "kind": "tree", "osm_id": 13408043479, "osm_type": "node", "tags": {"natural": "tree"}}}, {"type": "Feature", "geometry": {"type": "Point", "coordinates": [-119.4948043, 49.8620347]}, "properties": {"source": "osm", "kind": "tree", "osm_id": 13408043480, "osm_type": "node", "tags": {"natural": "tree"}}}, {"type": "Feature", "geometry": {"type": "Point", "coordinates": [-119.4948544, 49.8620737]}, "properties": {"source": "osm", "kind": "tree", "osm_id": 13408043481, "osm_type": "node", "tags": {"natural": "tree"}}}, {"type": "Feature", "geometry": {"type": "Point", "coordinates": [-119.4948033, 49.862073]}, "properties": {"source": "osm", "kind": "tree", "osm_id": 13408043482, "osm_type": "node", "tags": {"natural": "tree"}}}, {"type": "Feature", "geometry": {"type": "Point", "coordinates": [-119.4950096, 49.8618728]}, "properties": {"source": "osm", "kind": "tree", "osm_id": 13408043483, "osm_type": "node", "tags": {"natural": "tree"}}}, {"type": "Feature", "geometry": {"type": "Point", "coordinates": [-119.4951024, 49.8617257]}, "properties": {"source": "osm", "kind": "tree", "osm_id": 13408043484, "osm_type": "node", "tags": {"natural": "tree"}}}, {"type": "Feature", "geometry": {"type": "Point", "coordinates": [-119.4942854, 49.8618668]}, "properties": {"source": "osm", "kind": "tree", "osm_id": 13408043485, "osm_type": "node", "tags": {"natural": "tree"}}}, {"type": "Feature", "geometry": {"type": "Point", "coordinates": [-119.4942844, 49.861805]}, "properties": {"source": "osm", "kind": "tree", "osm_id": 13408043486, "osm_type": "node", "tags": {"natural": "tree"}}}, {"type": "Feature", "geometry": {"type": "Point", "coordinates": [-119.4943427, 49.8617297]}, "properties": {"source": "osm", "kind": "tree", "osm_id": 13408043487, "osm_type": "node", "tags": {"natural": "tree"}}}, {"type": "Feature", "geometry": {"type": "Point", "coordinates": [-119.4945292, 49.8615652]}, "properties": {"source": "osm", "kind": "tree", "osm_id": 13408043488, "osm_type": "node", "tags": {"natural": "tree"}}}, {"type": "Feature", "geometry": {"type": "Point", "coordinates": [-119.4946022, 49.8614711]}, "properties": {"source": "osm", "kind": "tree", "osm_id": 13408043489, "osm_type": "node", "tags": {"natural": "tree"}}}, {"type": "Feature", "geometry": {"type": "Point", "coordinates": [-119.494549, 49.8613905]}, "properties": {"source": "osm", "kind": "tree", "osm_id": 13408043490, "osm_type": "node", "tags": {"natural": "tree"}}}, {"type": "Feature", "geometry": {"type": "Point", "coordinates": [-119.494672, 49.8613428]}, "properties": {"source": "osm", "kind": "tree", "osm_id": 13408043491, "osm_type": "node", "tags": {"natural": "tree"}}}, {"type": "Feature", "geometry": {"type": "Point", "coordinates": [-119.494597, 49.8612575]}, "properties": {"source": "osm", "kind": "tree", "osm_id": 13408043492, "osm_type": "node", "tags": {"natural": "tree"}}}, {"type": "Feature", "geometry": {"type": "Point", "coordinates": [-119.4945376, 49.8612158]}, "properties": {"source": "osm", "kind": "tree", "osm_id": 13408043493, "osm_type": "node", "tags": {"natural": "tree"}}}, {"type": "Feature", "geometry": {"type": "Point", "coordinates": [-119.4947376, 49.8612373]}, "properties": {"source": "osm", "kind": "tree", "osm_id": 13408043494, "osm_type": "node", "tags": {"natural": "tree"}}}, {"type": "Feature", "geometry": {"type": "Point", "coordinates": [-119.4945813, 49.8611964]}, "properties": {"source": "osm", "kind": "tree", "osm_id": 13408043495, "osm_type": "node", "tags": {"natural": "tree"}}}, {"type": "Feature", "geometry": {"type": "Point", "coordinates": [-119.4948127, 49.8611339]}, "properties": {"source": "osm", "kind": "tree", "osm_id": 13408043496, "osm_type": "node", "tags": {"natural": "tree"}}}, {"type": "Feature", "geometry": {"type": "Point", "coordinates": [-119.4947095, 49.8611077]}, "properties": {"source": "osm", "kind": "tree", "osm_id": 13408043497, "osm_type": "node", "tags": {"natural": "tree"}}}, {"type": "Feature", "geometry": {"type": "Point", "coordinates": [-119.4950086, 49.8611184]}, "properties": {"source": "osm", "kind": "tree", "osm_id": 13408043498, "osm_type": "node", "tags": {"natural": "tree"}}}, {"type": "Feature", "geometry": {"type": "Point", "coordinates": [-119.4949794, 49.8611876]}, "properties": {"source": "osm", "kind": "tree", "osm_id": 13408043499, "osm_type": "node", "tags": {"natural": "tree"}}}, {"type": "Feature", "geometry": {"type": "Point", "coordinates": [-119.4946105, 49.8610842]}, "properties": {"source": "osm", "kind": "tree", "osm_id": 13408043500, "osm_type": "node", "tags": {"natural": "tree"}}}, {"type": "Feature", "geometry": {"type": "Point", "coordinates": [-119.4953306, 49.8610479]}, "properties": {"source": "osm", "kind": "tree", "osm_id": 13408043501, "osm_type": "node", "tags": {"natural": "tree"}}}, {"type": "Feature", "geometry": {"type": "Point", "coordinates": [-119.4953764, 49.8609995]}, "properties": {"source": "osm", "kind": "tree", "osm_id": 13408043502, "osm_type": "node", "tags": {"natural": "tree"}}}, {"type": "Feature", "geometry": {"type": "Point", "coordinates": [-119.4953483, 49.8610264]}, "properties": {"source": "osm", "kind": "tree", "osm_id": 13408043503, "osm_type": "node", "tags": {"natural": "tree"}}}, {"type": "Feature", "geometry": {"type": "Point", "coordinates": [-119.4961483, 49.8670843]}, "properties": {"source": "osm", "kind": "picnic_table", "osm_id": 13409036051, "osm_type": "node", "tags": {"leisure": "picnic_table"}}}, {"type": "Feature", "geometry": {"type": "Point", "coordinates": [-119.4958711, 49.8674883]}, "properties": {"source": "osm", "kind": "picnic_table", "osm_id": 13409036052, "osm_type": "node", "tags": {"leisure": "picnic_table"}}}, {"type": "Feature", "geometry": {"type": "Point", "coordinates": [-119.495814, 49.8678372]}, "properties": {"source": "osm", "kind": "picnic_table", "osm_id": 13409036053, "osm_type": "node", "tags": {"leisure": "picnic_table"}}}, {"type": "Feature", "geometry": {"type": "Point", "coordinates": [-119.4956826, 49.8674807]}, "properties": {"source": "osm", "kind": "tree", "osm_id": 13409036055, "osm_type": "node", "tags": {"natural": "tree"}}}, {"type": "Feature", "geometry": {"type": "Point", "coordinates": [-119.4955549, 49.8677318]}, "properties": {"source": "osm", "kind": "tree", "osm_id": 13409036056, "osm_type": "node", "tags": {"natural": "tree"}}}, {"type": "Feature", "geometry": {"type": "Point", "coordinates": [-119.4953166, 49.8676392]}, "properties": {"source": "osm", "kind": "tree", "osm_id": 13409036057, "osm_type": "node", "tags": {"natural": "tree"}}}, {"type": "Feature", "geometry": {"type": "Point", "coordinates": [-119.4950916, 49.8675794]}, "properties": {"source": "osm", "kind": "tree", "osm_id": 13409036058, "osm_type": "node", "tags": {"natural": "tree"}}}, {"type": "Feature", "geometry": {"type": "Point", "coordinates": [-119.4949923, 49.867485]}, "properties": {"source": "osm", "kind": "tree", "osm_id": 13409036059, "osm_type": "node", "tags": {"natural": "tree"}}}, {"type": "Feature", "geometry": {"type": "Point", "coordinates": [-119.4950395, 49.8673874]}, "properties": {"source": "osm", "kind": "tree", "osm_id": 13409036060, "osm_type": "node", "tags": {"natural": "tree"}}}, {"type": "Feature", "geometry": {"type": "Point", "coordinates": [-119.4950339, 49.867257]}, "properties": {"source": "osm", "kind": "tree", "osm_id": 13409036061, "osm_type": "node", "tags": {"natural": "tree"}}}, {"type": "Feature", "geometry": {"type": "Point", "coordinates": [-119.4951341, 49.867296]}, "properties": {"source": "osm", "kind": "tree", "osm_id": 13409036062, "osm_type": "node", "tags": {"natural": "tree"}}}, {"type": "Feature", "geometry": {"type": "Point", "coordinates": [-119.4951994, 49.8673234]}, "properties": {"source": "osm", "kind": "tree", "osm_id": 13409036063, "osm_type": "node", "tags": {"natural": "tree"}}}, {"type": "Feature", "geometry": {"type": "Point", "coordinates": [-119.4952949, 49.8672668]}, "properties": {"source": "osm", "kind": "tree", "osm_id": 13409036064, "osm_type": "node", "tags": {"natural": "tree"}}}, {"type": "Feature", "geometry": {"type": "Point", "coordinates": [-119.49517, 49.8671893]}, "properties": {"source": "osm", "kind": "tree", "osm_id": 13409036065, "osm_type": "node", "tags": {"natural": "tree"}}}, {"type": "Feature", "geometry": {"type": "Point", "coordinates": [-119.4950443, 49.8671491]}, "properties": {"source": "osm", "kind": "tree", "osm_id": 13409036066, "osm_type": "node", "tags": {"natural": "tree"}}}, {"type": "Feature", "geometry": {"type": "Point", "coordinates": [-119.4953667, 49.8671656]}, "properties": {"source": "osm", "kind": "tree", "osm_id": 13409036067, "osm_type": "node", "tags": {"natural": "tree"}}}, {"type": "Feature", "geometry": {"type": "Point", "coordinates": [-119.4954755, 49.8672137]}, "properties": {"source": "osm", "kind": "tree", "osm_id": 13409036068, "osm_type": "node", "tags": {"natural": "tree"}}}, {"type": "Feature", "geometry": {"type": "Point", "coordinates": [-119.4956835, 49.8671826]}, "properties": {"source": "osm", "kind": "tree", "osm_id": 13409036069, "osm_type": "node", "tags": {"natural": "tree"}}}, {"type": "Feature", "geometry": {"type": "Point", "coordinates": [-119.4958434, 49.8672156]}, "properties": {"source": "osm", "kind": "tree", "osm_id": 13409036070, "osm_type": "node", "tags": {"natural": "tree"}}}, {"type": "Feature", "geometry": {"type": "Point", "coordinates": [-119.4957053, 49.86699]}, "properties": {"source": "osm", "kind": "tree", "osm_id": 13409036071, "osm_type": "node", "tags": {"natural": "tree"}}}, {"type": "Feature", "geometry": {"type": "Point", "coordinates": [-119.4958263, 49.8669297]}, "properties": {"source": "osm", "kind": "tree", "osm_id": 13409036072, "osm_type": "node", "tags": {"natural": "tree"}}}, {"type": "Feature", "geometry": {"type": "Point", "coordinates": [-119.4960335, 49.8668602]}, "properties": {"source": "osm", "kind": "tree", "osm_id": 13409036073, "osm_type": "node", "tags": {"natural": "tree"}}}, {"type": "Feature", "geometry": {"type": "Point", "coordinates": [-119.495972, 49.8668833]}, "properties": {"source": "osm", "kind": "tree", "osm_id": 13409036074, "osm_type": "node", "tags": {"natural": "tree"}}}, {"type": "Feature", "geometry": {"type": "Point", "coordinates": [-119.4959379, 49.8668443]}, "properties": {"source": "osm", "kind": "tree", "osm_id": 13409036075, "osm_type": "node", "tags": {"natural": "tree"}}}, {"type": "Feature", "geometry": {"type": "Point", "coordinates": [-119.4960996, 49.8669437]}, "properties": {"source": "osm", "kind": "tree", "osm_id": 13409036076, "osm_type": "node", "tags": {"natural": "tree"}}}, {"type": "Feature", "geometry": {"type": "Point", "coordinates": [-119.4962093, 49.8669992]}, "properties": {"source": "osm", "kind": "tree", "osm_id": 13409036077, "osm_type": "node", "tags": {"natural": "tree"}}}, {"type": "Feature", "geometry": {"type": "Point", "coordinates": [-119.4960164, 49.8671351]}, "properties": {"source": "osm", "kind": "tree", "osm_id": 13409036078, "osm_type": "node", "tags": {"natural": "tree"}}}, {"type": "Feature", "geometry": {"type": "Point", "coordinates": [-119.4959209, 49.8673472]}, "properties": {"source": "osm", "kind": "tree", "osm_id": 13409036079, "osm_type": "node", "tags": {"natural": "tree"}}}, {"type": "Feature", "geometry": {"type": "Point", "coordinates": [-119.4960741, 49.8671991]}, "properties": {"source": "osm", "kind": "tree", "osm_id": 13409036080, "osm_type": "node", "tags": {"natural": "tree"}}}, {"type": "Feature", "geometry": {"type": "Point", "coordinates": [-119.4954916, 49.8674691]}, "properties": {"source": "osm", "kind": "tree", "osm_id": 13409036081, "osm_type": "node", "tags": {"natural": "tree"}}}, {"type": "Feature", "geometry": {"type": "Point", "coordinates": [-119.4957951, 49.8676636]}, "properties": {"source": "osm", "kind": "tree", "osm_id": 13409036082, "osm_type": "node", "tags": {"natural": "tree"}}}, {"type": "Feature", "geometry": {"type": "Point", "coordinates": [-119.4956987, 49.8676044]}, "properties": {"source": "osm", "kind": "tree", "osm_id": 13409036083, "osm_type": "node", "tags": {"natural": "tree"}}}, {"type": "Feature", "geometry": {"type": "Point", "coordinates": [-119.4958453, 49.8675801]}, "properties": {"source": "osm", "kind": "tree", "osm_id": 13409036084, "osm_type": "node", "tags": {"natural": "tree"}}}, {"type": "Feature", "geometry": {"type": "Point", "coordinates": [-119.4944088, 49.8677964]}, "properties": {"source": "osm", "kind": "tree", "osm_id": 13409036914, "osm_type": "node", "tags": {"natural": "tree"}}}, {"type": "Feature", "geometry": {"type": "Point", "coordinates": [-119.4944059, 49.8676758]}, "properties": {"source": "osm", "kind": "tree", "osm_id": 13409036915, "osm_type": "node", "tags": {"natural": "tree"}}}, {"type": "Feature", "geometry": {"type": "Point", "coordinates": [-119.4835118, 49.8620094]}, "properties": {"source": "osm", "kind": "crossing", "osm_id": 13571669670, "osm_type": "node", "tags": {"highway": "crossing"}}}, {"type": "Feature", "geometry": {"type": "Point", "coordinates": [-119.480516, 49.8627849]}, "properties": {"source": "osm", "kind": "crossing", "osm_id": 13571669673, "osm_type": "node", "tags": {"highway": "crossing"}}}, {"type": "Feature", "geometry": {"type": "Point", "coordinates": [-119.4802707, 49.8627322]}, "properties": {"source": "osm", "kind": "tree", "osm_id": 13571687749, "osm_type": "node", "tags": {"natural": "tree"}}}, {"type": "Feature", "geometry": {"type": "Point", "coordinates": [-119.4800585, 49.8627365]}, "properties": {"source": "osm", "kind": "tree", "osm_id": 13571687750, "osm_type": "node", "tags": {"natural": "tree"}}}, {"type": "Feature", "geometry": {"type": "Point", "coordinates": [-119.4798183, 49.8627395]}, "properties": {"source": "osm", "kind": "tree", "osm_id": 13571687751, "osm_type": "node", "tags": {"natural": "tree"}}}, {"type": "Feature", "geometry": {"type": "Point", "coordinates": [-119.4796228, 49.8627365]}, "properties": {"source": "osm", "kind": "tree", "osm_id": 13571687752, "osm_type": "node", "tags": {"natural": "tree"}}}, {"type": "Feature", "geometry": {"type": "Point", "coordinates": [-119.4794467, 49.862738]}, "properties": {"source": "osm", "kind": "tree", "osm_id": 13571687753, "osm_type": "node", "tags": {"natural": "tree"}}}, {"type": "Feature", "geometry": {"type": "Point", "coordinates": [-119.4792534, 49.8627351]}, "properties": {"source": "osm", "kind": "tree", "osm_id": 13571687754, "osm_type": "node", "tags": {"natural": "tree"}}}, {"type": "Feature", "geometry": {"type": "Point", "coordinates": [-119.4790888, 49.862738]}, "properties": {"source": "osm", "kind": "tree", "osm_id": 13571687755, "osm_type": "node", "tags": {"natural": "tree"}}}, {"type": "Feature", "geometry": {"type": "Point", "coordinates": [-119.4788064, 49.8627697]}, "properties": {"source": "osm", "kind": "tree", "osm_id": 13571687756, "osm_type": "node", "tags": {"natural": "tree"}}}, {"type": "Feature", "geometry": {"type": "Point", "coordinates": [-119.4787092, 49.8627756]}, "properties": {"source": "osm", "kind": "tree", "osm_id": 13571687757, "osm_type": "node", "tags": {"natural": "tree"}}}, {"type": "Feature", "geometry": {"type": "Point", "coordinates": [-119.4785182, 49.8628022]}, "properties": {"source": "osm", "kind": "tree", "osm_id": 13571687758, "osm_type": "node", "tags": {"natural": "tree"}}}, {"type": "Feature", "geometry": {"type": "Point", "coordinates": [-119.478405, 49.8628434]}, "properties": {"source": "osm", "kind": "tree", "osm_id": 13571687759, "osm_type": "node", "tags": {"natural": "tree"}}}, {"type": "Feature", "geometry": {"type": "Point", "coordinates": [-119.4788647, 49.8630948]}, "properties": {"source": "osm", "kind": "tree", "osm_id": 13571687760, "osm_type": "node", "tags": {"natural": "tree"}}}, {"type": "Feature", "geometry": {"type": "Point", "coordinates": [-119.478756, 49.8631722]}, "properties": {"source": "osm", "kind": "tree", "osm_id": 13571687761, "osm_type": "node", "tags": {"natural": "tree"}}}, {"type": "Feature", "geometry": {"type": "Point", "coordinates": [-119.4785811, 49.8631125]}, "properties": {"source": "osm", "kind": "tree", "osm_id": 13571687762, "osm_type": "node", "tags": {"natural": "tree"}}}, {"type": "Feature", "geometry": {"type": "Point", "coordinates": [-119.4786646, 49.8630122]}, "properties": {"source": "osm", "kind": "tree", "osm_id": 13571687763, "osm_type": "node", "tags": {"natural": "tree"}}}, {"type": "Feature", "geometry": {"type": "Point", "coordinates": [-119.4788521, 49.8629356]}, "properties": {"source": "osm", "kind": "tree", "osm_id": 13571687764, "osm_type": "node", "tags": {"natural": "tree"}}}, {"type": "Feature", "geometry": {"type": "Point", "coordinates": [-119.478716, 49.8629135]}, "properties": {"source": "osm", "kind": "tree", "osm_id": 13571687765, "osm_type": "node", "tags": {"natural": "tree"}}}, {"type": "Feature", "geometry": {"type": "Point", "coordinates": [-119.478461, 49.8629835]}, "properties": {"source": "osm", "kind": "tree", "osm_id": 13571687766, "osm_type": "node", "tags": {"natural": "tree"}}}, {"type": "Feature", "geometry": {"type": "Point", "coordinates": [-119.4781431, 49.8631862]}, "properties": {"source": "osm", "kind": "tree", "osm_id": 13571687767, "osm_type": "node", "tags": {"natural": "tree"}}}, {"type": "Feature", "geometry": {"type": "Point", "coordinates": [-119.4779991, 49.8631899]}, "properties": {"source": "osm", "kind": "tree", "osm_id": 13571687768, "osm_type": "node", "tags": {"natural": "tree"}}}, {"type": "Feature", "geometry": {"type": "Point", "coordinates": [-119.4792169, 49.863254]}, "properties": {"source": "osm", "kind": "tree", "osm_id": 13571687769, "osm_type": "node", "tags": {"natural": "tree"}}}, {"type": "Feature", "geometry": {"type": "Point", "coordinates": [-119.4792317, 49.8631442]}, "properties": {"source": "osm", "kind": "tree", "osm_id": 13571687770, "osm_type": "node", "tags": {"natural": "tree"}}}, {"type": "Feature", "geometry": {"type": "Point", "coordinates": [-119.4808767, 49.8627356]}, "properties": {"source": "osm", "kind": "tree", "osm_id": 13571687771, "osm_type": "node", "tags": {"natural": "tree"}}}, {"type": "Feature", "geometry": {"type": "Point", "coordinates": [-119.4810953, 49.862764]}, "properties": {"source": "osm", "kind": "tree", "osm_id": 13571687772, "osm_type": "node", "tags": {"natural": "tree"}}}, {"type": "Feature", "geometry": {"type": "Point", "coordinates": [-119.4810924, 49.8626825]}, "properties": {"source": "osm", "kind": "tree", "osm_id": 13571687773, "osm_type": "node", "tags": {"natural": "tree"}}}, {"type": "Feature", "geometry": {"type": "Point", "coordinates": [-119.4810943, 49.8626168]}, "properties": {"source": "osm", "kind": "tree", "osm_id": 13571687774, "osm_type": "node", "tags": {"natural": "tree"}}}, {"type": "Feature", "geometry": {"type": "Point", "coordinates": [-119.4810953, 49.8625226]}, "properties": {"source": "osm", "kind": "tree", "osm_id": 13571687775, "osm_type": "node", "tags": {"natural": "tree"}}}, {"type": "Feature", "geometry": {"type": "Point", "coordinates": [-119.4810924, 49.862448]}, "properties": {"source": "osm", "kind": "tree", "osm_id": 13571687776, "osm_type": "node", "tags": {"natural": "tree"}}}, {"type": "Feature", "geometry": {"type": "Point", "coordinates": [-119.4810953, 49.8623583]}, "properties": {"source": "osm", "kind": "tree", "osm_id": 13571687777, "osm_type": "node", "tags": {"natural": "tree"}}}, {"type": "Feature", "geometry": {"type": "Point", "coordinates": [-119.4811012, 49.8622458]}, "properties": {"source": "osm", "kind": "tree", "osm_id": 13571687778, "osm_type": "node", "tags": {"natural": "tree"}}}, {"type": "Feature", "geometry": {"type": "Point", "coordinates": [-119.4803885, 49.8626048]}, "properties": {"source": "osm", "kind": "tree", "osm_id": 13571687779, "osm_type": "node", "tags": {"natural": "tree"}}}, {"type": "Feature", "geometry": {"type": "Point", "coordinates": [-119.4803894, 49.8625138]}, "properties": {"source": "osm", "kind": "tree", "osm_id": 13571687780, "osm_type": "node", "tags": {"natural": "tree"}}}, {"type": "Feature", "geometry": {"type": "Point", "coordinates": [-119.4803894, 49.8624316]}, "properties": {"source": "osm", "kind": "tree", "osm_id": 13571687781, "osm_type": "node", "tags": {"natural": "tree"}}}, {"type": "Feature", "geometry": {"type": "Point", "coordinates": [-119.4803826, 49.8623494]}, "properties": {"source": "osm", "kind": "tree", "osm_id": 13571687782, "osm_type": "node", "tags": {"natural": "tree"}}}, {"type": "Feature", "geometry": {"type": "Point", "coordinates": [-119.4803737, 49.8622546]}, "properties": {"source": "osm", "kind": "tree", "osm_id": 13571687783, "osm_type": "node", "tags": {"natural": "tree"}}}, {"type": "Feature", "geometry": {"type": "Point", "coordinates": [-119.480459, 49.8621011]}, "properties": {"source": "osm", "kind": "tree", "osm_id": 13571687784, "osm_type": "node", "tags": {"natural": "tree"}}}, {"type": "Feature", "geometry": {"type": "Point", "coordinates": [-119.4808453, 49.8621004]}, "properties": {"source": "osm", "kind": "tree", "osm_id": 13571687785, "osm_type": "node", "tags": {"natural": "tree"}}}, {"type": "Feature", "geometry": {"type": "Point", "coordinates": [-119.4808777, 49.8620575]}, "properties": {"source": "osm", "kind": "tree", "osm_id": 13571687786, "osm_type": "node", "tags": {"natural": "tree"}}}, {"type": "Feature", "geometry": {"type": "Point", "coordinates": [-119.4811041, 49.8620537]}, "properties": {"source": "osm", "kind": "tree", "osm_id": 13571687787, "osm_type": "node", "tags": {"natural": "tree"}}}, {"type": "Feature", "geometry": {"type": "Point", "coordinates": [-119.4811041, 49.8619816]}, "properties": {"source": "osm", "kind": "tree", "osm_id": 13571687788, "osm_type": "node", "tags": {"natural": "tree"}}}, {"type": "Feature", "geometry": {"type": "Point", "coordinates": [-119.4810963, 49.8618205]}, "properties": {"source": "osm", "kind": "tree", "osm_id": 13571687789, "osm_type": "node", "tags": {"natural": "tree"}}}, {"type": "Feature", "geometry": {"type": "Point", "coordinates": [-119.4827934, 49.861129]}, "properties": {"source": "osm", "kind": "tree", "osm_id": 13571687797, "osm_type": "node", "tags": {"natural": "tree"}}}, {"type": "Feature", "geometry": {"type": "Point", "coordinates": [-119.4827884, 49.8611918]}, "properties": {"source": "osm", "kind": "tree", "osm_id": 13571687798, "osm_type": "node", "tags": {"natural": "tree"}}}, {"type": "Feature", "geometry": {"type": "Point", "coordinates": [-119.4825116, 49.8611743]}, "properties": {"source": "osm", "kind": "tree", "osm_id": 13571687799, "osm_type": "node", "tags": {"natural": "tree"}}}, {"type": "Feature", "geometry": {"type": "Point", "coordinates": [-119.4824497, 49.8611731]}, "properties": {"source": "osm", "kind": "tree", "osm_id": 13571687800, "osm_type": "node", "tags": {"natural": "tree"}}}, {"type": "Feature", "geometry": {"type": "Point", "coordinates": [-119.4823867, 49.8611699]}, "properties": {"source": "osm", "kind": "tree", "osm_id": 13571687801, "osm_type": "node", "tags": {"natural": "tree"}}}, {"type": "Feature", "geometry": {"type": "Point", "coordinates": [-119.4823828, 49.8612234]}, "properties": {"source": "osm", "kind": "tree", "osm_id": 13571687802, "osm_type": "node", "tags": {"natural": "tree"}}}, {"type": "Feature", "geometry": {"type": "Point", "coordinates": [-119.4825097, 49.8612166]}, "properties": {"source": "osm", "kind": "tree", "osm_id": 13571687803, "osm_type": "node", "tags": {"natural": "tree"}}}, {"type": "Feature", "geometry": {"type": "Point", "coordinates": [-119.4825758, 49.8612225]}, "properties": {"source": "osm", "kind": "tree", "osm_id": 13571687804, "osm_type": "node", "tags": {"natural": "tree"}}}, {"type": "Feature", "geometry": {"type": "Point", "coordinates": [-119.4825693, 49.8611151]}, "properties": {"source": "osm", "kind": "tree", "osm_id": 13571687805, "osm_type": "node", "tags": {"natural": "tree"}}}, {"type": "Feature", "geometry": {"type": "Point", "coordinates": [-119.4825158, 49.8611154]}, "properties": {"source": "osm", "kind": "tree", "osm_id": 13571687806, "osm_type": "node", "tags": {"natural": "tree"}}}, {"type": "Feature", "geometry": {"type": "Point", "coordinates": [-119.4824486, 49.8611157]}, "properties": {"source": "osm", "kind": "tree", "osm_id": 13571687807, "osm_type": "node", "tags": {"natural": "tree"}}}, {"type": "Feature", "geometry": {"type": "Point", "coordinates": [-119.4823793, 49.8611157]}, "properties": {"source": "osm", "kind": "tree", "osm_id": 13571687808, "osm_type": "node", "tags": {"natural": "tree"}}}, {"type": "Feature", "geometry": {"type": "Point", "coordinates": [-119.4821889, 49.861122]}, "properties": {"source": "osm", "kind": "tree", "osm_id": 13571687809, "osm_type": "node", "tags": {"natural": "tree"}}}, {"type": "Feature", "geometry": {"type": "Point", "coordinates": [-119.4818741, 49.8611268]}, "properties": {"source": "osm", "kind": "tree", "osm_id": 13571687810, "osm_type": "node", "tags": {"natural": "tree"}}}, {"type": "Feature", "geometry": {"type": "Point", "coordinates": [-119.4821649, 49.8612353]}, "properties": {"source": "osm", "kind": "tree", "osm_id": 13571687811, "osm_type": "node", "tags": {"natural": "tree"}}}, {"type": "Feature", "geometry": {"type": "Point", "coordinates": [-119.4822176, 49.8613426]}, "properties": {"source": "osm", "kind": "tree", "osm_id": 13571687812, "osm_type": "node", "tags": {"natural": "tree"}}}, {"type": "Feature", "geometry": {"type": "Point", "coordinates": [-119.4821431, 49.8613431]}, "properties": {"source": "osm", "kind": "tree", "osm_id": 13571687813, "osm_type": "node", "tags": {"natural": "tree"}}}, {"type": "Feature", "geometry": {"type": "Point", "coordinates": [-119.4820603, 49.8613426]}, "properties": {"source": "osm", "kind": "tree", "osm_id": 13571687814, "osm_type": "node", "tags": {"natural": "tree"}}}, {"type": "Feature", "geometry": {"type": "Point", "coordinates": [-119.4819816, 49.8613445]}, "properties": {"source": "osm", "kind": "tree", "osm_id": 13571687815, "osm_type": "node", "tags": {"natural": "tree"}}}, {"type": "Feature", "geometry": {"type": "Point", "coordinates": [-119.4821841, 49.8615175]}, "properties": {"source": "osm", "kind": "tree", "osm_id": 13571687816, "osm_type": "node", "tags": {"natural": "tree"}}}, {"type": "Feature", "geometry": {"type": "Point", "coordinates": [-119.4821433, 49.8615204]}, "properties": {"source": "osm", "kind": "tree", "osm_id": 13571687817, "osm_type": "node", "tags": {"natural": "tree"}}}, {"type": "Feature", "geometry": {"type": "Point", "coordinates": [-119.4820883, 49.8615206]}, "properties": {"source": "osm", "kind": "tree", "osm_id": 13571687818, "osm_type": "node", "tags": {"natural": "tree"}}}, {"type": "Feature", "geometry": {"type": "Point", "coordinates": [-119.4820385, 49.861519]}, "properties": {"source": "osm", "kind": "tree", "osm_id": 13571687819, "osm_type": "node", "tags": {"natural": "tree"}}}, {"type": "Feature", "geometry": {"type": "Point", "coordinates": [-119.4820603, 49.8614713]}, "properties": {"source": "osm", "kind": "tree", "osm_id": 13571687820, "osm_type": "node", "tags": {"natural": "tree"}}}, {"type": "Feature", "geometry": {"type": "Point", "coordinates": [-119.4816273, 49.8614944]}, "properties": {"source": "osm", "kind": "tree", "osm_id": 13571687821, "osm_type": "node", "tags": {"natural": "tree"}}}, {"type": "Feature", "geometry": {"type": "Point", "coordinates": [-119.4815435, 49.8613893]}, "properties": {"source": "osm", "kind": "tree", "osm_id": 13571687822, "osm_type": "node", "tags": {"natural": "tree"}}}, {"type": "Feature", "geometry": {"type": "Point", "coordinates": [-119.481038, 49.861394]}, "properties": {"source": "osm", "kind": "tree", "osm_id": 13571687823, "osm_type": "node", "tags": {"natural": "tree"}}}, {"type": "Feature", "geometry": {"type": "Point", "coordinates": [-119.4808615, 49.8614683]}, "properties": {"source": "osm", "kind": "tree", "osm_id": 13571687824, "osm_type": "node", "tags": {"natural": "tree"}}}, {"type": "Feature", "geometry": {"type": "Point", "coordinates": [-119.4803355, 49.8613721]}, "properties": {"source": "osm", "kind": "tree", "osm_id": 13571687825, "osm_type": "node", "tags": {"natural": "tree"}}}, {"type": "Feature", "geometry": {"type": "Point", "coordinates": [-119.4802704, 49.8614623]}, "properties": {"source": "osm", "kind": "tree", "osm_id": 13571687826, "osm_type": "node", "tags": {"natural": "tree"}}}, {"type": "Feature", "geometry": {"type": "Point", "coordinates": [-119.480034, 49.8617501]}, "properties": {"source": "osm", "kind": "tree", "osm_id": 13571687827, "osm_type": "node", "tags": {"natural": "tree"}}}, {"type": "Feature", "geometry": {"type": "Point", "coordinates": [-119.4801941, 49.8619912]}, "properties": {"source": "osm", "kind": "tree", "osm_id": 13571687828, "osm_type": "node", "tags": {"natural": "tree"}}}, {"type": "Feature", "geometry": {"type": "Point", "coordinates": [-119.4791764, 49.8620592]}, "properties": {"source": "osm", "kind": "tree", "osm_id": 13571687829, "osm_type": "node", "tags": {"natural": "tree"}}}, {"type": "Feature", "geometry": {"type": "Point", "coordinates": [-119.4791794, 49.8619936]}, "properties": {"source": "osm", "kind": "tree", "osm_id": 13571687830, "osm_type": "node", "tags": {"natural": "tree"}}}, {"type": "Feature", "geometry": {"type": "Point", "coordinates": [-119.4791804, 49.8619511]}, "properties": {"source": "osm", "kind": "tree", "osm_id": 13571687831, "osm_type": "node", "tags": {"natural": "tree"}}}, {"type": "Feature", "geometry": {"type": "Point", "coordinates": [-119.4791774, 49.861899]}, "properties": {"source": "osm", "kind": "tree", "osm_id": 13571687832, "osm_type": "node", "tags": {"natural": "tree"}}}, {"type": "Feature", "geometry": {"type": "Point", "coordinates": [-119.4791774, 49.8618443]}, "properties": {"source": "osm", "kind": "tree", "osm_id": 13571687833, "osm_type": "node", "tags": {"natural": "tree"}}}, {"type": "Feature", "geometry": {"type": "Point", "coordinates": [-119.4791804, 49.8617941]}, "properties": {"source": "osm", "kind": "tree", "osm_id": 13571687834, "osm_type": "node", "tags": {"natural": "tree"}}}, {"type": "Feature", "geometry": {"type": "Point", "coordinates": [-119.4789771, 49.8618355]}, "properties": {"source": "osm", "kind": "tree", "osm_id": 13571687835, "osm_type": "node", "tags": {"natural": "tree"}}}, {"type": "Feature", "geometry": {"type": "Point", "coordinates": [-119.4789956, 49.8618055]}, "properties": {"source": "osm", "kind": "tree", "osm_id": 13571687836, "osm_type": "node", "tags": {"natural": "tree"}}}, {"type": "Feature", "geometry": {"type": "Point", "coordinates": [-119.4788441, 49.8619128]}, "properties": {"source": "osm", "kind": "tree", "osm_id": 13571687837, "osm_type": "node", "tags": {"natural": "tree"}}}, {"type": "Feature", "geometry": {"type": "Point", "coordinates": [-119.4788083, 49.861918]}, "properties": {"source": "osm", "kind": "tree", "osm_id": 13571687838, "osm_type": "node", "tags": {"natural": "tree"}}}, {"type": "Feature", "geometry": {"type": "Point", "coordinates": [-119.4787147, 49.8619471]}, "properties": {"source": "osm", "kind": "tree", "osm_id": 13571687839, "osm_type": "node", "tags": {"natural": "tree"}}}, {"type": "Feature", "geometry": {"type": "Point", "coordinates": [-119.4787062, 49.861992]}, "properties": {"source": "osm", "kind": "tree", "osm_id": 13571687840, "osm_type": "node", "tags": {"natural": "tree"}}}, {"type": "Feature", "geometry": {"type": "Point", "coordinates": [-119.4787152, 49.8620509]}, "properties": {"source": "osm", "kind": "tree", "osm_id": 13571687841, "osm_type": "node", "tags": {"natural": "tree"}}}, {"type": "Feature", "geometry": {"type": "Point", "coordinates": [-119.478803, 49.8620556]}, "properties": {"source": "osm", "kind": "tree", "osm_id": 13571687842, "osm_type": "node", "tags": {"natural": "tree"}}}, {"type": "Feature", "geometry": {"type": "Point", "coordinates": [-119.4789038, 49.862053]}, "properties": {"source": "osm", "kind": "tree", "osm_id": 13571687843, "osm_type": "node", "tags": {"natural": "tree"}}}, {"type": "Feature", "geometry": {"type": "Point", "coordinates": [-119.4789818, 49.8620501]}, "properties": {"source": "osm", "kind": "tree", "osm_id": 13571687844, "osm_type": "node", "tags": {"natural": "tree"}}}, {"type": "Feature", "geometry": {"type": "Point", "coordinates": [-119.4790793, 49.8620503]}, "properties": {"source": "osm", "kind": "tree", "osm_id": 13571687845, "osm_type": "node", "tags": {"natural": "tree"}}}, {"type": "Feature", "geometry": {"type": "Point", "coordinates": [-119.4790733, 49.8621004]}, "properties": {"source": "osm", "kind": "tree", "osm_id": 13571687846, "osm_type": "node", "tags": {"natural": "tree"}}}, {"type": "Feature", "geometry": {"type": "Point", "coordinates": [-119.4789926, 49.8621007]}, "properties": {"source": "osm", "kind": "tree", "osm_id": 13571687847, "osm_type": "node", "tags": {"natural": "tree"}}}, {"type": "Feature", "geometry": {"type": "Point", "coordinates": [-119.4788939, 49.8620998]}, "properties": {"source": "osm", "kind": "tree", "osm_id": 13571687848, "osm_type": "node", "tags": {"natural": "tree"}}}, {"type": "Feature", "geometry": {"type": "Point", "coordinates": [-119.4788005, 49.8620999]}, "properties": {"source": "osm", "kind": "tree", "osm_id": 13571687849, "osm_type": "node", "tags": {"natural": "tree"}}}, {"type": "Feature", "geometry": {"type": "Point", "coordinates": [-119.4787184, 49.8620993]}, "properties": {"source": "osm", "kind": "tree", "osm_id": 13571687850, "osm_type": "node", "tags": {"natural": "tree"}}}, {"type": "Feature", "geometry": {"type": "Point", "coordinates": [-119.4786375, 49.8620952]}, "properties": {"source": "osm", "kind": "tree", "osm_id": 13571687851, "osm_type": "node", "tags": {"natural": "tree"}}}, {"type": "Feature", "geometry": {"type": "Point", "coordinates": [-119.4786329, 49.8620476]}, "properties": {"source": "osm", "kind": "tree", "osm_id": 13571687852, "osm_type": "node", "tags": {"natural": "tree"}}}, {"type": "Feature", "geometry": {"type": "Point", "coordinates": [-119.4789451, 49.8623141]}, "properties": {"source": "osm", "kind": "tree", "osm_id": 13571687853, "osm_type": "node", "tags": {"natural": "tree"}}}, {"type": "Feature", "geometry": {"type": "Point", "coordinates": [-119.4784384, 49.8622]}, "properties": {"source": "osm", "kind": "tree", "osm_id": 13571687854, "osm_type": "node", "tags": {"natural": "tree"}}}, {"type": "Feature", "geometry": {"type": "Point", "coordinates": [-119.4783675, 49.8622018]}, "properties": {"source": "osm", "kind": "tree", "osm_id": 13571687855, "osm_type": "node", "tags": {"natural": "tree"}}}, {"type": "Feature", "geometry": {"type": "Point", "coordinates": [-119.4776871, 49.8622557]}, "properties": {"source": "osm", "kind": "tree", "osm_id": 13571687856, "osm_type": "node", "tags": {"natural": "tree"}}}, {"type": "Feature", "geometry": {"type": "Point", "coordinates": [-119.477548, 49.8622636]}, "properties": {"source": "osm", "kind": "tree", "osm_id": 13571687857, "osm_type": "node", "tags": {"natural": "tree"}}}, {"type": "Feature", "geometry": {"type": "Point", "coordinates": [-119.4774494, 49.8622584]}, "properties": {"source": "osm", "kind": "tree", "osm_id": 13571687858, "osm_type": "node", "tags": {"natural": "tree"}}}, {"type": "Feature", "geometry": {"type": "Point", "coordinates": [-119.4777374, 49.8621285]}, "properties": {"source": "osm", "kind": "tree", "osm_id": 13571687859, "osm_type": "node", "tags": {"natural": "tree"}}}, {"type": "Feature", "geometry": {"type": "Point", "coordinates": [-119.4780136, 49.8621311]}, "properties": {"source": "osm", "kind": "tree", "osm_id": 13571687860, "osm_type": "node", "tags": {"natural": "tree"}}}, {"type": "Feature", "geometry": {"type": "Point", "coordinates": [-119.4781359, 49.862128]}, "properties": {"source": "osm", "kind": "tree", "osm_id": 13571687861, "osm_type": "node", "tags": {"natural": "tree"}}}, {"type": "Feature", "geometry": {"type": "Point", "coordinates": [-119.4779567, 49.8621285]}, "properties": {"source": "osm", "kind": "tree", "osm_id": 13571687862, "osm_type": "node", "tags": {"natural": "tree"}}}, {"type": "Feature", "geometry": {"type": "Point", "coordinates": [-119.4775896, 49.8621332]}, "properties": {"source": "osm", "kind": "tree", "osm_id": 13571687863, "osm_type": "node", "tags": {"natural": "tree"}}}, {"type": "Feature", "geometry": {"type": "Point", "coordinates": [-119.4775555, 49.8620695]}, "properties": {"source": "osm", "kind": "tree", "osm_id": 13571687864, "osm_type": "node", "tags": {"natural": "tree"}}}, {"type": "Feature", "geometry": {"type": "Point", "coordinates": [-119.4775408, 49.8620114]}, "properties": {"source": "osm", "kind": "tree", "osm_id": 13571687865, "osm_type": "node", "tags": {"natural": "tree"}}}, {"type": "Feature", "geometry": {"type": "Point", "coordinates": [-119.4775012, 49.8619327]}, "properties": {"source": "osm", "kind": "tree", "osm_id": 13571687866, "osm_type": "node", "tags": {"natural": "tree"}}}, {"type": "Feature", "geometry": {"type": "Point", "coordinates": [-119.4773667, 49.8619628]}, "properties": {"source": "osm", "kind": "tree", "osm_id": 13571687867, "osm_type": "node", "tags": {"natural": "tree"}}}, {"type": "Feature", "geometry": {"type": "Point", "coordinates": [-119.4776384, 49.8617921]}, "properties": {"source": "osm", "kind": "tree", "osm_id": 13571687868, "osm_type": "node", "tags": {"natural": "tree"}}}, {"type": "Feature", "geometry": {"type": "Point", "coordinates": [-119.4777033, 49.8617894]}, "properties": {"source": "osm", "kind": "tree", "osm_id": 13571687869, "osm_type": "node", "tags": {"natural": "tree"}}}, {"type": "Feature", "geometry": {"type": "Point", "coordinates": [-119.4777771, 49.8617915]}, "properties": {"source": "osm", "kind": "tree", "osm_id": 13571687870, "osm_type": "node", "tags": {"natural": "tree"}}}, {"type": "Feature", "geometry": {"type": "Point", "coordinates": [-119.4778635, 49.8617915]}, "properties": {"source": "osm", "kind": "tree", "osm_id": 13571687871, "osm_type": "node", "tags": {"natural": "tree"}}}, {"type": "Feature", "geometry": {"type": "Point", "coordinates": [-119.4775547, 49.8617954]}, "properties": {"source": "osm", "kind": "tree", "osm_id": 13571687872, "osm_type": "node", "tags": {"natural": "tree"}}}, {"type": "Feature", "geometry": {"type": "Point", "coordinates": [-119.4773078, 49.8617983]}, "properties": {"source": "osm", "kind": "tree", "osm_id": 13571687873, "osm_type": "node", "tags": {"natural": "tree"}}}, {"type": "Feature", "geometry": {"type": "Point", "coordinates": [-119.4772416, 49.8617911]}, "properties": {"source": "osm", "kind": "tree", "osm_id": 13571687874, "osm_type": "node", "tags": {"natural": "tree"}}}, {"type": "Feature", "geometry": {"type": "Point", "coordinates": [-119.4773152, 49.8617683]}, "properties": {"source": "osm", "kind": "tree", "osm_id": 13571687875, "osm_type": "node", "tags": {"natural": "tree"}}}, {"type": "Feature", "geometry": {"type": "Point", "coordinates": [-119.4772899, 49.8617447]}, "properties": {"source": "osm", "kind": "tree", "osm_id": 13571687876, "osm_type": "node", "tags": {"natural": "tree"}}}, {"type": "Feature", "geometry": {"type": "Point", "coordinates": [-119.4771906, 49.8617442]}, "properties": {"source": "osm", "kind": "tree", "osm_id": 13571687877, "osm_type": "node", "tags": {"natural": "tree"}}}, {"type": "Feature", "geometry": {"type": "Point", "coordinates": [-119.4770802, 49.8617376]}, "properties": {"source": "osm", "kind": "tree", "osm_id": 13571687878, "osm_type": "node", "tags": {"natural": "tree"}}}, {"type": "Feature", "geometry": {"type": "Point", "coordinates": [-119.4769698, 49.8617423]}, "properties": {"source": "osm", "kind": "tree", "osm_id": 13571687879, "osm_type": "node", "tags": {"natural": "tree"}}}, {"type": "Feature", "geometry": {"type": "Point", "coordinates": [-119.4768798, 49.8617454]}, "properties": {"source": "osm", "kind": "tree", "osm_id": 13571687880, "osm_type": "node", "tags": {"natural": "tree"}}}, {"type": "Feature", "geometry": {"type": "Point", "coordinates": [-119.4769839, 49.8618141]}, "properties": {"source": "osm", "kind": "tree", "osm_id": 13571687881, "osm_type": "node", "tags": {"natural": "tree"}}}, {"type": "Feature", "geometry": {"type": "Point", "coordinates": [-119.4770602, 49.861788]}, "properties": {"source": "osm", "kind": "tree", "osm_id": 13571687882, "osm_type": "node", "tags": {"natural": "tree"}}}, {"type": "Feature", "geometry": {"type": "Point", "coordinates": [-119.4766194, 49.8617848]}, "properties": {"source": "osm", "kind": "tree", "osm_id": 13571687883, "osm_type": "node", "tags": {"natural": "tree"}}}, {"type": "Feature", "geometry": {"type": "Point", "coordinates": [-119.4766181, 49.8619953]}, "properties": {"source": "osm", "kind": "tree", "osm_id": 13571687884, "osm_type": "node", "tags": {"natural": "tree"}}}, {"type": "Feature", "geometry": {"type": "Point", "coordinates": [-119.4766136, 49.8620965]}, "properties": {"source": "osm", "kind": "tree", "osm_id": 13571687885, "osm_type": "node", "tags": {"natural": "tree"}}}, {"type": "Feature", "geometry": {"type": "Point", "coordinates": [-119.4766127, 49.8622049]}, "properties": {"source": "osm", "kind": "tree", "osm_id": 13571687886, "osm_type": "node", "tags": {"natural": "tree"}}}, {"type": "Feature", "geometry": {"type": "Point", "coordinates": [-119.4766185, 49.8626057]}, "properties": {"source": "osm", "kind": "tree", "osm_id": 13571687887, "osm_type": "node", "tags": {"natural": "tree"}}}, {"type": "Feature", "geometry": {"type": "Point", "coordinates": [-119.4766701, 49.8626048]}, "properties": {"source": "osm", "kind": "tree", "osm_id": 13571687888, "osm_type": "node", "tags": {"natural": "tree"}}}, {"type": "Feature", "geometry": {"type": "Point", "coordinates": [-119.4767311, 49.8626095]}, "properties": {"source": "osm", "kind": "tree", "osm_id": 13571687889, "osm_type": "node", "tags": {"natural": "tree"}}}, {"type": "Feature", "geometry": {"type": "Point", "coordinates": [-119.4767939, 49.8626112]}, "properties": {"source": "osm", "kind": "tree", "osm_id": 13571687890, "osm_type": "node", "tags": {"natural": "tree"}}}, {"type": "Feature", "geometry": {"type": "Point", "coordinates": [-119.4768531, 49.8626121]}, "properties": {"source": "osm", "kind": "tree", "osm_id": 13571687891, "osm_type": "node", "tags": {"natural": "tree"}}}, {"type": "Feature", "geometry": {"type": "Point", "coordinates": [-119.4768827, 49.8626115]}, "properties": {"source": "osm", "kind": "tree", "osm_id": 13571687892, "osm_type": "node", "tags": {"natural": "tree"}}}, {"type": "Feature", "geometry": {"type": "Point", "coordinates": [-119.4770249, 49.862604]}, "properties": {"source": "osm", "kind": "tree", "osm_id": 13571687893, "osm_type": "node", "tags": {"natural": "tree"}}}, {"type": "Feature", "geometry": {"type": "Point", "coordinates": [-119.4773169, 49.8626046]}, "properties": {"source": "osm", "kind": "tree", "osm_id": 13571687894, "osm_type": "node", "tags": {"natural": "tree"}}}, {"type": "Feature", "geometry": {"type": "Point", "coordinates": [-119.4775233, 49.8626702]}, "properties": {"source": "osm", "kind": "tree", "osm_id": 13571687895, "osm_type": "node", "tags": {"natural": "tree"}}}, {"type": "Feature", "geometry": {"type": "Point", "coordinates": [-119.4776839, 49.8626835]}, "properties": {"source": "osm", "kind": "tree", "osm_id": 13571687896, "osm_type": "node", "tags": {"natural": "tree"}}}, {"type": "Feature", "geometry": {"type": "Point", "coordinates": [-119.4779754, 49.8628884]}, "properties": {"source": "osm", "kind": "tree", "osm_id": 13571687897, "osm_type": "node", "tags": {"natural": "tree"}}}, {"type": "Feature", "geometry": {"type": "Point", "coordinates": [-119.4780582, 49.8628921]}, "properties": {"source": "osm", "kind": "tree", "osm_id": 13571687898, "osm_type": "node", "tags": {"natural": "tree"}}}, {"type": "Feature", "geometry": {"type": "Point", "coordinates": [-119.4781006, 49.862927]}, "properties": {"source": "osm", "kind": "tree", "osm_id": 13571687899, "osm_type": "node", "tags": {"natural": "tree"}}}, {"type": "Feature", "geometry": {"type": "Point", "coordinates": [-119.4779664, 49.8629499]}, "properties": {"source": "osm", "kind": "tree", "osm_id": 13571687900, "osm_type": "node", "tags": {"natural": "tree"}}}, {"type": "Feature", "geometry": {"type": "Point", "coordinates": [-119.4779611, 49.8629992]}, "properties": {"source": "osm", "kind": "tree", "osm_id": 13571687901, "osm_type": "node", "tags": {"natural": "tree"}}}, {"type": "Feature", "geometry": {"type": "Point", "coordinates": [-119.4783908, 49.8631271]}, "properties": {"source": "osm", "kind": "tree", "osm_id": 13571687902, "osm_type": "node", "tags": {"natural": "tree"}}}, {"type": "Feature", "geometry": {"type": "Point", "coordinates": [-119.4784486, 49.8631965]}, "properties": {"source": "osm", "kind": "tree", "osm_id": 13571687903, "osm_type": "node", "tags": {"natural": "tree"}}}, {"type": "Feature", "geometry": {"type": "Point", "coordinates": [-119.4799835, 49.8633733]}, "properties": {"source": "osm", "kind": "tree", "osm_id": 13571687904, "osm_type": "node", "tags": {"natural": "tree"}}}, {"type": "Feature", "geometry": {"type": "Point", "coordinates": [-119.4799199, 49.8633055]}, "properties": {"source": "osm", "kind": "tree", "osm_id": 13571687905, "osm_type": "node", "tags": {"natural": "tree"}}}, {"type": "Feature", "geometry": {"type": "Point", "coordinates": [-119.4799658, 49.863306]}, "properties": {"source": "osm", "kind": "tree", "osm_id": 13571687906, "osm_type": "node", "tags": {"natural": "tree"}}}, {"type": "Feature", "geometry": {"type": "Point", "coordinates": [-119.4799623, 49.8632477]}, "properties": {"source": "osm", "kind": "tree", "osm_id": 13571687907, "osm_type": "node", "tags": {"natural": "tree"}}}, {"type": "Feature", "geometry": {"type": "Point", "coordinates": [-119.4799693, 49.8631276]}, "properties": {"source": "osm", "kind": "tree", "osm_id": 13571687908, "osm_type": "node", "tags": {"natural": "tree"}}}, {"type": "Feature", "geometry": {"type": "Point", "coordinates": [-119.4814824, 49.8611532]}, "properties": {"source": "osm", "kind": "tree", "osm_id": 13571687911, "osm_type": "node", "tags": {"natural": "tree"}}}, {"type": "Feature", "geometry": {"type": "Point", "coordinates": [-119.4813045, 49.8611581]}, "properties": {"source": "osm", "kind": "tree", "osm_id": 13571687912, "osm_type": "node", "tags": {"natural": "tree"}}}, {"type": "Feature", "geometry": {"type": "Point", "coordinates": [-119.4808912, 49.8611606]}, "properties": {"source": "osm", "kind": "tree", "osm_id": 13571687913, "osm_type": "node", "tags": {"natural": "tree"}}}, {"type": "Feature", "geometry": {"type": "Point", "coordinates": [-119.4804496, 49.8612884]}, "properties": {"source": "osm", "kind": "tree", "osm_id": 13571687914, "osm_type": "node", "tags": {"natural": "tree"}}}, {"type": "Feature", "geometry": {"type": "Point", "coordinates": [-119.4804073, 49.8612964]}, "properties": {"source": "osm", "kind": "tree", "osm_id": 13571687915, "osm_type": "node", "tags": {"natural": "tree"}}}, {"type": "Feature", "geometry": {"type": "Point", "coordinates": [-119.480213, 49.8612889]}, "properties": {"source": "osm", "kind": "tree", "osm_id": 13571687916, "osm_type": "node", "tags": {"natural": "tree"}}}, {"type": "Feature", "geometry": {"type": "Point", "coordinates": [-119.4800157, 49.8612992]}, "properties": {"source": "osm", "kind": "tree", "osm_id": 13571687917, "osm_type": "node", "tags": {"natural": "tree"}}}, {"type": "Feature", "geometry": {"type": "Point", "coordinates": [-119.4800208, 49.8613498]}, "properties": {"source": "osm", "kind": "tree", "osm_id": 13571687918, "osm_type": "node", "tags": {"natural": "tree"}}}, {"type": "Feature", "geometry": {"type": "Point", "coordinates": [-119.4798278, 49.8613626]}, "properties": {"source": "osm", "kind": "tree", "osm_id": 13571687919, "osm_type": "node", "tags": {"natural": "tree"}}}, {"type": "Feature", "geometry": {"type": "Point", "coordinates": [-119.4796158, 49.8613839]}, "properties": {"source": "osm", "kind": "tree", "osm_id": 13571687920, "osm_type": "node", "tags": {"natural": "tree"}}}, {"type": "Feature", "geometry": {"type": "Point", "coordinates": [-119.4794456, 49.8613731]}, "properties": {"source": "osm", "kind": "tree", "osm_id": 13571687921, "osm_type": "node", "tags": {"natural": "tree"}}}, {"type": "Feature", "geometry": {"type": "Point", "coordinates": [-119.479816, 49.8611498]}, "properties": {"source": "osm", "kind": "tree", "osm_id": 13571687922, "osm_type": "node", "tags": {"natural": "tree"}}}, {"type": "Feature", "geometry": {"type": "Point", "coordinates": [-119.4797534, 49.8611511]}, "properties": {"source": "osm", "kind": "tree", "osm_id": 13571687923, "osm_type": "node", "tags": {"natural": "tree"}}}, {"type": "Feature", "geometry": {"type": "Point", "coordinates": [-119.4796922, 49.8611501]}, "properties": {"source": "osm", "kind": "tree", "osm_id": 13571687924, "osm_type": "node", "tags": {"natural": "tree"}}}, {"type": "Feature", "geometry": {"type": "Point", "coordinates": [-119.4796359, 49.8611534]}, "properties": {"source": "osm", "kind": "tree", "osm_id": 13571687925, "osm_type": "node", "tags": {"natural": "tree"}}}, {"type": "Feature", "geometry": {"type": "Point", "coordinates": [-119.4795963, 49.8611955]}, "properties": {"source": "osm", "kind": "tree", "osm_id": 13571687926, "osm_type": "node", "tags": {"natural": "tree"}}}, {"type": "Feature", "geometry": {"type": "Point", "coordinates": [-119.4800244, 49.8611831]}, "properties": {"source": "osm", "kind": "tree", "osm_id": 13571687927, "osm_type": "node", "tags": {"natural": "tree"}}}, {"type": "Feature", "geometry": {"type": "Point", "coordinates": [-119.4800006, 49.86119]}, "properties": {"source": "osm", "kind": "tree", "osm_id": 13571687928, "osm_type": "node", "tags": {"natural": "tree"}}}, {"type": "Feature", "geometry": {"type": "Point", "coordinates": [-119.480212, 49.8611488]}, "properties": {"source": "osm", "kind": "tree", "osm_id": 13571687929, "osm_type": "node", "tags": {"natural": "tree"}}}, {"type": "Feature", "geometry": {"type": "Point", "coordinates": [-119.480398, 49.8611924]}, "properties": {"source": "osm", "kind": "tree", "osm_id": 13571687930, "osm_type": "node", "tags": {"natural": "tree"}}}, {"type": "Feature", "geometry": {"type": "Point", "coordinates": [-119.4805771, 49.8611627]}, "properties": {"source": "osm", "kind": "tree", "osm_id": 13571687931, "osm_type": "node", "tags": {"natural": "tree"}}}, {"type": "Feature", "geometry": {"type": "Point", "coordinates": [-119.4789262, 49.8611191]}, "properties": {"source": "osm", "kind": "tree", "osm_id": 13571687932, "osm_type": "node", "tags": {"natural": "tree"}}}, {"type": "Feature", "geometry": {"type": "Point", "coordinates": [-119.4788048, 49.8611254]}, "properties": {"source": "osm", "kind": "tree", "osm_id": 13571687933, "osm_type": "node", "tags": {"natural": "tree"}}}, {"type": "Feature", "geometry": {"type": "Point", "coordinates": [-119.47888, 49.8611851]}, "properties": {"source": "osm", "kind": "tree", "osm_id": 13571687934, "osm_type": "node", "tags": {"natural": "tree"}}}, {"type": "Feature", "geometry": {"type": "Point", "coordinates": [-119.4785966, 49.8611171]}, "properties": {"source": "osm", "kind": "tree", "osm_id": 13571687935, "osm_type": "node", "tags": {"natural": "tree"}}}, {"type": "Feature", "geometry": {"type": "Point", "coordinates": [-119.4784553, 49.8611144]}, "properties": {"source": "osm", "kind": "tree", "osm_id": 13571687936, "osm_type": "node", "tags": {"natural": "tree"}}}, {"type": "Feature", "geometry": {"type": "Point", "coordinates": [-119.4783787, 49.8611144]}, "properties": {"source": "osm", "kind": "tree", "osm_id": 13571687937, "osm_type": "node", "tags": {"natural": "tree"}}}, {"type": "Feature", "geometry": {"type": "Point", "coordinates": [-119.4782936, 49.8611131]}, "properties": {"source": "osm", "kind": "tree", "osm_id": 13571687938, "osm_type": "node", "tags": {"natural": "tree"}}}, {"type": "Feature", "geometry": {"type": "Point", "coordinates": [-119.4782311, 49.8611167]}, "properties": {"source": "osm", "kind": "tree", "osm_id": 13571687939, "osm_type": "node", "tags": {"natural": "tree"}}}, {"type": "Feature", "geometry": {"type": "Point", "coordinates": [-119.478113, 49.8611167]}, "properties": {"source": "osm", "kind": "tree", "osm_id": 13571687940, "osm_type": "node", "tags": {"natural": "tree"}}}, {"type": "Feature", "geometry": {"type": "Point", "coordinates": [-119.4780251, 49.8611171]}, "properties": {"source": "osm", "kind": "tree", "osm_id": 13571687941, "osm_type": "node", "tags": {"natural": "tree"}}}, {"type": "Feature", "geometry": {"type": "Point", "coordinates": [-119.4779879, 49.8611171]}, "properties": {"source": "osm", "kind": "tree", "osm_id": 13571687942, "osm_type": "node", "tags": {"natural": "tree"}}}, {"type": "Feature", "geometry": {"type": "Point", "coordinates": [-119.4779197, 49.8611266]}, "properties": {"source": "osm", "kind": "tree", "osm_id": 13571687943, "osm_type": "node", "tags": {"natural": "tree"}}}, {"type": "Feature", "geometry": {"type": "Point", "coordinates": [-119.4778663, 49.861186]}, "properties": {"source": "osm", "kind": "tree", "osm_id": 13571687944, "osm_type": "node", "tags": {"natural": "tree"}}}, {"type": "Feature", "geometry": {"type": "Point", "coordinates": [-119.4778395, 49.8612309]}, "properties": {"source": "osm", "kind": "tree", "osm_id": 13571687945, "osm_type": "node", "tags": {"natural": "tree"}}}, {"type": "Feature", "geometry": {"type": "Point", "coordinates": [-119.4778367, 49.8612907]}, "properties": {"source": "osm", "kind": "tree", "osm_id": 13571687946, "osm_type": "node", "tags": {"natural": "tree"}}}, {"type": "Feature", "geometry": {"type": "Point", "coordinates": [-119.4781467, 49.8612866]}, "properties": {"source": "osm", "kind": "tree", "osm_id": 13571687947, "osm_type": "node", "tags": {"natural": "tree"}}}, {"type": "Feature", "geometry": {"type": "Point", "coordinates": [-119.4777714, 49.8612227]}, "properties": {"source": "osm", "kind": "tree", "osm_id": 13571687948, "osm_type": "node", "tags": {"natural": "tree"}}}, {"type": "Feature", "geometry": {"type": "Point", "coordinates": [-119.4777236, 49.8611602]}, "properties": {"source": "osm", "kind": "tree", "osm_id": 13571687949, "osm_type": "node", "tags": {"natural": "tree"}}}, {"type": "Feature", "geometry": {"type": "Point", "coordinates": [-119.4778592, 49.8610981]}, "properties": {"source": "osm", "kind": "tree", "osm_id": 13571687950, "osm_type": "node", "tags": {"natural": "tree"}}}, {"type": "Feature", "geometry": {"type": "Point", "coordinates": [-119.4777889, 49.8611072]}, "properties": {"source": "osm", "kind": "tree", "osm_id": 13571687951, "osm_type": "node", "tags": {"natural": "tree"}}}, {"type": "Feature", "geometry": {"type": "Point", "coordinates": [-119.4777468, 49.8610922]}, "properties": {"source": "osm", "kind": "tree", "osm_id": 13571687952, "osm_type": "node", "tags": {"natural": "tree"}}}, {"type": "Feature", "geometry": {"type": "Point", "coordinates": [-119.477628, 49.8611081]}, "properties": {"source": "osm", "kind": "tree", "osm_id": 13571687953, "osm_type": "node", "tags": {"natural": "tree"}}}, {"type": "Feature", "geometry": {"type": "Point", "coordinates": [-119.477628, 49.8611706]}, "properties": {"source": "osm", "kind": "tree", "osm_id": 13571687954, "osm_type": "node", "tags": {"natural": "tree"}}}, {"type": "Feature", "geometry": {"type": "Point", "coordinates": [-119.4775549, 49.8611779]}, "properties": {"source": "osm", "kind": "tree", "osm_id": 13571687955, "osm_type": "node", "tags": {"natural": "tree"}}}, {"type": "Feature", "geometry": {"type": "Point", "coordinates": [-119.4774944, 49.8611883]}, "properties": {"source": "osm", "kind": "tree", "osm_id": 13571687956, "osm_type": "node", "tags": {"natural": "tree"}}}, {"type": "Feature", "geometry": {"type": "Point", "coordinates": [-119.4775605, 49.8611221]}, "properties": {"source": "osm", "kind": "tree", "osm_id": 13571687957, "osm_type": "node", "tags": {"natural": "tree"}}}, {"type": "Feature", "geometry": {"type": "Point", "coordinates": [-119.4774789, 49.8611176]}, "properties": {"source": "osm", "kind": "tree", "osm_id": 13571687958, "osm_type": "node", "tags": {"natural": "tree"}}}, {"type": "Feature", "geometry": {"type": "Point", "coordinates": [-119.477403, 49.8611226]}, "properties": {"source": "osm", "kind": "tree", "osm_id": 13571687959, "osm_type": "node", "tags": {"natural": "tree"}}}, {"type": "Feature", "geometry": {"type": "Point", "coordinates": [-119.4773053, 49.8611298]}, "properties": {"source": "osm", "kind": "tree", "osm_id": 13571687960, "osm_type": "node", "tags": {"natural": "tree"}}}, {"type": "Feature", "geometry": {"type": "Point", "coordinates": [-119.4772013, 49.8611271]}, "properties": {"source": "osm", "kind": "tree", "osm_id": 13571687961, "osm_type": "node", "tags": {"natural": "tree"}}}, {"type": "Feature", "geometry": {"type": "Point", "coordinates": [-119.4771198, 49.8611316]}, "properties": {"source": "osm", "kind": "tree", "osm_id": 13571687962, "osm_type": "node", "tags": {"natural": "tree"}}}, {"type": "Feature", "geometry": {"type": "Point", "coordinates": [-119.477034, 49.8611244]}, "properties": {"source": "osm", "kind": "tree", "osm_id": 13571687963, "osm_type": "node", "tags": {"natural": "tree"}}}, {"type": "Feature", "geometry": {"type": "Point", "coordinates": [-119.47697, 49.8611221]}, "properties": {"source": "osm", "kind": "tree", "osm_id": 13571687964, "osm_type": "node", "tags": {"natural": "tree"}}}, {"type": "Feature", "geometry": {"type": "Point", "coordinates": [-119.4768829, 49.8611257]}, "properties": {"source": "osm", "kind": "tree", "osm_id": 13571687965, "osm_type": "node", "tags": {"natural": "tree"}}}, {"type": "Feature", "geometry": {"type": "Point", "coordinates": [-119.476802, 49.8611253]}, "properties": {"source": "osm", "kind": "tree", "osm_id": 13571687966, "osm_type": "node", "tags": {"natural": "tree"}}}, {"type": "Feature", "geometry": {"type": "Point", "coordinates": [-119.4766854, 49.8611294]}, "properties": {"source": "osm", "kind": "tree", "osm_id": 13571687967, "osm_type": "node", "tags": {"natural": "tree"}}}, {"type": "Feature", "geometry": {"type": "Point", "coordinates": [-119.4767289, 49.8612395]}, "properties": {"source": "osm", "kind": "tree", "osm_id": 13571687968, "osm_type": "node", "tags": {"natural": "tree"}}}, {"type": "Feature", "geometry": {"type": "Point", "coordinates": [-119.4766706, 49.8613025]}, "properties": {"source": "osm", "kind": "tree", "osm_id": 13571687969, "osm_type": "node", "tags": {"natural": "tree"}}}, {"type": "Feature", "geometry": {"type": "Point", "coordinates": [-119.4767107, 49.8613555]}, "properties": {"source": "osm", "kind": "tree", "osm_id": 13571687970, "osm_type": "node", "tags": {"natural": "tree"}}}, {"type": "Feature", "geometry": {"type": "Point", "coordinates": [-119.4767282, 49.8614185]}, "properties": {"source": "osm", "kind": "tree", "osm_id": 13571687971, "osm_type": "node", "tags": {"natural": "tree"}}}, {"type": "Feature", "geometry": {"type": "Point", "coordinates": [-119.4767943, 49.8614552]}, "properties": {"source": "osm", "kind": "tree", "osm_id": 13571687972, "osm_type": "node", "tags": {"natural": "tree"}}}, {"type": "Feature", "geometry": {"type": "Point", "coordinates": [-119.4766172, 49.8614262]}, "properties": {"source": "osm", "kind": "tree", "osm_id": 13571687973, "osm_type": "node", "tags": {"natural": "tree"}}}, {"type": "Feature", "geometry": {"type": "Point", "coordinates": [-119.4766467, 49.8615943]}, "properties": {"source": "osm", "kind": "tree", "osm_id": 13571687974, "osm_type": "node", "tags": {"natural": "tree"}}}, {"type": "Feature", "geometry": {"type": "Point", "coordinates": [-119.4767444, 49.861611]}, "properties": {"source": "osm", "kind": "tree", "osm_id": 13571687975, "osm_type": "node", "tags": {"natural": "tree"}}}, {"type": "Feature", "geometry": {"type": "Point", "coordinates": [-119.476885, 49.8616269]}, "properties": {"source": "osm", "kind": "tree", "osm_id": 13571687976, "osm_type": "node", "tags": {"natural": "tree"}}}, {"type": "Feature", "geometry": {"type": "Point", "coordinates": [-119.4769328, 49.8616269]}, "properties": {"source": "osm", "kind": "tree", "osm_id": 13571687977, "osm_type": "node", "tags": {"natural": "tree"}}}, {"type": "Feature", "geometry": {"type": "Point", "coordinates": [-119.4770059, 49.861626]}, "properties": {"source": "osm", "kind": "tree", "osm_id": 13571687978, "osm_type": "node", "tags": {"natural": "tree"}}}, {"type": "Feature", "geometry": {"type": "Point", "coordinates": [-119.477112, 49.8616264]}, "properties": {"source": "osm", "kind": "tree", "osm_id": 13571687979, "osm_type": "node", "tags": {"natural": "tree"}}}, {"type": "Feature", "geometry": {"type": "Point", "coordinates": [-119.4771683, 49.8616319]}, "properties": {"source": "osm", "kind": "tree", "osm_id": 13571687980, "osm_type": "node", "tags": {"natural": "tree"}}}, {"type": "Feature", "geometry": {"type": "Point", "coordinates": [-119.4772582, 49.8616169]}, "properties": {"source": "osm", "kind": "tree", "osm_id": 13571687981, "osm_type": "node", "tags": {"natural": "tree"}}}, {"type": "Feature", "geometry": {"type": "Point", "coordinates": [-119.4773194, 49.8616242]}, "properties": {"source": "osm", "kind": "tree", "osm_id": 13571687982, "osm_type": "node", "tags": {"natural": "tree"}}}, {"type": "Feature", "geometry": {"type": "Point", "coordinates": [-119.4776329, 49.8615535]}, "properties": {"source": "osm", "kind": "tree", "osm_id": 13571687983, "osm_type": "node", "tags": {"natural": "tree"}}}, {"type": "Feature", "geometry": {"type": "Point", "coordinates": [-119.4829994, 49.8653963]}, "properties": {"source": "osm", "kind": "stop", "osm_id": 13650945623, "osm_type": "node", "tags": {"direction": "forward", "highway": "stop", "stop": "all"}}}, {"type": "Feature", "geometry": {"type": "Point", "coordinates": [-119.4826036, 49.8653941]}, "properties": {"source": "osm", "kind": "stop", "osm_id": 13650945624, "osm_type": "node", "tags": {"direction": "backward", "highway": "stop", "stop": "all"}}}, {"type": "Feature", "geometry": {"type": "Point", "coordinates": [-119.4778414, 49.8480721]}, "properties": {"source": "osm", "kind": "gate", "osm_id": 13696406492, "osm_type": "node", "tags": {"barrier": "gate"}}}, {"type": "Feature", "geometry": {"type": "Point", "coordinates": [-119.4827648, 49.8651504]}, "properties": {"source": "osm", "kind": "gate", "osm_id": 13735820938, "osm_type": "node", "tags": {"barrier": "gate"}}}, {"type": "Feature", "geometry": {"type": "Point", "coordinates": [-119.4852127, 49.8649415]}, "properties": {"source": "osm", "kind": "tree", "osm_id": 13735822999, "osm_type": "node", "tags": {"natural": "tree"}}}, {"type": "Feature", "geometry": {"type": "Point", "coordinates": [-119.4852891, 49.8648709]}, "properties": {"source": "osm", "kind": "tree", "osm_id": 13735823000, "osm_type": "node", "tags": {"natural": "tree"}}}, {"type": "Feature", "geometry": {"type": "Point", "coordinates": [-119.4852177, 49.8648277]}, "properties": {"source": "osm", "kind": "tree", "osm_id": 13735823001, "osm_type": "node", "tags": {"natural": "tree"}}}, {"type": "Feature", "geometry": {"type": "Point", "coordinates": [-119.4851538, 49.8648818]}, "properties": {"source": "osm", "kind": "tree", "osm_id": 13735823002, "osm_type": "node", "tags": {"natural": "tree"}}}, {"type": "Feature", "geometry": {"type": "Point", "coordinates": [-119.4851044, 49.8648463]}, "properties": {"source": "osm", "kind": "tree", "osm_id": 13735823003, "osm_type": "node", "tags": {"natural": "tree"}}}, {"type": "Feature", "geometry": {"type": "Point", "coordinates": [-119.4850699, 49.8649363]}, "properties": {"source": "osm", "kind": "tree", "osm_id": 13735823004, "osm_type": "node", "tags": {"natural": "tree"}}}, {"type": "Feature", "geometry": {"type": "Point", "coordinates": [-119.4850336, 49.8650049]}, "properties": {"source": "osm", "kind": "tree", "osm_id": 13735823005, "osm_type": "node", "tags": {"natural": "tree"}}}, {"type": "Feature", "geometry": {"type": "Point", "coordinates": [-119.4849703, 49.8650691]}, "properties": {"source": "osm", "kind": "tree", "osm_id": 13735823006, "osm_type": "node", "tags": {"natural": "tree"}}}, {"type": "Feature", "geometry": {"type": "Point", "coordinates": [-119.4851607, 49.8650868]}, "properties": {"source": "osm", "kind": "tree", "osm_id": 13735823007, "osm_type": "node", "tags": {"natural": "tree"}}}, {"type": "Feature", "geometry": {"type": "Point", "coordinates": [-119.4853824, 49.8650009]}, "properties": {"source": "osm", "kind": "tree", "osm_id": 13735823008, "osm_type": "node", "tags": {"natural": "tree"}}}, {"type": "Feature", "geometry": {"type": "Point", "coordinates": [-119.4853699, 49.8649286]}, "properties": {"source": "osm", "kind": "tree", "osm_id": 13735823009, "osm_type": "node", "tags": {"natural": "tree"}}}, {"type": "Feature", "geometry": {"type": "Point", "coordinates": [-119.4854538, 49.8649322]}, "properties": {"source": "osm", "kind": "tree", "osm_id": 13735823010, "osm_type": "node", "tags": {"natural": "tree"}}}, {"type": "Feature", "geometry": {"type": "Point", "coordinates": [-119.4855302, 49.8649706]}, "properties": {"source": "osm", "kind": "tree", "osm_id": 13735823011, "osm_type": "node", "tags": {"natural": "tree"}}}, {"type": "Feature", "geometry": {"type": "Point", "coordinates": [-119.4855934, 49.864906]}, "properties": {"source": "osm", "kind": "tree", "osm_id": 13735823012, "osm_type": "node", "tags": {"natural": "tree"}}}, {"type": "Feature", "geometry": {"type": "Point", "coordinates": [-119.4855064, 49.86486]}, "properties": {"source": "osm", "kind": "tree", "osm_id": 13735823013, "osm_type": "node", "tags": {"natural": "tree"}}}, {"type": "Feature", "geometry": {"type": "Point", "coordinates": [-119.4854156, 49.8648245]}, "properties": {"source": "osm", "kind": "tree", "osm_id": 13735823014, "osm_type": "node", "tags": {"natural": "tree"}}}, {"type": "Feature", "geometry": {"type": "Point", "coordinates": [-119.4850261, 49.8648818]}, "properties": {"source": "osm", "kind": "tree", "osm_id": 13735823015, "osm_type": "node", "tags": {"natural": "tree"}}}, {"type": "Feature", "geometry": {"type": "Point", "coordinates": [-119.4848789, 49.8649149]}, "properties": {"source": "osm", "kind": "tree", "osm_id": 13735823016, "osm_type": "node", "tags": {"natural": "tree"}}}, {"type": "Feature", "geometry": {"type": "Point", "coordinates": [-119.4847261, 49.8649359]}, "properties": {"source": "osm", "kind": "tree", "osm_id": 13735823017, "osm_type": "node", "tags": {"natural": "tree"}}}, {"type": "Feature", "geometry": {"type": "Point", "coordinates": [-119.4847324, 49.8648196]}, "properties": {"source": "osm", "kind": "tree", "osm_id": 13735823018, "osm_type": "node", "tags": {"natural": "tree"}}}, {"type": "Feature", "geometry": {"type": "Point", "coordinates": [-119.4846554, 49.8649145]}, "properties": {"source": "osm", "kind": "tree", "osm_id": 13735823019, "osm_type": "node", "tags": {"natural": "tree"}}}, {"type": "Feature", "geometry": {"type": "Point", "coordinates": [-119.484589, 49.8650271]}, "properties": {"source": "osm", "kind": "tree", "osm_id": 13735823020, "osm_type": "node", "tags": {"natural": "tree"}}}, {"type": "Feature", "geometry": {"type": "Point", "coordinates": [-119.4845182, 49.8649395]}, "properties": {"source": "osm", "kind": "tree", "osm_id": 13735823021, "osm_type": "node", "tags": {"natural": "tree"}}}, {"type": "Feature", "geometry": {"type": "Point", "coordinates": [-119.4843924, 49.8649997]}, "properties": {"source": "osm", "kind": "tree", "osm_id": 13735823022, "osm_type": "node", "tags": {"natural": "tree"}}}, {"type": "Feature", "geometry": {"type": "Point", "coordinates": [-119.4843034, 49.8649657]}, "properties": {"source": "osm", "kind": "tree", "osm_id": 13735823023, "osm_type": "node", "tags": {"natural": "tree"}}}, {"type": "Feature", "geometry": {"type": "Point", "coordinates": [-119.4842139, 49.8650146]}, "properties": {"source": "osm", "kind": "tree", "osm_id": 13735823024, "osm_type": "node", "tags": {"natural": "tree"}}}, {"type": "Feature", "geometry": {"type": "Point", "coordinates": [-119.4840066, 49.8650315]}, "properties": {"source": "osm", "kind": "tree", "osm_id": 13735823025, "osm_type": "node", "tags": {"natural": "tree"}}}, {"type": "Feature", "geometry": {"type": "Point", "coordinates": [-119.4839083, 49.8650093]}, "properties": {"source": "osm", "kind": "tree", "osm_id": 13735823026, "osm_type": "node", "tags": {"natural": "tree"}}}, {"type": "Feature", "geometry": {"type": "Point", "coordinates": [-119.4835852, 49.8649896]}, "properties": {"source": "osm", "kind": "tree", "osm_id": 13735823027, "osm_type": "node", "tags": {"natural": "tree"}}}, {"type": "Feature", "geometry": {"type": "Point", "coordinates": [-119.4834411, 49.8650049]}, "properties": {"source": "osm", "kind": "tree", "osm_id": 13735823028, "osm_type": "node", "tags": {"natural": "tree"}}}, {"type": "Feature", "geometry": {"type": "Point", "coordinates": [-119.4835501, 49.8650505]}, "properties": {"source": "osm", "kind": "tree", "osm_id": 13735823029, "osm_type": "node", "tags": {"natural": "tree"}}}, {"type": "Feature", "geometry": {"type": "Point", "coordinates": [-119.4836077, 49.8650473]}, "properties": {"source": "osm", "kind": "tree", "osm_id": 13735823030, "osm_type": "node", "tags": {"natural": "tree"}}}, {"type": "Feature", "geometry": {"type": "Point", "coordinates": [-119.4830529, 49.8650836]}, "properties": {"source": "osm", "kind": "tree", "osm_id": 13735823031, "osm_type": "node", "tags": {"natural": "tree"}}}, {"type": "Feature", "geometry": {"type": "Point", "coordinates": [-119.4831318, 49.8650445]}, "properties": {"source": "osm", "kind": "tree", "osm_id": 13735823032, "osm_type": "node", "tags": {"natural": "tree"}}}, {"type": "Feature", "geometry": {"type": "Point", "coordinates": [-119.4830829, 49.8650215]}, "properties": {"source": "osm", "kind": "tree", "osm_id": 13735823033, "osm_type": "node", "tags": {"natural": "tree"}}}, {"type": "Feature", "geometry": {"type": "Point", "coordinates": [-119.4829809, 49.8649589]}, "properties": {"source": "osm", "kind": "tree", "osm_id": 13735823034, "osm_type": "node", "tags": {"natural": "tree"}}}, {"type": "Feature", "geometry": {"type": "Point", "coordinates": [-119.4828838, 49.8649476]}, "properties": {"source": "osm", "kind": "tree", "osm_id": 13735823035, "osm_type": "node", "tags": {"natural": "tree"}}}, {"type": "Feature", "geometry": {"type": "Point", "coordinates": [-119.4826221, 49.8651191]}, "properties": {"source": "osm", "kind": "tree", "osm_id": 13735823036, "osm_type": "node", "tags": {"natural": "tree"}}}, {"type": "Feature", "geometry": {"type": "Point", "coordinates": [-119.4820453, 49.8649831]}, "properties": {"source": "osm", "kind": "tree", "osm_id": 13735823037, "osm_type": "node", "tags": {"natural": "tree"}}}, {"type": "Feature", "geometry": {"type": "Point", "coordinates": [-119.4823046, 49.8651526]}, "properties": {"source": "osm", "kind": "tree", "osm_id": 13735823038, "osm_type": "node", "tags": {"natural": "tree"}}}, {"type": "Feature", "geometry": {"type": "Point", "coordinates": [-119.4822989, 49.8650812]}, "properties": {"source": "osm", "kind": "tree", "osm_id": 13735823039, "osm_type": "node", "tags": {"natural": "tree"}}}, {"type": "Feature", "geometry": {"type": "Point", "coordinates": [-119.482386, 49.8650977]}, "properties": {"source": "osm", "kind": "tree", "osm_id": 13735823040, "osm_type": "node", "tags": {"natural": "tree"}}}, {"type": "Feature", "geometry": {"type": "Point", "coordinates": [-119.482076, 49.8650994]}, "properties": {"source": "osm", "kind": "tree", "osm_id": 13735823041, "osm_type": "node", "tags": {"natural": "tree"}}}, {"type": "Feature", "geometry": {"type": "Point", "coordinates": [-119.4819207, 49.8651236]}, "properties": {"source": "osm", "kind": "tree", "osm_id": 13735823042, "osm_type": "node", "tags": {"natural": "tree"}}}, {"type": "Feature", "geometry": {"type": "Point", "coordinates": [-119.4818086, 49.8650933]}, "properties": {"source": "osm", "kind": "tree", "osm_id": 13735823043, "osm_type": "node", "tags": {"natural": "tree"}}}, {"type": "Feature", "geometry": {"type": "Point", "coordinates": [-119.4818368, 49.8650356]}, "properties": {"source": "osm", "kind": "tree", "osm_id": 13735823044, "osm_type": "node", "tags": {"natural": "tree"}}}, {"type": "Feature", "geometry": {"type": "Point", "coordinates": [-119.4817673, 49.8649916]}, "properties": {"source": "osm", "kind": "tree", "osm_id": 13735823045, "osm_type": "node", "tags": {"natural": "tree"}}}, {"type": "Feature", "geometry": {"type": "Point", "coordinates": [-119.4816201, 49.8651369]}, "properties": {"source": "osm", "kind": "tree", "osm_id": 13735823046, "osm_type": "node", "tags": {"natural": "tree"}}}, {"type": "Feature", "geometry": {"type": "Point", "coordinates": [-119.4814636, 49.8651054]}, "properties": {"source": "osm", "kind": "tree", "osm_id": 13735823047, "osm_type": "node", "tags": {"natural": "tree"}}}, {"type": "Feature", "geometry": {"type": "Point", "coordinates": [-119.4814398, 49.865038]}, "properties": {"source": "osm", "kind": "tree", "osm_id": 13735823048, "osm_type": "node", "tags": {"natural": "tree"}}}, {"type": "Feature", "geometry": {"type": "Point", "coordinates": [-119.481518, 49.8651587]}, "properties": {"source": "osm", "kind": "tree", "osm_id": 13735823049, "osm_type": "node", "tags": {"natural": "tree"}}}, {"type": "Feature", "geometry": {"type": "Point", "coordinates": [-119.4815137, 49.8650158]}, "properties": {"source": "osm", "kind": "tree", "osm_id": 13735823050, "osm_type": "node", "tags": {"natural": "tree"}}}, {"type": "Feature", "geometry": {"type": "Point", "coordinates": [-119.481632, 49.8649972]}, "properties": {"source": "osm", "kind": "tree", "osm_id": 13735823051, "osm_type": "node", "tags": {"natural": "tree"}}}, {"type": "Feature", "geometry": {"type": "Point", "coordinates": [-119.4815963, 49.8649411]}, "properties": {"source": "osm", "kind": "tree", "osm_id": 13735823052, "osm_type": "node", "tags": {"natural": "tree"}}}, {"type": "Feature", "geometry": {"type": "Point", "coordinates": [-119.4815068, 49.864975]}, "properties": {"source": "osm", "kind": "tree", "osm_id": 13735823053, "osm_type": "node", "tags": {"natural": "tree"}}}, {"type": "Feature", "geometry": {"type": "Point", "coordinates": [-119.4813972, 49.8649266]}, "properties": {"source": "osm", "kind": "tree", "osm_id": 13735823054, "osm_type": "node", "tags": {"natural": "tree"}}}, {"type": "Feature", "geometry": {"type": "Point", "coordinates": [-119.4814786, 49.8649234]}, "properties": {"source": "osm", "kind": "tree", "osm_id": 13735823055, "osm_type": "node", "tags": {"natural": "tree"}}}, {"type": "Feature", "geometry": {"type": "Point", "coordinates": [-119.4814517, 49.8647236]}, "properties": {"source": "osm", "kind": "tree", "osm_id": 13735823056, "osm_type": "node", "tags": {"natural": "tree"}}}, {"type": "Feature", "geometry": {"type": "Point", "coordinates": [-119.4814416, 49.8646311]}, "properties": {"source": "osm", "kind": "tree", "osm_id": 13735823057, "osm_type": "node", "tags": {"natural": "tree"}}}, {"type": "Feature", "geometry": {"type": "Point", "coordinates": [-119.4814942, 49.8645564]}, "properties": {"source": "osm", "kind": "tree", "osm_id": 13735823058, "osm_type": "node", "tags": {"natural": "tree"}}}, {"type": "Feature", "geometry": {"type": "Point", "coordinates": [-119.4815093, 49.8645229]}, "properties": {"source": "osm", "kind": "tree", "osm_id": 13735823059, "osm_type": "node", "tags": {"natural": "tree"}}}, {"type": "Feature", "geometry": {"type": "Point", "coordinates": [-119.4814235, 49.8645548]}, "properties": {"source": "osm", "kind": "tree", "osm_id": 13735823060, "osm_type": "node", "tags": {"natural": "tree"}}}, {"type": "Feature", "geometry": {"type": "Point", "coordinates": [-119.4813634, 49.8644471]}, "properties": {"source": "osm", "kind": "tree", "osm_id": 13735823061, "osm_type": "node", "tags": {"natural": "tree"}}}, {"type": "Feature", "geometry": {"type": "Point", "coordinates": [-119.4813734, 49.8643857]}, "properties": {"source": "osm", "kind": "tree", "osm_id": 13735823062, "osm_type": "node", "tags": {"natural": "tree"}}}, {"type": "Feature", "geometry": {"type": "Point", "coordinates": [-119.481369, 49.86433]}, "properties": {"source": "osm", "kind": "tree", "osm_id": 13735823063, "osm_type": "node", "tags": {"natural": "tree"}}}, {"type": "Feature", "geometry": {"type": "Point", "coordinates": [-119.4813665, 49.8642489]}, "properties": {"source": "osm", "kind": "tree", "osm_id": 13735823064, "osm_type": "node", "tags": {"natural": "tree"}}}, {"type": "Feature", "geometry": {"type": "Point", "coordinates": [-119.4813746, 49.8642012]}, "properties": {"source": "osm", "kind": "tree", "osm_id": 13735823065, "osm_type": "node", "tags": {"natural": "tree"}}}, {"type": "Feature", "geometry": {"type": "Point", "coordinates": [-119.4813734, 49.8641617]}, "properties": {"source": "osm", "kind": "tree", "osm_id": 13735823066, "osm_type": "node", "tags": {"natural": "tree"}}}, {"type": "Feature", "geometry": {"type": "Point", "coordinates": [-119.4813703, 49.8641165]}, "properties": {"source": "osm", "kind": "tree", "osm_id": 13735823067, "osm_type": "node", "tags": {"natural": "tree"}}}, {"type": "Feature", "geometry": {"type": "Point", "coordinates": [-119.4813684, 49.8640676]}, "properties": {"source": "osm", "kind": "tree", "osm_id": 13735823068, "osm_type": "node", "tags": {"natural": "tree"}}}, {"type": "Feature", "geometry": {"type": "Point", "coordinates": [-119.4813634, 49.8640212]}, "properties": {"source": "osm", "kind": "tree", "osm_id": 13735823069, "osm_type": "node", "tags": {"natural": "tree"}}}, {"type": "Feature", "geometry": {"type": "Point", "coordinates": [-119.4813609, 49.8639635]}, "properties": {"source": "osm", "kind": "tree", "osm_id": 13735823070, "osm_type": "node", "tags": {"natural": "tree"}}}, {"type": "Feature", "geometry": {"type": "Point", "coordinates": [-119.4814473, 49.8639251]}, "properties": {"source": "osm", "kind": "tree", "osm_id": 13735823071, "osm_type": "node", "tags": {"natural": "tree"}}}, {"type": "Feature", "geometry": {"type": "Point", "coordinates": [-119.4815594, 49.863846]}, "properties": {"source": "osm", "kind": "tree", "osm_id": 13735823072, "osm_type": "node", "tags": {"natural": "tree"}}}, {"type": "Feature", "geometry": {"type": "Point", "coordinates": [-119.481441, 49.8638545]}, "properties": {"source": "osm", "kind": "tree", "osm_id": 13735823073, "osm_type": "node", "tags": {"natural": "tree"}}}, {"type": "Feature", "geometry": {"type": "Point", "coordinates": [-119.4815155, 49.8636361]}, "properties": {"source": "osm", "kind": "tree", "osm_id": 13735823074, "osm_type": "node", "tags": {"natural": "tree"}}}, {"type": "Feature", "geometry": {"type": "Point", "coordinates": [-119.4814423, 49.8636066]}, "properties": {"source": "osm", "kind": "tree", "osm_id": 13735823075, "osm_type": "node", "tags": {"natural": "tree"}}}, {"type": "Feature", "geometry": {"type": "Point", "coordinates": [-119.4815512, 49.8635316]}, "properties": {"source": "osm", "kind": "tree", "osm_id": 13735823076, "osm_type": "node", "tags": {"natural": "tree"}}}, {"type": "Feature", "geometry": {"type": "Point", "coordinates": [-119.4816063, 49.8635158]}, "properties": {"source": "osm", "kind": "tree", "osm_id": 13735823077, "osm_type": "node", "tags": {"natural": "tree"}}}, {"type": "Feature", "geometry": {"type": "Point", "coordinates": [-119.4816902, 49.8634581]}, "properties": {"source": "osm", "kind": "tree", "osm_id": 13735823078, "osm_type": "node", "tags": {"natural": "tree"}}}, {"type": "Feature", "geometry": {"type": "Point", "coordinates": [-119.481731, 49.8633971]}, "properties": {"source": "osm", "kind": "tree", "osm_id": 13735823079, "osm_type": "node", "tags": {"natural": "tree"}}}, {"type": "Feature", "geometry": {"type": "Point", "coordinates": [-119.4817485, 49.8633293]}, "properties": {"source": "osm", "kind": "tree", "osm_id": 13735823080, "osm_type": "node", "tags": {"natural": "tree"}}}, {"type": "Feature", "geometry": {"type": "Point", "coordinates": [-119.4813809, 49.863559]}, "properties": {"source": "osm", "kind": "tree", "osm_id": 13735823081, "osm_type": "node", "tags": {"natural": "tree"}}}, {"type": "Feature", "geometry": {"type": "Point", "coordinates": [-119.4819301, 49.863205]}, "properties": {"source": "osm", "kind": "tree", "osm_id": 13735823082, "osm_type": "node", "tags": {"natural": "tree"}}}, {"type": "Feature", "geometry": {"type": "Point", "coordinates": [-119.4820265, 49.8632082]}, "properties": {"source": "osm", "kind": "tree", "osm_id": 13735823083, "osm_type": "node", "tags": {"natural": "tree"}}}, {"type": "Feature", "geometry": {"type": "Point", "coordinates": [-119.4820528, 49.8631214]}, "properties": {"source": "osm", "kind": "tree", "osm_id": 13735823084, "osm_type": "node", "tags": {"natural": "tree"}}}, {"type": "Feature", "geometry": {"type": "Point", "coordinates": [-119.4821324, 49.8630956]}, "properties": {"source": "osm", "kind": "tree", "osm_id": 13735823085, "osm_type": "node", "tags": {"natural": "tree"}}}, {"type": "Feature", "geometry": {"type": "Point", "coordinates": [-119.4821317, 49.8630508]}, "properties": {"source": "osm", "kind": "tree", "osm_id": 13735823086, "osm_type": "node", "tags": {"natural": "tree"}}}, {"type": "Feature", "geometry": {"type": "Point", "coordinates": [-119.4821868, 49.8631788]}, "properties": {"source": "osm", "kind": "tree", "osm_id": 13735823087, "osm_type": "node", "tags": {"natural": "tree"}}}, {"type": "Feature", "geometry": {"type": "Point", "coordinates": [-119.4823246, 49.8632123]}, "properties": {"source": "osm", "kind": "tree", "osm_id": 13735823088, "osm_type": "node", "tags": {"natural": "tree"}}}, {"type": "Feature", "geometry": {"type": "Point", "coordinates": [-119.4823089, 49.863056]}, "properties": {"source": "osm", "kind": "tree", "osm_id": 13735823089, "osm_type": "node", "tags": {"natural": "tree"}}}, {"type": "Feature", "geometry": {"type": "Point", "coordinates": [-119.4823622, 49.8629584]}, "properties": {"source": "osm", "kind": "tree", "osm_id": 13735823090, "osm_type": "node", "tags": {"natural": "tree"}}}, {"type": "Feature", "geometry": {"type": "Point", "coordinates": [-119.4824354, 49.862964]}, "properties": {"source": "osm", "kind": "tree", "osm_id": 13735823091, "osm_type": "node", "tags": {"natural": "tree"}}}, {"type": "Feature", "geometry": {"type": "Point", "coordinates": [-119.4825425, 49.862985]}, "properties": {"source": "osm", "kind": "tree", "osm_id": 13735823092, "osm_type": "node", "tags": {"natural": "tree"}}}, {"type": "Feature", "geometry": {"type": "Point", "coordinates": [-119.4826183, 49.8630015]}, "properties": {"source": "osm", "kind": "tree", "osm_id": 13735823093, "osm_type": "node", "tags": {"natural": "tree"}}}, {"type": "Feature", "geometry": {"type": "Point", "coordinates": [-119.4826903, 49.8630011]}, "properties": {"source": "osm", "kind": "tree", "osm_id": 13735823094, "osm_type": "node", "tags": {"natural": "tree"}}}, {"type": "Feature", "geometry": {"type": "Point", "coordinates": [-119.482741, 49.8630036]}, "properties": {"source": "osm", "kind": "tree", "osm_id": 13735823095, "osm_type": "node", "tags": {"natural": "tree"}}}, {"type": "Feature", "geometry": {"type": "Point", "coordinates": [-119.4825657, 49.8631]}, "properties": {"source": "osm", "kind": "tree", "osm_id": 13735823096, "osm_type": "node", "tags": {"natural": "tree"}}}, {"type": "Feature", "geometry": {"type": "Point", "coordinates": [-119.482607, 49.863159]}, "properties": {"source": "osm", "kind": "tree", "osm_id": 13735823097, "osm_type": "node", "tags": {"natural": "tree"}}}, {"type": "Feature", "geometry": {"type": "Point", "coordinates": [-119.4825419, 49.8632074]}, "properties": {"source": "osm", "kind": "tree", "osm_id": 13735823098, "osm_type": "node", "tags": {"natural": "tree"}}}, {"type": "Feature", "geometry": {"type": "Point", "coordinates": [-119.4828437, 49.8630278]}, "properties": {"source": "osm", "kind": "tree", "osm_id": 13735823166, "osm_type": "node", "tags": {"natural": "tree"}}}, {"type": "Feature", "geometry": {"type": "Point", "coordinates": [-119.4828154, 49.8629537]}, "properties": {"source": "osm", "kind": "tree", "osm_id": 13735823167, "osm_type": "node", "tags": {"natural": "tree"}}}, {"type": "Feature", "geometry": {"type": "Point", "coordinates": [-119.4829033, 49.8629528]}, "properties": {"source": "osm", "kind": "tree", "osm_id": 13735823168, "osm_type": "node", "tags": {"natural": "tree"}}}, {"type": "Feature", "geometry": {"type": "Point", "coordinates": [-119.4829918, 49.862949]}, "properties": {"source": "osm", "kind": "tree", "osm_id": 13735823169, "osm_type": "node", "tags": {"natural": "tree"}}}, {"type": "Feature", "geometry": {"type": "Point", "coordinates": [-119.4831409, 49.8629493]}, "properties": {"source": "osm", "kind": "tree", "osm_id": 13735823170, "osm_type": "node", "tags": {"natural": "tree"}}}, {"type": "Feature", "geometry": {"type": "Point", "coordinates": [-119.4835075, 49.8629739]}, "properties": {"source": "osm", "kind": "tree", "osm_id": 13735823171, "osm_type": "node", "tags": {"natural": "tree"}}}, {"type": "Feature", "geometry": {"type": "Point", "coordinates": [-119.483657, 49.8629774]}, "properties": {"source": "osm", "kind": "tree", "osm_id": 13735823172, "osm_type": "node", "tags": {"natural": "tree"}}}, {"type": "Feature", "geometry": {"type": "Point", "coordinates": [-119.4838139, 49.8629619]}, "properties": {"source": "osm", "kind": "tree", "osm_id": 13735823173, "osm_type": "node", "tags": {"natural": "tree"}}}, {"type": "Feature", "geometry": {"type": "Point", "coordinates": [-119.4838687, 49.8629597]}, "properties": {"source": "osm", "kind": "tree", "osm_id": 13735823174, "osm_type": "node", "tags": {"natural": "tree"}}}, {"type": "Feature", "geometry": {"type": "Point", "coordinates": [-119.4838579, 49.8630851]}, "properties": {"source": "osm", "kind": "tree", "osm_id": 13735823175, "osm_type": "node", "tags": {"natural": "tree"}}}, {"type": "Feature", "geometry": {"type": "Point", "coordinates": [-119.4839855, 49.8629556]}, "properties": {"source": "osm", "kind": "tree", "osm_id": 13735823176, "osm_type": "node", "tags": {"natural": "tree"}}}, {"type": "Feature", "geometry": {"type": "Point", "coordinates": [-119.484071, 49.8629575]}, "properties": {"source": "osm", "kind": "tree", "osm_id": 13735823177, "osm_type": "node", "tags": {"natural": "tree"}}}, {"type": "Feature", "geometry": {"type": "Point", "coordinates": [-119.484117, 49.8629537]}, "properties": {"source": "osm", "kind": "tree", "osm_id": 13735823178, "osm_type": "node", "tags": {"natural": "tree"}}}, {"type": "Feature", "geometry": {"type": "Point", "coordinates": [-119.4841844, 49.8629547]}, "properties": {"source": "osm", "kind": "tree", "osm_id": 13735823179, "osm_type": "node", "tags": {"natural": "tree"}}}, {"type": "Feature", "geometry": {"type": "Point", "coordinates": [-119.4842279, 49.862955]}, "properties": {"source": "osm", "kind": "tree", "osm_id": 13735823180, "osm_type": "node", "tags": {"natural": "tree"}}}, {"type": "Feature", "geometry": {"type": "Point", "coordinates": [-119.4843208, 49.8629525]}, "properties": {"source": "osm", "kind": "tree", "osm_id": 13735823181, "osm_type": "node", "tags": {"natural": "tree"}}}, {"type": "Feature", "geometry": {"type": "Point", "coordinates": [-119.4846463, 49.863013]}, "properties": {"source": "osm", "kind": "tree", "osm_id": 13735823182, "osm_type": "node", "tags": {"natural": "tree"}}}, {"type": "Feature", "geometry": {"type": "Point", "coordinates": [-119.4854411, 49.8630171]}, "properties": {"source": "osm", "kind": "tree", "osm_id": 13735823183, "osm_type": "node", "tags": {"natural": "tree"}}}, {"type": "Feature", "geometry": {"type": "Point", "coordinates": [-119.4855638, 49.8630123]}, "properties": {"source": "osm", "kind": "tree", "osm_id": 13735823184, "osm_type": "node", "tags": {"natural": "tree"}}}, {"type": "Feature", "geometry": {"type": "Point", "coordinates": [-119.485597, 49.8630731]}, "properties": {"source": "osm", "kind": "tree", "osm_id": 13735823185, "osm_type": "node", "tags": {"natural": "tree"}}}, {"type": "Feature", "geometry": {"type": "Point", "coordinates": [-119.4856474, 49.8630208]}, "properties": {"source": "osm", "kind": "tree", "osm_id": 13735823186, "osm_type": "node", "tags": {"natural": "tree"}}}, {"type": "Feature", "geometry": {"type": "Point", "coordinates": [-119.4854411, 49.8630637]}, "properties": {"source": "osm", "kind": "tree", "osm_id": 13735823187, "osm_type": "node", "tags": {"natural": "tree"}}}, {"type": "Feature", "geometry": {"type": "Point", "coordinates": [-119.4854548, 49.8630949]}, "properties": {"source": "osm", "kind": "tree", "osm_id": 13735823188, "osm_type": "node", "tags": {"natural": "tree"}}}, {"type": "Feature", "geometry": {"type": "Point", "coordinates": [-119.4855457, 49.8633085]}, "properties": {"source": "osm", "kind": "tree", "osm_id": 13735823189, "osm_type": "node", "tags": {"natural": "tree"}}}, {"type": "Feature", "geometry": {"type": "Point", "coordinates": [-119.4856166, 49.8633526]}, "properties": {"source": "osm", "kind": "tree", "osm_id": 13735823190, "osm_type": "node", "tags": {"natural": "tree"}}}, {"type": "Feature", "geometry": {"type": "Point", "coordinates": [-119.4856439, 49.8632483]}, "properties": {"source": "osm", "kind": "tree", "osm_id": 13735823191, "osm_type": "node", "tags": {"natural": "tree"}}}, {"type": "Feature", "geometry": {"type": "Point", "coordinates": [-119.4856943, 49.863179]}, "properties": {"source": "osm", "kind": "tree", "osm_id": 13735823192, "osm_type": "node", "tags": {"natural": "tree"}}}, {"type": "Feature", "geometry": {"type": "Point", "coordinates": [-119.4854851, 49.8633599]}, "properties": {"source": "osm", "kind": "tree", "osm_id": 13735823193, "osm_type": "node", "tags": {"natural": "tree"}}}, {"type": "Feature", "geometry": {"type": "Point", "coordinates": [-119.4855931, 49.8634084]}, "properties": {"source": "osm", "kind": "tree", "osm_id": 13735823194, "osm_type": "node", "tags": {"natural": "tree"}}}, {"type": "Feature", "geometry": {"type": "Point", "coordinates": [-119.4855472, 49.8633677]}, "properties": {"source": "osm", "kind": "tree", "osm_id": 13735823195, "osm_type": "node", "tags": {"natural": "tree"}}}, {"type": "Feature", "geometry": {"type": "Point", "coordinates": [-119.4856112, 49.8634512]}, "properties": {"source": "osm", "kind": "tree", "osm_id": 13735823196, "osm_type": "node", "tags": {"natural": "tree"}}}, {"type": "Feature", "geometry": {"type": "Point", "coordinates": [-119.4855892, 49.8635259]}, "properties": {"source": "osm", "kind": "tree", "osm_id": 13735823197, "osm_type": "node", "tags": {"natural": "tree"}}}, {"type": "Feature", "geometry": {"type": "Point", "coordinates": [-119.485533, 49.8635517]}, "properties": {"source": "osm", "kind": "tree", "osm_id": 13735823198, "osm_type": "node", "tags": {"natural": "tree"}}}, {"type": "Feature", "geometry": {"type": "Point", "coordinates": [-119.4854181, 49.8635079]}, "properties": {"source": "osm", "kind": "tree", "osm_id": 13735823199, "osm_type": "node", "tags": {"natural": "tree"}}}, {"type": "Feature", "geometry": {"type": "Point", "coordinates": [-119.4855027, 49.8634774]}, "properties": {"source": "osm", "kind": "tree", "osm_id": 13735823200, "osm_type": "node", "tags": {"natural": "tree"}}}, {"type": "Feature", "geometry": {"type": "Point", "coordinates": [-119.4854382, 49.8634226]}, "properties": {"source": "osm", "kind": "tree", "osm_id": 13735823201, "osm_type": "node", "tags": {"natural": "tree"}}}, {"type": "Feature", "geometry": {"type": "Point", "coordinates": [-119.4855315, 49.8634295]}, "properties": {"source": "osm", "kind": "tree", "osm_id": 13735823202, "osm_type": "node", "tags": {"natural": "tree"}}}, {"type": "Feature", "geometry": {"type": "Point", "coordinates": [-119.4855266, 49.8636636]}, "properties": {"source": "osm", "kind": "tree", "osm_id": 13735823203, "osm_type": "node", "tags": {"natural": "tree"}}}, {"type": "Feature", "geometry": {"type": "Point", "coordinates": [-119.4856048, 49.8637228]}, "properties": {"source": "osm", "kind": "tree", "osm_id": 13735823204, "osm_type": "node", "tags": {"natural": "tree"}}}, {"type": "Feature", "geometry": {"type": "Point", "coordinates": [-119.4855296, 49.8637017]}, "properties": {"source": "osm", "kind": "tree", "osm_id": 13735823205, "osm_type": "node", "tags": {"natural": "tree"}}}, {"type": "Feature", "geometry": {"type": "Point", "coordinates": [-119.4857041, 49.8637899]}, "properties": {"source": "osm", "kind": "tree", "osm_id": 13735823206, "osm_type": "node", "tags": {"natural": "tree"}}}, {"type": "Feature", "geometry": {"type": "Point", "coordinates": [-119.4855936, 49.8638394]}, "properties": {"source": "osm", "kind": "tree", "osm_id": 13735823207, "osm_type": "node", "tags": {"natural": "tree"}}}, {"type": "Feature", "geometry": {"type": "Point", "coordinates": [-119.4855794, 49.8638063]}, "properties": {"source": "osm", "kind": "tree", "osm_id": 13735823208, "osm_type": "node", "tags": {"natural": "tree"}}}, {"type": "Feature", "geometry": {"type": "Point", "coordinates": [-119.4856347, 49.8637575]}, "properties": {"source": "osm", "kind": "tree", "osm_id": 13735823209, "osm_type": "node", "tags": {"natural": "tree"}}}, {"type": "Feature", "geometry": {"type": "Point", "coordinates": [-119.485599, 49.8638955]}, "properties": {"source": "osm", "kind": "tree", "osm_id": 13735823210, "osm_type": "node", "tags": {"natural": "tree"}}}, {"type": "Feature", "geometry": {"type": "Point", "coordinates": [-119.4855853, 49.8639985]}, "properties": {"source": "osm", "kind": "tree", "osm_id": 13735823211, "osm_type": "node", "tags": {"natural": "tree"}}}, {"type": "Feature", "geometry": {"type": "Point", "coordinates": [-119.4855701, 49.8640571]}, "properties": {"source": "osm", "kind": "tree", "osm_id": 13735823212, "osm_type": "node", "tags": {"natural": "tree"}}}, {"type": "Feature", "geometry": {"type": "Point", "coordinates": [-119.4856483, 49.8641107]}, "properties": {"source": "osm", "kind": "tree", "osm_id": 13735823213, "osm_type": "node", "tags": {"natural": "tree"}}}, {"type": "Feature", "geometry": {"type": "Point", "coordinates": [-119.4856078, 49.8641605]}, "properties": {"source": "osm", "kind": "tree", "osm_id": 13735823214, "osm_type": "node", "tags": {"natural": "tree"}}}, {"type": "Feature", "geometry": {"type": "Point", "coordinates": [-119.4855608, 49.8641397]}, "properties": {"source": "osm", "kind": "tree", "osm_id": 13735823215, "osm_type": "node", "tags": {"natural": "tree"}}}, {"type": "Feature", "geometry": {"type": "Point", "coordinates": [-119.4856786, 49.8642925]}, "properties": {"source": "osm", "kind": "tree", "osm_id": 13735823216, "osm_type": "node", "tags": {"natural": "tree"}}}, {"type": "Feature", "geometry": {"type": "Point", "coordinates": [-119.4855965, 49.8643319]}, "properties": {"source": "osm", "kind": "tree", "osm_id": 13735823217, "osm_type": "node", "tags": {"natural": "tree"}}}, {"type": "Feature", "geometry": {"type": "Point", "coordinates": [-119.485598, 49.8642462]}, "properties": {"source": "osm", "kind": "tree", "osm_id": 13735823218, "osm_type": "node", "tags": {"natural": "tree"}}}, {"type": "Feature", "geometry": {"type": "Point", "coordinates": [-119.4856435, 49.8641721]}, "properties": {"source": "osm", "kind": "tree", "osm_id": 13735823219, "osm_type": "node", "tags": {"natural": "tree"}}}, {"type": "Feature", "geometry": {"type": "Point", "coordinates": [-119.485445, 49.864594]}, "properties": {"source": "osm", "kind": "tree", "osm_id": 13735823220, "osm_type": "node", "tags": {"natural": "tree"}}}, {"type": "Feature", "geometry": {"type": "Point", "coordinates": [-119.4853248, 49.8646431]}, "properties": {"source": "osm", "kind": "tree", "osm_id": 13735823221, "osm_type": "node", "tags": {"natural": "tree"}}}, {"type": "Feature", "geometry": {"type": "Point", "coordinates": [-119.4855872, 49.8646305]}, "properties": {"source": "osm", "kind": "tree", "osm_id": 13735823222, "osm_type": "node", "tags": {"natural": "tree"}}}, {"type": "Feature", "geometry": {"type": "Point", "coordinates": [-119.4856591, 49.8646277]}, "properties": {"source": "osm", "kind": "tree", "osm_id": 13735823223, "osm_type": "node", "tags": {"natural": "tree"}}}, {"type": "Feature", "geometry": {"type": "Point", "coordinates": [-119.4856317, 49.8646954]}, "properties": {"source": "osm", "kind": "tree", "osm_id": 13735823224, "osm_type": "node", "tags": {"natural": "tree"}}}, {"type": "Feature", "geometry": {"type": "Point", "coordinates": [-119.4856684, 49.864743]}, "properties": {"source": "osm", "kind": "tree", "osm_id": 13735823225, "osm_type": "node", "tags": {"natural": "tree"}}}, {"type": "Feature", "geometry": {"type": "Point", "coordinates": [-119.4855931, 49.8647518]}, "properties": {"source": "osm", "kind": "tree", "osm_id": 13735823226, "osm_type": "node", "tags": {"natural": "tree"}}}, {"type": "Feature", "geometry": {"type": "Point", "coordinates": [-119.4856596, 49.8647897]}, "properties": {"source": "osm", "kind": "tree", "osm_id": 13735823227, "osm_type": "node", "tags": {"natural": "tree"}}}, {"type": "Feature", "geometry": {"type": "Point", "coordinates": [-119.4856024, 49.8648136]}, "properties": {"source": "osm", "kind": "tree", "osm_id": 13735823228, "osm_type": "node", "tags": {"natural": "tree"}}}, {"type": "Feature", "geometry": {"type": "Point", "coordinates": [-119.4832736, 49.865157]}, "properties": {"source": "osm", "kind": "tree", "osm_id": 13735823237, "osm_type": "node", "tags": {"natural": "tree"}}}, {"type": "Feature", "geometry": {"type": "Point", "coordinates": [-119.4835518, 49.8651518]}, "properties": {"source": "osm", "kind": "tree", "osm_id": 13735823238, "osm_type": "node", "tags": {"natural": "tree"}}}, {"type": "Feature", "geometry": {"type": "Point", "coordinates": [-119.4837576, 49.8651528]}, "properties": {"source": "osm", "kind": "tree", "osm_id": 13735823239, "osm_type": "node", "tags": {"natural": "tree"}}}, {"type": "Feature", "geometry": {"type": "Point", "coordinates": [-119.4836859, 49.8652373]}, "properties": {"source": "osm", "kind": "tree", "osm_id": 13735823240, "osm_type": "node", "tags": {"natural": "tree"}}}, {"type": "Feature", "geometry": {"type": "Point", "coordinates": [-119.4834671, 49.8652864]}, "properties": {"source": "osm", "kind": "tree", "osm_id": 13735823241, "osm_type": "node", "tags": {"natural": "tree"}}}, {"type": "Feature", "geometry": {"type": "Point", "coordinates": [-119.4829352, 49.8652579]}, "properties": {"source": "osm", "kind": "tree", "osm_id": 13735823242, "osm_type": "node", "tags": {"natural": "tree"}}}, {"type": "Feature", "geometry": {"type": "Point", "coordinates": [-119.4838351, 49.8651981]}, "properties": {"source": "osm", "kind": "tree", "osm_id": 13735823243, "osm_type": "node", "tags": {"natural": "tree"}}}, {"type": "Feature", "geometry": {"type": "Point", "coordinates": [-119.483988, 49.8651603]}, "properties": {"source": "osm", "kind": "tree", "osm_id": 13735823244, "osm_type": "node", "tags": {"natural": "tree"}}}, {"type": "Feature", "geometry": {"type": "Point", "coordinates": [-119.4838323, 49.8651416]}, "properties": {"source": "osm", "kind": "tree", "osm_id": 13735823245, "osm_type": "node", "tags": {"natural": "tree"}}}, {"type": "Feature", "geometry": {"type": "Point", "coordinates": [-119.4841953, 49.8651789]}, "properties": {"source": "osm", "kind": "tree", "osm_id": 13735823246, "osm_type": "node", "tags": {"natural": "tree"}}}, {"type": "Feature", "geometry": {"type": "Point", "coordinates": [-119.4843047, 49.8651645]}, "properties": {"source": "osm", "kind": "tree", "osm_id": 13735823247, "osm_type": "node", "tags": {"natural": "tree"}}}, {"type": "Feature", "geometry": {"type": "Point", "coordinates": [-119.4844764, 49.8651467]}, "properties": {"source": "osm", "kind": "tree", "osm_id": 13735823248, "osm_type": "node", "tags": {"natural": "tree"}}}, {"type": "Feature", "geometry": {"type": "Point", "coordinates": [-119.4844214, 49.8652289]}, "properties": {"source": "osm", "kind": "tree", "osm_id": 13735823249, "osm_type": "node", "tags": {"natural": "tree"}}}, {"type": "Feature", "geometry": {"type": "Point", "coordinates": [-119.4842032, 49.8652186]}, "properties": {"source": "osm", "kind": "tree", "osm_id": 13735823250, "osm_type": "node", "tags": {"natural": "tree"}}}, {"type": "Feature", "geometry": {"type": "Point", "coordinates": [-119.4843851, 49.865299]}, "properties": {"source": "osm", "kind": "tree", "osm_id": 13735823251, "osm_type": "node", "tags": {"natural": "tree"}}}, {"type": "Feature", "geometry": {"type": "Point", "coordinates": [-119.4854061, 49.86522]}, "properties": {"source": "osm", "kind": "tree", "osm_id": 13735823252, "osm_type": "node", "tags": {"natural": "tree"}}}, {"type": "Feature", "geometry": {"type": "Point", "coordinates": [-119.4856271, 49.8652126]}, "properties": {"source": "osm", "kind": "tree", "osm_id": 13735823253, "osm_type": "node", "tags": {"natural": "tree"}}}, {"type": "Feature", "geometry": {"type": "Point", "coordinates": [-119.4858126, 49.8652233]}, "properties": {"source": "osm", "kind": "tree", "osm_id": 13735823254, "osm_type": "node", "tags": {"natural": "tree"}}}, {"type": "Feature", "geometry": {"type": "Point", "coordinates": [-119.4858256, 49.8651154]}, "properties": {"source": "osm", "kind": "tree", "osm_id": 13735823255, "osm_type": "node", "tags": {"natural": "tree"}}}, {"type": "Feature", "geometry": {"type": "Point", "coordinates": [-119.4853887, 49.8653013]}, "properties": {"source": "osm", "kind": "tree", "osm_id": 13735823256, "osm_type": "node", "tags": {"natural": "tree"}}}, {"type": "Feature", "geometry": {"type": "Point", "coordinates": [-119.4838598, 49.8639169]}, "properties": {"source": "osm", "kind": "tree", "osm_id": 13735823257, "osm_type": "node", "tags": {"natural": "tree"}}}, {"type": "Feature", "geometry": {"type": "Point", "coordinates": [-119.4838525, 49.8638767]}, "properties": {"source": "osm", "kind": "tree", "osm_id": 13735823258, "osm_type": "node", "tags": {"natural": "tree"}}}, {"type": "Feature", "geometry": {"type": "Point", "coordinates": [-119.4835641, 49.8640318]}, "properties": {"source": "osm", "kind": "tree", "osm_id": 13735823259, "osm_type": "node", "tags": {"natural": "tree"}}}, {"type": "Feature", "geometry": {"type": "Point", "coordinates": [-119.4835127, 49.8639459]}, "properties": {"source": "osm", "kind": "tree", "osm_id": 13735823260, "osm_type": "node", "tags": {"natural": "tree"}}}, {"type": "Feature", "geometry": {"type": "Point", "coordinates": [-119.4835047, 49.8639141]}, "properties": {"source": "osm", "kind": "tree", "osm_id": 13735823261, "osm_type": "node", "tags": {"natural": "tree"}}}, {"type": "Feature", "geometry": {"type": "Point", "coordinates": [-119.4835047, 49.8638795]}, "properties": {"source": "osm", "kind": "tree", "osm_id": 13735823262, "osm_type": "node", "tags": {"natural": "tree"}}}, {"type": "Feature", "geometry": {"type": "Point", "coordinates": [-119.4835105, 49.8638524]}, "properties": {"source": "osm", "kind": "tree", "osm_id": 13735823263, "osm_type": "node", "tags": {"natural": "tree"}}}, {"type": "Feature", "geometry": {"type": "Point", "coordinates": [-119.4835431, 49.8638235]}, "properties": {"source": "osm", "kind": "tree", "osm_id": 13735823264, "osm_type": "node", "tags": {"natural": "tree"}}}, {"type": "Feature", "geometry": {"type": "Point", "coordinates": [-119.4835939, 49.8638132]}, "properties": {"source": "osm", "kind": "tree", "osm_id": 13735823265, "osm_type": "node", "tags": {"natural": "tree"}}}, {"type": "Feature", "geometry": {"type": "Point", "coordinates": [-119.4836388, 49.8638132]}, "properties": {"source": "osm", "kind": "tree", "osm_id": 13735823266, "osm_type": "node", "tags": {"natural": "tree"}}}, {"type": "Feature", "geometry": {"type": "Point", "coordinates": [-119.4836725, 49.8638132]}, "properties": {"source": "osm", "kind": "tree", "osm_id": 13735823267, "osm_type": "node", "tags": {"natural": "tree"}}}, {"type": "Feature", "geometry": {"type": "Point", "coordinates": [-119.4837139, 49.8638232]}, "properties": {"source": "osm", "kind": "tree", "osm_id": 13735823268, "osm_type": "node", "tags": {"natural": "tree"}}}, {"type": "Feature", "geometry": {"type": "Point", "coordinates": [-119.4839335, 49.8637276]}, "properties": {"source": "osm", "kind": "tree", "osm_id": 13735823269, "osm_type": "node", "tags": {"natural": "tree"}}}, {"type": "Feature", "geometry": {"type": "Point", "coordinates": [-119.4841853, 49.8637026]}, "properties": {"source": "osm", "kind": "tree", "osm_id": 13735823270, "osm_type": "node", "tags": {"natural": "tree"}}}, {"type": "Feature", "geometry": {"type": "Point", "coordinates": [-119.4842615, 49.8637156]}, "properties": {"source": "osm", "kind": "tree", "osm_id": 13735823271, "osm_type": "node", "tags": {"natural": "tree"}}}, {"type": "Feature", "geometry": {"type": "Point", "coordinates": [-119.4843378, 49.8636798]}, "properties": {"source": "osm", "kind": "tree", "osm_id": 13735823272, "osm_type": "node", "tags": {"natural": "tree"}}}, {"type": "Feature", "geometry": {"type": "Point", "coordinates": [-119.4843809, 49.8635262]}, "properties": {"source": "osm", "kind": "tree", "osm_id": 13735823273, "osm_type": "node", "tags": {"natural": "tree"}}}, {"type": "Feature", "geometry": {"type": "Point", "coordinates": [-119.4843482, 49.8634293]}, "properties": {"source": "osm", "kind": "tree", "osm_id": 13735823274, "osm_type": "node", "tags": {"natural": "tree"}}}, {"type": "Feature", "geometry": {"type": "Point", "coordinates": [-119.4845271, 49.8636676]}, "properties": {"source": "osm", "kind": "tree", "osm_id": 13735823275, "osm_type": "node", "tags": {"natural": "tree"}}}, {"type": "Feature", "geometry": {"type": "Point", "coordinates": [-119.4845119, 49.863593]}, "properties": {"source": "osm", "kind": "tree", "osm_id": 13735823276, "osm_type": "node", "tags": {"natural": "tree"}}}, {"type": "Feature", "geometry": {"type": "Point", "coordinates": [-119.4845178, 49.863623]}, "properties": {"source": "osm", "kind": "tree", "osm_id": 13735823277, "osm_type": "node", "tags": {"natural": "tree"}}}, {"type": "Feature", "geometry": {"type": "Point", "coordinates": [-119.4844832, 49.8634132]}, "properties": {"source": "osm", "kind": "tree", "osm_id": 13735823278, "osm_type": "node", "tags": {"natural": "tree"}}}, {"type": "Feature", "geometry": {"type": "Point", "coordinates": [-119.4844628, 49.8633362]}, "properties": {"source": "osm", "kind": "tree", "osm_id": 13735823279, "osm_type": "node", "tags": {"natural": "tree"}}}, {"type": "Feature", "geometry": {"type": "Point", "coordinates": [-119.4844542, 49.8632893]}, "properties": {"source": "osm", "kind": "tree", "osm_id": 13735823280, "osm_type": "node", "tags": {"natural": "tree"}}}, {"type": "Feature", "geometry": {"type": "Point", "coordinates": [-119.4844498, 49.8632552]}, "properties": {"source": "osm", "kind": "tree", "osm_id": 13735823281, "osm_type": "node", "tags": {"natural": "tree"}}}, {"type": "Feature", "geometry": {"type": "Point", "coordinates": [-119.4844393, 49.8632231]}, "properties": {"source": "osm", "kind": "tree", "osm_id": 13735823282, "osm_type": "node", "tags": {"natural": "tree"}}}, {"type": "Feature", "geometry": {"type": "Point", "coordinates": [-119.4843237, 49.8632967]}, "properties": {"source": "osm", "kind": "tree", "osm_id": 13735823283, "osm_type": "node", "tags": {"natural": "tree"}}}, {"type": "Feature", "geometry": {"type": "Point", "coordinates": [-119.4844334, 49.8631588]}, "properties": {"source": "osm", "kind": "tree", "osm_id": 13735823284, "osm_type": "node", "tags": {"natural": "tree"}}}, {"type": "Feature", "geometry": {"type": "Point", "coordinates": [-119.4844189, 49.8630555]}, "properties": {"source": "osm", "kind": "tree", "osm_id": 13735823285, "osm_type": "node", "tags": {"natural": "tree"}}}, {"type": "Feature", "geometry": {"type": "Point", "coordinates": [-119.484497, 49.8630061]}, "properties": {"source": "osm", "kind": "tree", "osm_id": 13735823286, "osm_type": "node", "tags": {"natural": "tree"}}}, {"type": "Feature", "geometry": {"type": "Point", "coordinates": [-119.4842935, 49.8631346]}, "properties": {"source": "osm", "kind": "tree", "osm_id": 13735823287, "osm_type": "node", "tags": {"natural": "tree"}}}, {"type": "Feature", "geometry": {"type": "Point", "coordinates": [-119.4842608, 49.8631159]}, "properties": {"source": "osm", "kind": "tree", "osm_id": 13735823288, "osm_type": "node", "tags": {"natural": "tree"}}}, {"type": "Feature", "geometry": {"type": "Point", "coordinates": [-119.484224, 49.863096]}, "properties": {"source": "osm", "kind": "tree", "osm_id": 13735823289, "osm_type": "node", "tags": {"natural": "tree"}}}, {"type": "Feature", "geometry": {"type": "Point", "coordinates": [-119.4841845, 49.8630694]}, "properties": {"source": "osm", "kind": "tree", "osm_id": 13735823290, "osm_type": "node", "tags": {"natural": "tree"}}}, {"type": "Feature", "geometry": {"type": "Point", "coordinates": [-119.4840573, 49.8630648]}, "properties": {"source": "osm", "kind": "tree", "osm_id": 13735823291, "osm_type": "node", "tags": {"natural": "tree"}}}, {"type": "Feature", "geometry": {"type": "Point", "coordinates": [-119.4839387, 49.8630816]}, "properties": {"source": "osm", "kind": "tree", "osm_id": 13735823292, "osm_type": "node", "tags": {"natural": "tree"}}}, {"type": "Feature", "geometry": {"type": "Point", "coordinates": [-119.4839342, 49.863331]}, "properties": {"source": "osm", "kind": "tree", "osm_id": 13735823293, "osm_type": "node", "tags": {"natural": "tree"}}}, {"type": "Feature", "geometry": {"type": "Point", "coordinates": [-119.4850192, 49.8630042]}, "properties": {"source": "osm", "kind": "tree", "osm_id": 13735823294, "osm_type": "node", "tags": {"natural": "tree"}}}, {"type": "Feature", "geometry": {"type": "Point", "coordinates": [-119.4849643, 49.8630053]}, "properties": {"source": "osm", "kind": "tree", "osm_id": 13735823295, "osm_type": "node", "tags": {"natural": "tree"}}}, {"type": "Feature", "geometry": {"type": "Point", "coordinates": [-119.484917, 49.86301]}, "properties": {"source": "osm", "kind": "tree", "osm_id": 13735823296, "osm_type": "node", "tags": {"natural": "tree"}}}, {"type": "Feature", "geometry": {"type": "Point", "coordinates": [-119.4848516, 49.8630132]}, "properties": {"source": "osm", "kind": "tree", "osm_id": 13735823297, "osm_type": "node", "tags": {"natural": "tree"}}}, {"type": "Feature", "geometry": {"type": "Point", "coordinates": [-119.4847776, 49.863017]}, "properties": {"source": "osm", "kind": "tree", "osm_id": 13735823298, "osm_type": "node", "tags": {"natural": "tree"}}}, {"type": "Feature", "geometry": {"type": "Point", "coordinates": [-119.4847281, 49.8630168]}, "properties": {"source": "osm", "kind": "tree", "osm_id": 13735823299, "osm_type": "node", "tags": {"natural": "tree"}}}, {"type": "Feature", "geometry": {"type": "Point", "coordinates": [-119.4848026, 49.8628956]}, "properties": {"source": "osm", "kind": "tree", "osm_id": 13735823300, "osm_type": "node", "tags": {"natural": "tree"}}}, {"type": "Feature", "geometry": {"type": "Point", "coordinates": [-119.4848811, 49.8628985]}, "properties": {"source": "osm", "kind": "tree", "osm_id": 13735823301, "osm_type": "node", "tags": {"natural": "tree"}}}, {"type": "Feature", "geometry": {"type": "Point", "coordinates": [-119.4849534, 49.8628994]}, "properties": {"source": "osm", "kind": "tree", "osm_id": 13735823302, "osm_type": "node", "tags": {"natural": "tree"}}}, {"type": "Feature", "geometry": {"type": "Point", "coordinates": [-119.4850283, 49.8628961]}, "properties": {"source": "osm", "kind": "tree", "osm_id": 13735823303, "osm_type": "node", "tags": {"natural": "tree"}}}, {"type": "Feature", "geometry": {"type": "Point", "coordinates": [-119.4852186, 49.8628967]}, "properties": {"source": "osm", "kind": "tree", "osm_id": 13735823304, "osm_type": "node", "tags": {"natural": "tree"}}}, {"type": "Feature", "geometry": {"type": "Point", "coordinates": [-119.484684, 49.8629058]}, "properties": {"source": "osm", "kind": "tree", "osm_id": 13735823305, "osm_type": "node", "tags": {"natural": "tree"}}}, {"type": "Feature", "geometry": {"type": "Point", "coordinates": [-119.484605, 49.8629043]}, "properties": {"source": "osm", "kind": "tree", "osm_id": 13735823306, "osm_type": "node", "tags": {"natural": "tree"}}}, {"type": "Feature", "geometry": {"type": "Point", "coordinates": [-119.4844034, 49.86294]}, "properties": {"source": "osm", "kind": "tree", "osm_id": 13735823307, "osm_type": "node", "tags": {"natural": "tree"}}}, {"type": "Feature", "geometry": {"type": "Point", "coordinates": [-119.4829507, 49.864116]}, "properties": {"source": "osm", "kind": "tree", "osm_id": 13735823308, "osm_type": "node", "tags": {"natural": "tree"}}}, {"type": "Feature", "geometry": {"type": "Point", "coordinates": [-119.4829412, 49.864075]}, "properties": {"source": "osm", "kind": "tree", "osm_id": 13735823309, "osm_type": "node", "tags": {"natural": "tree"}}}, {"type": "Feature", "geometry": {"type": "Point", "coordinates": [-119.4829301, 49.8640344]}, "properties": {"source": "osm", "kind": "tree", "osm_id": 13735823310, "osm_type": "node", "tags": {"natural": "tree"}}}, {"type": "Feature", "geometry": {"type": "Point", "coordinates": [-119.4824152, 49.8644744]}, "properties": {"source": "osm", "kind": "tree", "osm_id": 13735823311, "osm_type": "node", "tags": {"natural": "tree"}}}, {"type": "Feature", "geometry": {"type": "Point", "coordinates": [-119.4824247, 49.8645253]}, "properties": {"source": "osm", "kind": "tree", "osm_id": 13735823312, "osm_type": "node", "tags": {"natural": "tree"}}}, {"type": "Feature", "geometry": {"type": "Point", "coordinates": [-119.4824537, 49.8646663]}, "properties": {"source": "osm", "kind": "tree", "osm_id": 13735823313, "osm_type": "node", "tags": {"natural": "tree"}}}, {"type": "Feature", "geometry": {"type": "Point", "coordinates": [-119.4824462, 49.8645927]}, "properties": {"source": "osm", "kind": "tree", "osm_id": 13735823314, "osm_type": "node", "tags": {"natural": "tree"}}}, {"type": "Feature", "geometry": {"type": "Point", "coordinates": [-119.4824517, 49.8647411]}, "properties": {"source": "osm", "kind": "tree", "osm_id": 13735823315, "osm_type": "node", "tags": {"natural": "tree"}}}, {"type": "Feature", "geometry": {"type": "Point", "coordinates": [-119.4824092, 49.8648169]}, "properties": {"source": "osm", "kind": "tree", "osm_id": 13735823316, "osm_type": "node", "tags": {"natural": "tree"}}}, {"type": "Feature", "geometry": {"type": "Point", "coordinates": [-119.4823426, 49.8649469]}, "properties": {"source": "osm", "kind": "tree", "osm_id": 13735823317, "osm_type": "node", "tags": {"natural": "tree"}}}, {"type": "Feature", "geometry": {"type": "Point", "coordinates": [-119.4822215, 49.8649434]}, "properties": {"source": "osm", "kind": "tree", "osm_id": 13735823318, "osm_type": "node", "tags": {"natural": "tree"}}}, {"type": "Feature", "geometry": {"type": "Point", "coordinates": [-119.4824692, 49.8650311]}, "properties": {"source": "osm", "kind": "tree", "osm_id": 13735823319, "osm_type": "node", "tags": {"natural": "tree"}}}, {"type": "Feature", "geometry": {"type": "Point", "coordinates": [-119.4832009, 49.8650457]}, "properties": {"source": "osm", "kind": "tree", "osm_id": 13735823320, "osm_type": "node", "tags": {"natural": "tree"}}}, {"type": "Feature", "geometry": {"type": "Point", "coordinates": [-119.4835706, 49.8641398]}, "properties": {"source": "osm", "kind": "tree", "osm_id": 13735823321, "osm_type": "node", "tags": {"natural": "tree"}}}, {"type": "Feature", "geometry": {"type": "Point", "coordinates": [-119.4858029, 49.8627258]}, "properties": {"source": "osm", "kind": "tree", "osm_id": 13735823322, "osm_type": "node", "tags": {"natural": "tree"}}}, {"type": "Feature", "geometry": {"type": "Point", "coordinates": [-119.4857979, 49.8625935]}, "properties": {"source": "osm", "kind": "tree", "osm_id": 13735823323, "osm_type": "node", "tags": {"natural": "tree"}}}, {"type": "Feature", "geometry": {"type": "Point", "coordinates": [-119.4858033, 49.8625314]}, "properties": {"source": "osm", "kind": "tree", "osm_id": 13735823324, "osm_type": "node", "tags": {"natural": "tree"}}}, {"type": "Feature", "geometry": {"type": "Point", "coordinates": [-119.4857905, 49.8624625]}, "properties": {"source": "osm", "kind": "tree", "osm_id": 13735823325, "osm_type": "node", "tags": {"natural": "tree"}}}, {"type": "Feature", "geometry": {"type": "Point", "coordinates": [-119.4858011, 49.8623996]}, "properties": {"source": "osm", "kind": "tree", "osm_id": 13735823326, "osm_type": "node", "tags": {"natural": "tree"}}}, {"type": "Feature", "geometry": {"type": "Point", "coordinates": [-119.4858756, 49.8624841]}, "properties": {"source": "osm", "kind": "tree", "osm_id": 13735823327, "osm_type": "node", "tags": {"natural": "tree"}}}, {"type": "Feature", "geometry": {"type": "Point", "coordinates": [-119.4858001, 49.8622912]}, "properties": {"source": "osm", "kind": "tree", "osm_id": 13735823328, "osm_type": "node", "tags": {"natural": "tree"}}}, {"type": "Feature", "geometry": {"type": "Point", "coordinates": [-119.4857716, 49.8622014]}, "properties": {"source": "osm", "kind": "tree", "osm_id": 13735823329, "osm_type": "node", "tags": {"natural": "tree"}}}, {"type": "Feature", "geometry": {"type": "Point", "coordinates": [-119.4860039, 49.862438]}, "properties": {"source": "osm", "kind": "tree", "osm_id": 13735823330, "osm_type": "node", "tags": {"natural": "tree"}}}, {"type": "Feature", "geometry": {"type": "Point", "coordinates": [-119.4855203, 49.8599877]}, "properties": {"source": "osm", "kind": "crossing", "osm_id": 13735823423, "osm_type": "node", "tags": {"highway": "crossing"}}}, {"type": "Feature", "geometry": {"type": "Point", "coordinates": [-119.4827807, 49.8653331]}, "properties": {"source": "osm", "kind": "crossing", "osm_id": 13735823424, "osm_type": "node", "tags": {"highway": "crossing"}}}, {"type": "Feature", "geometry": {"type": "Point", "coordinates": [-119.4749609, 49.8409126]}, "properties": {"source": "osm", "kind": "pitch", "osm_id": 145627091, "osm_type": "way", "tags": {"leisure": "pitch", "sport": "baseball"}}}, {"type": "Feature", "geometry": {"type": "Point", "coordinates": [-119.4774422, 49.8410164]}, "properties": {"source": "osm", "kind": "parking", "osm_id": 145627114, "osm_type": "way", "tags": {"amenity": "parking"}}}, {"type": "Feature", "geometry": {"type": "Point", "coordinates": [-119.4764173, 49.8409194]}, "properties": {"source": "osm", "kind": "pitch", "osm_id": 145627117, "osm_type": "way", "tags": {"leisure": "pitch", "name": "Mission Field 4", "sport": "baseball"}}}, {"type": "Feature", "geometry": {"type": "Point", "coordinates": [-119.4749428, 49.8418627]}, "properties": {"source": "osm", "kind": "pitch", "osm_id": 145627119, "osm_type": "way", "tags": {"leisure": "pitch", "sport": "baseball"}}}, {"type": "Feature", "geometry": {"type": "Point", "coordinates": [-119.4788691, 49.840949]}, "properties": {"source": "osm", "kind": "pitch", "osm_id": 145627123, "osm_type": "way", "tags": {"leisure": "pitch", "name": "Mission Field 9", "sport": "soccer"}}}, {"type": "Feature", "geometry": {"type": "Point", "coordinates": [-119.4763722, 49.841819]}, "properties": {"source": "osm", "kind": "pitch", "osm_id": 145627124, "osm_type": "way", "tags": {"leisure": "pitch", "sport": "baseball"}}}, {"type": "Feature", "geometry": {"type": "Point", "coordinates": [-119.4857364, 49.8469487]}, "properties": {"source": "osm", "kind": "stream", "osm_id": 156569823, "osm_type": "way", "tags": {"waterway": "stream"}}}, {"type": "Feature", "geometry": {"type": "Point", "coordinates": [-119.4757979, 49.8667763]}, "properties": {"source": "osm", "kind": "stream", "osm_id": 157500104, "osm_type": "way", "tags": {"name": "Mission Slough", "waterway": "stream"}}}, {"type": "Feature", "geometry": {"type": "Point", "coordinates": [-119.4917755, 49.8444962]}, "properties": {"source": "osm", "kind": "swimming_pool", "osm_id": 222892220, "osm_type": "way", "tags": {"leisure": "swimming_pool", "source": "Bing"}}}, {"type": "Feature", "geometry": {"type": "Point", "coordinates": [-119.4878244, 49.8463112]}, "properties": {"source": "osm", "kind": "pitch", "osm_id": 222892221, "osm_type": "way", "tags": {"leisure": "pitch", "source": "Bing", "sport": "tennis"}}}, {"type": "Feature", "geometry": {"type": "Point", "coordinates": [-119.4878253, 49.8463132]}, "properties": {"source": "osm", "kind": "fence", "osm_id": 222892222, "osm_type": "way", "tags": {"barrier": "fence", "source": "Bing"}}}, {"type": "Feature", "geometry": {"type": "Point", "coordinates": [-119.4867899, 49.8460084]}, "properties": {"source": "osm", "kind": "swimming_pool", "osm_id": 222892223, "osm_type": "way", "tags": {"leisure": "swimming_pool", "source": "Bing"}}}, {"type": "Feature", "geometry": {"type": "Point", "coordinates": [-119.4924302, 49.8436242]}, "properties": {"source": "osm", "kind": "swimming_pool", "osm_id": 222892225, "osm_type": "way", "tags": {"leisure": "swimming_pool", "source": "Bing"}}}, {"type": "Feature", "geometry": {"type": "Point", "coordinates": [-119.4913751, 49.8429527]}, "properties": {"source": "osm", "kind": "swimming_pool", "osm_id": 222892227, "osm_type": "way", "tags": {"leisure": "swimming_pool", "source": "Bing"}}}, {"type": "Feature", "geometry": {"type": "Point", "coordinates": [-119.4768262, 49.8481008]}, "properties": {"source": "osm", "kind": "stream", "osm_id": 228143373, "osm_type": "way", "tags": {"waterway": "stream"}}}, {"type": "Feature", "geometry": {"type": "Point", "coordinates": [-119.4790051, 49.8472722]}, "properties": {"source": "osm", "kind": "stream", "osm_id": 228143375, "osm_type": "way", "tags": {"layer": "-1", "tunnel": "yes", "waterway": "stream"}}}, {"type": "Feature", "geometry": {"type": "Point", "coordinates": [-119.488349, 49.846906]}, "properties": {"source": "osm", "kind": "swimming_pool", "osm_id": 270123026, "osm_type": "way", "tags": {"access": "customers", "leisure": "swimming_pool"}}}, {"type": "Feature", "geometry": {"type": "Point", "coordinates": [-119.4900747, 49.8545175]}, "properties": {"source": "osm", "kind": "parking", "osm_id": 271171314, "osm_type": "way", "tags": {"amenity": "parking", "parking": "surface"}}}, {"type": "Feature", "geometry": {"type": "Point", "coordinates": [-119.4851415, 49.8617628]}, "properties": {"source": "osm", "kind": "parking", "osm_id": 316564191, "osm_type": "way", "tags": {"amenity": "parking", "parking": "surface"}}}, {"type": "Feature", "geometry": {"type": "Point", "coordinates": [-119.4802717, 49.86319]}, "properties": {"source": "osm", "kind": "parking", "osm_id": 316564192, "osm_type": "way", "tags": {"amenity": "parking", "parking": "surface"}}}, {"type": "Feature", "geometry": {"type": "Point", "coordinates": [-119.4782657, 49.864606]}, "properties": {"source": "osm", "kind": "parking", "osm_id": 316564193, "osm_type": "way", "tags": {"amenity": "parking", "parking": "surface"}}}, {"type": "Feature", "geometry": {"type": "Point", "coordinates": [-119.4772427, 49.8628755]}, "properties": {"source": "osm", "kind": "parking", "osm_id": 316564194, "osm_type": "way", "tags": {"amenity": "parking", "parking": "surface"}}}, {"type": "Feature", "geometry": {"type": "Point", "coordinates": [-119.4846458, 49.8624871]}, "properties": {"source": "osm", "kind": "parking", "osm_id": 316564195, "osm_type": "way", "tags": {"amenity": "parking", "parking": "surface"}}}, {"type": "Feature", "geometry": {"type": "Point", "coordinates": [-119.4772308, 49.8635555]}, "properties": {"source": "osm", "kind": "parking", "osm_id": 316564196, "osm_type": "way", "tags": {"amenity": "parking", "parking": "surface"}}}, {"type": "Feature", "geometry": {"type": "Point", "coordinates": [-119.4769424, 49.8644227]}, "properties": {"source": "osm", "kind": "parking", "osm_id": 316564197, "osm_type": "way", "tags": {"amenity": "parking", "parking": "surface"}}}, {"type": "Feature", "geometry": {"type": "Point", "coordinates": [-119.4807854, 49.8640827]}, "properties": {"source": "osm", "kind": "pitch", "osm_id": 316564199, "osm_type": "way", "tags": {"leisure": "pitch", "sport": "soccer", "surface": "grass"}}}, {"type": "Feature", "geometry": {"type": "Point", "coordinates": [-119.4797988, 49.864077]}, "properties": {"source": "osm", "kind": "pitch", "osm_id": 316564200, "osm_type": "way", "tags": {"leisure": "pitch", "sport": "soccer", "surface": "grass"}}}, {"type": "Feature", "geometry": {"type": "Point", "coordinates": [-119.4897031, 49.8607111]}, "properties": {"source": "osm", "kind": "parking", "osm_id": 316692070, "osm_type": "way", "tags": {"amenity": "parking", "parking": "surface"}}}, {"type": "Feature", "geometry": {"type": "Point", "coordinates": [-119.4900371, 49.8587936]}, "properties": {"source": "osm", "kind": "parking", "osm_id": 316692248, "osm_type": "way", "tags": {"amenity": "parking", "parking": "surface"}}}, {"type": "Feature", "geometry": {"type": "Point", "coordinates": [-119.4508714, 49.8364014]}, "properties": {"source": "osm", "kind": "stream", "osm_id": 612357523, "osm_type": "way", "tags": {"name": "Priest Creek", "source": "NRCan-CanVec-10.0", "waterway": "stream"}}}, {"type": "Feature", "geometry": {"type": "Point", "coordinates": [-119.449784, 49.8499252]}, "properties": {"source": "osm", "kind": "stream", "osm_id": 612358087, "osm_type": "way", "tags": {"source": "NRCan-CanVec-10.0", "waterway": "stream"}}}, {"type": "Feature", "geometry": {"type": "Point", "coordinates": [-119.4948036, 49.8599735]}, "properties": {"source": "osm", "kind": "stream", "osm_id": 612358129, "osm_type": "way", "tags": {"name": "Fascieux Creek", "source": "NRCan-CanVec-10.0", "waterway": "stream"}}}, {"type": "Feature", "geometry": {"type": "Point", "coordinates": [-119.4556371, 49.8452368]}, "properties": {"source": "osm", "kind": "stream", "osm_id": 612358181, "osm_type": "way", "tags": {"source": "NRCan-CanVec-10.0", "waterway": "stream"}}}, {"type": "Feature", "geometry": {"type": "Point", "coordinates": [-119.4604616, 49.8468525]}, "properties": {"source": "osm", "kind": "stream", "osm_id": 612358242, "osm_type": "way", "tags": {"source": "NRCan-CanVec-10.0", "waterway": "stream"}}}, {"type": "Feature", "geometry": {"type": "Point", "coordinates": [-119.457324, 49.865431]}, "properties": {"source": "osm", "kind": "stream", "osm_id": 612358259, "osm_type": "way", "tags": {"name": "Mission Slough", "source": "NRCan-CanVec-10.0", "waterway": "stream"}}}, {"type": "Feature", "geometry": {"type": "Point", "coordinates": [-119.4642532, 49.846034]}, "properties": {"source": "osm", "kind": "stream", "osm_id": 612358376, "osm_type": "way", "tags": {"name": "Priest Creek", "source": "NRCan-CanVec-10.0", "waterway": "stream"}}}, {"type": "Feature", "geometry": {"type": "Point", "coordinates": [-119.4618083, 49.8461261]}, "properties": {"source": "osm", "kind": "stream", "osm_id": 612358467, "osm_type": "way", "tags": {"name": "Priest Creek", "source": "NRCan-CanVec-10.0", "waterway": "stream"}}}, {"type": "Feature", "geometry": {"type": "Point", "coordinates": [-119.4667898, 49.8575994]}, "properties": {"source": "osm", "kind": "stream", "osm_id": 612358475, "osm_type": "way", "tags": {"name": "Fascieux Creek", "source": "NRCan-CanVec-10.0", "waterway": "stream"}}}, {"type": "Feature", "geometry": {"type": "Point", "coordinates": [-119.4650262, 49.8497125]}, "properties": {"source": "osm", "kind": "stream", "osm_id": 612358495, "osm_type": "way", "tags": {"source": "NRCan-CanVec-10.0", "waterway": "stream"}}}, {"type": "Feature", "geometry": {"type": "Point", "coordinates": [-119.4603083, 49.8449124]}, "properties": {"source": "osm", "kind": "stream", "osm_id": 612358517, "osm_type": "way", "tags": {"name": "Priest Creek", "source": "NRCan-CanVec-10.0", "waterway": "stream"}}}, {"type": "Feature", "geometry": {"type": "Point", "coordinates": [-119.4546987, 49.8483066]}, "properties": {"source": "osm", "kind": "stream", "osm_id": 612358695, "osm_type": "way", "tags": {"source": "NRCan-CanVec-10.0", "waterway": "stream"}}}, {"type": "Feature", "geometry": {"type": "Point", "coordinates": [-119.4606763, 49.8565316]}, "properties": {"source": "osm", "kind": "stream", "osm_id": 676128464, "osm_type": "way", "tags": {"layer": "-1", "name": "Fascieux Creek", "source": "NRCan-CanVec-10.0", "tunnel": "culvert", "waterway": "stream"}}}, {"type": "Feature", "geometry": {"type": "Point", "coordinates": [-119.4578693, 49.8567063]}, "properties": {"source": "osm", "kind": "stream", "osm_id": 676128466, "osm_type": "way", "tags": {"name": "Fascieux Creek", "source": "NRCan-CanVec-10.0", "waterway": "stream"}}}, {"type": "Feature", "geometry": {"type": "Point", "coordinates": [-119.4871306, 49.8591747]}, "properties": {"source": "osm", "kind": "stream", "osm_id": 676131119, "osm_type": "way", "tags": {"name": "Fascieux Creek", "source": "NRCan-CanVec-10.0", "waterway": "stream"}}}, {"type": "Feature", "geometry": {"type": "Point", "coordinates": [-119.485399, 49.8593773]}, "properties": {"source": "osm", "kind": "stream", "osm_id": 676131120, "osm_type": "way", "tags": {"layer": "-1", "name": "Fascieux Creek", "source": "NRCan-CanVec-10.0", "tunnel": "culvert", "waterway": "stream"}}}, {"type": "Feature", "geometry": {"type": "Point", "coordinates": [-119.485858, 49.857405]}, "properties": {"source": "osm", "kind": "carport", "osm_id": 676132331, "osm_type": "way", "tags": {"building": "carport"}}}, {"type": "Feature", "geometry": {"type": "Point", "coordinates": [-119.4860375, 49.8573985]}, "properties": {"source": "osm", "kind": "carport", "osm_id": 676132349, "osm_type": "way", "tags": {"building": "carport"}}}, {"type": "Feature", "geometry": {"type": "Point", "coordinates": [-119.4900646, 49.8586887]}, "properties": {"source": "osm", "kind": "stream", "osm_id": 676735916, "osm_type": "way", "tags": {"layer": "-1", "name": "Fascieux Creek", "source": "NRCan-CanVec-10.0", "tunnel": "culvert", "waterway": "stream"}}}, {"type": "Feature", "geometry": {"type": "Point", "coordinates": [-119.4917194, 49.858333]}, "properties": {"source": "osm", "kind": "stream", "osm_id": 676735918, "osm_type": "way", "tags": {"name": "Fascieux Creek", "source": "NRCan-CanVec-10.0", "waterway": "stream"}}}, {"type": "Feature", "geometry": {"type": "Point", "coordinates": [-119.4948415, 49.867842]}, "properties": {"source": "osm", "kind": "pitch", "osm_id": 920854803, "osm_type": "way", "tags": {"leisure": "pitch", "sport": "tennis"}}}, {"type": "Feature", "geometry": {"type": "Point", "coordinates": [-119.494643, 49.8678403]}, "properties": {"source": "osm", "kind": "pitch", "osm_id": 920854804, "osm_type": "way", "tags": {"leisure": "pitch", "sport": "tennis"}}}, {"type": "Feature", "geometry": {"type": "Point", "coordinates": [-119.4952599, 49.8667285]}, "properties": {"source": "osm", "kind": "swimming_pool", "osm_id": 920856081, "osm_type": "way", "tags": {"leisure": "swimming_pool"}}}, {"type": "Feature", "geometry": {"type": "Point", "coordinates": [-119.4589613, 49.8646044]}, "properties": {"source": "osm", "kind": "stream", "osm_id": 929090485, "osm_type": "way", "tags": {"name": "Mission Slough", "source": "NRCan-CanVec-10.0", "waterway": "stream"}}}, {"type": "Feature", "geometry": {"type": "Point", "coordinates": [-119.4587312, 49.8648063]}, "properties": {"source": "osm", "kind": "stream", "osm_id": 929090486, "osm_type": "way", "tags": {"layer": "-1", "name": "Mission Slough", "source": "NRCan-CanVec-10.0", "tunnel": "culvert", "waterway": "stream"}}}, {"type": "Feature", "geometry": {"type": "Point", "coordinates": [-119.4664066, 49.8448492]}, "properties": {"source": "osm", "kind": "parking", "osm_id": 985690424, "osm_type": "way", "tags": {"amenity": "parking"}}}, {"type": "Feature", "geometry": {"type": "Point", "coordinates": [-119.4893589, 49.8664002]}, "properties": {"source": "osm", "kind": "pitch", "osm_id": 1012545494, "osm_type": "way", "tags": {"leisure": "pitch", "sport": "baseball"}}}, {"type": "Feature", "geometry": {"type": "Point", "coordinates": [-119.4900984, 49.8663778]}, "properties": {"source": "osm", "kind": "parking", "osm_id": 1012545495, "osm_type": "way", "tags": {"amenity": "parking", "parking": "surface"}}}, {"type": "Feature", "geometry": {"type": "Point", "coordinates": [-119.489451, 49.8641998]}, "properties": {"source": "osm", "kind": "playground", "osm_id": 1012546863, "osm_type": "way", "tags": {"leisure": "playground"}}}, {"type": "Feature", "geometry": {"type": "Point", "coordinates": [-119.4889961, 49.8637827]}, "properties": {"source": "osm", "kind": "pitch", "osm_id": 1012546864, "osm_type": "way", "tags": {"leisure": "pitch", "sport": "soccer"}}}, {"type": "Feature", "geometry": {"type": "Point", "coordinates": [-119.4693209, 49.8663507]}, "properties": {"source": "osm", "kind": "stream", "osm_id": 1052288006, "osm_type": "way", "tags": {"name": "Mission Slough", "waterway": "stream"}}}, {"type": "Feature", "geometry": {"type": "Point", "coordinates": [-119.4707356, 49.8670832]}, "properties": {"source": "osm", "kind": "stream", "osm_id": 1052288007, "osm_type": "way", "tags": {"layer": "-1", "name": "Mission Slough", "tunnel": "culvert", "waterway": "stream"}}}, {"type": "Feature", "geometry": {"type": "Point", "coordinates": [-119.4668462, 49.8655]}, "properties": {"source": "osm", "kind": "stream", "osm_id": 1052288013, "osm_type": "way", "tags": {"name": "Mission Slough", "waterway": "stream"}}}, {"type": "Feature", "geometry": {"type": "Point", "coordinates": [-119.4678381, 49.865625]}, "properties": {"source": "osm", "kind": "stream", "osm_id": 1052288014, "osm_type": "way", "tags": {"layer": "-1", "name": "Mission Slough", "tunnel": "culvert", "waterway": "stream"}}}, {"type": "Feature", "geometry": {"type": "Point", "coordinates": [-119.4888999, 49.8552426]}, "properties": {"source": "osm", "kind": "fence", "osm_id": 1052427719, "osm_type": "way", "tags": {"barrier": "fence", "name": "OK Mission Substation", "operator": "FortisBC", "operator:wikidata": "Q5472663", "power": "substation", "substation": "distribution", "voltage": "138000;25000"}}}, {"type": "Feature", "geometry": {"type": "Point", "coordinates": [-119.488842, 49.8688412]}, "properties": {"source": "osm", "kind": "line", "osm_id": 1052452742, "osm_type": "way", "tags": {"cables": "3", "frequency": "60", "operator": "FortisBC", "operator:wikidata": "Q5472663", "power": "line", "ref": "51L", "voltage": "138000"}}}, {"type": "Feature", "geometry": {"type": "Point", "coordinates": [-119.4720976, 49.8472255]}, "properties": {"source": "osm", "kind": "line", "osm_id": 1052458889, "osm_type": "way", "tags": {"cables": "3", "frequency": "60", "operator": "FortisBC", "operator:wikidata": "Q5472663", "power": "line", "ref": "51L", "voltage": "138000"}}}, {"type": "Feature", "geometry": {"type": "Point", "coordinates": [-119.4884775, 49.8580634]}, "properties": {"source": "osm", "kind": "parking", "osm_id": 1157014082, "osm_type": "way", "tags": {"amenity": "parking", "parking": "surface"}}}, {"type": "Feature", "geometry": {"type": "Point", "coordinates": [-119.4880828, 49.8582069]}, "properties": {"source": "osm", "kind": "parking", "osm_id": 1157014083, "osm_type": "way", "tags": {"amenity": "parking", "parking": "surface"}}}, {"type": "Feature", "geometry": {"type": "Point", "coordinates": [-119.489772, 49.8575501]}, "properties": {"source": "osm", "kind": "parking", "osm_id": 1157018839, "osm_type": "way", "tags": {"amenity": "parking", "parking": "surface"}}}, {"type": "Feature", "geometry": {"type": "Point", "coordinates": [-119.489851, 49.8567785]}, "properties": {"source": "osm", "kind": "parking", "osm_id": 1157018840, "osm_type": "way", "tags": {"amenity": "parking", "parking": "surface"}}}, {"type": "Feature", "geometry": {"type": "Point", "coordinates": [-119.4887771, 49.8572797]}, "properties": {"source": "osm", "kind": "parking", "osm_id": 1157018841, "osm_type": "way", "tags": {"amenity": "parking", "parking": "surface"}}}, {"type": "Feature", "geometry": {"type": "Point", "coordinates": [-119.4890793, 49.8559211]}, "properties": {"source": "osm", "kind": "parking", "osm_id": 1157018842, "osm_type": "way", "tags": {"amenity": "parking", "parking": "surface"}}}, {"type": "Feature", "geometry": {"type": "Point", "coordinates": [-119.4892157, 49.8552428]}, "properties": {"source": "osm", "kind": "parking", "osm_id": 1157018843, "osm_type": "way", "tags": {"amenity": "parking", "parking": "surface"}}}, {"type": "Feature", "geometry": {"type": "Point", "coordinates": [-119.4903851, 49.8566122]}, "properties": {"source": "osm", "kind": "parking", "osm_id": 1157018844, "osm_type": "way", "tags": {"amenity": "parking", "parking": "surface"}}}, {"type": "Feature", "geometry": {"type": "Point", "coordinates": [-119.4906457, 49.8572786]}, "properties": {"source": "osm", "kind": "parking", "osm_id": 1157018845, "osm_type": "way", "tags": {"amenity": "parking", "parking": "surface"}}}, {"type": "Feature", "geometry": {"type": "Point", "coordinates": [-119.4918708, 49.8564056]}, "properties": {"source": "osm", "kind": "parking", "osm_id": 1157018846, "osm_type": "way", "tags": {"amenity": "parking", "parking": "surface"}}}, {"type": "Feature", "geometry": {"type": "Point", "coordinates": [-119.493061, 49.8589099]}, "properties": {"source": "osm", "kind": "parking", "osm_id": 1157027299, "osm_type": "way", "tags": {"amenity": "parking", "parking": "surface"}}}, {"type": "Feature", "geometry": {"type": "Point", "coordinates": [-119.4930752, 49.8597025]}, "properties": {"source": "osm", "kind": "parking", "osm_id": 1157027300, "osm_type": "way", "tags": {"amenity": "parking", "parking": "surface"}}}, {"type": "Feature", "geometry": {"type": "Point", "coordinates": [-119.4933796, 49.8601128]}, "properties": {"source": "osm", "kind": "parking", "osm_id": 1157027301, "osm_type": "way", "tags": {"amenity": "parking", "parking": "surface"}}}, {"type": "Feature", "geometry": {"type": "Point", "coordinates": [-119.4933218, 49.8604255]}, "properties": {"source": "osm", "kind": "parking", "osm_id": 1157027302, "osm_type": "way", "tags": {"amenity": "parking", "parking": "surface"}}}, {"type": "Feature", "geometry": {"type": "Point", "coordinates": [-119.4918119, 49.8591901]}, "properties": {"source": "osm", "kind": "parking", "osm_id": 1157027303, "osm_type": "way", "tags": {"amenity": "parking", "parking": "surface"}}}, {"type": "Feature", "geometry": {"type": "Point", "coordinates": [-119.4892383, 49.8592637]}, "properties": {"source": "osm", "kind": "parking", "osm_id": 1157027304, "osm_type": "way", "tags": {"amenity": "parking", "parking": "surface"}}}, {"type": "Feature", "geometry": {"type": "Point", "coordinates": [-119.4925127, 49.8563416]}, "properties": {"source": "osm", "kind": "parking", "osm_id": 1157031516, "osm_type": "way", "tags": {"amenity": "parking", "parking": "surface"}}}, {"type": "Feature", "geometry": {"type": "Point", "coordinates": [-119.4905308, 49.8578548]}, "properties": {"source": "osm", "kind": "parking", "osm_id": 1157031517, "osm_type": "way", "tags": {"amenity": "parking", "parking": "surface"}}}, {"type": "Feature", "geometry": {"type": "Point", "coordinates": [-119.4917627, 49.8597338]}, "properties": {"source": "osm", "kind": "parking", "osm_id": 1157031518, "osm_type": "way", "tags": {"amenity": "parking", "parking": "surface"}}}, {"type": "Feature", "geometry": {"type": "Point", "coordinates": [-119.49183, 49.860248]}, "properties": {"source": "osm", "kind": "parking", "osm_id": 1157031519, "osm_type": "way", "tags": {"amenity": "parking", "parking": "surface"}}}, {"type": "Feature", "geometry": {"type": "Point", "coordinates": [-119.4918159, 49.8608507]}, "properties": {"source": "osm", "kind": "parking", "osm_id": 1157031520, "osm_type": "way", "tags": {"amenity": "parking", "parking": "surface"}}}, {"type": "Feature", "geometry": {"type": "Point", "coordinates": [-119.4918205, 49.86129]}, "properties": {"source": "osm", "kind": "parking", "osm_id": 1157031521, "osm_type": "way", "tags": {"amenity": "parking", "parking": "surface"}}}, {"type": "Feature", "geometry": {"type": "Point", "coordinates": [-119.4918237, 49.8616832]}, "properties": {"source": "osm", "kind": "parking", "osm_id": 1157031522, "osm_type": "way", "tags": {"amenity": "parking", "parking": "surface"}}}, {"type": "Feature", "geometry": {"type": "Point", "coordinates": [-119.4908023, 49.8622618]}, "properties": {"source": "osm", "kind": "parking", "osm_id": 1157031523, "osm_type": "way", "tags": {"amenity": "parking", "parking": "surface"}}}, {"type": "Feature", "geometry": {"type": "Point", "coordinates": [-119.4902092, 49.8623035]}, "properties": {"source": "osm", "kind": "parking", "osm_id": 1157031524, "osm_type": "way", "tags": {"amenity": "parking", "parking": "surface"}}}, {"type": "Feature", "geometry": {"type": "Point", "coordinates": [-119.4900341, 49.8626515]}, "properties": {"source": "osm", "kind": "parking", "osm_id": 1157031525, "osm_type": "way", "tags": {"amenity": "parking", "parking": "surface"}}}, {"type": "Feature", "geometry": {"type": "Point", "coordinates": [-119.4904833, 49.8628771]}, "properties": {"source": "osm", "kind": "parking", "osm_id": 1157031526, "osm_type": "way", "tags": {"amenity": "parking", "parking": "surface"}}}, {"type": "Feature", "geometry": {"type": "Point", "coordinates": [-119.4900107, 49.8631093]}, "properties": {"source": "osm", "kind": "parking", "osm_id": 1157031527, "osm_type": "way", "tags": {"amenity": "parking", "parking": "surface"}}}, {"type": "Feature", "geometry": {"type": "Point", "coordinates": [-119.4918818, 49.862284]}, "properties": {"source": "osm", "kind": "parking", "osm_id": 1157031528, "osm_type": "way", "tags": {"amenity": "parking", "parking": "surface"}}}, {"type": "Feature", "geometry": {"type": "Point", "coordinates": [-119.4923189, 49.8628645]}, "properties": {"source": "osm", "kind": "parking", "osm_id": 1157031529, "osm_type": "way", "tags": {"amenity": "parking", "parking": "surface"}}}, {"type": "Feature", "geometry": {"type": "Point", "coordinates": [-119.4880684, 49.8574895]}, "properties": {"source": "osm", "kind": "parking", "osm_id": 1157040348, "osm_type": "way", "tags": {"amenity": "parking", "parking": "surface"}}}, {"type": "Feature", "geometry": {"type": "Point", "coordinates": [-119.4876667, 49.8572795]}, "properties": {"source": "osm", "kind": "parking", "osm_id": 1157040349, "osm_type": "way", "tags": {"amenity": "parking", "parking": "surface"}}}, {"type": "Feature", "geometry": {"type": "Point", "coordinates": [-119.4872551, 49.8573775]}, "properties": {"source": "osm", "kind": "parking", "osm_id": 1157040350, "osm_type": "way", "tags": {"amenity": "parking", "parking": "surface"}}}, {"type": "Feature", "geometry": {"type": "Point", "coordinates": [-119.4866497, 49.8571994]}, "properties": {"source": "osm", "kind": "parking", "osm_id": 1157040351, "osm_type": "way", "tags": {"amenity": "parking", "parking": "surface"}}}, {"type": "Feature", "geometry": {"type": "Point", "coordinates": [-119.4860219, 49.8575122]}, "properties": {"source": "osm", "kind": "parking", "osm_id": 1157040353, "osm_type": "way", "tags": {"amenity": "parking", "parking": "surface"}}}, {"type": "Feature", "geometry": {"type": "Point", "coordinates": [-119.4880101, 49.8587735]}, "properties": {"source": "osm", "kind": "parking", "osm_id": 1157040357, "osm_type": "way", "tags": {"amenity": "parking", "parking": "surface"}}}, {"type": "Feature", "geometry": {"type": "Point", "coordinates": [-119.4876166, 49.8594686]}, "properties": {"source": "osm", "kind": "parking", "osm_id": 1157068454, "osm_type": "way", "tags": {"amenity": "parking", "parking": "surface"}}}, {"type": "Feature", "geometry": {"type": "Point", "coordinates": [-119.4882726, 49.8601676]}, "properties": {"source": "osm", "kind": "parking", "osm_id": 1157068455, "osm_type": "way", "tags": {"amenity": "parking", "parking": "surface"}}}, {"type": "Feature", "geometry": {"type": "Point", "coordinates": [-119.4873018, 49.8600378]}, "properties": {"source": "osm", "kind": "parking", "osm_id": 1157068456, "osm_type": "way", "tags": {"amenity": "parking", "parking": "surface"}}}, {"type": "Feature", "geometry": {"type": "Point", "coordinates": [-119.4866344, 49.8601188]}, "properties": {"source": "osm", "kind": "parking", "osm_id": 1157068457, "osm_type": "way", "tags": {"amenity": "parking", "parking": "surface"}}}, {"type": "Feature", "geometry": {"type": "Point", "coordinates": [-119.4858114, 49.8602496]}, "properties": {"source": "osm", "kind": "parking", "osm_id": 1157068458, "osm_type": "way", "tags": {"amenity": "parking", "parking": "surface"}}}, {"type": "Feature", "geometry": {"type": "Point", "coordinates": [-119.4867537, 49.8607336]}, "properties": {"source": "osm", "kind": "parking", "osm_id": 1157068459, "osm_type": "way", "tags": {"amenity": "parking", "parking": "surface"}}}, {"type": "Feature", "geometry": {"type": "Point", "coordinates": [-119.4877177, 49.8610215]}, "properties": {"source": "osm", "kind": "parking", "osm_id": 1157068460, "osm_type": "way", "tags": {"amenity": "parking", "parking": "surface"}}}, {"type": "Feature", "geometry": {"type": "Point", "coordinates": [-119.4845319, 49.8600854]}, "properties": {"source": "osm", "kind": "parking", "osm_id": 1157068461, "osm_type": "way", "tags": {"amenity": "parking", "parking": "surface"}}}, {"type": "Feature", "geometry": {"type": "Point", "coordinates": [-119.4842503, 49.8607085]}, "properties": {"source": "osm", "kind": "parking", "osm_id": 1157068462, "osm_type": "way", "tags": {"amenity": "parking", "parking": "surface"}}}, {"type": "Feature", "geometry": {"type": "Point", "coordinates": [-119.4835396, 49.8596817]}, "properties": {"source": "osm", "kind": "parking", "osm_id": 1157068463, "osm_type": "way", "tags": {"amenity": "parking", "parking": "surface"}}}, {"type": "Feature", "geometry": {"type": "Point", "coordinates": [-119.4832339, 49.8599076]}, "properties": {"source": "osm", "kind": "parking", "osm_id": 1157068464, "osm_type": "way", "tags": {"amenity": "parking", "parking": "surface"}}}, {"type": "Feature", "geometry": {"type": "Point", "coordinates": [-119.4836522, 49.859962]}, "properties": {"source": "osm", "kind": "parking", "osm_id": 1157068465, "osm_type": "way", "tags": {"amenity": "parking", "parking": "surface"}}}, {"type": "Feature", "geometry": {"type": "Point", "coordinates": [-119.4832047, 49.8604533]}, "properties": {"source": "osm", "kind": "parking", "osm_id": 1157068466, "osm_type": "way", "tags": {"amenity": "parking", "parking": "surface"}}}, {"type": "Feature", "geometry": {"type": "Point", "coordinates": [-119.4835885, 49.8606495]}, "properties": {"source": "osm", "kind": "parking", "osm_id": 1157068467, "osm_type": "way", "tags": {"amenity": "parking", "parking": "surface"}}}, {"type": "Feature", "geometry": {"type": "Point", "coordinates": [-119.4834331, 49.8607678]}, "properties": {"source": "osm", "kind": "parking", "osm_id": 1157068468, "osm_type": "way", "tags": {"amenity": "parking", "parking": "surface"}}}, {"type": "Feature", "geometry": {"type": "Point", "coordinates": [-119.4834237, 49.8606529]}, "properties": {"source": "osm", "kind": "parking", "osm_id": 1157068469, "osm_type": "way", "tags": {"amenity": "parking", "parking": "surface"}}}, {"type": "Feature", "geometry": {"type": "Point", "coordinates": [-119.4817935, 49.8602132]}, "properties": {"source": "osm", "kind": "parking", "osm_id": 1157068470, "osm_type": "way", "tags": {"amenity": "parking", "parking": "surface"}}}, {"type": "Feature", "geometry": {"type": "Point", "coordinates": [-119.4800858, 49.8596831]}, "properties": {"source": "osm", "kind": "parking", "osm_id": 1157068471, "osm_type": "way", "tags": {"amenity": "parking", "parking": "surface"}}}, {"type": "Feature", "geometry": {"type": "Point", "coordinates": [-119.4799791, 49.8600057]}, "properties": {"source": "osm", "kind": "parking", "osm_id": 1157068472, "osm_type": "way", "tags": {"amenity": "parking", "parking": "surface"}}}, {"type": "Feature", "geometry": {"type": "Point", "coordinates": [-119.4801597, 49.8605786]}, "properties": {"source": "osm", "kind": "parking", "osm_id": 1157068473, "osm_type": "way", "tags": {"amenity": "parking", "parking": "surface"}}}, {"type": "Feature", "geometry": {"type": "Point", "coordinates": [-119.4791405, 49.8606667]}, "properties": {"source": "osm", "kind": "parking", "osm_id": 1157068474, "osm_type": "way", "tags": {"amenity": "parking", "parking": "surface"}}}, {"type": "Feature", "geometry": {"type": "Point", "coordinates": [-119.4781383, 49.8602056]}, "properties": {"source": "osm", "kind": "parking", "osm_id": 1157068475, "osm_type": "way", "tags": {"amenity": "parking", "parking": "surface"}}}, {"type": "Feature", "geometry": {"type": "Point", "coordinates": [-119.4806802, 49.8624319]}, "properties": {"source": "osm", "kind": "parking", "osm_id": 1157069778, "osm_type": "way", "tags": {"amenity": "parking", "parking": "surface"}}}, {"type": "Feature", "geometry": {"type": "Point", "coordinates": [-119.4805797, 49.8618887]}, "properties": {"source": "osm", "kind": "parking", "osm_id": 1157069779, "osm_type": "way", "tags": {"amenity": "parking", "parking": "surface"}}}, {"type": "Feature", "geometry": {"type": "Point", "coordinates": [-119.4806916, 49.861266]}, "properties": {"source": "osm", "kind": "parking", "osm_id": 1157069780, "osm_type": "way", "tags": {"amenity": "parking", "parking": "surface"}}}, {"type": "Feature", "geometry": {"type": "Point", "coordinates": [-119.4778741, 49.8614616]}, "properties": {"source": "osm", "kind": "parking", "osm_id": 1157069781, "osm_type": "way", "tags": {"amenity": "parking", "parking": "surface"}}}, {"type": "Feature", "geometry": {"type": "Point", "coordinates": [-119.4767815, 49.8620751]}, "properties": {"source": "osm", "kind": "parking", "osm_id": 1157069783, "osm_type": "way", "tags": {"amenity": "parking", "parking": "surface"}}}, {"type": "Feature", "geometry": {"type": "Point", "coordinates": [-119.4764484, 49.8621215]}, "properties": {"source": "osm", "kind": "parking", "osm_id": 1157069784, "osm_type": "way", "tags": {"amenity": "parking", "parking": "surface"}}}, {"type": "Feature", "geometry": {"type": "Point", "coordinates": [-119.4794665, 49.8626067]}, "properties": {"source": "osm", "kind": "parking", "osm_id": 1157069785, "osm_type": "way", "tags": {"amenity": "parking", "parking": "surface"}}}, {"type": "Feature", "geometry": {"type": "Point", "coordinates": [-119.475042, 49.8606055]}, "properties": {"source": "osm", "kind": "parking", "osm_id": 1157072505, "osm_type": "way", "tags": {"amenity": "parking", "parking": "surface"}}}, {"type": "Feature", "geometry": {"type": "Point", "coordinates": [-119.4747823, 49.8596457]}, "properties": {"source": "osm", "kind": "parking", "osm_id": 1157072506, "osm_type": "way", "tags": {"amenity": "parking", "parking": "surface"}}}, {"type": "Feature", "geometry": {"type": "Point", "coordinates": [-119.4756908, 49.8602317]}, "properties": {"source": "osm", "kind": "parking", "osm_id": 1157072507, "osm_type": "way", "tags": {"amenity": "parking", "parking": "surface"}}}, {"type": "Feature", "geometry": {"type": "Point", "coordinates": [-119.4760325, 49.8606935]}, "properties": {"source": "osm", "kind": "parking", "osm_id": 1157072508, "osm_type": "way", "tags": {"amenity": "parking", "parking": "surface"}}}, {"type": "Feature", "geometry": {"type": "Point", "coordinates": [-119.4757759, 49.8605424]}, "properties": {"source": "osm", "kind": "pitch", "osm_id": 1157072517, "osm_type": "way", "tags": {"leisure": "pitch", "sport": "basketball"}}}, {"type": "Feature", "geometry": {"type": "Point", "coordinates": [-119.4753237, 49.8597743]}, "properties": {"source": "osm", "kind": "pitch", "osm_id": 1157072518, "osm_type": "way", "tags": {"leisure": "pitch", "sport": "tennis"}}}, {"type": "Feature", "geometry": {"type": "Point", "coordinates": [-119.475326, 49.8596821]}, "properties": {"source": "osm", "kind": "pitch", "osm_id": 1157072519, "osm_type": "way", "tags": {"leisure": "pitch", "sport": "tennis"}}}, {"type": "Feature", "geometry": {"type": "Point", "coordinates": [-119.4753283, 49.8595542]}, "properties": {"source": "osm", "kind": "pitch", "osm_id": 1157072520, "osm_type": "way", "tags": {"leisure": "pitch", "sport": "tennis"}}}, {"type": "Feature", "geometry": {"type": "Point", "coordinates": [-119.4753291, 49.8594219]}, "properties": {"source": "osm", "kind": "pitch", "osm_id": 1157072521, "osm_type": "way", "tags": {"leisure": "pitch", "sport": "tennis"}}}, {"type": "Feature", "geometry": {"type": "Point", "coordinates": [-119.4766629, 49.8586896]}, "properties": {"source": "osm", "kind": "pitch", "osm_id": 1157072522, "osm_type": "way", "tags": {"leisure": "pitch", "sport": "soccer"}}}, {"type": "Feature", "geometry": {"type": "Point", "coordinates": [-119.4776358, 49.8590902]}, "properties": {"source": "osm", "kind": "parking", "osm_id": 1157072523, "osm_type": "way", "tags": {"amenity": "parking", "parking": "surface"}}}, {"type": "Feature", "geometry": {"type": "Point", "coordinates": [-119.4818399, 49.8592029]}, "properties": {"source": "osm", "kind": "parking", "osm_id": 1157072524, "osm_type": "way", "tags": {"amenity": "parking", "parking": "surface"}}}, {"type": "Feature", "geometry": {"type": "Point", "coordinates": [-119.4812736, 49.8524556]}, "properties": {"source": "osm", "kind": "parking", "osm_id": 1157074292, "osm_type": "way", "tags": {"amenity": "parking", "parking": "surface"}}}, {"type": "Feature", "geometry": {"type": "Point", "coordinates": [-119.4805296, 49.8523532]}, "properties": {"source": "osm", "kind": "parking", "osm_id": 1157074293, "osm_type": "way", "tags": {"amenity": "parking", "parking": "surface"}}}, {"type": "Feature", "geometry": {"type": "Point", "coordinates": [-119.4777493, 49.8515388]}, "properties": {"source": "osm", "kind": "parking", "osm_id": 1157074294, "osm_type": "way", "tags": {"amenity": "parking", "parking": "surface"}}}, {"type": "Feature", "geometry": {"type": "Point", "coordinates": [-119.4770393, 49.8517315]}, "properties": {"source": "osm", "kind": "parking", "osm_id": 1157074295, "osm_type": "way", "tags": {"amenity": "parking", "parking": "surface"}}}, {"type": "Feature", "geometry": {"type": "Point", "coordinates": [-119.4771157, 49.8523805]}, "properties": {"source": "osm", "kind": "parking", "osm_id": 1157074296, "osm_type": "way", "tags": {"amenity": "parking", "parking": "surface"}}}, {"type": "Feature", "geometry": {"type": "Point", "coordinates": [-119.4768546, 49.8519369]}, "properties": {"source": "osm", "kind": "parking", "osm_id": 1157074297, "osm_type": "way", "tags": {"amenity": "parking", "parking": "surface"}}}, {"type": "Feature", "geometry": {"type": "Point", "coordinates": [-119.4755577, 49.8537886]}, "properties": {"source": "osm", "kind": "parking", "osm_id": 1157074298, "osm_type": "way", "tags": {"amenity": "parking", "parking": "surface"}}}, {"type": "Feature", "geometry": {"type": "Point", "coordinates": [-119.4767712, 49.8535916]}, "properties": {"source": "osm", "kind": "parking", "osm_id": 1157074299, "osm_type": "way", "tags": {"amenity": "parking", "parking": "surface"}}}, {"type": "Feature", "geometry": {"type": "Point", "coordinates": [-119.4775696, 49.8531518]}, "properties": {"source": "osm", "kind": "parking", "osm_id": 1157074300, "osm_type": "way", "tags": {"amenity": "parking", "parking": "surface"}}}, {"type": "Feature", "geometry": {"type": "Point", "coordinates": [-119.4779142, 49.8527773]}, "properties": {"source": "osm", "kind": "parking", "osm_id": 1157074301, "osm_type": "way", "tags": {"amenity": "parking", "parking": "surface"}}}, {"type": "Feature", "geometry": {"type": "Point", "coordinates": [-119.4819648, 49.8530667]}, "properties": {"source": "osm", "kind": "pitch", "osm_id": 1157074302, "osm_type": "way", "tags": {"leisure": "pitch", "sport": "basketball"}}}, {"type": "Feature", "geometry": {"type": "Point", "coordinates": [-119.4818281, 49.8529298]}, "properties": {"source": "osm", "kind": "pitch", "osm_id": 1157074303, "osm_type": "way", "tags": {"leisure": "pitch", "sport": "basketball"}}}, {"type": "Feature", "geometry": {"type": "Point", "coordinates": [-119.4800582, 49.852801]}, "properties": {"source": "osm", "kind": "playground", "osm_id": 1157074304, "osm_type": "way", "tags": {"leisure": "playground"}}}, {"type": "Feature", "geometry": {"type": "Point", "coordinates": [-119.489448, 49.8650803]}, "properties": {"source": "osm", "kind": "parking", "osm_id": 1157075933, "osm_type": "way", "tags": {"amenity": "parking", "parking": "surface"}}}, {"type": "Feature", "geometry": {"type": "Point", "coordinates": [-119.4907008, 49.8639564]}, "properties": {"source": "osm", "kind": "parking", "osm_id": 1157075934, "osm_type": "way", "tags": {"amenity": "parking", "parking": "surface"}}}, {"type": "Feature", "geometry": {"type": "Point", "coordinates": [-119.4901258, 49.863679]}, "properties": {"source": "osm", "kind": "parking", "osm_id": 1157075935, "osm_type": "way", "tags": {"amenity": "parking", "parking": "surface"}}}, {"type": "Feature", "geometry": {"type": "Point", "coordinates": [-119.4901225, 49.8643119]}, "properties": {"source": "osm", "kind": "parking", "osm_id": 1157075936, "osm_type": "way", "tags": {"amenity": "parking", "parking": "surface"}}}, {"type": "Feature", "geometry": {"type": "Point", "coordinates": [-119.4905658, 49.8644091]}, "properties": {"source": "osm", "kind": "parking", "osm_id": 1157075937, "osm_type": "way", "tags": {"amenity": "parking", "parking": "surface"}}}, {"type": "Feature", "geometry": {"type": "Point", "coordinates": [-119.4918195, 49.8643408]}, "properties": {"source": "osm", "kind": "parking", "osm_id": 1157076579, "osm_type": "way", "tags": {"amenity": "parking", "parking": "surface"}}}, {"type": "Feature", "geometry": {"type": "Point", "coordinates": [-119.4919384, 49.863894]}, "properties": {"source": "osm", "kind": "parking", "osm_id": 1157076580, "osm_type": "way", "tags": {"amenity": "parking", "parking": "surface"}}}, {"type": "Feature", "geometry": {"type": "Point", "coordinates": [-119.4916812, 49.8638894]}, "properties": {"source": "osm", "kind": "parking", "osm_id": 1157076581, "osm_type": "way", "tags": {"amenity": "parking", "parking": "surface"}}}, {"type": "Feature", "geometry": {"type": "Point", "coordinates": [-119.492057, 49.8640775]}, "properties": {"source": "osm", "kind": "parking", "osm_id": 1157076582, "osm_type": "way", "tags": {"amenity": "parking", "parking": "surface"}}}, {"type": "Feature", "geometry": {"type": "Point", "coordinates": [-119.4924178, 49.8646326]}, "properties": {"source": "osm", "kind": "parking", "osm_id": 1157076583, "osm_type": "way", "tags": {"amenity": "parking", "parking": "surface"}}}, {"type": "Feature", "geometry": {"type": "Point", "coordinates": [-119.4799054, 49.8592937]}, "properties": {"source": "osm", "kind": "stream", "osm_id": 1157076831, "osm_type": "way", "tags": {"name": "Fascieux Creek", "source": "NRCan-CanVec-10.0", "waterway": "stream"}}}, {"type": "Feature", "geometry": {"type": "Point", "coordinates": [-119.4716395, 49.8593344]}, "properties": {"source": "osm", "kind": "stream", "osm_id": 1157076832, "osm_type": "way", "tags": {"layer": "-1", "name": "Fascieux Creek", "source": "NRCan-CanVec-10.0", "tunnel": "culvert", "waterway": "stream"}}}, {"type": "Feature", "geometry": {"type": "Point", "coordinates": [-119.4732201, 49.8593316]}, "properties": {"source": "osm", "kind": "stream", "osm_id": 1157076833, "osm_type": "way", "tags": {"name": "Fascieux Creek", "source": "NRCan-CanVec-10.0", "waterway": "stream"}}}, {"type": "Feature", "geometry": {"type": "Point", "coordinates": [-119.4743897, 49.859268]}, "properties": {"source": "osm", "kind": "stream", "osm_id": 1157076834, "osm_type": "way", "tags": {"layer": "-1", "name": "Fascieux Creek", "source": "NRCan-CanVec-10.0", "tunnel": "culvert", "waterway": "stream"}}}, {"type": "Feature", "geometry": {"type": "Point", "coordinates": [-119.4777136, 49.8503497]}, "properties": {"source": "osm", "kind": "parking", "osm_id": 1157754455, "osm_type": "way", "tags": {"amenity": "parking", "parking": "surface"}}}, {"type": "Feature", "geometry": {"type": "Point", "coordinates": [-119.4786839, 49.8508807]}, "properties": {"source": "osm", "kind": "parking", "osm_id": 1157754456, "osm_type": "way", "tags": {"amenity": "parking", "parking": "surface"}}}, {"type": "Feature", "geometry": {"type": "Point", "coordinates": [-119.4892911, 49.8625248]}, "properties": {"source": "osm", "kind": "parking", "osm_id": 1286707820, "osm_type": "way", "tags": {"amenity": "parking"}}}, {"type": "Feature", "geometry": {"type": "Point", "coordinates": [-119.4724084, 49.8671321]}, "properties": {"source": "osm", "kind": "stream", "osm_id": 1455375576, "osm_type": "way", "tags": {"name": "Mission Slough", "waterway": "stream"}}}, {"type": "Feature", "geometry": {"type": "Point", "coordinates": [-119.4742307, 49.8670461]}, "properties": {"source": "osm", "kind": "stream", "osm_id": 1455375577, "osm_type": "way", "tags": {"layer": "-1", "name": "Mission Slough", "tunnel": "culvert", "waterway": "stream"}}}, {"type": "Feature", "geometry": {"type": "Point", "coordinates": [-119.4844363, 49.8632834]}, "properties": {"source": "osm", "kind": "stream", "osm_id": 1455375578, "osm_type": "way", "tags": {"name": "Mission Slough", "waterway": "stream"}}}, {"type": "Feature", "geometry": {"type": "Point", "coordinates": [-119.4772473, 49.8660104]}, "properties": {"source": "osm", "kind": "stream", "osm_id": 1455375579, "osm_type": "way", "tags": {"layer": "-1", "name": "Mission Slough", "tunnel": "culvert", "waterway": "stream"}}}, {"type": "Feature", "geometry": {"type": "Point", "coordinates": [-119.4929809, 49.858436]}, "properties": {"source": "osm", "kind": "stream", "osm_id": 1455375580, "osm_type": "way", "tags": {"name": "Fascieux Creek", "source": "NRCan-CanVec-10.0", "waterway": "stream"}}}, {"type": "Feature", "geometry": {"type": "Point", "coordinates": [-119.494083, 49.8588249]}, "properties": {"source": "osm", "kind": "stream", "osm_id": 1455375581, "osm_type": "way", "tags": {"layer": "-1", "name": "Fascieux Creek", "source": "NRCan-CanVec-10.0", "tunnel": "culvert", "waterway": "stream"}}}, {"type": "Feature", "geometry": {"type": "Point", "coordinates": [-119.4722197, 49.8484731]}, "properties": {"source": "osm", "kind": "stream", "osm_id": 1455375624, "osm_type": "way", "tags": {"source": "NRCan-CanVec-10.0", "waterway": "stream"}}}, {"type": "Feature", "geometry": {"type": "Point", "coordinates": [-119.4691344, 49.8484386]}, "properties": {"source": "osm", "kind": "stream", "osm_id": 1455375625, "osm_type": "way", "tags": {"layer": "-1", "source": "NRCan-CanVec-10.0", "tunnel": "culvert", "waterway": "stream"}}}, {"type": "Feature", "geometry": {"type": "Point", "coordinates": [-119.4943777, 49.8614113]}, "properties": {"source": "osm", "kind": "parking", "osm_id": 1461757517, "osm_type": "way", "tags": {"amenity": "parking"}}}, {"type": "Feature", "geometry": {"type": "Point", "coordinates": [-119.4951336, 49.8678051]}, "properties": {"source": "osm", "kind": "playground", "osm_id": 1461878770, "osm_type": "way", "tags": {"leisure": "playground"}}}, {"type": "Feature", "geometry": {"type": "Point", "coordinates": [-119.4883065, 49.8444612]}, "properties": {"source": "osm", "kind": "parking", "osm_id": 1465469143, "osm_type": "way", "tags": {"amenity": "parking", "name": "Cook Road Boat Launch Lot B"}}}, {"type": "Feature", "geometry": {"type": "Point", "coordinates": [-119.4882458, 49.8453697]}, "properties": {"source": "osm", "kind": "parking", "osm_id": 1465469144, "osm_type": "way", "tags": {"amenity": "parking", "name": "Cook Road Boat Launch Lot A"}}}, {"type": "Feature", "geometry": {"type": "Point", "coordinates": [-119.4888579, 49.8552327]}, "properties": {"source": "osm", "kind": "line", "osm_id": 1474810458, "osm_type": "way", "tags": {"cables": "3", "frequency": "60", "line": "busbar", "power": "line", "voltage": "138000"}}}, {"type": "Feature", "geometry": {"type": "Point", "coordinates": [-119.4840531, 49.8617631]}, "properties": {"source": "osm", "kind": "parking", "osm_id": 1479477893, "osm_type": "way", "tags": {"amenity": "parking"}}}, {"type": "Feature", "geometry": {"type": "Point", "coordinates": [-119.4784167, 49.8633402]}, "properties": {"source": "osm", "kind": "garden", "osm_id": 1479480116, "osm_type": "way", "tags": {"leisure": "garden"}}}, {"type": "Feature", "geometry": {"type": "Point", "coordinates": [-119.4834845, 49.8626222]}, "properties": {"source": "osm", "kind": "tree_row", "osm_id": 1479480128, "osm_type": "way", "tags": {"natural": "tree_row"}}}, {"type": "Feature", "geometry": {"type": "Point", "coordinates": [-119.4831119, 49.8626797]}, "properties": {"source": "osm", "kind": "tree_row", "osm_id": 1479480129, "osm_type": "way", "tags": {"natural": "tree_row"}}}, {"type": "Feature", "geometry": {"type": "Point", "coordinates": [-119.4834836, 49.862351]}, "properties": {"source": "osm", "kind": "tree_row", "osm_id": 1479480130, "osm_type": "way", "tags": {"natural": "tree_row"}}}, {"type": "Feature", "geometry": {"type": "Point", "coordinates": [-119.4834835, 49.8617885]}, "properties": {"source": "osm", "kind": "tree_row", "osm_id": 1479480131, "osm_type": "way", "tags": {"natural": "tree_row"}}}, {"type": "Feature", "geometry": {"type": "Point", "coordinates": [-119.4815491, 49.8627009]}, "properties": {"source": "osm", "kind": "tree_row", "osm_id": 1479480132, "osm_type": "way", "tags": {"natural": "tree_row"}}}, {"type": "Feature", "geometry": {"type": "Point", "coordinates": [-119.4936809, 49.8629039]}, "properties": {"source": "osm", "kind": "parking", "osm_id": 1486763831, "osm_type": "way", "tags": {"amenity": "parking"}}}, {"type": "Feature", "geometry": {"type": "Point", "coordinates": [-119.4828724, 49.8648503]}, "properties": {"source": "osm", "kind": "parking", "osm_id": 1500054136, "osm_type": "way", "tags": {"amenity": "parking"}}}, {"type": "Feature", "geometry": {"type": "Point", "coordinates": [-119.4826123, 49.8649009]}, "properties": {"source": "osm", "kind": "parking", "osm_id": 1500054137, "osm_type": "way", "tags": {"amenity": "parking"}}}, {"type": "Feature", "geometry": {"type": "Point", "coordinates": [-119.4822768, 49.8646656]}, "properties": {"source": "osm", "kind": "parking", "osm_id": 1500054139, "osm_type": "way", "tags": {"amenity": "parking"}}}, {"type": "Feature", "geometry": {"type": "Point", "coordinates": [-119.481805, 49.8645133]}, "properties": {"source": "osm", "kind": "parking", "osm_id": 1500054140, "osm_type": "way", "tags": {"amenity": "parking"}}}, {"type": "Feature", "geometry": {"type": "Point", "coordinates": [-119.4837764, 49.8647646]}, "properties": {"source": "osm", "kind": "parking", "osm_id": 1500054143, "osm_type": "way", "tags": {"amenity": "parking"}}}, {"type": "Feature", "geometry": {"type": "Point", "coordinates": [-119.4858557, 49.8639685]}, "properties": {"source": "osm", "kind": "tree_row", "osm_id": 1500054164, "osm_type": "way", "tags": {"natural": "tree_row"}}}, {"type": "Feature", "geometry": {"type": "Point", "coordinates": [-119.4810827, 49.8641806]}, "properties": {"source": "osm", "kind": "tree_row", "osm_id": 1500054165, "osm_type": "way", "tags": {"natural": "tree_row"}}}, {"type": "Feature", "geometry": {"type": "Point", "coordinates": [-119.4858801, 49.8621362]}, "properties": {"source": "osm", "kind": "tree_row", "osm_id": 1500054166, "osm_type": "way", "tags": {"natural": "tree_row"}}}, {"type": "Feature", "geometry": {"type": "Point", "coordinates": [-119.4856056, 49.8596087]}, "properties": {"source": "osm", "kind": "stream", "osm_id": 1500054180, "osm_type": "way", "tags": {"name": "Mission Slough", "waterway": "stream"}}}, {"type": "Feature", "geometry": {"type": "Point", "coordinates": [-119.4857302, 49.8609929]}, "properties": {"source": "osm", "kind": "stream", "osm_id": 1500054181, "osm_type": "way", "tags": {"layer": "-1", "name": "Mission Slough", "tunnel": "culvert", "waterway": "stream"}}}, {"type": "Feature", "geometry": {"type": "Point", "coordinates": [-119.4856036, 49.8604136]}, "properties": {"source": "osm", "kind": "stream", "osm_id": 1500054182, "osm_type": "way", "tags": {"name": "Mission Slough", "waterway": "stream"}}}, {"type": "Feature", "geometry": {"type": "Point", "coordinates": [-119.4856052, 49.859976]}, "properties": {"source": "osm", "kind": "stream", "osm_id": 1500054183, "osm_type": "way", "tags": {"layer": "-1", "name": "Mission Slough", "tunnel": "culvert", "waterway": "stream"}}}, {"type": "Feature", "geometry": {"type": "Point", "coordinates": [-119.4785974, 49.8660865]}, "properties": {"source": "osm", "kind": "stream", "osm_id": 1500054186, "osm_type": "way", "tags": {"name": "Mission Slough", "waterway": "stream"}}}, {"type": "Feature", "geometry": {"type": "Point", "coordinates": [-119.4828316, 49.8652814]}, "properties": {"source": "osm", "kind": "stream", "osm_id": 1500054187, "osm_type": "way", "tags": {"layer": "-1", "name": "Mission Slough", "tunnel": "culvert", "waterway": "stream"}}}, {"type": "Feature", "geometry": {"type": "Point", "coordinates": [-119.4815427, 49.8652788]}, "properties": {"source": "osm", "kind": "stream", "osm_id": 1500054188, "osm_type": "way", "tags": {"name": "Mission Slough", "waterway": "stream"}}}, {"type": "Feature", "geometry": {"type": "Point", "coordinates": [-119.4801284, 49.8658298]}, "properties": {"source": "osm", "kind": "stream", "osm_id": 1500054189, "osm_type": "way", "tags": {"layer": "-1", "name": "Mission Slough", "tunnel": "culvert", "waterway": "stream"}}}, {"type": "Feature", "geometry": {"type": "Point", "coordinates": [-119.4813611, 49.8467375]}, "properties": {"source": "osm", "kind": "stream", "osm_id": 1508510369, "osm_type": "way", "tags": {"waterway": "stream"}}}, {"type": "Feature", "geometry": {"type": "Point", "coordinates": [-119.4833749, 49.846256]}, "properties": {"source": "osm", "kind": "stream", "osm_id": 1508510370, "osm_type": "way", "tags": {"layer": "-1", "tunnel": "culvert", "waterway": "stream"}}}, {"type": "Feature", "geometry": {"type": "Point", "coordinates": [-119.4835173, 49.8475937]}, "properties": {"source": "osm", "kind": "parking", "osm_id": 1508510373, "osm_type": "way", "tags": {"amenity": "parking"}}}, {"type": "Feature", "geometry": {"type": "Point", "coordinates": [-119.4801878, 49.8650294]}, "properties": {"source": "osm", "kind": "pitch", "osm_id": 1510790181, "osm_type": "way", "tags": {"leisure": "pitch", "sport": "basketball"}}}, {"type": "Feature", "geometry": {"type": "Point", "coordinates": [-119.4889221, 49.8645194]}, "properties": {"source": "osm", "kind": "pitch", "osm_id": 1510790182, "osm_type": "way", "tags": {"leisure": "pitch", "sport": "basketball"}}}, {"type": "Feature", "geometry": {"type": "Point", "coordinates": [-119.4759238, 49.8594573]}, "properties": {"source": "osm", "kind": "pitch", "osm_id": 1510790183, "osm_type": "way", "tags": {"leisure": "pitch", "sport": "beachvolleyball", "surface": "sand"}}}, {"type": "Feature", "geometry": {"type": "Point", "coordinates": [-119.4759206, 49.8597111]}, "properties": {"source": "osm", "kind": "pitch", "osm_id": 1510790184, "osm_type": "way", "tags": {"leisure": "pitch", "sport": "beachvolleyball", "surface": "sand"}}}, {"type": "Feature", "geometry": {"type": "Point", "coordinates": [-119.48300510644913, 49.85409978294198]}, "properties": {"source": "deepforest", "kind": "tree", "score": 0.6485, "crown_m": 4.81}}, {"type": "Feature", "geometry": {"type": "Point", "coordinates": [-119.48025047779083, 49.85145731390826]}, "properties": {"source": "deepforest", "kind": "tree", "score": 0.6037, "crown_m": 7.12}}, {"type": "Feature", "geometry": {"type": "Point", "coordinates": [-119.48018342256546, 49.85164754883512]}, "properties": {"source": "deepforest", "kind": "tree", "score": 0.5765, "crown_m": 3.27}}, {"type": "Feature", "geometry": {"type": "Point", "coordinates": [-119.48124289512634, 49.85729891399995]}, "properties": {"source": "deepforest", "kind": "tree", "score": 0.5327, "crown_m": 5.2}}, {"type": "Feature", "geometry": {"type": "Point", "coordinates": [-119.47769433259964, 49.85711302434239]}, "properties": {"source": "deepforest", "kind": "tree", "score": 0.5322, "crown_m": 3.85}}, {"type": "Feature", "geometry": {"type": "Point", "coordinates": [-119.47703585028648, 49.851604313690224]}, "properties": {"source": "deepforest", "kind": "tree", "score": 0.523, "crown_m": 8.28}}, {"type": "Feature", "geometry": {"type": "Point", "coordinates": [-119.48289781808853, 49.85285119974211]}, "properties": {"source": "deepforest", "kind": "tree", "score": 0.5182, "crown_m": 3.27}}, {"type": "Feature", "geometry": {"type": "Point", "coordinates": [-119.48292464017868, 49.85411880542823]}, "properties": {"source": "deepforest", "kind": "tree", "score": 0.4973, "crown_m": 3.85}}, {"type": "Feature", "geometry": {"type": "Point", "coordinates": [-119.48215752840042, 49.85136219616403]}, "properties": {"source": "deepforest", "kind": "tree", "score": 0.4941, "crown_m": 6.74}}, {"type": "Feature", "geometry": {"type": "Point", "coordinates": [-119.48156207799911, 49.85731101841795]}, "properties": {"source": "deepforest", "kind": "tree", "score": 0.4929, "crown_m": 4.04}}, {"type": "Feature", "geometry": {"type": "Point", "coordinates": [-119.47531253099442, 49.8574355208273]}, "properties": {"source": "deepforest", "kind": "tree", "score": 0.4896, "crown_m": 6.54}}, {"type": "Feature", "geometry": {"type": "Point", "coordinates": [-119.48317408561707, 49.8552437127783]}, "properties": {"source": "deepforest", "kind": "tree", "score": 0.4682, "crown_m": 5.01}}, {"type": "Feature", "geometry": {"type": "Point", "coordinates": [-119.47565987706184, 49.857441573019585]}, "properties": {"source": "deepforest", "kind": "tree", "score": 0.4668, "crown_m": 6.74}}, {"type": "Feature", "geometry": {"type": "Point", "coordinates": [-119.48297962546349, 49.8530907157789]}, "properties": {"source": "deepforest", "kind": "tree", "score": 0.4618, "crown_m": 6.35}}, {"type": "Feature", "geometry": {"type": "Point", "coordinates": [-119.47965770959854, 49.85713377485125]}, "properties": {"source": "deepforest", "kind": "tree", "score": 0.4609, "crown_m": 3.85}}, {"type": "Feature", "geometry": {"type": "Point", "coordinates": [-119.48277845978737, 49.85740785365295]}, "properties": {"source": "deepforest", "kind": "tree", "score": 0.4581, "crown_m": 4.81}}, {"type": "Feature", "geometry": {"type": "Point", "coordinates": [-119.47977170348167, 49.857159712974784]}, "properties": {"source": "deepforest", "kind": "tree", "score": 0.454, "crown_m": 3.27}}, {"type": "Feature", "geometry": {"type": "Point", "coordinates": [-119.48317408561707, 49.854289142812306]}, "properties": {"source": "deepforest", "kind": "tree", "score": 0.4368, "crown_m": 5.78}}, {"type": "Feature", "geometry": {"type": "Point", "coordinates": [-119.48316469788551, 49.854338428136316]}, "properties": {"source": "deepforest", "kind": "tree", "score": 0.4224, "crown_m": 2.89}}, {"type": "Feature", "geometry": {"type": "Point", "coordinates": [-119.48286697268486, 49.85455718519585]}, "properties": {"source": "deepforest", "kind": "tree", "score": 0.4197, "crown_m": 6.35}}, {"type": "Feature", "geometry": {"type": "Point", "coordinates": [-119.48304802179337, 49.854935035966264]}, "properties": {"source": "deepforest", "kind": "tree", "score": 0.4167, "crown_m": 4.04}}, {"type": "Feature", "geometry": {"type": "Point", "coordinates": [-119.48287636041641, 49.85233325306211]}, "properties": {"source": "deepforest", "kind": "tree", "score": 0.4145, "crown_m": 4.24}}, {"type": "Feature", "geometry": {"type": "Point", "coordinates": [-119.4822071492672, 49.85128956066966]}, "properties": {"source": "deepforest", "kind": "tree", "score": 0.4118, "crown_m": 4.81}}, {"type": "Feature", "geometry": {"type": "Point", "coordinates": [-119.4800452888012, 49.85745713579625]}, "properties": {"source": "deepforest", "kind": "tree", "score": 0.4053, "crown_m": 4.43}}, {"type": "Feature", "geometry": {"type": "Point", "coordinates": [-119.48316603899002, 49.8545528619434]}, "properties": {"source": "deepforest", "kind": "tree", "score": 0.4049, "crown_m": 7.51}}, {"type": "Feature", "geometry": {"type": "Point", "coordinates": [-119.48296755552292, 49.854923795596974]}, "properties": {"source": "deepforest", "kind": "tree", "score": 0.4008, "crown_m": 6.55}}, {"type": "Feature", "geometry": {"type": "Point", "coordinates": [-119.48049657046795, 49.85349278876738]}, "properties": {"source": "deepforest", "kind": "tree", "species": "maple", "score": 0.8092414140701294, "crown_m": 2.5, "size": "medium", "crown_color": "#adaf94"}}, {"type": "Feature", "geometry": {"type": "Point", "coordinates": [-119.48254108428955, 49.85643992487871]}, "properties": {"source": "deepforest", "kind": "tree", "species": "maple", "score": 0.7958608865737915, "crown_m": 5.29, "size": "large", "crown_color": "#be847d"}}, {"type": "Feature", "geometry": {"type": "Point", "coordinates": [-119.48036178946495, 49.853320719231235]}, "properties": {"source": "deepforest", "kind": "tree", "species": "maple", "score": 0.7854828238487244, "crown_m": 3.27, "size": "medium", "crown_color": "#7e9168"}}, {"type": "Feature", "geometry": {"type": "Point", "coordinates": [-119.47750993072987, 49.855400212033395]}, "properties": {"source": "deepforest", "kind": "tree", "species": "maple", "score": 0.7442519664764404, "crown_m": 5.2, "size": "large", "crown_color": "#6e4f4c"}}, {"type": "Feature", "geometry": {"type": "Point", "coordinates": [-119.48147624731064, 49.85284903803962]}, "properties": {"source": "deepforest", "kind": "tree", "species": "maple", "score": 0.7354802489280701, "crown_m": 6.93, "size": "large", "crown_color": "#9b9380"}}, {"type": "Feature", "geometry": {"type": "Point", "coordinates": [-119.48073126375675, 49.85493071274762]}, "properties": {"source": "deepforest", "kind": "tree", "species": "maple", "score": 0.7305988669395447, "crown_m": 2.89, "size": "medium", "crown_color": "#7c7c5e"}}, {"type": "Feature", "geometry": {"type": "Point", "coordinates": [-119.48069974780083, 49.85475778368442]}, "properties": {"source": "deepforest", "kind": "tree", "species": "maple", "score": 0.7156582474708557, "crown_m": 7.12, "size": "large", "crown_color": "#5e6964"}}, {"type": "Feature", "geometry": {"type": "Point", "coordinates": [-119.48077082633972, 49.852207008121766]}, "properties": {"source": "deepforest", "kind": "tree", "species": "maple", "score": 0.711629331111908, "crown_m": 13.28, "size": "large", "crown_color": "#84876b"}}, {"type": "Feature", "geometry": {"type": "Point", "coordinates": [-119.4806769490242, 49.8534106450954]}, "properties": {"source": "deepforest", "kind": "tree", "species": "maple", "score": 0.7094272375106812, "crown_m": 2.7, "size": "medium", "crown_color": "#aeab90"}}, {"type": "Feature", "geometry": {"type": "Point", "coordinates": [-119.48275096714497, 49.85444867144227]}, "properties": {"source": "deepforest", "kind": "tree", "species": "maple", "score": 0.7088791131973267, "crown_m": 3.75, "size": "large", "crown_color": "#735551"}}, {"type": "Feature", "geometry": {"type": "Point", "coordinates": [-119.47792768478394, 49.855711047448644]}, "properties": {"source": "deepforest", "kind": "tree", "species": "maple", "score": 0.6951829791069031, "crown_m": 4.24, "size": "large", "crown_color": "#54443e"}}, {"type": "Feature", "geometry": {"type": "Point", "coordinates": [-119.47773724794388, 49.85313394959409]}, "properties": {"source": "deepforest", "kind": "tree", "species": "maple", "score": 0.6883692741394043, "crown_m": 2.31, "size": "medium", "crown_color": "#233030"}}, {"type": "Feature", "geometry": {"type": "Point", "coordinates": [-119.47654366493225, 49.855782379355055]}, "properties": {"source": "deepforest", "kind": "tree", "species": "pine", "score": 0.6827942728996277, "crown_m": 4.62, "size": "large", "crown_color": "#5b7842"}}, {"type": "Feature", "geometry": {"type": "Point", "coordinates": [-119.47702445089817, 49.85380190712379]}, "properties": {"source": "deepforest", "kind": "tree", "species": "maple", "score": 0.6810534000396729, "crown_m": 3.56, "size": "large", "crown_color": "#797a51"}}, {"type": "Feature", "geometry": {"type": "Point", "coordinates": [-119.48004998266697, 49.853452581619074]}, "properties": {"source": "deepforest", "kind": "tree", "species": "maple", "score": 0.6799152493476868, "crown_m": 3.18, "size": "medium", "crown_color": "#8f9d77"}}, {"type": "Feature", "geometry": {"type": "Point", "coordinates": [-119.47521194815636, 49.85601712543088]}, "properties": {"source": "deepforest", "kind": "tree", "species": "maple", "score": 0.6784786581993103, "crown_m": 8.85, "size": "large", "crown_color": "#727460"}}, {"type": "Feature", "geometry": {"type": "Point", "coordinates": [-119.48261953890324, 49.8566016079433]}, "properties": {"source": "deepforest", "kind": "tree", "species": "maple", "score": 0.6779699921607971, "crown_m": 4.72, "size": "large", "crown_color": "#748756"}}, {"type": "Feature", "geometry": {"type": "Point", "coordinates": [-119.48162980377674, 49.85580702126189]}, "properties": {"source": "deepforest", "kind": "tree", "species": "pine", "score": 0.6733896136283875, "crown_m": 3.18, "size": "medium", "crown_color": "#556c41"}}, {"type": "Feature", "geometry": {"type": "Point", "coordinates": [-119.48065347969532, 49.85351181149257]}, "properties": {"source": "deepforest", "kind": "tree", "species": "maple", "score": 0.6590147018432617, "crown_m": 2.6, "size": "medium", "crown_color": "#9a9c7b"}}, {"type": "Feature", "geometry": {"type": "Point", "coordinates": [-119.48045030236244, 49.85484727455188]}, "properties": {"source": "deepforest", "kind": "tree", "species": "maple", "score": 0.6577627658843994, "crown_m": 4.52, "size": "large", "crown_color": "#988a73"}}, {"type": "Feature", "geometry": {"type": "Point", "coordinates": [-119.48123551905155, 49.85349581511053]}, "properties": {"source": "deepforest", "kind": "tree", "species": "maple", "score": 0.657267689704895, "crown_m": 4.72, "size": "large", "crown_color": "#675b4c"}}, {"type": "Feature", "geometry": {"type": "Point", "coordinates": [-119.47747237980366, 49.85178157753853]}, "properties": {"source": "deepforest", "kind": "tree", "species": "pine", "score": 0.656196117401123, "crown_m": 2.31, "size": "medium", "crown_color": "#5c753f"}}, {"type": "Feature", "geometry": {"type": "Point", "coordinates": [-119.4808928668499, 49.85313092322828]}, "properties": {"source": "deepforest", "kind": "tree", "species": "pine", "score": 0.6554610133171082, "crown_m": 5.29, "size": "large", "crown_color": "#637145"}}, {"type": "Feature", "geometry": {"type": "Point", "coordinates": [-119.48013380169868, 49.85699457335036]}, "properties": {"source": "deepforest", "kind": "tree", "species": "pine", "score": 0.6536960601806641, "crown_m": 6.35, "size": "large", "crown_color": "#667260"}}, {"type": "Feature", "geometry": {"type": "Point", "coordinates": [-119.47510331869125, 49.85541620778507]}, "properties": {"source": "deepforest", "kind": "tree", "species": "pine", "score": 0.6513328552246094, "crown_m": 5.49, "size": "large", "crown_color": "#656d44"}}, {"type": "Feature", "geometry": {"type": "Point", "coordinates": [-119.47725042700768, 49.85470936343583]}, "properties": {"source": "deepforest", "kind": "tree", "species": "maple", "score": 0.6502770781517029, "crown_m": 3.85, "size": "large", "crown_color": "#5e3f3b"}}, {"type": "Feature", "geometry": {"type": "Point", "coordinates": [-119.47752870619297, 49.85525149452119]}, "properties": {"source": "deepforest", "kind": "tree", "species": "maple", "score": 0.6455571055412292, "crown_m": 5.29, "size": "large", "crown_color": "#504141"}}, {"type": "Feature", "geometry": {"type": "Point", "coordinates": [-119.47746366262436, 49.85371630531536]}, "properties": {"source": "deepforest", "kind": "tree", "species": "maple", "score": 0.6453649401664734, "crown_m": 2.7, "size": "medium", "crown_color": "#323f3f"}}, {"type": "Feature", "geometry": {"type": "Point", "coordinates": [-119.4772021472454, 49.853537751560296]}, "properties": {"source": "deepforest", "kind": "tree", "species": "pine", "score": 0.6419514417648315, "crown_m": 4.62, "size": "large", "crown_color": "#6d7a4c"}}, {"type": "Feature", "geometry": {"type": "Point", "coordinates": [-119.47728328406811, 49.85232417381371]}, "properties": {"source": "deepforest", "kind": "tree", "species": "maple", "score": 0.6400604248046875, "crown_m": 2.98, "size": "medium", "crown_color": "#70914b"}}, {"type": "Feature", "geometry": {"type": "Point", "coordinates": [-119.4806320220232, 49.85361686868086]}, "properties": {"source": "deepforest", "kind": "tree", "species": "maple", "score": 0.6328824758529663, "crown_m": 2.6, "size": "medium", "crown_color": "#9da683"}}, {"type": "Feature", "geometry": {"type": "Point", "coordinates": [-119.47614267468452, 49.854117508440766]}, "properties": {"source": "deepforest", "kind": "tree", "species": "maple", "score": 0.6309831738471985, "crown_m": 4.62, "size": "large", "crown_color": "#809155"}}, {"type": "Feature", "geometry": {"type": "Point", "coordinates": [-119.48068968951702, 49.85334233604078]}, "properties": {"source": "deepforest", "kind": "tree", "species": "maple", "score": 0.6277534365653992, "crown_m": 2.31, "size": "medium", "crown_color": "#a8a88c"}}, {"type": "Feature", "geometry": {"type": "Point", "coordinates": [-119.48030143976212, 49.85607548753793]}, "properties": {"source": "deepforest", "kind": "tree", "species": "pine", "score": 0.6264324188232422, "crown_m": 5.97, "size": "large", "crown_color": "#63764b"}}, {"type": "Feature", "geometry": {"type": "Point", "coordinates": [-119.47763733565807, 49.85485981190655]}, "properties": {"source": "deepforest", "kind": "tree", "species": "maple", "score": 0.6256943345069885, "crown_m": 5.78, "size": "large", "crown_color": "#624847"}}, {"type": "Feature", "geometry": {"type": "Point", "coordinates": [-119.47905085980892, 49.85660376947794]}, "properties": {"source": "deepforest", "kind": "tree", "species": "maple", "score": 0.6255903840065002, "crown_m": 2.6, "size": "medium", "crown_color": "#63493a"}}, {"type": "Feature", "geometry": {"type": "Point", "coordinates": [-119.4786773622036, 49.85157231965811]}, "properties": {"source": "deepforest", "kind": "tree", "species": "maple", "score": 0.6247768998146057, "crown_m": 3.85, "size": "large", "crown_color": "#897556"}}, {"type": "Feature", "geometry": {"type": "Point", "coordinates": [-119.48072388768196, 49.85159609900833]}, "properties": {"source": "deepforest", "kind": "tree", "species": "maple", "score": 0.623272180557251, "crown_m": 11.65, "size": "large", "crown_color": "#514940"}}, {"type": "Feature", "geometry": {"type": "Point", "coordinates": [-119.4771210104227, 49.85366399302446]}, "properties": {"source": "deepforest", "kind": "tree", "species": "maple", "score": 0.6221893429756165, "crown_m": 6.16, "size": "large", "crown_color": "#6c7248"}}, {"type": "Feature", "geometry": {"type": "Point", "coordinates": [-119.47841048240662, 49.85150833153031]}, "properties": {"source": "deepforest", "kind": "tree", "species": "maple", "score": 0.6187729239463806, "crown_m": 4.04, "size": "large", "crown_color": "#777557"}}, {"type": "Feature", "geometry": {"type": "Point", "coordinates": [-119.47532795369625, 49.854352262604195]}, "properties": {"source": "deepforest", "kind": "tree", "species": "maple", "score": 0.6176444292068481, "crown_m": 2.02, "size": "medium", "crown_color": "#30444a"}}, {"type": "Feature", "geometry": {"type": "Point", "coordinates": [-119.47641626000404, 49.854980862060195]}, "properties": {"source": "deepforest", "kind": "tree", "species": "pine", "score": 0.6133068799972534, "crown_m": 2.5, "size": "medium", "crown_color": "#475b3a"}}, {"type": "Feature", "geometry": {"type": "Point", "coordinates": [-119.4794961065054, 49.853801042459814]}, "properties": {"source": "deepforest", "kind": "tree", "species": "maple", "score": 0.6085022687911987, "crown_m": 2.02, "size": "medium", "crown_color": "#6a8459"}}, {"type": "Feature", "geometry": {"type": "Point", "coordinates": [-119.47741135954857, 49.85187712680659]}, "properties": {"source": "deepforest", "kind": "tree", "species": "maple", "score": 0.6072447896003723, "crown_m": 2.79, "size": "medium", "crown_color": "#6a8552"}}, {"type": "Feature", "geometry": {"type": "Point", "coordinates": [-119.48067158460617, 49.85536605892428]}, "properties": {"source": "deepforest", "kind": "tree", "species": "maple", "score": 0.6060534119606018, "crown_m": 5.58, "size": "large", "crown_color": "#59604c"}}, {"type": "Feature", "geometry": {"type": "Point", "coordinates": [-119.47594687342644, 49.853772508540004]}, "properties": {"source": "deepforest", "kind": "tree", "species": "maple", "score": 0.6058991551399231, "crown_m": 3.95, "size": "large", "crown_color": "#4f423b"}}, {"type": "Feature", "geometry": {"type": "Point", "coordinates": [-119.48097869753838, 49.85536346501627]}, "properties": {"source": "deepforest", "kind": "tree", "species": "pine", "score": 0.6005154252052307, "crown_m": 3.85, "size": "large", "crown_color": "#516f44"}}, {"type": "Feature", "geometry": {"type": "Point", "coordinates": [-119.47723232209682, 49.856604201784855]}, "properties": {"source": "deepforest", "kind": "tree", "species": "maple", "score": 0.5978372097015381, "crown_m": 5.29, "size": "large", "crown_color": "#7c9550"}}, {"type": "Feature", "geometry": {"type": "Point", "coordinates": [-119.47484314441681, 49.85438728108332]}, "properties": {"source": "deepforest", "kind": "tree", "species": "maple", "score": 0.5971121788024902, "crown_m": 8.28, "size": "large", "crown_color": "#645043"}}, {"type": "Feature", "geometry": {"type": "Point", "coordinates": [-119.48261752724648, 49.85535741256371]}, "properties": {"source": "deepforest", "kind": "tree", "species": "pine", "score": 0.5887210369110107, "crown_m": 3.37, "size": "medium", "crown_color": "#515944"}}, {"type": "Feature", "geometry": {"type": "Point", "coordinates": [-119.47566792368889, 49.856863585236425]}, "properties": {"source": "deepforest", "kind": "tree", "species": "maple", "score": 0.5867211222648621, "crown_m": 2.41, "size": "medium", "crown_color": "#64433e"}}, {"type": "Feature", "geometry": {"type": "Point", "coordinates": [-119.48147222399712, 49.8568268393321]}, "properties": {"source": "deepforest", "kind": "tree", "species": "maple", "score": 0.5859092473983765, "crown_m": 10.78, "size": "large", "crown_color": "#7b885c"}}, {"type": "Feature", "geometry": {"type": "Point", "coordinates": [-119.47688899934292, 49.85355374792845]}, "properties": {"source": "deepforest", "kind": "tree", "species": "maple", "score": 0.5857223868370056, "crown_m": 7.22, "size": "large", "crown_color": "#4a463a"}}, {"type": "Feature", "geometry": {"type": "Point", "coordinates": [-119.48104240000248, 49.85242101904207]}, "properties": {"source": "deepforest", "kind": "tree", "species": "maple", "score": 0.5837424397468567, "crown_m": 3.95, "size": "large", "crown_color": "#738950"}}, {"type": "Feature", "geometry": {"type": "Point", "coordinates": [-119.47985418140888, 49.8528291503722]}, "properties": {"source": "deepforest", "kind": "tree", "species": "maple", "score": 0.5823079347610474, "crown_m": 2.02, "size": "medium", "crown_color": "#6e825e"}}, {"type": "Feature", "geometry": {"type": "Point", "coordinates": [-119.47930097579956, 49.8541257226941]}, "properties": {"source": "deepforest", "kind": "tree", "species": "maple", "score": 0.5802663564682007, "crown_m": 1.73, "size": "small", "crown_color": "#6e875e"}}, {"type": "Feature", "geometry": {"type": "Point", "coordinates": [-119.47700701653957, 49.851551566761074]}, "properties": {"source": "deepforest", "kind": "tree", "species": "maple", "score": 0.57855224609375, "crown_m": 1.64, "size": "small", "crown_color": "#162a35"}}, {"type": "Feature", "geometry": {"type": "Point", "coordinates": [-119.47672203183174, 49.8521058389932]}, "properties": {"source": "deepforest", "kind": "tree", "species": "pine", "score": 0.5775140523910522, "crown_m": 4.81, "size": "large", "crown_color": "#5d7344"}}, {"type": "Feature", "geometry": {"type": "Point", "coordinates": [-119.47697751224041, 49.85155026970471]}, "properties": {"source": "deepforest", "kind": "tree", "species": "maple", "score": 0.572221040725708, "crown_m": 1.64, "size": "small", "crown_color": "#192a38"}}, {"type": "Feature", "geometry": {"type": "Point", "coordinates": [-119.47955042123795, 49.8518377830132]}, "properties": {"source": "deepforest", "kind": "tree", "species": "maple", "score": 0.570178210735321, "crown_m": 8.86, "size": "large", "crown_color": "#5d624c"}}, {"type": "Feature", "geometry": {"type": "Point", "coordinates": [-119.47722762823105, 49.85240934574358]}, "properties": {"source": "deepforest", "kind": "tree", "species": "maple", "score": 0.5687492489814758, "crown_m": 3.66, "size": "large", "crown_color": "#6d8c4a"}}, {"type": "Feature", "geometry": {"type": "Point", "coordinates": [-119.4823694229126, 49.85407773414173]}, "properties": {"source": "deepforest", "kind": "tree", "species": "maple", "score": 0.568591833114624, "crown_m": 2.41, "size": "medium", "crown_color": "#706458"}}, {"type": "Feature", "geometry": {"type": "Point", "coordinates": [-119.47968989610672, 49.85376256489732]}, "properties": {"source": "deepforest", "kind": "tree", "species": "maple", "score": 0.5677614212036133, "crown_m": 3.27, "size": "medium", "crown_color": "#999980"}}, {"type": "Feature", "geometry": {"type": "Point", "coordinates": [-119.47559349238873, 49.85708751849637]}, "properties": {"source": "deepforest", "kind": "tree", "species": "pine", "score": 0.5669516921043396, "crown_m": 2.41, "size": "medium", "crown_color": "#556c52"}}, {"type": "Feature", "geometry": {"type": "Point", "coordinates": [-119.47829179465771, 49.855985566632526]}, "properties": {"source": "deepforest", "kind": "tree", "species": "pine", "score": 0.5658408403396606, "crown_m": 5.29, "size": "large", "crown_color": "#567042"}}, {"type": "Feature", "geometry": {"type": "Point", "coordinates": [-119.48062129318714, 49.854934603644416]}, "properties": {"source": "deepforest", "kind": "tree", "species": "maple", "score": 0.5643383264541626, "crown_m": 2.98, "size": "medium", "crown_color": "#727254"}}, {"type": "Feature", "geometry": {"type": "Point", "coordinates": [-119.47428658604622, 49.8562851582299]}, "properties": {"source": "deepforest", "kind": "tree", "species": "maple", "score": 0.5641376376152039, "crown_m": 5.29, "size": "large", "crown_color": "#717a5d"}}, {"type": "Feature", "geometry": {"type": "Point", "coordinates": [-119.47650007903576, 49.85433626650035]}, "properties": {"source": "deepforest", "kind": "tree", "species": "maple", "score": 0.5619961023330688, "crown_m": 4.72, "size": "large", "crown_color": "#66786e"}}, {"type": "Feature", "geometry": {"type": "Point", "coordinates": [-119.47914272546768, 49.85641182482567]}, "properties": {"source": "deepforest", "kind": "tree", "species": "maple", "score": 0.5608808398246765, "crown_m": 3.08, "size": "medium", "crown_color": "#493c3a"}}, {"type": "Feature", "geometry": {"type": "Point", "coordinates": [-119.47601057589054, 49.85438728108332]}, "properties": {"source": "deepforest", "kind": "tree", "species": "pine", "score": 0.5570825338363647, "crown_m": 6.06, "size": "large", "crown_color": "#5d774c"}}, {"type": "Feature", "geometry": {"type": "Point", "coordinates": [-119.47866395115852, 49.85516416600132]}, "properties": {"source": "deepforest", "kind": "tree", "species": "maple", "score": 0.5569767355918884, "crown_m": 2.7, "size": "medium", "crown_color": "#7f875b"}}, {"type": "Feature", "geometry": {"type": "Point", "coordinates": [-119.4797395169735, 49.85580702126189]}, "properties": {"source": "deepforest", "kind": "fruittree", "species": "apple", "score": 0.5557522773742676, "crown_m": 2.41, "size": "medium", "crown_color": "#212f30"}}, {"type": "Feature", "geometry": {"type": "Point", "coordinates": [-119.47537690401077, 49.8543967922708]}, "properties": {"source": "deepforest", "kind": "tree", "species": "maple", "score": 0.5549068450927734, "crown_m": 3.75, "size": "large", "crown_color": "#563e39"}}, {"type": "Feature", "geometry": {"type": "Point", "coordinates": [-119.47633847594261, 49.853138705311395]}, "properties": {"source": "deepforest", "kind": "tree", "species": "maple", "score": 0.5543150901794434, "crown_m": 2.12, "size": "medium", "crown_color": "#748f52"}}, {"type": "Feature", "geometry": {"type": "Point", "coordinates": [-119.48027797043324, 49.85683289160062]}, "properties": {"source": "deepforest", "kind": "tree", "species": "pine", "score": 0.554271399974823, "crown_m": 2.5, "size": "medium", "crown_color": "#5e6746"}}, {"type": "Feature", "geometry": {"type": "Point", "coordinates": [-119.47780027985573, 49.85647364492078]}, "properties": {"source": "deepforest", "kind": "tree", "species": "pine", "score": 0.5540617108345032, "crown_m": 2.41, "size": "medium", "crown_color": "#4f6b49"}}, {"type": "Feature", "geometry": {"type": "Point", "coordinates": [-119.48252901434898, 49.85581091208814]}, "properties": {"source": "deepforest", "kind": "tree", "species": "maple", "score": 0.5529199838638306, "crown_m": 2.5, "size": "medium", "crown_color": "#606247"}}, {"type": "Feature", "geometry": {"type": "Point", "coordinates": [-119.48049321770668, 49.85330688446805]}, "properties": {"source": "deepforest", "kind": "tree", "species": "pine", "score": 0.5477866530418396, "crown_m": 1.93, "size": "small", "crown_color": "#536f40"}}, {"type": "Feature", "geometry": {"type": "Point", "coordinates": [-119.48213674128056, 49.85669498615129]}, "properties": {"source": "deepforest", "kind": "tree", "species": "maple", "score": 0.5450069308280945, "crown_m": 3.18, "size": "medium", "crown_color": "#83976f"}}, {"type": "Feature", "geometry": {"type": "Point", "coordinates": [-119.4794887304306, 49.8538909674302]}, "properties": {"source": "deepforest", "kind": "tree", "species": "pine", "score": 0.5420308113098145, "crown_m": 1.93, "size": "small", "crown_color": "#5f7a50"}}, {"type": "Feature", "geometry": {"type": "Point", "coordinates": [-119.4819114357233, 49.8532338195593]}, "properties": {"source": "deepforest", "kind": "tree", "species": "maple", "score": 0.5409483909606934, "crown_m": 3.18, "size": "medium", "crown_color": "#7b7a4e"}}, {"type": "Feature", "geometry": {"type": "Point", "coordinates": [-119.47595961391926, 49.85208595101994]}, "properties": {"source": "deepforest", "kind": "tree", "species": "maple", "score": 0.5409013628959656, "crown_m": 2.21, "size": "medium", "crown_color": "#6d8f4d"}}, {"type": "Feature", "geometry": {"type": "Point", "coordinates": [-119.47931572794914, 49.85690940950148]}, "properties": {"source": "deepforest", "kind": "tree", "species": "pine", "score": 0.5407598614692688, "crown_m": 3.46, "size": "medium", "crown_color": "#4e5e41"}}, {"type": "Feature", "geometry": {"type": "Point", "coordinates": [-119.47553046047688, 49.85366269602478]}, "properties": {"source": "deepforest", "kind": "tree", "species": "maple", "score": 0.5400305390357971, "crown_m": 6.26, "size": "large", "crown_color": "#5a5c42"}}, {"type": "Feature", "geometry": {"type": "Point", "coordinates": [-119.47780027985573, 49.85412745201042]}, "properties": {"source": "deepforest", "kind": "tree", "species": "maple", "score": 0.539357602596283, "crown_m": 5.01, "size": "large", "crown_color": "#514e44"}}, {"type": "Feature", "geometry": {"type": "Point", "coordinates": [-119.47971001267433, 49.853912151653674]}, "properties": {"source": "deepforest", "kind": "tree", "species": "maple", "score": 0.5389708876609802, "crown_m": 1.93, "size": "small", "crown_color": "#66825a"}}, {"type": "Feature", "geometry": {"type": "Point", "coordinates": [-119.47950012981892, 49.852322444432865]}, "properties": {"source": "deepforest", "kind": "tree", "species": "maple", "score": 0.5384109616279602, "crown_m": 7.99, "size": "large", "crown_color": "#7d8269"}}, {"type": "Feature", "geometry": {"type": "Point", "coordinates": [-119.48077216744423, 49.85332893362001]}, "properties": {"source": "deepforest", "kind": "tree", "species": "maple", "score": 0.5365825295448303, "crown_m": 2.79, "size": "medium", "crown_color": "#94a07b"}}, {"type": "Feature", "geometry": {"type": "Point", "coordinates": [-119.47575107216835, 49.85372062864265]}, "properties": {"source": "deepforest", "kind": "tree", "species": "maple", "score": 0.5364646911621094, "crown_m": 3.75, "size": "large", "crown_color": "#4a3b34"}}, {"type": "Feature", "geometry": {"type": "Point", "coordinates": [-119.47847753763199, 49.8559358506755]}, "properties": {"source": "deepforest", "kind": "tree", "species": "maple", "score": 0.5361007452011108, "crown_m": 5.1, "size": "large", "crown_color": "#a5a074"}}, {"type": "Feature", "geometry": {"type": "Point", "coordinates": [-119.47903610765934, 49.856838511563566]}, "properties": {"source": "deepforest", "kind": "tree", "species": "pine", "score": 0.5355604290962219, "crown_m": 3.75, "size": "large", "crown_color": "#5e783f"}}, {"type": "Feature", "geometry": {"type": "Point", "coordinates": [-119.47589859366417, 49.85233325306211]}, "properties": {"source": "deepforest", "kind": "tree", "species": "pine", "score": 0.5350785851478577, "crown_m": 3.08, "size": "medium", "crown_color": "#67804b"}}, {"type": "Feature", "geometry": {"type": "Point", "coordinates": [-119.47918362915516, 49.856442951037295]}, "properties": {"source": "deepforest", "kind": "tree", "species": "pine", "score": 0.5344641804695129, "crown_m": 3.95, "size": "large", "crown_color": "#5f7841"}}, {"type": "Feature", "geometry": {"type": "Point", "coordinates": [-119.47597235441208, 49.85502063561592]}, "properties": {"source": "deepforest", "kind": "tree", "species": "maple", "score": 0.5329027771949768, "crown_m": 5.39, "size": "large", "crown_color": "#718b4c"}}, {"type": "Feature", "geometry": {"type": "Point", "coordinates": [-119.4825404137373, 49.85455848217151]}, "properties": {"source": "deepforest", "kind": "tree", "species": "maple", "score": 0.5304448008537292, "crown_m": 1.64, "size": "small", "crown_color": "#9aa485"}}, {"type": "Feature", "geometry": {"type": "Point", "coordinates": [-119.48183365166187, 49.85461987231297]}, "properties": {"source": "deepforest", "kind": "tree", "species": "pine", "score": 0.5287314057350159, "crown_m": 2.79, "size": "medium", "crown_color": "#677250"}}, {"type": "Feature", "geometry": {"type": "Point", "coordinates": [-119.47796791791916, 49.85690811258892]}, "properties": {"source": "deepforest", "kind": "tree", "species": "pine", "score": 0.5244037508964539, "crown_m": 2.5, "size": "medium", "crown_color": "#5b774a"}}, {"type": "Feature", "geometry": {"type": "Point", "coordinates": [-119.47557404637337, 49.8557780562122]}, "properties": {"source": "deepforest", "kind": "tree", "species": "maple", "score": 0.5242292284965515, "crown_m": 1.93, "size": "small", "crown_color": "#678554"}}, {"type": "Feature", "geometry": {"type": "Point", "coordinates": [-119.48068231344223, 49.854931577391376]}, "properties": {"source": "deepforest", "kind": "tree", "species": "maple", "score": 0.5234408378601074, "crown_m": 2.7, "size": "medium", "crown_color": "#6a6d4b"}}, {"type": "Feature", "geometry": {"type": "Point", "coordinates": [-119.47592675685883, 49.85466396940872]}, "properties": {"source": "deepforest", "kind": "tree", "species": "maple", "score": 0.5221766829490662, "crown_m": 3.95, "size": "large", "crown_color": "#8a7769"}}, {"type": "Feature", "geometry": {"type": "Point", "coordinates": [-119.47974689304829, 49.85490823200439]}, "properties": {"source": "deepforest", "kind": "tree", "species": "pine", "score": 0.5217168927192688, "crown_m": 2.12, "size": "medium", "crown_color": "#374840"}}, {"type": "Feature", "geometry": {"type": "Point", "coordinates": [-119.48185376822948, 49.85711086283054]}, "properties": {"source": "deepforest", "kind": "tree", "species": "maple", "score": 0.5214794874191284, "crown_m": 3.18, "size": "medium", "crown_color": "#8b9674"}}, {"type": "Feature", "geometry": {"type": "Point", "coordinates": [-119.47526760399342, 49.8566396509387]}, "properties": {"source": "deepforest", "kind": "tree", "species": "maple", "score": 0.5202447175979614, "crown_m": 2.41, "size": "medium", "crown_color": "#919576"}}, {"type": "Feature", "geometry": {"type": "Point", "coordinates": [-119.48188327252865, 49.85151524916983]}, "properties": {"source": "deepforest", "kind": "tree", "species": "maple", "score": 0.5192418098449707, "crown_m": 1.54, "size": "small", "crown_color": "#61683f"}}, {"type": "Feature", "geometry": {"type": "Point", "coordinates": [-119.47650477290154, 49.85596222175473]}, "properties": {"source": "deepforest", "kind": "tree", "species": "maple", "score": 0.5191429257392883, "crown_m": 3.27, "size": "medium", "crown_color": "#653f3b"}}, {"type": "Feature", "geometry": {"type": "Point", "coordinates": [-119.48055692017078, 49.856459378752014]}, "properties": {"source": "deepforest", "kind": "tree", "species": "maple", "score": 0.5190339088439941, "crown_m": 1.92, "size": "small", "crown_color": "#81834e"}}, {"type": "Feature", "geometry": {"type": "Point", "coordinates": [-119.47758503258228, 49.8526518903662]}, "properties": {"source": "deepforest", "kind": "tree", "species": "pine", "score": 0.518439531326294, "crown_m": 2.02, "size": "medium", "crown_color": "#516644"}}, {"type": "Feature", "geometry": {"type": "Point", "coordinates": [-119.47841249406338, 49.85642652331698]}, "properties": {"source": "deepforest", "kind": "tree", "species": "pine", "score": 0.517953097820282, "crown_m": 2.89, "size": "medium", "crown_color": "#657a4a"}}, {"type": "Feature", "geometry": {"type": "Point", "coordinates": [-119.48088012635708, 49.852109730117434]}, "properties": {"source": "deepforest", "kind": "tree", "species": "maple", "score": 0.5174897909164429, "crown_m": 4.72, "size": "large", "crown_color": "#858d64"}}, {"type": "Feature", "geometry": {"type": "Point", "coordinates": [-119.47680920362473, 49.852261051372906]}, "properties": {"source": "deepforest", "kind": "tree", "species": "pine", "score": 0.5162225961685181, "crown_m": 3.18, "size": "medium", "crown_color": "#67844a"}}, {"type": "Feature", "geometry": {"type": "Point", "coordinates": [-119.47656981647015, 49.853123141143904]}, "properties": {"source": "deepforest", "kind": "tree", "species": "maple", "score": 0.5148673057556152, "crown_m": 2.6, "size": "medium", "crown_color": "#7c8f64"}}, {"type": "Feature", "geometry": {"type": "Point", "coordinates": [-119.48162376880646, 49.85549705109763]}, "properties": {"source": "deepforest", "kind": "tree", "species": "pine", "score": 0.5139769911766052, "crown_m": 2.89, "size": "medium", "crown_color": "#5d7849"}}, {"type": "Feature", "geometry": {"type": "Point", "coordinates": [-119.48002651333809, 49.85437258197172]}, "properties": {"source": "deepforest", "kind": "tree", "species": "maple", "score": 0.5134357213973999, "crown_m": 8.86, "size": "large", "crown_color": "#819280"}}, {"type": "Feature", "geometry": {"type": "Point", "coordinates": [-119.47598911821842, 49.85533190579102]}, "properties": {"source": "deepforest", "kind": "tree", "species": "maple", "score": 0.5130362510681152, "crown_m": 4.04, "size": "large", "crown_color": "#6b453a"}}, {"type": "Feature", "geometry": {"type": "Point", "coordinates": [-119.47626538574696, 49.85567127446116]}, "properties": {"source": "deepforest", "kind": "tree", "species": "maple", "score": 0.5128064751625061, "crown_m": 2.6, "size": "medium", "crown_color": "#31434a"}}, {"type": "Feature", "geometry": {"type": "Point", "coordinates": [-119.4806957244873, 49.85556622173898]}, "properties": {"source": "deepforest", "kind": "fruittree", "species": "apple", "score": 0.5115493535995483, "crown_m": 1.93, "size": "small", "crown_color": "#4f6659"}}, {"type": "Feature", "geometry": {"type": "Point", "coordinates": [-119.48123015463352, 49.85467088659656]}, "properties": {"source": "deepforest", "kind": "tree", "species": "pine", "score": 0.5111414790153503, "crown_m": 2.6, "size": "medium", "crown_color": "#636d5d"}}, {"type": "Feature", "geometry": {"type": "Point", "coordinates": [-119.47776608169079, 49.854557617521074]}, "properties": {"source": "deepforest", "kind": "tree", "species": "maple", "score": 0.5108973383903503, "crown_m": 2.6, "size": "medium", "crown_color": "#ec8473"}}, {"type": "Feature", "geometry": {"type": "Point", "coordinates": [-119.47985485196114, 49.851660951722195]}, "properties": {"source": "deepforest", "kind": "tree", "species": "maple", "score": 0.5073487162590027, "crown_m": 2.02, "size": "medium", "crown_color": "#7f986a"}}, {"type": "Feature", "geometry": {"type": "Point", "coordinates": [-119.47817377746105, 49.856442951037295]}, "properties": {"source": "deepforest", "kind": "tree", "species": "maple", "score": 0.5072612166404724, "crown_m": 7.8, "size": "large", "crown_color": "#773d3d"}}, {"type": "Feature", "geometry": {"type": "Point", "coordinates": [-119.48123082518578, 49.8548364664849]}, "properties": {"source": "deepforest", "kind": "tree", "species": "pine", "score": 0.5061821341514587, "crown_m": 4.04, "size": "large", "crown_color": "#5c6653"}}, {"type": "Feature", "geometry": {"type": "Point", "coordinates": [-119.48012240231037, 49.85355720660195]}, "properties": {"source": "deepforest", "kind": "tree", "species": "maple", "score": 0.5043165683746338, "crown_m": 2.02, "size": "medium", "crown_color": "#889c71"}}, {"type": "Feature", "geometry": {"type": "Point", "coordinates": [-119.47705797851086, 49.85170418681642]}, "properties": {"source": "deepforest", "kind": "tree", "species": "maple", "score": 0.5036070942878723, "crown_m": 2.98, "size": "medium", "crown_color": "#686b46"}}, {"type": "Feature", "geometry": {"type": "Point", "coordinates": [-119.47909712791443, 49.85571709985691]}, "properties": {"source": "deepforest", "kind": "tree", "species": "maple", "score": 0.5035141110420227, "crown_m": 12.8, "size": "large", "crown_color": "#60654f"}}, {"type": "Feature", "geometry": {"type": "Point", "coordinates": [-119.47748176753521, 49.8527552200585]}, "properties": {"source": "deepforest", "kind": "tree", "species": "pine", "score": 0.503235399723053, "crown_m": 2.7, "size": "medium", "crown_color": "#546348"}}, {"type": "Feature", "geometry": {"type": "Point", "coordinates": [-119.48023840785027, 49.85641960638046]}, "properties": {"source": "deepforest", "kind": "tree", "species": "pine", "score": 0.5029977560043335, "crown_m": 2.5, "size": "medium", "crown_color": "#3c4837"}}, {"type": "Feature", "geometry": {"type": "Point", "coordinates": [-119.47837762534618, 49.85530380509366]}, "properties": {"source": "deepforest", "kind": "tree", "species": "pine", "score": 0.5024474859237671, "crown_m": 12.8, "size": "large", "crown_color": "#5f6e40"}}, {"type": "Feature", "geometry": {"type": "Point", "coordinates": [-119.4800727814436, 49.85660809254691]}, "properties": {"source": "deepforest", "kind": "tree", "species": "pine", "score": 0.5020850896835327, "crown_m": 4.04, "size": "large", "crown_color": "#687a51"}}, {"type": "Feature", "geometry": {"type": "Point", "coordinates": [-119.48004394769669, 49.85349278876738]}, "properties": {"source": "deepforest", "kind": "fruittree", "species": "apple", "score": 0.5016716718673706, "crown_m": 2.12, "size": "medium", "crown_color": "#70885e"}}, {"type": "Feature", "geometry": {"type": "Point", "coordinates": [-119.47643369436264, 49.85418279009976]}, "properties": {"source": "deepforest", "kind": "tree", "species": "maple", "score": 0.5010509490966797, "crown_m": 5.97, "size": "large", "crown_color": "#a2a68d"}}, {"type": "Feature", "geometry": {"type": "Point", "coordinates": [-119.47730675339699, 49.852113621241365]}, "properties": {"source": "deepforest", "kind": "tree", "species": "pine", "score": 0.5001051425933838, "crown_m": 2.5, "size": "medium", "crown_color": "#5b7048"}}, {"type": "Feature", "geometry": {"type": "Point", "coordinates": [-119.47484917938709, 49.85421262076226]}, "properties": {"source": "deepforest", "kind": "tree", "species": "maple", "score": 0.49949076771736145, "crown_m": 2.79, "size": "medium", "crown_color": "#949b84"}}, {"type": "Feature", "geometry": {"type": "Point", "coordinates": [-119.47647795081139, 49.85438684875656]}, "properties": {"source": "deepforest", "kind": "tree", "species": "pine", "score": 0.4991711378097534, "crown_m": 3.08, "size": "medium", "crown_color": "#627958"}}, {"type": "Feature", "geometry": {"type": "Point", "coordinates": [-119.48192819952965, 49.85646110798481]}, "properties": {"source": "deepforest", "kind": "tree", "species": "maple", "score": 0.4985392093658447, "crown_m": 2.89, "size": "medium", "crown_color": "#565c47"}}, {"type": "Feature", "geometry": {"type": "Point", "coordinates": [-119.47738453745842, 49.856221176342]}, "properties": {"source": "deepforest", "kind": "tree", "species": "pine", "score": 0.4978903532028198, "crown_m": 6.26, "size": "large", "crown_color": "#616d47"}}, {"type": "Feature", "geometry": {"type": "Point", "coordinates": [-119.48141925036907, 49.85603744409837]}, "properties": {"source": "deepforest", "kind": "tree", "species": "maple", "score": 0.4968486726284027, "crown_m": 2.41, "size": "medium", "crown_color": "#82806c"}}, {"type": "Feature", "geometry": {"type": "Point", "coordinates": [-119.47569005191326, 49.85249365283599]}, "properties": {"source": "deepforest", "kind": "tree", "species": "pine", "score": 0.4950028955936432, "crown_m": 2.21, "size": "medium", "crown_color": "#6b8645"}}, {"type": "Feature", "geometry": {"type": "Point", "coordinates": [-119.4810189306736, 49.85618832074502]}, "properties": {"source": "deepforest", "kind": "tree", "species": "maple", "score": 0.49336332082748413, "crown_m": 2.98, "size": "medium", "crown_color": "#6e8357"}}, {"type": "Feature", "geometry": {"type": "Point", "coordinates": [-119.47944179177284, 49.85483733113035]}, "properties": {"source": "deepforest", "kind": "tree", "species": "pine", "score": 0.49313923716545105, "crown_m": 4.43, "size": "large", "crown_color": "#59664d"}}, {"type": "Feature", "geometry": {"type": "Point", "coordinates": [-119.47870686650276, 49.8564658633747]}, "properties": {"source": "deepforest", "kind": "tree", "species": "maple", "score": 0.4930385947227478, "crown_m": 5.97, "size": "large", "crown_color": "#828362"}}, {"type": "Feature", "geometry": {"type": "Point", "coordinates": [-119.47632104158401, 49.852774243073995]}, "properties": {"source": "deepforest", "kind": "tree", "species": "maple", "score": 0.49178045988082886, "crown_m": 2.5, "size": "medium", "crown_color": "#19252b"}}, {"type": "Feature", "geometry": {"type": "Point", "coordinates": [-119.48103569447994, 49.852607791434444]}, "properties": {"source": "deepforest", "kind": "fruittree", "species": "apple", "score": 0.49141836166381836, "crown_m": 3.18, "size": "medium", "crown_color": "#748d51"}}, {"type": "Feature", "geometry": {"type": "Point", "coordinates": [-119.48205292224884, 49.8515766431772]}, "properties": {"source": "deepforest", "kind": "tree", "species": "maple", "score": 0.49105167388916016, "crown_m": 2.89, "size": "medium", "crown_color": "#8f4b4b"}}, {"type": "Feature", "geometry": {"type": "Point", "coordinates": [-119.4800727814436, 49.85341367144369]}, "properties": {"source": "deepforest", "kind": "tree", "species": "maple", "score": 0.49021270871162415, "crown_m": 2.79, "size": "medium", "crown_color": "#8c9b73"}}, {"type": "Feature", "geometry": {"type": "Point", "coordinates": [-119.47847351431847, 49.856254896536726]}, "properties": {"source": "deepforest", "kind": "tree", "species": "maple", "score": 0.48922598361968994, "crown_m": 2.12, "size": "medium", "crown_color": "#6e845f"}}, {"type": "Feature", "geometry": {"type": "Point", "coordinates": [-119.48228426277637, 49.855653981847695]}, "properties": {"source": "deepforest", "kind": "tree", "species": "maple", "score": 0.4889852702617645, "crown_m": 1.83, "size": "small", "crown_color": "#333d46"}}, {"type": "Feature", "geometry": {"type": "Point", "coordinates": [-119.48254778981209, 49.85231422987303]}, "properties": {"source": "deepforest", "kind": "tree", "species": "maple", "score": 0.4863653779029846, "crown_m": 2.12, "size": "medium", "crown_color": "#768b5e"}}, {"type": "Feature", "geometry": {"type": "Point", "coordinates": [-119.47647124528885, 49.856453326436714]}, "properties": {"source": "deepforest", "kind": "tree", "species": "pine", "score": 0.4843319356441498, "crown_m": 5.2, "size": "large", "crown_color": "#5c674f"}}, {"type": "Feature", "geometry": {"type": "Point", "coordinates": [-119.48217362165451, 49.855336228973776]}, "properties": {"source": "deepforest", "kind": "tree", "species": "pine", "score": 0.481582909822464, "crown_m": 7.32, "size": "large", "crown_color": "#626a5e"}}, {"type": "Feature", "geometry": {"type": "Point", "coordinates": [-119.47639547288418, 49.85169510744984]}, "properties": {"source": "deepforest", "kind": "tree", "species": "maple", "score": 0.48107340931892395, "crown_m": 1.64, "size": "small", "crown_color": "#869f64"}}, {"type": "Feature", "geometry": {"type": "Point", "coordinates": [-119.47992324829102, 49.85160950190965]}, "properties": {"source": "deepforest", "kind": "tree", "species": "pine", "score": 0.48069706559181213, "crown_m": 2.31, "size": "medium", "crown_color": "#162015"}}, {"type": "Feature", "geometry": {"type": "Point", "coordinates": [-119.47579935193062, 49.85232892961071]}, "properties": {"source": "deepforest", "kind": "tree", "species": "maple", "score": 0.47912535071372986, "crown_m": 2.5, "size": "medium", "crown_color": "#708d4f"}}, {"type": "Feature", "geometry": {"type": "Point", "coordinates": [-119.47997353971004, 49.85357449996573]}, "properties": {"source": "deepforest", "kind": "tree", "species": "maple", "score": 0.4790647625923157, "crown_m": 1.83, "size": "small", "crown_color": "#6d855b"}}, {"type": "Feature", "geometry": {"type": "Point", "coordinates": [-119.47708882391453, 49.85260346800759]}, "properties": {"source": "deepforest", "kind": "tree", "species": "pine", "score": 0.4789969325065613, "crown_m": 4.33, "size": "large", "crown_color": "#5c6d46"}}, {"type": "Feature", "geometry": {"type": "Point", "coordinates": [-119.47699561715126, 49.85384730196067]}, "properties": {"source": "deepforest", "kind": "tree", "species": "pine", "score": 0.4784918427467346, "crown_m": 4.24, "size": "large", "crown_color": "#6e7b4a"}}, {"type": "Feature", "geometry": {"type": "Point", "coordinates": [-119.47609104216099, 49.85661155100182]}, "properties": {"source": "deepforest", "kind": "tree", "species": "pine", "score": 0.47816306352615356, "crown_m": 2.31, "size": "medium", "crown_color": "#5b724e"}}, {"type": "Feature", "geometry": {"type": "Point", "coordinates": [-119.47676829993725, 49.85621728554879]}, "properties": {"source": "deepforest", "kind": "tree", "species": "pine", "score": 0.4774165153503418, "crown_m": 2.41, "size": "medium", "crown_color": "#536340"}}, {"type": "Feature", "geometry": {"type": "Point", "coordinates": [-119.47839975357056, 49.85499080545219]}, "properties": {"source": "deepforest", "kind": "tree", "species": "maple", "score": 0.47716763615608215, "crown_m": 2.02, "size": "medium", "crown_color": "#98a99d"}}, {"type": "Feature", "geometry": {"type": "Point", "coordinates": [-119.47957456111908, 49.85659080026869]}, "properties": {"source": "deepforest", "kind": "tree", "species": "maple", "score": 0.4757540822029114, "crown_m": 2.5, "size": "medium", "crown_color": "#72864f"}}, {"type": "Feature", "geometry": {"type": "Point", "coordinates": [-119.48261484503746, 49.85472968265319]}, "properties": {"source": "deepforest", "kind": "tree", "species": "maple", "score": 0.4754233956336975, "crown_m": 2.41, "size": "medium", "crown_color": "#7b8a6d"}}, {"type": "Feature", "geometry": {"type": "Point", "coordinates": [-119.47646722197533, 49.85637334934193]}, "properties": {"source": "deepforest", "kind": "tree", "species": "pine", "score": 0.47408971190452576, "crown_m": 2.6, "size": "medium", "crown_color": "#677049"}}, {"type": "Feature", "geometry": {"type": "Point", "coordinates": [-119.47590664029121, 49.85216766459693]}, "properties": {"source": "deepforest", "kind": "tree", "species": "pine", "score": 0.4736618399620056, "crown_m": 2.41, "size": "medium", "crown_color": "#5e7e3e"}}, {"type": "Feature", "geometry": {"type": "Point", "coordinates": [-119.47711162269115, 49.85592893366873]}, "properties": {"source": "deepforest", "kind": "tree", "species": "pine", "score": 0.47240346670150757, "crown_m": 2.79, "size": "medium", "crown_color": "#69784c"}}, {"type": "Feature", "geometry": {"type": "Point", "coordinates": [-119.48074400424957, 49.853299102412024]}, "properties": {"source": "deepforest", "kind": "tree", "species": "maple", "score": 0.47135525941848755, "crown_m": 1.93, "size": "small", "crown_color": "#82956d"}}, {"type": "Feature", "geometry": {"type": "Point", "coordinates": [-119.47942234575748, 49.85153470502568]}, "properties": {"source": "deepforest", "kind": "tree", "species": "maple", "score": 0.47100359201431274, "crown_m": 2.41, "size": "medium", "crown_color": "#6c8751"}}, {"type": "Feature", "geometry": {"type": "Point", "coordinates": [-119.47709083557129, 49.85370938799089]}, "properties": {"source": "deepforest", "kind": "tree", "species": "maple", "score": 0.4706050753593445, "crown_m": 4.33, "size": "large", "crown_color": "#838157"}}, {"type": "Feature", "geometry": {"type": "Point", "coordinates": [-119.4766066968441, 49.85679744258853]}, "properties": {"source": "deepforest", "kind": "tree", "species": "pine", "score": 0.47022974491119385, "crown_m": 2.5, "size": "medium", "crown_color": "#576d52"}}, {"type": "Feature", "geometry": {"type": "Point", "coordinates": [-119.48206432163715, 49.8545710196011]}, "properties": {"source": "deepforest", "kind": "tree", "species": "pine", "score": 0.46923479437828064, "crown_m": 8.28, "size": "large", "crown_color": "#596151"}}, {"type": "Feature", "geometry": {"type": "Point", "coordinates": [-119.48181085288525, 49.85692799857775]}, "properties": {"source": "deepforest", "kind": "tree", "species": "maple", "score": 0.46786120533943176, "crown_m": 2.6, "size": "medium", "crown_color": "#3f462b"}}, {"type": "Feature", "geometry": {"type": "Point", "coordinates": [-119.48257125914097, 49.85554244434219]}, "properties": {"source": "deepforest", "kind": "tree", "species": "maple", "score": 0.46753451228141785, "crown_m": 3.37, "size": "medium", "crown_color": "#687964"}}, {"type": "Feature", "geometry": {"type": "Point", "coordinates": [-119.48093108832836, 49.85552774558196]}, "properties": {"source": "deepforest", "kind": "tree", "species": "maple", "score": 0.4674549400806427, "crown_m": 3.37, "size": "medium", "crown_color": "#8f9571"}}, {"type": "Feature", "geometry": {"type": "Point", "coordinates": [-119.4795336574316, 49.85598599894497]}, "properties": {"source": "deepforest", "kind": "tree", "species": "pine", "score": 0.46687987446784973, "crown_m": 4.91, "size": "large", "crown_color": "#67814a"}}, {"type": "Feature", "geometry": {"type": "Point", "coordinates": [-119.48092639446259, 49.8522230049304]}, "properties": {"source": "deepforest", "kind": "tree", "species": "maple", "score": 0.4667935073375702, "crown_m": 8.76, "size": "large", "crown_color": "#808468"}}, {"type": "Feature", "geometry": {"type": "Point", "coordinates": [-119.47862036526203, 49.85442705512759]}, "properties": {"source": "deepforest", "kind": "fruittree", "species": "apple", "score": 0.46512678265571594, "crown_m": 2.6, "size": "medium", "crown_color": "#34302f"}}, {"type": "Feature", "geometry": {"type": "Point", "coordinates": [-119.48195703327656, 49.85184167415903]}, "properties": {"source": "deepforest", "kind": "tree", "species": "pine", "score": 0.46357691287994385, "crown_m": 2.6, "size": "medium", "crown_color": "#597746"}}, {"type": "Feature", "geometry": {"type": "Point", "coordinates": [-119.4781281799078, 49.85353386055102]}, "properties": {"source": "deepforest", "kind": "tree", "species": "maple", "score": 0.4622311592102051, "crown_m": 1.83, "size": "small", "crown_color": "#1a1d12"}}, {"type": "Feature", "geometry": {"type": "Point", "coordinates": [-119.47609774768353, 49.85203190757299]}, "properties": {"source": "deepforest", "kind": "tree", "species": "maple", "score": 0.4615846276283264, "crown_m": 2.79, "size": "medium", "crown_color": "#6a8c4e"}}, {"type": "Feature", "geometry": {"type": "Point", "coordinates": [-119.4792627543211, 49.855125689524165]}, "properties": {"source": "deepforest", "kind": "fruittree", "species": "apple", "score": 0.4600817561149597, "crown_m": 10.49, "size": "large", "crown_color": "#4e5b40"}}, {"type": "Feature", "geometry": {"type": "Point", "coordinates": [-119.47620570659637, 49.85690206032982]}, "properties": {"source": "deepforest", "kind": "tree", "species": "pine", "score": 0.46001797914505005, "crown_m": 2.31, "size": "medium", "crown_color": "#495136"}}, {"type": "Feature", "geometry": {"type": "Point", "coordinates": [-119.47997353971004, 49.854108861856794]}, "properties": {"source": "deepforest", "kind": "tree", "species": "pine", "score": 0.4591309428215027, "crown_m": 3.37, "size": "medium", "crown_color": "#4f6b45"}}, {"type": "Feature", "geometry": {"type": "Point", "coordinates": [-119.48113694787025, 49.85467953307996]}, "properties": {"source": "deepforest", "kind": "tree", "species": "pine", "score": 0.45890334248542786, "crown_m": 2.6, "size": "medium", "crown_color": "#546357"}}, {"type": "Feature", "geometry": {"type": "Point", "coordinates": [-119.47572760283947, 49.853639350024814]}, "properties": {"source": "deepforest", "kind": "tree", "species": "pine", "score": 0.4588656723499298, "crown_m": 2.6, "size": "medium", "crown_color": "#576c44"}}, {"type": "Feature", "geometry": {"type": "Point", "coordinates": [-119.47801753878593, 49.853498409118785]}, "properties": {"source": "deepforest", "kind": "tree", "species": "maple", "score": 0.45762771368026733, "crown_m": 1.83, "size": "small", "crown_color": "#2b363f"}}, {"type": "Feature", "geometry": {"type": "Point", "coordinates": [-119.48261752724648, 49.85434448071649]}, "properties": {"source": "deepforest", "kind": "fruittree", "species": "apple", "score": 0.456552118062973, "crown_m": 1.93, "size": "small", "crown_color": "#464a2a"}}, {"type": "Feature", "geometry": {"type": "Point", "coordinates": [-119.47538360953331, 49.855135200566316]}, "properties": {"source": "deepforest", "kind": "tree", "species": "pine", "score": 0.4543627202510834, "crown_m": 10.78, "size": "large", "crown_color": "#627b46"}}, {"type": "Feature", "geometry": {"type": "Point", "coordinates": [-119.48138304054737, 49.85418365475691]}, "properties": {"source": "deepforest", "kind": "tree", "species": "pine", "score": 0.45416906476020813, "crown_m": 2.5, "size": "medium", "crown_color": "#495944"}}, {"type": "Feature", "geometry": {"type": "Point", "coordinates": [-119.48200531303883, 49.854236398813384]}, "properties": {"source": "deepforest", "kind": "tree", "species": "pine", "score": 0.45409098267555237, "crown_m": 2.6, "size": "medium", "crown_color": "#49513e"}}, {"type": "Feature", "geometry": {"type": "Point", "coordinates": [-119.48042213916779, 49.85577286844028]}, "properties": {"source": "deepforest", "kind": "tree", "species": "pine", "score": 0.45289307832717896, "crown_m": 2.31, "size": "medium", "crown_color": "#3e513f"}}, {"type": "Feature", "geometry": {"type": "Point", "coordinates": [-119.47620436549187, 49.853098497868494]}, "properties": {"source": "deepforest", "kind": "tree", "species": "pine", "score": 0.4516628086566925, "crown_m": 5.58, "size": "large", "crown_color": "#607e47"}}, {"type": "Feature", "geometry": {"type": "Point", "coordinates": [-119.48023706674576, 49.85380493344757]}, "properties": {"source": "deepforest", "kind": "tree", "species": "maple", "score": 0.44963550567626953, "crown_m": 5.01, "size": "large", "crown_color": "#9ca07b"}}, {"type": "Feature", "geometry": {"type": "Point", "coordinates": [-119.47758167982101, 49.85371587298261]}, "properties": {"source": "deepforest", "kind": "tree", "species": "maple", "score": 0.4480476379394531, "crown_m": 2.5, "size": "medium", "crown_color": "#303e3f"}}, {"type": "Feature", "geometry": {"type": "Point", "coordinates": [-119.47507582604885, 49.855050898082034]}, "properties": {"source": "deepforest", "kind": "tree", "species": "maple", "score": 0.44800829887390137, "crown_m": 2.89, "size": "medium", "crown_color": "#94967d"}}, {"type": "Feature", "geometry": {"type": "Point", "coordinates": [-119.47537422180176, 49.85578065009796]}, "properties": {"source": "deepforest", "kind": "tree", "species": "pine", "score": 0.4475589394569397, "crown_m": 2.5, "size": "medium", "crown_color": "#63724e"}}, {"type": "Feature", "geometry": {"type": "Point", "coordinates": [-119.47960205376148, 49.853193179858096]}, "properties": {"source": "deepforest", "kind": "tree", "species": "pine", "score": 0.447361022233963, "crown_m": 2.21, "size": "medium", "crown_color": "#546951"}}, {"type": "Feature", "geometry": {"type": "Point", "coordinates": [-119.47646789252758, 49.85622636406579]}, "properties": {"source": "deepforest", "kind": "tree", "species": "maple", "score": 0.4468337893486023, "crown_m": 2.6, "size": "medium", "crown_color": "#867d7b"}}, {"type": "Feature", "geometry": {"type": "Point", "coordinates": [-119.47920575737953, 49.852515702358964]}, "properties": {"source": "deepforest", "kind": "tree", "species": "pine", "score": 0.4464877247810364, "crown_m": 1.73, "size": "small", "crown_color": "#677959"}}, {"type": "Feature", "geometry": {"type": "Point", "coordinates": [-119.48035173118114, 49.85503274060465]}, "properties": {"source": "deepforest", "kind": "tree", "species": "maple", "score": 0.4453030526638031, "crown_m": 1.93, "size": "small", "crown_color": "#2b3936"}}, {"type": "Feature", "geometry": {"type": "Point", "coordinates": [-119.47980053722858, 49.856196534646365]}, "properties": {"source": "deepforest", "kind": "tree", "species": "pine", "score": 0.4448332190513611, "crown_m": 1.92, "size": "small", "crown_color": "#526745"}}, {"type": "Feature", "geometry": {"type": "Point", "coordinates": [-119.4817216694355, 49.85331164016834]}, "properties": {"source": "deepforest", "kind": "tree", "species": "pine", "score": 0.4444335997104645, "crown_m": 1.93, "size": "small", "crown_color": "#212d18"}}, {"type": "Feature", "geometry": {"type": "Point", "coordinates": [-119.47528839111328, 49.8566171709905]}, "properties": {"source": "deepforest", "kind": "tree", "species": "maple", "score": 0.44314420223236084, "crown_m": 2.5, "size": "medium", "crown_color": "#8a8b6c"}}, {"type": "Feature", "geometry": {"type": "Point", "coordinates": [-119.4799393415451, 49.85163241653881]}, "properties": {"source": "deepforest", "kind": "tree", "species": "maple", "score": 0.4420681893825531, "crown_m": 2.6, "size": "medium", "crown_color": "#6c7b5e"}}, {"type": "Feature", "geometry": {"type": "Point", "coordinates": [-119.4785526394844, 49.85154335207021]}, "properties": {"source": "deepforest", "kind": "tree", "species": "maple", "score": 0.44101086258888245, "crown_m": 3.18, "size": "medium", "crown_color": "#7d7855"}}, {"type": "Feature", "geometry": {"type": "Point", "coordinates": [-119.47724975645542, 49.85472535941618]}, "properties": {"source": "deepforest", "kind": "tree", "species": "maple", "score": 0.439998060464859, "crown_m": 2.41, "size": "medium", "crown_color": "#483635"}}, {"type": "Feature", "geometry": {"type": "Point", "coordinates": [-119.48283143341541, 49.856110937079656]}, "properties": {"source": "deepforest", "kind": "tree", "species": "maple", "score": 0.4398602247238159, "crown_m": 2.31, "size": "medium", "crown_color": "#678456"}}, {"type": "Feature", "geometry": {"type": "Point", "coordinates": [-119.48262020945549, 49.854177169827956]}, "properties": {"source": "deepforest", "kind": "tree", "species": "maple", "score": 0.43935921788215637, "crown_m": 7.22, "size": "large", "crown_color": "#737969"}}, {"type": "Feature", "geometry": {"type": "Point", "coordinates": [-119.4753098487854, 49.85538119005155]}, "properties": {"source": "deepforest", "kind": "tree", "species": "pine", "score": 0.4393310546875, "crown_m": 2.89, "size": "medium", "crown_color": "#646d48"}}, {"type": "Feature", "geometry": {"type": "Point", "coordinates": [-119.47550967335701, 49.85458053075242]}, "properties": {"source": "deepforest", "kind": "tree", "species": "maple", "score": 0.4380277991294861, "crown_m": 9.24, "size": "large", "crown_color": "#697460"}}, {"type": "Feature", "geometry": {"type": "Point", "coordinates": [-119.47574436664581, 49.852408913399145]}, "properties": {"source": "deepforest", "kind": "tree", "species": "maple", "score": 0.43788114190101624, "crown_m": 2.02, "size": "medium", "crown_color": "#769551"}}, {"type": "Feature", "geometry": {"type": "Point", "coordinates": [-119.47970397770405, 49.85394717045172]}, "properties": {"source": "deepforest", "kind": "tree", "species": "pine", "score": 0.43538856506347656, "crown_m": 2.02, "size": "medium", "crown_color": "#607958"}}, {"type": "Feature", "geometry": {"type": "Point", "coordinates": [-119.4790294021368, 49.85455848217151]}, "properties": {"source": "deepforest", "kind": "tree", "species": "pine", "score": 0.43517518043518066, "crown_m": 2.02, "size": "medium", "crown_color": "#262f1f"}}, {"type": "Feature", "geometry": {"type": "Point", "coordinates": [-119.47800815105438, 49.85690811258892]}, "properties": {"source": "deepforest", "kind": "tree", "species": "pine", "score": 0.43486785888671875, "crown_m": 2.12, "size": "medium", "crown_color": "#141f17"}}, {"type": "Feature", "geometry": {"type": "Point", "coordinates": [-119.47713308036327, 49.85253861655846]}, "properties": {"source": "deepforest", "kind": "tree", "species": "pine", "score": 0.43352946639060974, "crown_m": 2.79, "size": "medium", "crown_color": "#5e7b47"}}, {"type": "Feature", "geometry": {"type": "Point", "coordinates": [-119.4813870638609, 49.85450357683808]}, "properties": {"source": "deepforest", "kind": "tree", "species": "maple", "score": 0.43345871567726135, "crown_m": 2.89, "size": "medium", "crown_color": "#64635a"}}, {"type": "Feature", "geometry": {"type": "Point", "coordinates": [-119.47529576718807, 49.85684586074489]}, "properties": {"source": "deepforest", "kind": "tree", "species": "maple", "score": 0.4331473112106323, "crown_m": 4.62, "size": "large", "crown_color": "#878a7c"}}, {"type": "Feature", "geometry": {"type": "Point", "coordinates": [-119.47896502912045, 49.856470186456015]}, "properties": {"source": "deepforest", "kind": "tree", "species": "maple", "score": 0.4324887990951538, "crown_m": 4.33, "size": "large", "crown_color": "#6b6954"}}, {"type": "Feature", "geometry": {"type": "Point", "coordinates": [-119.47832331061363, 49.85164192826848]}, "properties": {"source": "deepforest", "kind": "tree", "species": "pine", "score": 0.4324862062931061, "crown_m": 2.41, "size": "medium", "crown_color": "#506244"}}, {"type": "Feature", "geometry": {"type": "Point", "coordinates": [-119.48141187429428, 49.855370382103985]}, "properties": {"source": "deepforest", "kind": "tree", "species": "pine", "score": 0.43240079283714294, "crown_m": 3.47, "size": "medium", "crown_color": "#576551"}}, {"type": "Feature", "geometry": {"type": "Point", "coordinates": [-119.48254711925983, 49.85538032541584]}, "properties": {"source": "deepforest", "kind": "tree", "species": "pine", "score": 0.4298800230026245, "crown_m": 1.64, "size": "small", "crown_color": "#394a40"}}, {"type": "Feature", "geometry": {"type": "Point", "coordinates": [-119.48108196258545, 49.85590947958188]}, "properties": {"source": "deepforest", "kind": "tree", "species": "pine", "score": 0.42929667234420776, "crown_m": 2.5, "size": "medium", "crown_color": "#5a6557"}}, {"type": "Feature", "geometry": {"type": "Point", "coordinates": [-119.47808861732483, 49.85672481526302]}, "properties": {"source": "deepforest", "kind": "tree", "species": "maple", "score": 0.4290775954723358, "crown_m": 2.5, "size": "medium", "crown_color": "#728951"}}, {"type": "Feature", "geometry": {"type": "Point", "coordinates": [-119.48086000978947, 49.85467910075583]}, "properties": {"source": "deepforest", "kind": "tree", "species": "maple", "score": 0.4288254380226135, "crown_m": 6.74, "size": "large", "crown_color": "#67756d"}}, {"type": "Feature", "geometry": {"type": "Point", "coordinates": [-119.47603404521942, 49.8527361970355]}, "properties": {"source": "deepforest", "kind": "fruittree", "species": "apple", "score": 0.42879152297973633, "crown_m": 2.7, "size": "medium", "crown_color": "#526e3d"}}, {"type": "Feature", "geometry": {"type": "Point", "coordinates": [-119.47558745741844, 49.856927566273725]}, "properties": {"source": "deepforest", "kind": "tree", "species": "maple", "score": 0.4286341071128845, "crown_m": 1.73, "size": "small", "crown_color": "#aab2a0"}}, {"type": "Feature", "geometry": {"type": "Point", "coordinates": [-119.47678036987782, 49.854749137215016]}, "properties": {"source": "deepforest", "kind": "tree", "species": "pine", "score": 0.42815378308296204, "crown_m": 2.02, "size": "medium", "crown_color": "#283023"}}, {"type": "Feature", "geometry": {"type": "Point", "coordinates": [-119.48008686304092, 49.85199602269084]}, "properties": {"source": "deepforest", "kind": "tree", "species": "pine", "score": 0.4275903105735779, "crown_m": 6.93, "size": "large", "crown_color": "#49533f"}}, {"type": "Feature", "geometry": {"type": "Point", "coordinates": [-119.48276236653328, 49.85504052238151]}, "properties": {"source": "deepforest", "kind": "tree", "species": "maple", "score": 0.4275585412979126, "crown_m": 2.89, "size": "medium", "crown_color": "#394e5b"}}, {"type": "Feature", "geometry": {"type": "Point", "coordinates": [-119.47596564888954, 49.85222819308342]}, "properties": {"source": "deepforest", "kind": "tree", "species": "pine", "score": 0.4273295998573303, "crown_m": 2.98, "size": "medium", "crown_color": "#54753e"}}, {"type": "Feature", "geometry": {"type": "Point", "coordinates": [-119.47951890528202, 49.851560213802586]}, "properties": {"source": "deepforest", "kind": "tree", "species": "maple", "score": 0.42712652683258057, "crown_m": 5.97, "size": "large", "crown_color": "#7b8e69"}}, {"type": "Feature", "geometry": {"type": "Point", "coordinates": [-119.47981663048267, 49.855919422782804]}, "properties": {"source": "deepforest", "kind": "tree", "species": "pine", "score": 0.42631158232688904, "crown_m": 11.65, "size": "large", "crown_color": "#4e563f"}}, {"type": "Feature", "geometry": {"type": "Point", "coordinates": [-119.48160231113434, 49.85175823062983]}, "properties": {"source": "deepforest", "kind": "tree", "species": "maple", "score": 0.4260689914226532, "crown_m": 2.31, "size": "medium", "crown_color": "#6e864a"}}, {"type": "Feature", "geometry": {"type": "Point", "coordinates": [-119.48263630270958, 49.85432545831908]}, "properties": {"source": "deepforest", "kind": "tree", "species": "pine", "score": 0.42544257640838623, "crown_m": 2.12, "size": "medium", "crown_color": "#3d4629"}}, {"type": "Feature", "geometry": {"type": "Point", "coordinates": [-119.47802491486073, 49.853536022222876]}, "properties": {"source": "deepforest", "kind": "tree", "species": "pine", "score": 0.42539146542549133, "crown_m": 2.12, "size": "medium", "crown_color": "#434f3d"}}, {"type": "Feature", "geometry": {"type": "Point", "coordinates": [-119.48208577930927, 49.854740923067645]}, "properties": {"source": "deepforest", "kind": "tree", "species": "maple", "score": 0.4250031113624573, "crown_m": 5.49, "size": "large", "crown_color": "#838b5c"}}, {"type": "Feature", "geometry": {"type": "Point", "coordinates": [-119.47671197354794, 49.856182700706455]}, "properties": {"source": "deepforest", "kind": "tree", "species": "pine", "score": 0.42485976219177246, "crown_m": 5.97, "size": "large", "crown_color": "#5b774b"}}, {"type": "Feature", "geometry": {"type": "Point", "coordinates": [-119.47935126721859, 49.853117520748874]}, "properties": {"source": "deepforest", "kind": "tree", "species": "pine", "score": 0.42453938722610474, "crown_m": 2.31, "size": "medium", "crown_color": "#3f4d44"}}, {"type": "Feature", "geometry": {"type": "Point", "coordinates": [-119.48206968605518, 49.853201826605904]}, "properties": {"source": "deepforest", "kind": "tree", "species": "pine", "score": 0.42354539036750793, "crown_m": 2.6, "size": "medium", "crown_color": "#4f5a50"}}, {"type": "Feature", "geometry": {"type": "Point", "coordinates": [-119.47783447802067, 49.85417673749932]}, "properties": {"source": "deepforest", "kind": "tree", "species": "maple", "score": 0.42287948727607727, "crown_m": 3.27, "size": "medium", "crown_color": "#6b4443"}}, {"type": "Feature", "geometry": {"type": "Point", "coordinates": [-119.47645783424377, 49.852327200230036]}, "properties": {"source": "deepforest", "kind": "tree", "species": "pine", "score": 0.42188799381256104, "crown_m": 3.27, "size": "medium", "crown_color": "#577447"}}, {"type": "Feature", "geometry": {"type": "Point", "coordinates": [-119.48039263486862, 49.85244609500707]}, "properties": {"source": "deepforest", "kind": "tree", "species": "maple", "score": 0.4212617576122284, "crown_m": 5.49, "size": "large", "crown_color": "#797d59"}}, {"type": "Feature", "geometry": {"type": "Point", "coordinates": [-119.481857791543, 49.852750031962046]}, "properties": {"source": "deepforest", "kind": "tree", "species": "maple", "score": 0.42096996307373047, "crown_m": 7.32, "size": "large", "crown_color": "#a29e79"}}, {"type": "Feature", "geometry": {"type": "Point", "coordinates": [-119.47677969932556, 49.852661401895226]}, "properties": {"source": "deepforest", "kind": "tree", "species": "pine", "score": 0.42058736085891724, "crown_m": 2.21, "size": "medium", "crown_color": "#677b46"}}, {"type": "Feature", "geometry": {"type": "Point", "coordinates": [-119.47803698480129, 49.85623717182192]}, "properties": {"source": "deepforest", "kind": "tree", "species": "pine", "score": 0.4201383888721466, "crown_m": 2.69, "size": "medium", "crown_color": "#546244"}}, {"type": "Feature", "geometry": {"type": "Point", "coordinates": [-119.47600722312927, 49.85274008810899]}, "properties": {"source": "deepforest", "kind": "tree", "species": "pine", "score": 0.4198979139328003, "crown_m": 3.27, "size": "medium", "crown_color": "#5c7f49"}}, {"type": "Feature", "geometry": {"type": "Point", "coordinates": [-119.4760112464428, 49.85663273403269]}, "properties": {"source": "deepforest", "kind": "tree", "species": "maple", "score": 0.4193757176399231, "crown_m": 2.69, "size": "medium", "crown_color": "#85835a"}}, {"type": "Feature", "geometry": {"type": "Point", "coordinates": [-119.48186919093132, 49.856226796376085]}, "properties": {"source": "deepforest", "kind": "fruittree", "species": "peach", "score": 0.41893693804740906, "crown_m": 2.12, "size": "medium", "crown_color": "#758660"}}, {"type": "Feature", "geometry": {"type": "Point", "coordinates": [-119.47763867676258, 49.85442791978037]}, "properties": {"source": "deepforest", "kind": "tree", "species": "maple", "score": 0.4186711013317108, "crown_m": 3.56, "size": "large", "crown_color": "#77846b"}}, {"type": "Feature", "geometry": {"type": "Point", "coordinates": [-119.48264434933662, 49.85470676949257]}, "properties": {"source": "deepforest", "kind": "tree", "species": "pine", "score": 0.4183919429779053, "crown_m": 2.31, "size": "medium", "crown_color": "#647e55"}}, {"type": "Feature", "geometry": {"type": "Point", "coordinates": [-119.47848558425903, 49.85378893716256]}, "properties": {"source": "deepforest", "kind": "tree", "species": "pine", "score": 0.4176221787929535, "crown_m": 2.21, "size": "medium", "crown_color": "#5d8048"}}, {"type": "Feature", "geometry": {"type": "Point", "coordinates": [-119.48155000805855, 49.85412226406129]}, "properties": {"source": "deepforest", "kind": "tree", "species": "maple", "score": 0.4174855053424835, "crown_m": 1.93, "size": "small", "crown_color": "#333826"}}, {"type": "Feature", "geometry": {"type": "Point", "coordinates": [-119.47709016501904, 49.854177169827956]}, "properties": {"source": "deepforest", "kind": "tree", "species": "maple", "score": 0.4174237549304962, "crown_m": 2.6, "size": "medium", "crown_color": "#2a3c35"}}, {"type": "Feature", "geometry": {"type": "Point", "coordinates": [-119.47525419294834, 49.85452562544404]}, "properties": {"source": "deepforest", "kind": "tree", "species": "pine", "score": 0.41731560230255127, "crown_m": 3.56, "size": "large", "crown_color": "#61784c"}}, {"type": "Feature", "geometry": {"type": "Point", "coordinates": [-119.47941094636917, 49.855425718770036]}, "properties": {"source": "deepforest", "kind": "tree", "species": "maple", "score": 0.4172840118408203, "crown_m": 2.21, "size": "medium", "crown_color": "#7f814f"}}, {"type": "Feature", "geometry": {"type": "Point", "coordinates": [-119.47559483349323, 49.856420038689016]}, "properties": {"source": "deepforest", "kind": "fruittree", "species": "peach", "score": 0.4167391359806061, "crown_m": 2.02, "size": "medium", "crown_color": "#263436"}}, {"type": "Feature", "geometry": {"type": "Point", "coordinates": [-119.48220647871494, 49.852701177359954]}, "properties": {"source": "deepforest", "kind": "tree", "species": "maple", "score": 0.416587769985199, "crown_m": 2.6, "size": "medium", "crown_color": "#819560"}}, {"type": "Feature", "geometry": {"type": "Point", "coordinates": [-119.4770036637783, 49.855811776716145]}, "properties": {"source": "deepforest", "kind": "tree", "species": "pine", "score": 0.41603004932403564, "crown_m": 2.89, "size": "medium", "crown_color": "#222e26"}}, {"type": "Feature", "geometry": {"type": "Point", "coordinates": [-119.48184236884117, 49.853724519636884]}, "properties": {"source": "deepforest", "kind": "fruittree", "species": "apple", "score": 0.4158797860145569, "crown_m": 3.27, "size": "medium", "crown_color": "#4e5138"}}, {"type": "Feature", "geometry": {"type": "Point", "coordinates": [-119.47778888046741, 49.85446899076925]}, "properties": {"source": "deepforest", "kind": "tree", "species": "pine", "score": 0.41551855206489563, "crown_m": 2.02, "size": "medium", "crown_color": "#283321"}}, {"type": "Feature", "geometry": {"type": "Point", "coordinates": [-119.48182225227356, 49.8544063034564]}, "properties": {"source": "deepforest", "kind": "tree", "species": "maple", "score": 0.41541311144828796, "crown_m": 2.02, "size": "medium", "crown_color": "#c95552"}}, {"type": "Feature", "geometry": {"type": "Point", "coordinates": [-119.48032826185226, 49.853561097609344]}, "properties": {"source": "deepforest", "kind": "fruittree", "species": "apple", "score": 0.4151307940483093, "crown_m": 1.73, "size": "small", "crown_color": "#6f885f"}}, {"type": "Feature", "geometry": {"type": "Point", "coordinates": [-119.48202207684517, 49.85721893830469]}, "properties": {"source": "deepforest", "kind": "tree", "species": "maple", "score": 0.4150834083557129, "crown_m": 1.64, "size": "small", "crown_color": "#7a906b"}}, {"type": "Feature", "geometry": {"type": "Point", "coordinates": [-119.4760762900114, 49.85298133405377]}, "properties": {"source": "deepforest", "kind": "tree", "species": "maple", "score": 0.41459935903549194, "crown_m": 2.41, "size": "medium", "crown_color": "#929d85"}}, {"type": "Feature", "geometry": {"type": "Point", "coordinates": [-119.48036380112171, 49.85500766598178]}, "properties": {"source": "deepforest", "kind": "tree", "species": "pine", "score": 0.41348809003829956, "crown_m": 2.5, "size": "medium", "crown_color": "#5d694e"}}, {"type": "Feature", "geometry": {"type": "Point", "coordinates": [-119.48174580931664, 49.85213696797839]}, "properties": {"source": "deepforest", "kind": "tree", "species": "pine", "score": 0.41288912296295166, "crown_m": 9.43, "size": "large", "crown_color": "#5f7747"}}, {"type": "Feature", "geometry": {"type": "Point", "coordinates": [-119.47708681225777, 49.85580875051803]}, "properties": {"source": "deepforest", "kind": "tree", "species": "pine", "score": 0.4122767448425293, "crown_m": 2.69, "size": "medium", "crown_color": "#638343"}}, {"type": "Feature", "geometry": {"type": "Point", "coordinates": [-119.48278449475765, 49.85391733962536]}, "properties": {"source": "deepforest", "kind": "tree", "species": "maple", "score": 0.4114408791065216, "crown_m": 5.78, "size": "large", "crown_color": "#676956"}}, {"type": "Feature", "geometry": {"type": "Point", "coordinates": [-119.47707340121269, 49.85210281256301]}, "properties": {"source": "deepforest", "kind": "tree", "species": "maple", "score": 0.41113752126693726, "crown_m": 2.02, "size": "medium", "crown_color": "#677a5c"}}, {"type": "Feature", "geometry": {"type": "Point", "coordinates": [-119.47928220033646, 49.85201850478881]}, "properties": {"source": "deepforest", "kind": "tree", "species": "pine", "score": 0.41109398007392883, "crown_m": 3.08, "size": "medium", "crown_color": "#646d44"}}, {"type": "Feature", "geometry": {"type": "Point", "coordinates": [-119.4775253534317, 49.8537258166349]}, "properties": {"source": "deepforest", "kind": "tree", "species": "pine", "score": 0.4099687337875366, "crown_m": 1.93, "size": "small", "crown_color": "#4a624b"}}, {"type": "Feature", "geometry": {"type": "Point", "coordinates": [-119.47623588144779, 49.855605994812926]}, "properties": {"source": "deepforest", "kind": "tree", "species": "maple", "score": 0.4090189039707184, "crown_m": 7.03, "size": "large", "crown_color": "#879181"}}, {"type": "Feature", "geometry": {"type": "Point", "coordinates": [-119.47842054069042, 49.85562458439061]}, "properties": {"source": "deepforest", "kind": "tree", "species": "pine", "score": 0.40885087847709656, "crown_m": 2.41, "size": "medium", "crown_color": "#5d6948"}}, {"type": "Feature", "geometry": {"type": "Point", "coordinates": [-119.47596497833729, 49.8548394927439]}, "properties": {"source": "deepforest", "kind": "tree", "species": "pine", "score": 0.40879446268081665, "crown_m": 2.6, "size": "medium", "crown_color": "#36473a"}}, {"type": "Feature", "geometry": {"type": "Point", "coordinates": [-119.47950415313244, 49.85660852485378]}, "properties": {"source": "deepforest", "kind": "tree", "species": "maple", "score": 0.4083371162414551, "crown_m": 3.18, "size": "medium", "crown_color": "#6b4c42"}}, {"type": "Feature", "geometry": {"type": "Point", "coordinates": [-119.47655975818634, 49.855105370473304]}, "properties": {"source": "deepforest", "kind": "tree", "species": "maple", "score": 0.40831485390663147, "crown_m": 2.31, "size": "medium", "crown_color": "#93a08f"}}, {"type": "Feature", "geometry": {"type": "Point", "coordinates": [-119.47779424488544, 49.85641398636879]}, "properties": {"source": "deepforest", "kind": "tree", "species": "maple", "score": 0.4072652757167816, "crown_m": 1.83, "size": "small", "crown_color": "#1a2018"}}, {"type": "Feature", "geometry": {"type": "Point", "coordinates": [-119.4748853892088, 49.85515033176587]}, "properties": {"source": "deepforest", "kind": "tree", "species": "pine", "score": 0.4071885347366333, "crown_m": 2.12, "size": "medium", "crown_color": "#445743"}}, {"type": "Feature", "geometry": {"type": "Point", "coordinates": [-119.47646789252758, 49.855130445045475]}, "properties": {"source": "deepforest", "kind": "tree", "species": "maple", "score": 0.4070211350917816, "crown_m": 1.73, "size": "small", "crown_color": "#798e5e"}}, {"type": "Feature", "geometry": {"type": "Point", "coordinates": [-119.47832599282265, 49.8559345537368]}, "properties": {"source": "deepforest", "kind": "tree", "species": "pine", "score": 0.40645337104797363, "crown_m": 6.16, "size": "large", "crown_color": "#576f3f"}}, {"type": "Feature", "geometry": {"type": "Point", "coordinates": [-119.48201403021812, 49.854491471716806]}, "properties": {"source": "deepforest", "kind": "tree", "species": "pine", "score": 0.4061274826526642, "crown_m": 2.89, "size": "medium", "crown_color": "#516144"}}, {"type": "Feature", "geometry": {"type": "Point", "coordinates": [-119.47560489177704, 49.856876554372455]}, "properties": {"source": "deepforest", "kind": "tree", "species": "pine", "score": 0.4051607549190521, "crown_m": 1.92, "size": "small", "crown_color": "#1b261a"}}, {"type": "Feature", "geometry": {"type": "Point", "coordinates": [-119.47534337639809, 49.85301375949218]}, "properties": {"source": "deepforest", "kind": "tree", "species": "pine", "score": 0.4046405553817749, "crown_m": 1.93, "size": "small", "crown_color": "#192b11"}}, {"type": "Feature", "geometry": {"type": "Point", "coordinates": [-119.47993263602257, 49.851947167326536]}, "properties": {"source": "deepforest", "kind": "tree", "species": "maple", "score": 0.40443411469459534, "crown_m": 2.21, "size": "medium", "crown_color": "#5d5d3e"}}, {"type": "Feature", "geometry": {"type": "Point", "coordinates": [-119.48038391768932, 49.85175477182758]}, "properties": {"source": "deepforest", "kind": "tree", "species": "maple", "score": 0.4042285680770874, "crown_m": 4.52, "size": "large", "crown_color": "#595143"}}, {"type": "Feature", "geometry": {"type": "Point", "coordinates": [-119.48001310229301, 49.85351527016906]}, "properties": {"source": "deepforest", "kind": "tree", "species": "maple", "score": 0.404207706451416, "crown_m": 2.31, "size": "medium", "crown_color": "#768c61"}}, {"type": "Feature", "geometry": {"type": "Point", "coordinates": [-119.47650611400604, 49.85400034709652]}, "properties": {"source": "deepforest", "kind": "fruittree", "species": "apple", "score": 0.4036795496940613, "crown_m": 2.5, "size": "medium", "crown_color": "#657052"}}, {"type": "Feature", "geometry": {"type": "Point", "coordinates": [-119.4775253534317, 49.8549752418812]}, "properties": {"source": "deepforest", "kind": "tree", "species": "maple", "score": 0.40236884355545044, "crown_m": 2.41, "size": "medium", "crown_color": "#6c5b50"}}, {"type": "Feature", "geometry": {"type": "Point", "coordinates": [-119.47465136647224, 49.85520696564217]}, "properties": {"source": "deepforest", "kind": "tree", "species": "maple", "score": 0.40226733684539795, "crown_m": 2.02, "size": "medium", "crown_color": "#97a85b"}}, {"type": "Feature", "geometry": {"type": "Point", "coordinates": [-119.48178336024284, 49.85150703447279]}, "properties": {"source": "deepforest", "kind": "tree", "species": "maple", "score": 0.40209704637527466, "crown_m": 5.78, "size": "large", "crown_color": "#687b72"}}, {"type": "Feature", "geometry": {"type": "Point", "coordinates": [-119.47780095040798, 49.85452086986322]}, "properties": {"source": "deepforest", "kind": "tree", "species": "maple", "score": 0.40165412425994873, "crown_m": 2.31, "size": "medium", "crown_color": "#969b71"}}, {"type": "Feature", "geometry": {"type": "Point", "coordinates": [-119.4771645963192, 49.852207440468014]}, "properties": {"source": "deepforest", "kind": "tree", "species": "maple", "score": 0.4016094505786896, "crown_m": 2.79, "size": "medium", "crown_color": "#6f834d"}}, {"type": "Feature", "geometry": {"type": "Point", "coordinates": [-119.47532594203949, 49.85720467235594]}, "properties": {"source": "deepforest", "kind": "tree", "species": "maple", "score": 0.4016020894050598, "crown_m": 7.51, "size": "large", "crown_color": "#6e7c58"}}, {"type": "Feature", "geometry": {"type": "Point", "coordinates": [-119.48003590106964, 49.85396705765906]}, "properties": {"source": "deepforest", "kind": "tree", "species": "maple", "score": 0.40107035636901855, "crown_m": 1.54, "size": "small", "crown_color": "#778a66"}}, {"type": "Feature", "geometry": {"type": "Point", "coordinates": [-119.47965167462826, 49.856406637121786]}, "properties": {"source": "deepforest", "kind": "tree", "species": "maple", "score": 0.40103209018707275, "crown_m": 1.54, "size": "small", "crown_color": "#647b5c"}}, {"type": "Feature", "geometry": {"type": "Point", "coordinates": [-119.48042079806328, 49.85589867175246]}, "properties": {"source": "deepforest", "kind": "tree", "species": "pine", "score": 0.4009024500846863, "crown_m": 1.83, "size": "small", "crown_color": "#5e6e5e"}}, {"type": "Feature", "geometry": {"type": "Point", "coordinates": [-119.4797844439745, 49.8571588483709]}, "properties": {"source": "deepforest", "kind": "tree", "species": "maple", "score": 0.40080276131629944, "crown_m": 2.79, "size": "medium", "crown_color": "#85918d"}}, {"type": "Feature", "geometry": {"type": "Point", "coordinates": [-119.48016665875912, 49.856610686388116]}, "properties": {"source": "deepforest", "kind": "tree", "species": "pine", "score": 0.4006326496601105, "crown_m": 2.6, "size": "medium", "crown_color": "#546d54"}}, {"type": "Feature", "geometry": {"type": "Point", "coordinates": [-119.47604477405548, 49.854897423951044]}, "properties": {"source": "deepforest", "kind": "tree", "species": "pine", "score": 0.4005894660949707, "crown_m": 1.64, "size": "small", "crown_color": "#25341d"}}, {"type": "Feature", "geometry": {"type": "Point", "coordinates": [-119.48198720812798, 49.855204804045044]}, "properties": {"source": "deepforest", "kind": "tree", "species": "maple", "score": 0.40058785676956177, "crown_m": 5.01, "size": "large", "crown_color": "#5d6451"}}, {"type": "Feature", "geometry": {"type": "Point", "coordinates": [-119.47540305554867, 49.85301116545791]}, "properties": {"source": "deepforest", "kind": "tree", "species": "pine", "score": 0.40051212906837463, "crown_m": 1.93, "size": "small", "crown_color": "#3f4926"}}, {"type": "Feature", "geometry": {"type": "Point", "coordinates": [-119.47682999074459, 49.85644684181234]}, "properties": {"source": "deepforest", "kind": "tree", "species": "maple", "score": 0.40040498971939087, "crown_m": 2.98, "size": "medium", "crown_color": "#818f5b"}}, {"type": "Feature", "geometry": {"type": "Point", "coordinates": [-119.47951152920723, 49.85422299664056]}, "properties": {"source": "deepforest", "kind": "fruittree", "species": "apple", "score": 0.40032973885536194, "crown_m": 2.02, "size": "medium", "crown_color": "#30381a"}}, {"type": "Feature", "geometry": {"type": "Point", "coordinates": [-119.47558343410492, 49.85584203868682]}, "properties": {"source": "deepforest", "kind": "tree", "species": "maple", "score": 0.39977505803108215, "crown_m": 2.12, "size": "medium", "crown_color": "#cd7c71"}}, {"type": "Feature", "geometry": {"type": "Point", "coordinates": [-119.47517707943916, 49.85621209782401]}, "properties": {"source": "deepforest", "kind": "tree", "species": "maple", "score": 0.3996889591217041, "crown_m": 7.51, "size": "large", "crown_color": "#76954f"}}, {"type": "Feature", "geometry": {"type": "Point", "coordinates": [-119.48004260659218, 49.854498821255085]}, "properties": {"source": "deepforest", "kind": "tree", "species": "pine", "score": 0.3990003764629364, "crown_m": 2.98, "size": "medium", "crown_color": "#5a624a"}}, {"type": "Feature", "geometry": {"type": "Point", "coordinates": [-119.47652220726013, 49.857167926711014]}, "properties": {"source": "deepforest", "kind": "tree", "species": "maple", "score": 0.3989694118499756, "crown_m": 2.41, "size": "medium", "crown_color": "#6b8558"}}, {"type": "Feature", "geometry": {"type": "Point", "coordinates": [-119.47469763457775, 49.85529040321685]}, "properties": {"source": "deepforest", "kind": "tree", "species": "maple", "score": 0.39735060930252075, "crown_m": 7.51, "size": "large", "crown_color": "#858e66"}}, {"type": "Feature", "geometry": {"type": "Point", "coordinates": [-119.48067627847195, 49.85180622148546]}, "properties": {"source": "deepforest", "kind": "tree", "species": "maple", "score": 0.3971591591835022, "crown_m": 2.02, "size": "medium", "crown_color": "#3b4c46"}}, {"type": "Feature", "geometry": {"type": "Point", "coordinates": [-119.48235400021076, 49.85677193657593]}, "properties": {"source": "deepforest", "kind": "tree", "species": "maple", "score": 0.3968976140022278, "crown_m": 2.6, "size": "medium", "crown_color": "#a7babc"}}, {"type": "Feature", "geometry": {"type": "Point", "coordinates": [-119.47620570659637, 49.855235498715004]}, "properties": {"source": "deepforest", "kind": "tree", "species": "maple", "score": 0.3965432047843933, "crown_m": 2.5, "size": "medium", "crown_color": "#8ba967"}}, {"type": "Feature", "geometry": {"type": "Point", "coordinates": [-119.4762023538351, 49.856888658896274]}, "properties": {"source": "deepforest", "kind": "tree", "species": "maple", "score": 0.3959376811981201, "crown_m": 2.98, "size": "medium", "crown_color": "#838170"}}, {"type": "Feature", "geometry": {"type": "Point", "coordinates": [-119.48038928210735, 49.8553068313234]}, "properties": {"source": "deepforest", "kind": "tree", "species": "pine", "score": 0.39552298188209534, "crown_m": 2.89, "size": "medium", "crown_color": "#626d51"}}, {"type": "Feature", "geometry": {"type": "Point", "coordinates": [-119.47754077613354, 49.8566171709905]}, "properties": {"source": "deepforest", "kind": "tree", "species": "maple", "score": 0.39498186111450195, "crown_m": 2.41, "size": "medium", "crown_color": "#889473"}}, {"type": "Feature", "geometry": {"type": "Point", "coordinates": [-119.47607092559338, 49.85311795308697]}, "properties": {"source": "deepforest", "kind": "tree", "species": "pine", "score": 0.3947409987449646, "crown_m": 2.6, "size": "medium", "crown_color": "#53783e"}}, {"type": "Feature", "geometry": {"type": "Point", "coordinates": [-119.47496317327023, 49.854230778547816]}, "properties": {"source": "deepforest", "kind": "fruittree", "species": "apple", "score": 0.3941479027271271, "crown_m": 1.83, "size": "small", "crown_color": "#555f3f"}}, {"type": "Feature", "geometry": {"type": "Point", "coordinates": [-119.477623924613, 49.857093138429704]}, "properties": {"source": "deepforest", "kind": "tree", "species": "maple", "score": 0.3938911557197571, "crown_m": 2.41, "size": "medium", "crown_color": "#657661"}}, {"type": "Feature", "geometry": {"type": "Point", "coordinates": [-119.48050864040852, 49.85451352032829]}, "properties": {"source": "deepforest", "kind": "fruittree", "species": "peach", "score": 0.39316317439079285, "crown_m": 2.02, "size": "medium", "crown_color": "#282011"}}, {"type": "Feature", "geometry": {"type": "Point", "coordinates": [-119.47548151016235, 49.85293075032642]}, "properties": {"source": "deepforest", "kind": "tree", "species": "pine", "score": 0.39293259382247925, "crown_m": 2.12, "size": "medium", "crown_color": "#60774a"}}, {"type": "Feature", "geometry": {"type": "Point", "coordinates": [-119.47635188698769, 49.85316205155321]}, "properties": {"source": "deepforest", "kind": "tree", "species": "pine", "score": 0.3924313485622406, "crown_m": 1.93, "size": "small", "crown_color": "#2d3c1f"}}, {"type": "Feature", "geometry": {"type": "Point", "coordinates": [-119.47659395635128, 49.85690768028473]}, "properties": {"source": "deepforest", "kind": "tree", "species": "pine", "score": 0.39236506819725037, "crown_m": 3.37, "size": "medium", "crown_color": "#41533f"}}, {"type": "Feature", "geometry": {"type": "Point", "coordinates": [-119.480414763093, 49.85528694466739]}, "properties": {"source": "deepforest", "kind": "tree", "species": "pine", "score": 0.39198747277259827, "crown_m": 3.85, "size": "large", "crown_color": "#626a51"}}, {"type": "Feature", "geometry": {"type": "Point", "coordinates": [-119.47828710079193, 49.8563028829271]}, "properties": {"source": "deepforest", "kind": "tree", "species": "maple", "score": 0.3918496072292328, "crown_m": 1.54, "size": "small", "crown_color": "#2f2b1b"}}, {"type": "Feature", "geometry": {"type": "Point", "coordinates": [-119.47688296437263, 49.85567213909167]}, "properties": {"source": "deepforest", "kind": "tree", "species": "maple", "score": 0.3916430175304413, "crown_m": 1.83, "size": "small", "crown_color": "#6b8356"}}, {"type": "Feature", "geometry": {"type": "Point", "coordinates": [-119.47903744876385, 49.85446682913912]}, "properties": {"source": "deepforest", "kind": "tree", "species": "maple", "score": 0.39132118225097656, "crown_m": 4.72, "size": "large", "crown_color": "#403430"}}, {"type": "Feature", "geometry": {"type": "Point", "coordinates": [-119.4756980985403, 49.85647840030944]}, "properties": {"source": "deepforest", "kind": "tree", "species": "maple", "score": 0.3907035291194916, "crown_m": 1.54, "size": "small", "crown_color": "#668259"}}, {"type": "Feature", "geometry": {"type": "Point", "coordinates": [-119.47813287377357, 49.855812209030155]}, "properties": {"source": "deepforest", "kind": "tree", "species": "pine", "score": 0.39066290855407715, "crown_m": 2.02, "size": "medium", "crown_color": "#273421"}}, {"type": "Feature", "geometry": {"type": "Point", "coordinates": [-119.47737447917461, 49.85286416995501]}, "properties": {"source": "deepforest", "kind": "tree", "species": "maple", "score": 0.39060819149017334, "crown_m": 1.93, "size": "small", "crown_color": "#39403b"}}, {"type": "Feature", "geometry": {"type": "Point", "coordinates": [-119.47618894279003, 49.85644900335389]}, "properties": {"source": "deepforest", "kind": "tree", "species": "pine", "score": 0.39051270484924316, "crown_m": 2.5, "size": "medium", "crown_color": "#647950"}}, {"type": "Feature", "geometry": {"type": "Point", "coordinates": [-119.47909109294415, 49.855976488070276]}, "properties": {"source": "deepforest", "kind": "tree", "species": "pine", "score": 0.3899884521961212, "crown_m": 2.79, "size": "medium", "crown_color": "#525b42"}}, {"type": "Feature", "geometry": {"type": "Point", "coordinates": [-119.4785512983799, 49.853715008317096]}, "properties": {"source": "deepforest", "kind": "tree", "species": "maple", "score": 0.3896593749523163, "crown_m": 2.7, "size": "medium", "crown_color": "#303e45"}}, {"type": "Feature", "geometry": {"type": "Point", "coordinates": [-119.47860896587372, 49.854577936802244]}, "properties": {"source": "deepforest", "kind": "tree", "species": "maple", "score": 0.38953664898872375, "crown_m": 2.5, "size": "medium", "crown_color": "#72665b"}}, {"type": "Feature", "geometry": {"type": "Point", "coordinates": [-119.47865456342697, 49.85633573844619]}, "properties": {"source": "deepforest", "kind": "tree", "species": "maple", "score": 0.38901790976524353, "crown_m": 1.54, "size": "small", "crown_color": "#95a8a7"}}, {"type": "Feature", "geometry": {"type": "Point", "coordinates": [-119.48231108486652, 49.854490607065166]}, "properties": {"source": "deepforest", "kind": "tree", "species": "pine", "score": 0.38885194063186646, "crown_m": 2.7, "size": "medium", "crown_color": "#343f30"}}, {"type": "Feature", "geometry": {"type": "Point", "coordinates": [-119.4800278544426, 49.85666429240838]}, "properties": {"source": "deepforest", "kind": "fruittree", "species": "apple", "score": 0.3888251483440399, "crown_m": 2.89, "size": "medium", "crown_color": "#6b433b"}}, {"type": "Feature", "geometry": {"type": "Point", "coordinates": [-119.47768159210682, 49.856231984099274]}, "properties": {"source": "deepforest", "kind": "tree", "species": "pine", "score": 0.38875195384025574, "crown_m": 2.5, "size": "medium", "crown_color": "#3c4631"}}, {"type": "Feature", "geometry": {"type": "Point", "coordinates": [-119.47941966354847, 49.85545165781044]}, "properties": {"source": "deepforest", "kind": "tree", "species": "pine", "score": 0.3883601129055023, "crown_m": 2.02, "size": "medium", "crown_color": "#566e4a"}}, {"type": "Feature", "geometry": {"type": "Point", "coordinates": [-119.47723969817162, 49.85396057270104]}, "properties": {"source": "deepforest", "kind": "tree", "species": "maple", "score": 0.3883104920387268, "crown_m": 2.89, "size": "medium", "crown_color": "#2b3e40"}}, {"type": "Feature", "geometry": {"type": "Point", "coordinates": [-119.47665698826313, 49.85396662532856]}, "properties": {"source": "deepforest", "kind": "fruittree", "species": "apple", "score": 0.3882451057434082, "crown_m": 2.6, "size": "medium", "crown_color": "#788f5e"}}, {"type": "Feature", "geometry": {"type": "Point", "coordinates": [-119.4761011004448, 49.85416722626853]}, "properties": {"source": "deepforest", "kind": "tree", "species": "pine", "score": 0.387393057346344, "crown_m": 4.04, "size": "large", "crown_color": "#5b6947"}}, {"type": "Feature", "geometry": {"type": "Point", "coordinates": [-119.47964429855347, 49.85284860569913]}, "properties": {"source": "deepforest", "kind": "tree", "species": "maple", "score": 0.38710153102874756, "crown_m": 1.73, "size": "small", "crown_color": "#778164"}}, {"type": "Feature", "geometry": {"type": "Point", "coordinates": [-119.48229297995567, 49.85473832912609]}, "properties": {"source": "deepforest", "kind": "tree", "species": "maple", "score": 0.3866613209247589, "crown_m": 3.37, "size": "medium", "crown_color": "#4a5047"}}, {"type": "Feature", "geometry": {"type": "Point", "coordinates": [-119.47719745337963, 49.85716317139021]}, "properties": {"source": "deepforest", "kind": "tree", "species": "pine", "score": 0.38648146390914917, "crown_m": 1.92, "size": "small", "crown_color": "#21351d"}}, {"type": "Feature", "geometry": {"type": "Point", "coordinates": [-119.47800882160664, 49.85518534966668]}, "properties": {"source": "deepforest", "kind": "tree", "species": "pine", "score": 0.3864659368991852, "crown_m": 2.21, "size": "medium", "crown_color": "#3c4e41"}}, {"type": "Feature", "geometry": {"type": "Point", "coordinates": [-119.48162376880646, 49.85543825597463]}, "properties": {"source": "deepforest", "kind": "tree", "species": "pine", "score": 0.38582852482795715, "crown_m": 1.93, "size": "small", "crown_color": "#5c6759"}}, {"type": "Feature", "geometry": {"type": "Point", "coordinates": [-119.47553113102913, 49.852862872933876]}, "properties": {"source": "deepforest", "kind": "tree", "species": "pine", "score": 0.3847832679748535, "crown_m": 4.81, "size": "large", "crown_color": "#6b7b3f"}}, {"type": "Feature", "geometry": {"type": "Point", "coordinates": [-119.47605013847351, 49.855791025639576]}, "properties": {"source": "deepforest", "kind": "tree", "species": "pine", "score": 0.3847743570804596, "crown_m": 1.54, "size": "small", "crown_color": "#1a2a12"}}, {"type": "Feature", "geometry": {"type": "Point", "coordinates": [-119.47466745972633, 49.85569245790422]}, "properties": {"source": "deepforest", "kind": "tree", "species": "pine", "score": 0.3844955265522003, "crown_m": 7.32, "size": "large", "crown_color": "#607b44"}}, {"type": "Feature", "geometry": {"type": "Point", "coordinates": [-119.48018945753574, 49.85401936962191]}, "properties": {"source": "deepforest", "kind": "tree", "species": "maple", "score": 0.38411805033683777, "crown_m": 6.55, "size": "large", "crown_color": "#8b9c93"}}, {"type": "Feature", "geometry": {"type": "Point", "coordinates": [-119.47673611342907, 49.854165064624915]}, "properties": {"source": "deepforest", "kind": "tree", "species": "maple", "score": 0.38384294509887695, "crown_m": 2.02, "size": "medium", "crown_color": "#6a7d5d"}}, {"type": "Feature", "geometry": {"type": "Point", "coordinates": [-119.48024913668633, 49.85202931348602]}, "properties": {"source": "deepforest", "kind": "tree", "species": "pine", "score": 0.3838195502758026, "crown_m": 3.56, "size": "large", "crown_color": "#5d664d"}}, {"type": "Feature", "geometry": {"type": "Point", "coordinates": [-119.48199324309826, 49.85615243894911]}, "properties": {"source": "deepforest", "kind": "tree", "species": "pine", "score": 0.3836011290550232, "crown_m": 3.18, "size": "medium", "crown_color": "#5a6345"}}, {"type": "Feature", "geometry": {"type": "Point", "coordinates": [-119.47869144380093, 49.85450055055804]}, "properties": {"source": "deepforest", "kind": "tree", "species": "pine", "score": 0.38309821486473083, "crown_m": 2.02, "size": "medium", "crown_color": "#4c5640"}}, {"type": "Feature", "geometry": {"type": "Point", "coordinates": [-119.48055222630501, 49.85629164287597]}, "properties": {"source": "deepforest", "kind": "tree", "species": "pine", "score": 0.3828616738319397, "crown_m": 2.5, "size": "medium", "crown_color": "#526b44"}}, {"type": "Feature", "geometry": {"type": "Point", "coordinates": [-119.4765604287386, 49.85581782911179]}, "properties": {"source": "deepforest", "kind": "tree", "species": "pine", "score": 0.38209056854248047, "crown_m": 2.12, "size": "medium", "crown_color": "#526257"}}, {"type": "Feature", "geometry": {"type": "Point", "coordinates": [-119.47612456977367, 49.85287151974077]}, "properties": {"source": "deepforest", "kind": "tree", "species": "maple", "score": 0.38179540634155273, "crown_m": 4.72, "size": "large", "crown_color": "#796f67"}}, {"type": "Feature", "geometry": {"type": "Point", "coordinates": [-119.47621241211891, 49.85378720783414]}, "properties": {"source": "deepforest", "kind": "tree", "species": "maple", "score": 0.3815184533596039, "crown_m": 2.79, "size": "medium", "crown_color": "#948c77"}}, {"type": "Feature", "geometry": {"type": "Point", "coordinates": [-119.48096998035908, 49.854794963485226]}, "properties": {"source": "deepforest", "kind": "tree", "species": "maple", "score": 0.3812147378921509, "crown_m": 2.41, "size": "medium", "crown_color": "#798266"}}, {"type": "Feature", "geometry": {"type": "Point", "coordinates": [-119.47480760514736, 49.85499512866547]}, "properties": {"source": "deepforest", "kind": "tree", "species": "pine", "score": 0.3809511661529541, "crown_m": 2.02, "size": "medium", "crown_color": "#3f4c38"}}, {"type": "Feature", "geometry": {"type": "Point", "coordinates": [-119.47603471577168, 49.85660852485378]}, "properties": {"source": "deepforest", "kind": "tree", "species": "pine", "score": 0.3808462917804718, "crown_m": 2.6, "size": "medium", "crown_color": "#58653b"}}, {"type": "Feature", "geometry": {"type": "Point", "coordinates": [-119.4800278544426, 49.856873095936514]}, "properties": {"source": "deepforest", "kind": "fruittree", "species": "apple", "score": 0.38084328174591064, "crown_m": 3.08, "size": "medium", "crown_color": "#5e4c41"}}, {"type": "Feature", "geometry": {"type": "Point", "coordinates": [-119.48191277682781, 49.851504440357644]}, "properties": {"source": "deepforest", "kind": "tree", "species": "pine", "score": 0.3804015517234802, "crown_m": 1.64, "size": "small", "crown_color": "#576043"}}, {"type": "Feature", "geometry": {"type": "Point", "coordinates": [-119.48139108717442, 49.85511358455873]}, "properties": {"source": "deepforest", "kind": "tree", "species": "maple", "score": 0.38034588098526, "crown_m": 6.64, "size": "large", "crown_color": "#637365"}}, {"type": "Feature", "geometry": {"type": "Point", "coordinates": [-119.4788570702076, 49.85394371180613]}, "properties": {"source": "deepforest", "kind": "tree", "species": "maple", "score": 0.3799997866153717, "crown_m": 1.73, "size": "small", "crown_color": "#303c40"}}, {"type": "Feature", "geometry": {"type": "Point", "coordinates": [-119.48212802410126, 49.85558048817145]}, "properties": {"source": "deepforest", "kind": "tree", "species": "pine", "score": 0.3795751631259918, "crown_m": 10.88, "size": "large", "crown_color": "#54614b"}}, {"type": "Feature", "geometry": {"type": "Point", "coordinates": [-119.47503492236137, 49.85347938638833]}, "properties": {"source": "deepforest", "kind": "tree", "species": "pine", "score": 0.37953805923461914, "crown_m": 1.83, "size": "small", "crown_color": "#2a3615"}}, {"type": "Feature", "geometry": {"type": "Point", "coordinates": [-119.47704926133156, 49.85172666905014]}, "properties": {"source": "deepforest", "kind": "tree", "species": "maple", "score": 0.37942126393318176, "crown_m": 2.02, "size": "medium", "crown_color": "#4b4c30"}}, {"type": "Feature", "geometry": {"type": "Point", "coordinates": [-119.47672538459301, 49.85689644037427]}, "properties": {"source": "deepforest", "kind": "tree", "species": "pine", "score": 0.3791917562484741, "crown_m": 1.83, "size": "small", "crown_color": "#5a7250"}}, {"type": "Feature", "geometry": {"type": "Point", "coordinates": [-119.47587378323078, 49.8515956666566]}, "properties": {"source": "deepforest", "kind": "tree", "species": "maple", "score": 0.3789471387863159, "crown_m": 2.12, "size": "medium", "crown_color": "#809965"}}, {"type": "Feature", "geometry": {"type": "Point", "coordinates": [-119.48278851807117, 49.8522351106199]}, "properties": {"source": "deepforest", "kind": "fruittree", "species": "apple", "score": 0.3786603510379791, "crown_m": 2.02, "size": "medium", "crown_color": "#676f4f"}}, {"type": "Feature", "geometry": {"type": "Point", "coordinates": [-119.48183298110962, 49.85450962939758]}, "properties": {"source": "deepforest", "kind": "tree", "species": "maple", "score": 0.37853384017944336, "crown_m": 2.12, "size": "medium", "crown_color": "#b6bcb6"}}, {"type": "Feature", "geometry": {"type": "Point", "coordinates": [-119.47801820933819, 49.855820422995414]}, "properties": {"source": "deepforest", "kind": "tree", "species": "pine", "score": 0.3785053491592407, "crown_m": 1.54, "size": "small", "crown_color": "#586c53"}}, {"type": "Feature", "geometry": {"type": "Point", "coordinates": [-119.4778659939766, 49.85576335752363]}, "properties": {"source": "deepforest", "kind": "tree", "species": "pine", "score": 0.3784290850162506, "crown_m": 1.93, "size": "small", "crown_color": "#1b2511"}}, {"type": "Feature", "geometry": {"type": "Point", "coordinates": [-119.47982333600521, 49.85169510744984]}, "properties": {"source": "deepforest", "kind": "tree", "species": "pine", "score": 0.37834393978118896, "crown_m": 1.93, "size": "small", "crown_color": "#2e3625"}}, {"type": "Feature", "geometry": {"type": "Point", "coordinates": [-119.47975695133209, 49.855035766851344]}, "properties": {"source": "deepforest", "kind": "tree", "species": "pine", "score": 0.3782106637954712, "crown_m": 9.43, "size": "large", "crown_color": "#5a6741"}}, {"type": "Feature", "geometry": {"type": "Point", "coordinates": [-119.48059245944023, 49.85644986797049]}, "properties": {"source": "deepforest", "kind": "fruittree", "species": "peach", "score": 0.3781917691230774, "crown_m": 2.12, "size": "medium", "crown_color": "#767d56"}}, {"type": "Feature", "geometry": {"type": "Point", "coordinates": [-119.48182828724384, 49.85149925212693]}, "properties": {"source": "deepforest", "kind": "tree", "species": "pine", "score": 0.3781415820121765, "crown_m": 2.02, "size": "medium", "crown_color": "#63765e"}}, {"type": "Feature", "geometry": {"type": "Point", "coordinates": [-119.48036380112171, 49.856578263363126]}, "properties": {"source": "deepforest", "kind": "tree", "species": "maple", "score": 0.37780511379241943, "crown_m": 2.02, "size": "medium", "crown_color": "#7e8e58"}}, {"type": "Feature", "geometry": {"type": "Point", "coordinates": [-119.47862975299358, 49.85424418071848]}, "properties": {"source": "deepforest", "kind": "tree", "species": "maple", "score": 0.3775554597377777, "crown_m": 1.93, "size": "small", "crown_color": "#81885a"}}, {"type": "Feature", "geometry": {"type": "Point", "coordinates": [-119.48192551732063, 49.851532543264305]}, "properties": {"source": "deepforest", "kind": "tree", "species": "maple", "score": 0.3773026764392853, "crown_m": 2.31, "size": "medium", "crown_color": "#89c0a7"}}, {"type": "Feature", "geometry": {"type": "Point", "coordinates": [-119.4797757267952, 49.85197872876223]}, "properties": {"source": "deepforest", "kind": "tree", "species": "maple", "score": 0.3770216405391693, "crown_m": 2.5, "size": "medium", "crown_color": "#a4ae86"}}, {"type": "Feature", "geometry": {"type": "Point", "coordinates": [-119.47799608111382, 49.854427487453975]}, "properties": {"source": "deepforest", "kind": "tree", "species": "pine", "score": 0.37689149379730225, "crown_m": 1.93, "size": "small", "crown_color": "#576354"}}, {"type": "Feature", "geometry": {"type": "Point", "coordinates": [-119.47630226612091, 49.85688130972145]}, "properties": {"source": "deepforest", "kind": "tree", "species": "pine", "score": 0.3768480122089386, "crown_m": 1.54, "size": "small", "crown_color": "#5e7148"}}, {"type": "Feature", "geometry": {"type": "Point", "coordinates": [-119.47844870388508, 49.85647364492078]}, "properties": {"source": "deepforest", "kind": "tree", "species": "pine", "score": 0.37683266401290894, "crown_m": 2.02, "size": "medium", "crown_color": "#697457"}}, {"type": "Feature", "geometry": {"type": "Point", "coordinates": [-119.4753547757864, 49.855385080912086]}, "properties": {"source": "deepforest", "kind": "tree", "species": "maple", "score": 0.3764531910419464, "crown_m": 2.41, "size": "medium", "crown_color": "#8ca157"}}, {"type": "Feature", "geometry": {"type": "Point", "coordinates": [-119.48259606957436, 49.85574649725771]}, "properties": {"source": "deepforest", "kind": "tree", "species": "pine", "score": 0.37619444727897644, "crown_m": 2.02, "size": "medium", "crown_color": "#4e5d48"}}, {"type": "Feature", "geometry": {"type": "Point", "coordinates": [-119.48117583990097, 49.852723659129886]}, "properties": {"source": "deepforest", "kind": "tree", "species": "maple", "score": 0.3761141002178192, "crown_m": 2.98, "size": "medium", "crown_color": "#87955a"}}, {"type": "Feature", "geometry": {"type": "Point", "coordinates": [-119.47559416294098, 49.85279240139999]}, "properties": {"source": "deepforest", "kind": "tree", "species": "maple", "score": 0.37564995884895325, "crown_m": 2.5, "size": "medium", "crown_color": "#8a9077"}}, {"type": "Feature", "geometry": {"type": "Point", "coordinates": [-119.48070779442787, 49.85407341084638]}, "properties": {"source": "deepforest", "kind": "tree", "species": "maple", "score": 0.37564802169799805, "crown_m": 3.37, "size": "medium", "crown_color": "#727e64"}}, {"type": "Feature", "geometry": {"type": "Point", "coordinates": [-119.4821984320879, 49.85320960867759]}, "properties": {"source": "deepforest", "kind": "tree", "species": "pine", "score": 0.3754216730594635, "crown_m": 2.6, "size": "medium", "crown_color": "#4d5843"}}, {"type": "Feature", "geometry": {"type": "Point", "coordinates": [-119.48109269142151, 49.85183086541984]}, "properties": {"source": "deepforest", "kind": "tree", "species": "maple", "score": 0.37518391013145447, "crown_m": 1.54, "size": "small", "crown_color": "#b9d5db"}}, {"type": "Feature", "geometry": {"type": "Point", "coordinates": [-119.48099680244923, 49.85435096562299]}, "properties": {"source": "deepforest", "kind": "tree", "species": "pine", "score": 0.3747554421424866, "crown_m": 1.83, "size": "small", "crown_color": "#3f4b3c"}}, {"type": "Feature", "geometry": {"type": "Point", "coordinates": [-119.48184236884117, 49.85323598124457]}, "properties": {"source": "deepforest", "kind": "tree", "species": "maple", "score": 0.37370049953460693, "crown_m": 3.47, "size": "medium", "crown_color": "#2d3936"}}, {"type": "Feature", "geometry": {"type": "Point", "coordinates": [-119.47472043335438, 49.85515162872562]}, "properties": {"source": "deepforest", "kind": "tree", "species": "maple", "score": 0.37347328662872314, "crown_m": 6.26, "size": "large", "crown_color": "#7a8068"}}, {"type": "Feature", "geometry": {"type": "Point", "coordinates": [-119.47993196547031, 49.85482349680133]}, "properties": {"source": "deepforest", "kind": "tree", "species": "pine", "score": 0.3731628656387329, "crown_m": 2.89, "size": "medium", "crown_color": "#5b6a46"}}, {"type": "Feature", "geometry": {"type": "Point", "coordinates": [-119.47905622422695, 49.85671833067508]}, "properties": {"source": "deepforest", "kind": "tree", "species": "pine", "score": 0.3731619715690613, "crown_m": 8.37, "size": "large", "crown_color": "#647059"}}, {"type": "Feature", "geometry": {"type": "Point", "coordinates": [-119.47810001671314, 49.85149536095354]}, "properties": {"source": "deepforest", "kind": "tree", "species": "pine", "score": 0.3730179965496063, "crown_m": 2.21, "size": "medium", "crown_color": "#526e3a"}}, {"type": "Feature", "geometry": {"type": "Point", "coordinates": [-119.47703316807747, 49.85196878475046]}, "properties": {"source": "deepforest", "kind": "tree", "species": "maple", "score": 0.3729267418384552, "crown_m": 1.64, "size": "small", "crown_color": "#717b52"}}, {"type": "Feature", "geometry": {"type": "Point", "coordinates": [-119.48213741183281, 49.85642522639147]}, "properties": {"source": "deepforest", "kind": "tree", "species": "maple", "score": 0.37287190556526184, "crown_m": 3.37, "size": "medium", "crown_color": "#cc7c70"}}, {"type": "Feature", "geometry": {"type": "Point", "coordinates": [-119.47944983839989, 49.855036631493235]}, "properties": {"source": "deepforest", "kind": "tree", "species": "maple", "score": 0.3725706934928894, "crown_m": 1.73, "size": "small", "crown_color": "#313637"}}, {"type": "Feature", "geometry": {"type": "Point", "coordinates": [-119.48010563850403, 49.856920217104836]}, "properties": {"source": "deepforest", "kind": "tree", "species": "maple", "score": 0.3716786801815033, "crown_m": 3.27, "size": "medium", "crown_color": "#7f8472"}}, {"type": "Feature", "geometry": {"type": "Point", "coordinates": [-119.4808942079544, 49.85491514915727]}, "properties": {"source": "deepforest", "kind": "tree", "species": "maple", "score": 0.37150898575782776, "crown_m": 2.5, "size": "medium", "crown_color": "#859568"}}, {"type": "Feature", "geometry": {"type": "Point", "coordinates": [-119.47530314326286, 49.85304229385998]}, "properties": {"source": "deepforest", "kind": "tree", "species": "maple", "score": 0.3714353144168854, "crown_m": 2.12, "size": "medium", "crown_color": "#819e59"}}, {"type": "Feature", "geometry": {"type": "Point", "coordinates": [-119.48089890182018, 49.85516589528047]}, "properties": {"source": "deepforest", "kind": "tree", "species": "maple", "score": 0.3711410164833069, "crown_m": 2.79, "size": "medium", "crown_color": "#757658"}}, {"type": "Feature", "geometry": {"type": "Point", "coordinates": [-119.47845809161663, 49.85666040165085]}, "properties": {"source": "deepforest", "kind": "tree", "species": "maple", "score": 0.3709070682525635, "crown_m": 4.52, "size": "large", "crown_color": "#67403d"}}, {"type": "Feature", "geometry": {"type": "Point", "coordinates": [-119.47534672915936, 49.853659237358826]}, "properties": {"source": "deepforest", "kind": "tree", "species": "maple", "score": 0.37088993191719055, "crown_m": 2.02, "size": "medium", "crown_color": "#233237"}}, {"type": "Feature", "geometry": {"type": "Point", "coordinates": [-119.47654500603676, 49.85714717621681]}, "properties": {"source": "deepforest", "kind": "tree", "species": "pine", "score": 0.37083980441093445, "crown_m": 1.64, "size": "small", "crown_color": "#5b6e4a"}}, {"type": "Feature", "geometry": {"type": "Point", "coordinates": [-119.48251895606518, 49.85539286263221]}, "properties": {"source": "deepforest", "kind": "tree", "species": "maple", "score": 0.37072107195854187, "crown_m": 1.44, "size": "small", "crown_color": "#444e48"}}, {"type": "Feature", "geometry": {"type": "Point", "coordinates": [-119.48140650987625, 49.85160301663528]}, "properties": {"source": "deepforest", "kind": "tree", "species": "pine", "score": 0.37048789858818054, "crown_m": 2.7, "size": "medium", "crown_color": "#4f6b3c"}}, {"type": "Feature", "geometry": {"type": "Point", "coordinates": [-119.47629623115063, 49.85194154679473]}, "properties": {"source": "deepforest", "kind": "tree", "species": "pine", "score": 0.3699195384979248, "crown_m": 1.93, "size": "small", "crown_color": "#444d32"}}, {"type": "Feature", "geometry": {"type": "Point", "coordinates": [-119.47821870446205, 49.855932392172235]}, "properties": {"source": "deepforest", "kind": "tree", "species": "maple", "score": 0.3693910539150238, "crown_m": 7.99, "size": "large", "crown_color": "#4b433c"}}, {"type": "Feature", "geometry": {"type": "Point", "coordinates": [-119.47579868137836, 49.85547457061788]}, "properties": {"source": "deepforest", "kind": "tree", "species": "pine", "score": 0.36922943592071533, "crown_m": 12.22, "size": "large", "crown_color": "#5d7543"}}, {"type": "Feature", "geometry": {"type": "Point", "coordinates": [-119.47464399039745, 49.85628818439818]}, "properties": {"source": "deepforest", "kind": "tree", "species": "maple", "score": 0.3689766824245453, "crown_m": 1.54, "size": "small", "crown_color": "#889f75"}}, {"type": "Feature", "geometry": {"type": "Point", "coordinates": [-119.4756330549717, 49.85256974526491]}, "properties": {"source": "deepforest", "kind": "tree", "species": "maple", "score": 0.3684166967868805, "crown_m": 2.31, "size": "medium", "crown_color": "#71924d"}}, {"type": "Feature", "geometry": {"type": "Point", "coordinates": [-119.48043286800385, 49.85182092137766]}, "properties": {"source": "deepforest", "kind": "fruittree", "species": "peach", "score": 0.3682023882865906, "crown_m": 2.02, "size": "medium", "crown_color": "#6a8558"}}, {"type": "Feature", "geometry": {"type": "Point", "coordinates": [-119.47600185871124, 49.85685364222977]}, "properties": {"source": "deepforest", "kind": "tree", "species": "pine", "score": 0.3681003451347351, "crown_m": 10.78, "size": "large", "crown_color": "#606d4a"}}, {"type": "Feature", "geometry": {"type": "Point", "coordinates": [-119.4761661440134, 49.855753414290604]}, "properties": {"source": "deepforest", "kind": "tree", "species": "maple", "score": 0.3680560290813446, "crown_m": 3.95, "size": "large", "crown_color": "#616850"}}, {"type": "Feature", "geometry": {"type": "Point", "coordinates": [-119.48166400194168, 49.853529537207024]}, "properties": {"source": "deepforest", "kind": "tree", "species": "pine", "score": 0.36781856417655945, "crown_m": 12.32, "size": "large", "crown_color": "#48523d"}}, {"type": "Feature", "geometry": {"type": "Point", "coordinates": [-119.48277845978737, 49.853235116570474]}, "properties": {"source": "deepforest", "kind": "tree", "species": "pine", "score": 0.367500901222229, "crown_m": 2.31, "size": "medium", "crown_color": "#66765a"}}, {"type": "Feature", "geometry": {"type": "Point", "coordinates": [-119.4817216694355, 49.85442705512759]}, "properties": {"source": "deepforest", "kind": "tree", "species": "maple", "score": 0.3673980236053467, "crown_m": 4.24, "size": "large", "crown_color": "#717e68"}}, {"type": "Feature", "geometry": {"type": "Point", "coordinates": [-119.47944715619087, 49.85387713283026]}, "properties": {"source": "deepforest", "kind": "tree", "species": "maple", "score": 0.3671382963657379, "crown_m": 2.21, "size": "medium", "crown_color": "#6b855c"}}, {"type": "Feature", "geometry": {"type": "Point", "coordinates": [-119.48005400598049, 49.85482868467518]}, "properties": {"source": "deepforest", "kind": "tree", "species": "maple", "score": 0.3670230209827423, "crown_m": 2.7, "size": "medium", "crown_color": "#708175"}}, {"type": "Feature", "geometry": {"type": "Point", "coordinates": [-119.47741605341434, 49.85371716998084]}, "properties": {"source": "deepforest", "kind": "tree", "species": "maple", "score": 0.36665406823158264, "crown_m": 2.79, "size": "medium", "crown_color": "#324142"}}, {"type": "Feature", "geometry": {"type": "Point", "coordinates": [-119.47603605687618, 49.85711605045882]}, "properties": {"source": "deepforest", "kind": "fruittree", "species": "apple", "score": 0.36637529730796814, "crown_m": 8.37, "size": "large", "crown_color": "#7f8e73"}}, {"type": "Feature", "geometry": {"type": "Point", "coordinates": [-119.47607561945915, 49.85692670166568]}, "properties": {"source": "deepforest", "kind": "tree", "species": "pine", "score": 0.3662624955177307, "crown_m": 5.87, "size": "large", "crown_color": "#535d39"}}, {"type": "Feature", "geometry": {"type": "Point", "coordinates": [-119.48161102831364, 49.8516734899035]}, "properties": {"source": "deepforest", "kind": "tree", "species": "pine", "score": 0.36607760190963745, "crown_m": 3.27, "size": "medium", "crown_color": "#46553e"}}, {"type": "Feature", "geometry": {"type": "Point", "coordinates": [-119.48038391768932, 49.85594233536844]}, "properties": {"source": "deepforest", "kind": "tree", "species": "maple", "score": 0.3657725751399994, "crown_m": 2.12, "size": "medium", "crown_color": "#697b71"}}, {"type": "Feature", "geometry": {"type": "Point", "coordinates": [-119.47798870503902, 49.855434365118384]}, "properties": {"source": "deepforest", "kind": "tree", "species": "maple", "score": 0.36567577719688416, "crown_m": 7.99, "size": "large", "crown_color": "#697960"}}, {"type": "Feature", "geometry": {"type": "Point", "coordinates": [-119.47797261178493, 49.85624106261353]}, "properties": {"source": "deepforest", "kind": "fruittree", "species": "apple", "score": 0.36561575531959534, "crown_m": 1.83, "size": "small", "crown_color": "#1e2814"}}, {"type": "Feature", "geometry": {"type": "Point", "coordinates": [-119.47559483349323, 49.85519831925313]}, "properties": {"source": "deepforest", "kind": "tree", "species": "pine", "score": 0.3655270040035248, "crown_m": 2.6, "size": "medium", "crown_color": "#334037"}}, {"type": "Feature", "geometry": {"type": "Point", "coordinates": [-119.47651818394661, 49.85713680096638]}, "properties": {"source": "deepforest", "kind": "tree", "species": "pine", "score": 0.364851713180542, "crown_m": 1.83, "size": "small", "crown_color": "#587946"}}, {"type": "Feature", "geometry": {"type": "Point", "coordinates": [-119.47821199893951, 49.853708090992434]}, "properties": {"source": "deepforest", "kind": "tree", "species": "maple", "score": 0.36482587456703186, "crown_m": 1.54, "size": "small", "crown_color": "#2c3a3e"}}, {"type": "Feature", "geometry": {"type": "Point", "coordinates": [-119.48262825608253, 49.855900401005336]}, "properties": {"source": "deepforest", "kind": "tree", "species": "pine", "score": 0.36440205574035645, "crown_m": 2.02, "size": "medium", "crown_color": "#617061"}}, {"type": "Feature", "geometry": {"type": "Point", "coordinates": [-119.47595559060574, 49.852104109604554]}, "properties": {"source": "deepforest", "kind": "tree", "species": "pine", "score": 0.3640366196632385, "crown_m": 1.93, "size": "small", "crown_color": "#2c3a17"}}, {"type": "Feature", "geometry": {"type": "Point", "coordinates": [-119.47721019387245, 49.8566383540189]}, "properties": {"source": "deepforest", "kind": "fruittree", "species": "apple", "score": 0.36399391293525696, "crown_m": 2.69, "size": "medium", "crown_color": "#232e23"}}, {"type": "Feature", "geometry": {"type": "Point", "coordinates": [-119.48186986148357, 49.854642785514805]}, "properties": {"source": "deepforest", "kind": "tree", "species": "pine", "score": 0.36375531554222107, "crown_m": 1.73, "size": "small", "crown_color": "#687952"}}, {"type": "Feature", "geometry": {"type": "Point", "coordinates": [-119.4805421680212, 49.85329391437397]}, "properties": {"source": "deepforest", "kind": "tree", "species": "maple", "score": 0.3634161949157715, "crown_m": 1.93, "size": "small", "crown_color": "#7b9569"}}, {"type": "Feature", "geometry": {"type": "Point", "coordinates": [-119.48034301400185, 49.85360000766603]}, "properties": {"source": "deepforest", "kind": "tree", "species": "maple", "score": 0.36319756507873535, "crown_m": 1.73, "size": "small", "crown_color": "#889b72"}}, {"type": "Feature", "geometry": {"type": "Point", "coordinates": [-119.48036178946495, 49.852053957306644]}, "properties": {"source": "deepforest", "kind": "tree", "species": "maple", "score": 0.36314061284065247, "crown_m": 3.27, "size": "medium", "crown_color": "#646954"}}, {"type": "Feature", "geometry": {"type": "Point", "coordinates": [-119.4823157787323, 49.85341021275992]}, "properties": {"source": "deepforest", "kind": "tree", "species": "maple", "score": 0.36236920952796936, "crown_m": 1.83, "size": "small", "crown_color": "#3e3b27"}}, {"type": "Feature", "geometry": {"type": "Point", "coordinates": [-119.47725646197796, 49.85645462336148]}, "properties": {"source": "deepforest", "kind": "tree", "species": "maple", "score": 0.36193981766700745, "crown_m": 2.21, "size": "medium", "crown_color": "#4d4039"}}, {"type": "Feature", "geometry": {"type": "Point", "coordinates": [-119.48070511221886, 49.85497091866615]}, "properties": {"source": "deepforest", "kind": "tree", "species": "maple", "score": 0.3616098463535309, "crown_m": 2.41, "size": "medium", "crown_color": "#778c5f"}}, {"type": "Feature", "geometry": {"type": "Point", "coordinates": [-119.48113761842251, 49.852737061718514]}, "properties": {"source": "deepforest", "kind": "tree", "species": "maple", "score": 0.36092787981033325, "crown_m": 1.93, "size": "small", "crown_color": "#7f915d"}}, {"type": "Feature", "geometry": {"type": "Point", "coordinates": [-119.47974152863026, 49.851674354605535]}, "properties": {"source": "deepforest", "kind": "tree", "species": "pine", "score": 0.3604872524738312, "crown_m": 1.93, "size": "small", "crown_color": "#667850"}}, {"type": "Feature", "geometry": {"type": "Point", "coordinates": [-119.48047310113907, 49.85374440693586]}, "properties": {"source": "deepforest", "kind": "tree", "species": "maple", "score": 0.3599971830844879, "crown_m": 1.93, "size": "small", "crown_color": "#9da683"}}, {"type": "Feature", "geometry": {"type": "Point", "coordinates": [-119.4806682318449, 49.85683937617319]}, "properties": {"source": "deepforest", "kind": "tree", "species": "pine", "score": 0.3597259521484375, "crown_m": 2.41, "size": "medium", "crown_color": "#5f794d"}}, {"type": "Feature", "geometry": {"type": "Point", "coordinates": [-119.47870753705502, 49.8556271782846]}, "properties": {"source": "deepforest", "kind": "tree", "species": "maple", "score": 0.35957977175712585, "crown_m": 1.83, "size": "small", "crown_color": "#7e9456"}}, {"type": "Feature", "geometry": {"type": "Point", "coordinates": [-119.47641424834728, 49.85438684875656]}, "properties": {"source": "deepforest", "kind": "tree", "species": "pine", "score": 0.3587585389614105, "crown_m": 4.04, "size": "large", "crown_color": "#5f6a4c"}}, {"type": "Feature", "geometry": {"type": "Point", "coordinates": [-119.48025852441788, 49.85599507750543]}, "properties": {"source": "deepforest", "kind": "tree", "species": "pine", "score": 0.35870179533958435, "crown_m": 5.97, "size": "large", "crown_color": "#6c7752"}}, {"type": "Feature", "geometry": {"type": "Point", "coordinates": [-119.47805240750313, 49.85441884092548]}, "properties": {"source": "deepforest", "kind": "tree", "species": "maple", "score": 0.3583623766899109, "crown_m": 2.12, "size": "medium", "crown_color": "#a3dbe5"}}, {"type": "Feature", "geometry": {"type": "Point", "coordinates": [-119.47689972817898, 49.85544344378249]}, "properties": {"source": "deepforest", "kind": "tree", "species": "maple", "score": 0.3581963777542114, "crown_m": 4.52, "size": "large", "crown_color": "#5e4541"}}, {"type": "Feature", "geometry": {"type": "Point", "coordinates": [-119.48062732815742, 49.85458442167742]}, "properties": {"source": "deepforest", "kind": "tree", "species": "maple", "score": 0.35817739367485046, "crown_m": 2.02, "size": "medium", "crown_color": "#37392a"}}, {"type": "Feature", "geometry": {"type": "Point", "coordinates": [-119.48045566678047, 49.856196966956915]}, "properties": {"source": "deepforest", "kind": "tree", "species": "maple", "score": 0.35783714056015015, "crown_m": 2.89, "size": "medium", "crown_color": "#6c8052"}}, {"type": "Feature", "geometry": {"type": "Point", "coordinates": [-119.47862707078457, 49.85719170330798]}, "properties": {"source": "deepforest", "kind": "tree", "species": "maple", "score": 0.3574043810367584, "crown_m": 2.31, "size": "medium", "crown_color": "#2a3b4b"}}, {"type": "Feature", "geometry": {"type": "Point", "coordinates": [-119.48144607245922, 49.8547703210623]}, "properties": {"source": "deepforest", "kind": "tree", "species": "maple", "score": 0.3568510115146637, "crown_m": 1.64, "size": "small", "crown_color": "#495756"}}, {"type": "Feature", "geometry": {"type": "Point", "coordinates": [-119.48097735643387, 49.85410972651527]}, "properties": {"source": "deepforest", "kind": "fruittree", "species": "apple", "score": 0.356746107339859, "crown_m": 3.47, "size": "medium", "crown_color": "#5f6755"}}, {"type": "Feature", "geometry": {"type": "Point", "coordinates": [-119.48152251541615, 49.85472276547378]}, "properties": {"source": "deepforest", "kind": "tree", "species": "maple", "score": 0.3566833436489105, "crown_m": 2.6, "size": "medium", "crown_color": "#b75f5f"}}, {"type": "Feature", "geometry": {"type": "Point", "coordinates": [-119.47863310575485, 49.85468947653396]}, "properties": {"source": "deepforest", "kind": "tree", "species": "pine", "score": 0.35664454102516174, "crown_m": 3.27, "size": "medium", "crown_color": "#5e7950"}}, {"type": "Feature", "geometry": {"type": "Point", "coordinates": [-119.47716057300568, 49.85705898651708]}, "properties": {"source": "deepforest", "kind": "tree", "species": "pine", "score": 0.35661858320236206, "crown_m": 2.12, "size": "medium", "crown_color": "#676f43"}}, {"type": "Feature", "geometry": {"type": "Point", "coordinates": [-119.47811610996723, 49.85151957269403]}, "properties": {"source": "deepforest", "kind": "tree", "species": "pine", "score": 0.3557618260383606, "crown_m": 1.54, "size": "small", "crown_color": "#2b3319"}}, {"type": "Feature", "geometry": {"type": "Point", "coordinates": [-119.48041543364525, 49.85438728108332]}, "properties": {"source": "deepforest", "kind": "tree", "species": "maple", "score": 0.35565435886383057, "crown_m": 4.91, "size": "large", "crown_color": "#444133"}}, {"type": "Feature", "geometry": {"type": "Point", "coordinates": [-119.47628617286682, 49.851594801953155]}, "properties": {"source": "deepforest", "kind": "tree", "species": "maple", "score": 0.35546794533729553, "crown_m": 2.5, "size": "medium", "crown_color": "#6f8850"}}, {"type": "Feature", "geometry": {"type": "Point", "coordinates": [-119.47675220668316, 49.85513649752646]}, "properties": {"source": "deepforest", "kind": "tree", "species": "pine", "score": 0.355374813079834, "crown_m": 1.93, "size": "small", "crown_color": "#414f38"}}, {"type": "Feature", "geometry": {"type": "Point", "coordinates": [-119.48141053318977, 49.855281324524]}, "properties": {"source": "deepforest", "kind": "tree", "species": "maple", "score": 0.35525789856910706, "crown_m": 6.45, "size": "large", "crown_color": "#606452"}}, {"type": "Feature", "geometry": {"type": "Point", "coordinates": [-119.47796657681465, 49.857001922507955]}, "properties": {"source": "deepforest", "kind": "tree", "species": "maple", "score": 0.3552347719669342, "crown_m": 2.02, "size": "medium", "crown_color": "#8d9791"}}, {"type": "Feature", "geometry": {"type": "Point", "coordinates": [-119.48089689016342, 49.855299914226585]}, "properties": {"source": "deepforest", "kind": "tree", "species": "maple", "score": 0.355206698179245, "crown_m": 4.24, "size": "large", "crown_color": "#829864"}}, {"type": "Feature", "geometry": {"type": "Point", "coordinates": [-119.47746567428112, 49.851830433070226]}, "properties": {"source": "deepforest", "kind": "tree", "species": "maple", "score": 0.35501107573509216, "crown_m": 2.41, "size": "medium", "crown_color": "#abb098"}}, {"type": "Feature", "geometry": {"type": "Point", "coordinates": [-119.4827851653099, 49.85321652607361]}, "properties": {"source": "deepforest", "kind": "tree", "species": "maple", "score": 0.35499706864356995, "crown_m": 2.12, "size": "medium", "crown_color": "#77866b"}}, {"type": "Feature", "geometry": {"type": "Point", "coordinates": [-119.47926744818687, 49.85478069682085]}, "properties": {"source": "deepforest", "kind": "tree", "species": "maple", "score": 0.354936420917511, "crown_m": 3.18, "size": "medium", "crown_color": "#7d994f"}}, {"type": "Feature", "geometry": {"type": "Point", "coordinates": [-119.4751113653183, 49.85722628742816]}, "properties": {"source": "deepforest", "kind": "tree", "species": "maple", "score": 0.3547515571117401, "crown_m": 1.92, "size": "small", "crown_color": "#9aaa65"}}, {"type": "Feature", "geometry": {"type": "Point", "coordinates": [-119.47978645563126, 49.85364583502594]}, "properties": {"source": "deepforest", "kind": "tree", "species": "maple", "score": 0.3544800281524658, "crown_m": 3.08, "size": "medium", "crown_color": "#9aa07e"}}, {"type": "Feature", "geometry": {"type": "Point", "coordinates": [-119.47975158691406, 49.85578583786905]}, "properties": {"source": "deepforest", "kind": "tree", "species": "maple", "score": 0.35390788316726685, "crown_m": 2.12, "size": "medium", "crown_color": "#6b8753"}}, {"type": "Feature", "geometry": {"type": "Point", "coordinates": [-119.48137164115906, 49.8545723165764]}, "properties": {"source": "deepforest", "kind": "tree", "species": "maple", "score": 0.35381951928138733, "crown_m": 2.12, "size": "medium", "crown_color": "#737e5f"}}, {"type": "Feature", "geometry": {"type": "Point", "coordinates": [-119.47712235152721, 49.85715538995516]}, "properties": {"source": "deepforest", "kind": "tree", "species": "maple", "score": 0.3538022041320801, "crown_m": 4.72, "size": "large", "crown_color": "#c1c8b7"}}, {"type": "Feature", "geometry": {"type": "Point", "coordinates": [-119.47764337062836, 49.85582171993717]}, "properties": {"source": "deepforest", "kind": "tree", "species": "pine", "score": 0.3537144362926483, "crown_m": 2.02, "size": "medium", "crown_color": "#607c47"}}, {"type": "Feature", "geometry": {"type": "Point", "coordinates": [-119.47682864964008, 49.85711215973766]}, "properties": {"source": "deepforest", "kind": "tree", "species": "pine", "score": 0.35354113578796387, "crown_m": 2.41, "size": "medium", "crown_color": "#556037"}}, {"type": "Feature", "geometry": {"type": "Point", "coordinates": [-119.47926141321659, 49.852236407657884]}, "properties": {"source": "deepforest", "kind": "tree", "species": "maple", "score": 0.3534426689147949, "crown_m": 2.6, "size": "medium", "crown_color": "#a2ac83"}}, {"type": "Feature", "geometry": {"type": "Point", "coordinates": [-119.47949074208736, 49.854289142812306]}, "properties": {"source": "deepforest", "kind": "tree", "species": "pine", "score": 0.35320496559143066, "crown_m": 2.31, "size": "medium", "crown_color": "#485231"}}, {"type": "Feature", "geometry": {"type": "Point", "coordinates": [-119.47839438915253, 49.85416592928238]}, "properties": {"source": "deepforest", "kind": "tree", "species": "maple", "score": 0.35307252407073975, "crown_m": 2.02, "size": "medium", "crown_color": "#383323"}}, {"type": "Feature", "geometry": {"type": "Point", "coordinates": [-119.48157079517841, 49.85385205760778]}, "properties": {"source": "deepforest", "kind": "tree", "species": "maple", "score": 0.35261690616607666, "crown_m": 3.95, "size": "large", "crown_color": "#717056"}}, {"type": "Feature", "geometry": {"type": "Point", "coordinates": [-119.47868809103966, 49.85672438295719]}, "properties": {"source": "deepforest", "kind": "tree", "species": "pine", "score": 0.35258516669273376, "crown_m": 2.6, "size": "medium", "crown_color": "#697656"}}, {"type": "Feature", "geometry": {"type": "Point", "coordinates": [-119.47586439549923, 49.85506040913891]}, "properties": {"source": "deepforest", "kind": "tree", "species": "maple", "score": 0.3520881235599518, "crown_m": 2.21, "size": "medium", "crown_color": "#6c8455"}}, {"type": "Feature", "geometry": {"type": "Point", "coordinates": [-119.47618559002876, 49.856476238769204]}, "properties": {"source": "deepforest", "kind": "tree", "species": "maple", "score": 0.3519630432128906, "crown_m": 2.02, "size": "medium", "crown_color": "#32391f"}}, {"type": "Feature", "geometry": {"type": "Point", "coordinates": [-119.48202274739742, 49.855699807259846]}, "properties": {"source": "deepforest", "kind": "tree", "species": "maple", "score": 0.3516079783439636, "crown_m": 1.83, "size": "small", "crown_color": "#384954"}}, {"type": "Feature", "geometry": {"type": "Point", "coordinates": [-119.47694733738899, 49.85229693605827]}, "properties": {"source": "deepforest", "kind": "tree", "species": "maple", "score": 0.35149258375167847, "crown_m": 1.93, "size": "small", "crown_color": "#a1ae63"}}, {"type": "Feature", "geometry": {"type": "Point", "coordinates": [-119.48074400424957, 49.854058711639304]}, "properties": {"source": "deepforest", "kind": "tree", "species": "maple", "score": 0.35115742683410645, "crown_m": 1.64, "size": "small", "crown_color": "#b7c1ad"}}, {"type": "Feature", "geometry": {"type": "Point", "coordinates": [-119.47768695652485, 49.85350100312691]}, "properties": {"source": "deepforest", "kind": "tree", "species": "maple", "score": 0.3511456251144409, "crown_m": 1.44, "size": "small", "crown_color": "#333e43"}}, {"type": "Feature", "geometry": {"type": "Point", "coordinates": [-119.48079228401184, 49.856381995520714]}, "properties": {"source": "deepforest", "kind": "tree", "species": "pine", "score": 0.35053086280822754, "crown_m": 2.5, "size": "medium", "crown_color": "#55704f"}}, {"type": "Feature", "geometry": {"type": "Point", "coordinates": [-119.47978042066097, 49.85412658735226]}, "properties": {"source": "deepforest", "kind": "tree", "species": "maple", "score": 0.3505166471004486, "crown_m": 2.21, "size": "medium", "crown_color": "#747c5f"}}, {"type": "Feature", "geometry": {"type": "Point", "coordinates": [-119.47652287781239, 49.85711518585414]}, "properties": {"source": "deepforest", "kind": "tree", "species": "maple", "score": 0.3498465418815613, "crown_m": 2.6, "size": "medium", "crown_color": "#7b9f5c"}}, {"type": "Feature", "geometry": {"type": "Point", "coordinates": [-119.47893217206001, 49.85614725121738]}, "properties": {"source": "deepforest", "kind": "tree", "species": "maple", "score": 0.349075049161911, "crown_m": 2.12, "size": "medium", "crown_color": "#323927"}}, {"type": "Feature", "geometry": {"type": "Point", "coordinates": [-119.47551973164082, 49.85603528253841]}, "properties": {"source": "deepforest", "kind": "tree", "species": "pine", "score": 0.3489125370979309, "crown_m": 1.44, "size": "small", "crown_color": "#182907"}}, {"type": "Feature", "geometry": {"type": "Point", "coordinates": [-119.47781503200531, 49.855798807294335]}, "properties": {"source": "deepforest", "kind": "tree", "species": "pine", "score": 0.3488648235797882, "crown_m": 7.7, "size": "large", "crown_color": "#5c7543"}}, {"type": "Feature", "geometry": {"type": "Point", "coordinates": [-119.48038458824158, 49.85711172743529]}, "properties": {"source": "deepforest", "kind": "tree", "species": "maple", "score": 0.34859615564346313, "crown_m": 1.83, "size": "small", "crown_color": "#9c9986"}}, {"type": "Feature", "geometry": {"type": "Point", "coordinates": [-119.47624526917934, 49.85180016858738]}, "properties": {"source": "deepforest", "kind": "tree", "species": "pine", "score": 0.34850364923477173, "crown_m": 2.02, "size": "medium", "crown_color": "#607655"}}, {"type": "Feature", "geometry": {"type": "Point", "coordinates": [-119.48023371398449, 49.856846293049635]}, "properties": {"source": "deepforest", "kind": "tree", "species": "pine", "score": 0.3485012352466583, "crown_m": 2.41, "size": "medium", "crown_color": "#4c6242"}}, {"type": "Feature", "geometry": {"type": "Point", "coordinates": [-119.47930097579956, 49.85561031797117]}, "properties": {"source": "deepforest", "kind": "tree", "species": "maple", "score": 0.3483821153640747, "crown_m": 2.5, "size": "medium", "crown_color": "#666d4f"}}, {"type": "Feature", "geometry": {"type": "Point", "coordinates": [-119.47885036468506, 49.85355331559424]}, "properties": {"source": "deepforest", "kind": "tree", "species": "pine", "score": 0.34824633598327637, "crown_m": 2.5, "size": "medium", "crown_color": "#616c45"}}, {"type": "Feature", "geometry": {"type": "Point", "coordinates": [-119.48203079402447, 49.85318193908365]}, "properties": {"source": "deepforest", "kind": "tree", "species": "pine", "score": 0.34823858737945557, "crown_m": 1.83, "size": "small", "crown_color": "#62705f"}}, {"type": "Feature", "geometry": {"type": "Point", "coordinates": [-119.4813884049654, 49.85503317292562]}, "properties": {"source": "deepforest", "kind": "tree", "species": "pine", "score": 0.3477185368537903, "crown_m": 2.41, "size": "medium", "crown_color": "#495a51"}}, {"type": "Feature", "geometry": {"type": "Point", "coordinates": [-119.48128648102283, 49.85481398569783]}, "properties": {"source": "deepforest", "kind": "tree", "species": "maple", "score": 0.3475976288318634, "crown_m": 3.18, "size": "medium", "crown_color": "#646958"}}, {"type": "Feature", "geometry": {"type": "Point", "coordinates": [-119.47983741760254, 49.85646543106655]}, "properties": {"source": "deepforest", "kind": "tree", "species": "maple", "score": 0.34739840030670166, "crown_m": 2.5, "size": "medium", "crown_color": "#9f9e84"}}, {"type": "Feature", "geometry": {"type": "Point", "coordinates": [-119.48257394134998, 49.852568880578886]}, "properties": {"source": "deepforest", "kind": "tree", "species": "maple", "score": 0.34718719124794006, "crown_m": 2.41, "size": "medium", "crown_color": "#4d443a"}}, {"type": "Feature", "geometry": {"type": "Point", "coordinates": [-119.48226414620876, 49.85537167905782]}, "properties": {"source": "deepforest", "kind": "tree", "species": "maple", "score": 0.34716135263442993, "crown_m": 2.41, "size": "medium", "crown_color": "#2d3b3b"}}, {"type": "Feature", "geometry": {"type": "Point", "coordinates": [-119.48228158056736, 49.85620863934052]}, "properties": {"source": "deepforest", "kind": "fruittree", "species": "apple", "score": 0.34712615609169006, "crown_m": 2.41, "size": "medium", "crown_color": "#38432d"}}, {"type": "Feature", "geometry": {"type": "Point", "coordinates": [-119.47599180042744, 49.85443354002301]}, "properties": {"source": "deepforest", "kind": "tree", "species": "pine", "score": 0.3471091687679291, "crown_m": 2.21, "size": "medium", "crown_color": "#505e4b"}}, {"type": "Feature", "geometry": {"type": "Point", "coordinates": [-119.4756793230772, 49.85688260663475]}, "properties": {"source": "deepforest", "kind": "tree", "species": "pine", "score": 0.34679120779037476, "crown_m": 1.64, "size": "small", "crown_color": "#1a2313"}}, {"type": "Feature", "geometry": {"type": "Point", "coordinates": [-119.47738721966743, 49.8537928281513]}, "properties": {"source": "deepforest", "kind": "tree", "species": "pine", "score": 0.3464622497558594, "crown_m": 2.31, "size": "medium", "crown_color": "#627143"}}, {"type": "Feature", "geometry": {"type": "Point", "coordinates": [-119.47959668934345, 49.85430686824164]}, "properties": {"source": "deepforest", "kind": "tree", "species": "pine", "score": 0.34617143869400024, "crown_m": 1.64, "size": "small", "crown_color": "#111e0c"}}, {"type": "Feature", "geometry": {"type": "Point", "coordinates": [-119.47706066071987, 49.85331380185015]}, "properties": {"source": "deepforest", "kind": "tree", "species": "pine", "score": 0.34611430764198303, "crown_m": 3.85, "size": "large", "crown_color": "#63804a"}}, {"type": "Feature", "geometry": {"type": "Point", "coordinates": [-119.47590731084347, 49.85513087736557]}, "properties": {"source": "deepforest", "kind": "tree", "species": "pine", "score": 0.34610190987586975, "crown_m": 2.02, "size": "medium", "crown_color": "#496142"}}, {"type": "Feature", "geometry": {"type": "Point", "coordinates": [-119.47793640196323, 49.85621858247988]}, "properties": {"source": "deepforest", "kind": "tree", "species": "pine", "score": 0.3458263576030731, "crown_m": 2.02, "size": "medium", "crown_color": "#41513c"}}, {"type": "Feature", "geometry": {"type": "Point", "coordinates": [-119.47986893355846, 49.854027151561965]}, "properties": {"source": "deepforest", "kind": "tree", "species": "pine", "score": 0.3457086980342865, "crown_m": 1.73, "size": "small", "crown_color": "#56704c"}}, {"type": "Feature", "geometry": {"type": "Point", "coordinates": [-119.47945587337017, 49.85425153029438]}, "properties": {"source": "deepforest", "kind": "tree", "species": "maple", "score": 0.3453364074230194, "crown_m": 2.6, "size": "medium", "crown_color": "#738959"}}, {"type": "Feature", "geometry": {"type": "Point", "coordinates": [-119.4770110398531, 49.85620950396142]}, "properties": {"source": "deepforest", "kind": "tree", "species": "maple", "score": 0.3453123867511749, "crown_m": 2.02, "size": "medium", "crown_color": "#829682"}}, {"type": "Feature", "geometry": {"type": "Point", "coordinates": [-119.47716660797596, 49.856244088784564]}, "properties": {"source": "deepforest", "kind": "tree", "species": "pine", "score": 0.34518077969551086, "crown_m": 2.5, "size": "medium", "crown_color": "#44623f"}}, {"type": "Feature", "geometry": {"type": "Point", "coordinates": [-119.48080569505692, 49.857007542451235]}, "properties": {"source": "deepforest", "kind": "tree", "species": "maple", "score": 0.3450296223163605, "crown_m": 3.66, "size": "large", "crown_color": "#5a4a4b"}}, {"type": "Feature", "geometry": {"type": "Point", "coordinates": [-119.47956919670105, 49.856613280229176]}, "properties": {"source": "deepforest", "kind": "tree", "species": "pine", "score": 0.34493377804756165, "crown_m": 1.54, "size": "small", "crown_color": "#233221"}}, {"type": "Feature", "geometry": {"type": "Point", "coordinates": [-119.47601459920406, 49.85200423730477]}, "properties": {"source": "deepforest", "kind": "tree", "species": "maple", "score": 0.34408995509147644, "crown_m": 1.64, "size": "small", "crown_color": "#708c4f"}}, {"type": "Feature", "geometry": {"type": "Point", "coordinates": [-119.47741739451885, 49.85162420186169]}, "properties": {"source": "deepforest", "kind": "tree", "species": "maple", "score": 0.3437274992465973, "crown_m": 2.31, "size": "medium", "crown_color": "#162424"}}, {"type": "Feature", "geometry": {"type": "Point", "coordinates": [-119.4793613255024, 49.85434880398759]}, "properties": {"source": "deepforest", "kind": "tree", "species": "maple", "score": 0.34366849064826965, "crown_m": 1.93, "size": "small", "crown_color": "#6a8057"}}, {"type": "Feature", "geometry": {"type": "Point", "coordinates": [-119.48056697845459, 49.8562047485463]}, "properties": {"source": "deepforest", "kind": "tree", "species": "maple", "score": 0.34338897466659546, "crown_m": 2.12, "size": "medium", "crown_color": "#5b5d40"}}, {"type": "Feature", "geometry": {"type": "Point", "coordinates": [-119.48268055915833, 49.855782379355055]}, "properties": {"source": "deepforest", "kind": "tree", "species": "pine", "score": 0.34325239062309265, "crown_m": 1.93, "size": "small", "crown_color": "#62715a"}}, {"type": "Feature", "geometry": {"type": "Point", "coordinates": [-119.47719946503639, 49.85624149492369]}, "properties": {"source": "deepforest", "kind": "tree", "species": "pine", "score": 0.3429775536060333, "crown_m": 2.5, "size": "medium", "crown_color": "#415e41"}}, {"type": "Feature", "geometry": {"type": "Point", "coordinates": [-119.47478011250496, 49.854594365150994]}, "properties": {"source": "deepforest", "kind": "tree", "species": "pine", "score": 0.34292611479759216, "crown_m": 1.93, "size": "small", "crown_color": "#2c3526"}}, {"type": "Feature", "geometry": {"type": "Point", "coordinates": [-119.48137901723385, 49.851917767614474]}, "properties": {"source": "deepforest", "kind": "tree", "species": "maple", "score": 0.3426634669303894, "crown_m": 3.37, "size": "medium", "crown_color": "#8b8b71"}}, {"type": "Feature", "geometry": {"type": "Point", "coordinates": [-119.47589792311192, 49.85533190579102]}, "properties": {"source": "deepforest", "kind": "tree", "species": "pine", "score": 0.34263986349105835, "crown_m": 3.18, "size": "medium", "crown_color": "#5d7d3b"}}, {"type": "Feature", "geometry": {"type": "Point", "coordinates": [-119.48184438049793, 49.85436307077947]}, "properties": {"source": "deepforest", "kind": "tree", "species": "maple", "score": 0.3425113558769226, "crown_m": 2.79, "size": "medium", "crown_color": "#7e8c79"}}, {"type": "Feature", "geometry": {"type": "Point", "coordinates": [-119.47560757398605, 49.85710135217724]}, "properties": {"source": "deepforest", "kind": "tree", "species": "pine", "score": 0.34213805198669434, "crown_m": 1.83, "size": "small", "crown_color": "#2b4027"}}, {"type": "Feature", "geometry": {"type": "Point", "coordinates": [-119.47603337466717, 49.85440673578297]}, "properties": {"source": "deepforest", "kind": "tree", "species": "pine", "score": 0.34185272455215454, "crown_m": 2.7, "size": "medium", "crown_color": "#2d3d2d"}}, {"type": "Feature", "geometry": {"type": "Point", "coordinates": [-119.47575777769089, 49.85265016099708]}, "properties": {"source": "deepforest", "kind": "tree", "species": "pine", "score": 0.34153711795806885, "crown_m": 2.41, "size": "medium", "crown_color": "#64864e"}}, {"type": "Feature", "geometry": {"type": "Point", "coordinates": [-119.47518579661846, 49.85368777134552]}, "properties": {"source": "deepforest", "kind": "tree", "species": "maple", "score": 0.3415258824825287, "crown_m": 2.41, "size": "medium", "crown_color": "#759453"}}, {"type": "Feature", "geometry": {"type": "Point", "coordinates": [-119.4816405326128, 49.854462938204655]}, "properties": {"source": "deepforest", "kind": "tree", "species": "maple", "score": 0.3413422107696533, "crown_m": 7.89, "size": "large", "crown_color": "#6a7668"}}, {"type": "Feature", "geometry": {"type": "Point", "coordinates": [-119.47684340178967, 49.856236739511715]}, "properties": {"source": "deepforest", "kind": "tree", "species": "pine", "score": 0.3411383330821991, "crown_m": 1.44, "size": "small", "crown_color": "#152213"}}, {"type": "Feature", "geometry": {"type": "Point", "coordinates": [-119.4758141040802, 49.85507294643829]}, "properties": {"source": "deepforest", "kind": "tree", "species": "pine", "score": 0.3411330580711365, "crown_m": 1.93, "size": "small", "crown_color": "#50654e"}}, {"type": "Feature", "geometry": {"type": "Point", "coordinates": [-119.47649136185646, 49.85414604215687]}, "properties": {"source": "deepforest", "kind": "tree", "species": "pine", "score": 0.3407917618751526, "crown_m": 5.97, "size": "large", "crown_color": "#59654e"}}, {"type": "Feature", "geometry": {"type": "Point", "coordinates": [-119.475958943367, 49.85399948243609]}, "properties": {"source": "deepforest", "kind": "tree", "species": "pine", "score": 0.34069254994392395, "crown_m": 2.31, "size": "medium", "crown_color": "#2b331b"}}, {"type": "Feature", "geometry": {"type": "Point", "coordinates": [-119.47566524147987, 49.8564892080092]}, "properties": {"source": "deepforest", "kind": "tree", "species": "pine", "score": 0.3401564657688141, "crown_m": 1.54, "size": "small", "crown_color": "#607554"}}, {"type": "Feature", "geometry": {"type": "Point", "coordinates": [-119.47590664029121, 49.8550400900606]}, "properties": {"source": "deepforest", "kind": "tree", "species": "maple", "score": 0.3400256633758545, "crown_m": 2.31, "size": "medium", "crown_color": "#728b50"}}, {"type": "Feature", "geometry": {"type": "Point", "coordinates": [-119.4810725748539, 49.854111023502945]}, "properties": {"source": "deepforest", "kind": "tree", "species": "maple", "score": 0.3399343192577362, "crown_m": 4.43, "size": "large", "crown_color": "#778458"}}, {"type": "Feature", "geometry": {"type": "Point", "coordinates": [-119.47971470654011, 49.85616454365432]}, "properties": {"source": "deepforest", "kind": "tree", "species": "pine", "score": 0.33957454562187195, "crown_m": 1.92, "size": "small", "crown_color": "#2b4218"}}, {"type": "Feature", "geometry": {"type": "Point", "coordinates": [-119.47941429913044, 49.856228957927485]}, "properties": {"source": "deepforest", "kind": "tree", "species": "maple", "score": 0.3394578695297241, "crown_m": 2.02, "size": "medium", "crown_color": "#202518"}}, {"type": "Feature", "geometry": {"type": "Point", "coordinates": [-119.47863444685936, 49.851646684132604]}, "properties": {"source": "deepforest", "kind": "tree", "species": "maple", "score": 0.3394123315811157, "crown_m": 1.73, "size": "small", "crown_color": "#698062"}}, {"type": "Feature", "geometry": {"type": "Point", "coordinates": [-119.47585567831993, 49.85500896294535]}, "properties": {"source": "deepforest", "kind": "tree", "species": "pine", "score": 0.33928075432777405, "crown_m": 2.41, "size": "medium", "crown_color": "#556e44"}}, {"type": "Feature", "geometry": {"type": "Point", "coordinates": [-119.4786773622036, 49.8556159380763]}, "properties": {"source": "deepforest", "kind": "tree", "species": "maple", "score": 0.3391856849193573, "crown_m": 2.5, "size": "medium", "crown_color": "#789255"}}, {"type": "Feature", "geometry": {"type": "Point", "coordinates": [-119.48223531246185, 49.85658907104053]}, "properties": {"source": "deepforest", "kind": "tree", "species": "maple", "score": 0.3389160931110382, "crown_m": 2.31, "size": "medium", "crown_color": "#899975"}}, {"type": "Feature", "geometry": {"type": "Point", "coordinates": [-119.48169887065887, 49.85180103328716]}, "properties": {"source": "deepforest", "kind": "tree", "species": "maple", "score": 0.3388708829879761, "crown_m": 7.89, "size": "large", "crown_color": "#666740"}}, {"type": "Feature", "geometry": {"type": "Point", "coordinates": [-119.47800278663635, 49.856852777620404]}, "properties": {"source": "deepforest", "kind": "tree", "species": "maple", "score": 0.3388398587703705, "crown_m": 3.66, "size": "large", "crown_color": "#7e975c"}}, {"type": "Feature", "geometry": {"type": "Point", "coordinates": [-119.47693593800068, 49.85537297601162]}, "properties": {"source": "deepforest", "kind": "tree", "species": "pine", "score": 0.33853158354759216, "crown_m": 2.02, "size": "medium", "crown_color": "#486542"}}, {"type": "Feature", "geometry": {"type": "Point", "coordinates": [-119.47642497718334, 49.85606511205739]}, "properties": {"source": "deepforest", "kind": "tree", "species": "maple", "score": 0.3381713330745697, "crown_m": 2.6, "size": "medium", "crown_color": "#4f3e33"}}, {"type": "Feature", "geometry": {"type": "Point", "coordinates": [-119.47474122047424, 49.8545243284675]}, "properties": {"source": "deepforest", "kind": "tree", "species": "maple", "score": 0.33812782168388367, "crown_m": 2.5, "size": "medium", "crown_color": "#6c8e51"}}, {"type": "Feature", "geometry": {"type": "Point", "coordinates": [-119.47655908763409, 49.85618832074502]}, "properties": {"source": "deepforest", "kind": "tree", "species": "maple", "score": 0.3377760648727417, "crown_m": 1.83, "size": "small", "crown_color": "#181e14"}}, {"type": "Feature", "geometry": {"type": "Point", "coordinates": [-119.48079966008663, 49.851628957727556]}, "properties": {"source": "deepforest", "kind": "tree", "species": "pine", "score": 0.3376258909702301, "crown_m": 2.41, "size": "medium", "crown_color": "#37402b"}}, {"type": "Feature", "geometry": {"type": "Point", "coordinates": [-119.47800278663635, 49.85692497244954]}, "properties": {"source": "deepforest", "kind": "tree", "species": "pine", "score": 0.3374134302139282, "crown_m": 1.54, "size": "small", "crown_color": "#243828"}}, {"type": "Feature", "geometry": {"type": "Point", "coordinates": [-119.48200933635235, 49.85225888964401]}, "properties": {"source": "deepforest", "kind": "tree", "species": "maple", "score": 0.33722248673439026, "crown_m": 2.6, "size": "medium", "crown_color": "#3d4331"}}, {"type": "Feature", "geometry": {"type": "Point", "coordinates": [-119.47545871138573, 49.85301765054332]}, "properties": {"source": "deepforest", "kind": "tree", "species": "pine", "score": 0.3366429805755615, "crown_m": 4.14, "size": "large", "crown_color": "#677e3e"}}, {"type": "Feature", "geometry": {"type": "Point", "coordinates": [-119.4764806330204, 49.855981675820345]}, "properties": {"source": "deepforest", "kind": "tree", "species": "maple", "score": 0.33634018898010254, "crown_m": 2.02, "size": "medium", "crown_color": "#7a7e73"}}, {"type": "Feature", "geometry": {"type": "Point", "coordinates": [-119.47622112929821, 49.852881463566796]}, "properties": {"source": "deepforest", "kind": "tree", "species": "pine", "score": 0.33620089292526245, "crown_m": 2.21, "size": "medium", "crown_color": "#536b4a"}}, {"type": "Feature", "geometry": {"type": "Point", "coordinates": [-119.47676494717598, 49.854434404675665]}, "properties": {"source": "deepforest", "kind": "tree", "species": "maple", "score": 0.33619317412376404, "crown_m": 1.54, "size": "small", "crown_color": "#2d3539"}}, {"type": "Feature", "geometry": {"type": "Point", "coordinates": [-119.48045030236244, 49.85441754394607]}, "properties": {"source": "deepforest", "kind": "tree", "species": "maple", "score": 0.33501848578453064, "crown_m": 2.5, "size": "medium", "crown_color": "#1e231c"}}, {"type": "Feature", "geometry": {"type": "Point", "coordinates": [-119.47749584913254, 49.85574217411166]}, "properties": {"source": "deepforest", "kind": "tree", "species": "maple", "score": 0.33487188816070557, "crown_m": 1.73, "size": "small", "crown_color": "#75954d"}}, {"type": "Feature", "geometry": {"type": "Point", "coordinates": [-119.47643168270588, 49.856921081713]}, "properties": {"source": "deepforest", "kind": "fruittree", "species": "apple", "score": 0.3346240520477295, "crown_m": 2.69, "size": "medium", "crown_color": "#4b593d"}}, {"type": "Feature", "geometry": {"type": "Point", "coordinates": [-119.4755157083273, 49.85311622373454]}, "properties": {"source": "deepforest", "kind": "tree", "species": "maple", "score": 0.3344486355781555, "crown_m": 1.64, "size": "small", "crown_color": "#708c61"}}, {"type": "Feature", "geometry": {"type": "Point", "coordinates": [-119.475417137146, 49.853204420629936]}, "properties": {"source": "deepforest", "kind": "tree", "species": "pine", "score": 0.3343961834907532, "crown_m": 2.41, "size": "medium", "crown_color": "#5a7842"}}, {"type": "Feature", "geometry": {"type": "Point", "coordinates": [-119.47655439376831, 49.856903789546784]}, "properties": {"source": "deepforest", "kind": "tree", "species": "pine", "score": 0.3342598080635071, "crown_m": 1.54, "size": "small", "crown_color": "#3f5636"}}, {"type": "Feature", "geometry": {"type": "Point", "coordinates": [-119.47859220206738, 49.857212886084525]}, "properties": {"source": "deepforest", "kind": "tree", "species": "pine", "score": 0.3339972496032715, "crown_m": 2.02, "size": "medium", "crown_color": "#435840"}}, {"type": "Feature", "geometry": {"type": "Point", "coordinates": [-119.47664022445679, 49.85317848038329]}, "properties": {"source": "deepforest", "kind": "tree", "species": "pine", "score": 0.3339805006980896, "crown_m": 1.54, "size": "small", "crown_color": "#5f7646"}}, {"type": "Feature", "geometry": {"type": "Point", "coordinates": [-119.48136158287525, 49.853579687973664]}, "properties": {"source": "deepforest", "kind": "tree", "species": "pine", "score": 0.33378860354423523, "crown_m": 2.02, "size": "medium", "crown_color": "#283227"}}, {"type": "Feature", "geometry": {"type": "Point", "coordinates": [-119.47547279298306, 49.8531564311627]}, "properties": {"source": "deepforest", "kind": "tree", "species": "pine", "score": 0.33360549807548523, "crown_m": 2.79, "size": "medium", "crown_color": "#547643"}}, {"type": "Feature", "geometry": {"type": "Point", "coordinates": [-119.4754707813263, 49.85296576983561]}, "properties": {"source": "deepforest", "kind": "tree", "species": "pine", "score": 0.33314448595046997, "crown_m": 2.5, "size": "medium", "crown_color": "#67824c"}}, {"type": "Feature", "geometry": {"type": "Point", "coordinates": [-119.47902336716652, 49.856800036419564]}, "properties": {"source": "deepforest", "kind": "tree", "species": "maple", "score": 0.3330548107624054, "crown_m": 2.12, "size": "medium", "crown_color": "#6e7168"}}, {"type": "Feature", "geometry": {"type": "Point", "coordinates": [-119.47568669915199, 49.8527552200585]}, "properties": {"source": "deepforest", "kind": "tree", "species": "maple", "score": 0.33301541209220886, "crown_m": 3.08, "size": "medium", "crown_color": "#a2b09f"}}, {"type": "Feature", "geometry": {"type": "Point", "coordinates": [-119.48211260139942, 49.855677326874414]}, "properties": {"source": "deepforest", "kind": "tree", "species": "maple", "score": 0.33296650648117065, "crown_m": 3.95, "size": "large", "crown_color": "#9f9478"}}, {"type": "Feature", "geometry": {"type": "Point", "coordinates": [-119.47588987648487, 49.85263113793274]}, "properties": {"source": "deepforest", "kind": "fruittree", "species": "apple", "score": 0.33205753564834595, "crown_m": 2.98, "size": "medium", "crown_color": "#47563c"}}, {"type": "Feature", "geometry": {"type": "Point", "coordinates": [-119.47614401578903, 49.85505824753524]}, "properties": {"source": "deepforest", "kind": "tree", "species": "maple", "score": 0.33186519145965576, "crown_m": 2.02, "size": "medium", "crown_color": "#8aa16c"}}, {"type": "Feature", "geometry": {"type": "Point", "coordinates": [-119.48108464479446, 49.85705293427688]}, "properties": {"source": "deepforest", "kind": "fruittree", "species": "apple", "score": 0.3318556249141693, "crown_m": 2.79, "size": "medium", "crown_color": "#39453c"}}, {"type": "Feature", "geometry": {"type": "Point", "coordinates": [-119.47599045932293, 49.8527193357134]}, "properties": {"source": "deepforest", "kind": "tree", "species": "maple", "score": 0.3317273259162903, "crown_m": 1.83, "size": "small", "crown_color": "#78925a"}}, {"type": "Feature", "geometry": {"type": "Point", "coordinates": [-119.4757242500782, 49.85505522128994]}, "properties": {"source": "deepforest", "kind": "fruittree", "species": "apple", "score": 0.3316623866558075, "crown_m": 1.93, "size": "small", "crown_color": "#4e4d3e"}}, {"type": "Feature", "geometry": {"type": "Point", "coordinates": [-119.4812972098589, 49.852332388371856]}, "properties": {"source": "deepforest", "kind": "tree", "species": "pine", "score": 0.33135998249053955, "crown_m": 2.02, "size": "medium", "crown_color": "#202c1d"}}, {"type": "Feature", "geometry": {"type": "Point", "coordinates": [-119.4761373102665, 49.853664425357664]}, "properties": {"source": "deepforest", "kind": "tree", "species": "pine", "score": 0.33123838901519775, "crown_m": 2.89, "size": "medium", "crown_color": "#506b3e"}}, {"type": "Feature", "geometry": {"type": "Point", "coordinates": [-119.47520859539509, 49.85441408533414]}, "properties": {"source": "deepforest", "kind": "tree", "species": "maple", "score": 0.33120742440223694, "crown_m": 1.83, "size": "small", "crown_color": "#1d2315"}}, {"type": "Feature", "geometry": {"type": "Point", "coordinates": [-119.47573900222778, 49.852428368895225]}, "properties": {"source": "deepforest", "kind": "fruittree", "species": "apple", "score": 0.3309832513332367, "crown_m": 1.54, "size": "small", "crown_color": "#2a3c19"}}, {"type": "Feature", "geometry": {"type": "Point", "coordinates": [-119.47478614747524, 49.85498302366732]}, "properties": {"source": "deepforest", "kind": "tree", "species": "maple", "score": 0.33071014285087585, "crown_m": 3.18, "size": "medium", "crown_color": "#222f2f"}}, {"type": "Feature", "geometry": {"type": "Point", "coordinates": [-119.47731077671051, 49.85203104287735]}, "properties": {"source": "deepforest", "kind": "tree", "species": "pine", "score": 0.33057498931884766, "crown_m": 2.41, "size": "medium", "crown_color": "#647d50"}}, {"type": "Feature", "geometry": {"type": "Point", "coordinates": [-119.48086872696877, 49.855679488450384]}, "properties": {"source": "deepforest", "kind": "tree", "species": "pine", "score": 0.33036765456199646, "crown_m": 1.54, "size": "small", "crown_color": "#3b4731"}}, {"type": "Feature", "geometry": {"type": "Point", "coordinates": [-119.47937540709972, 49.854744813979735]}, "properties": {"source": "deepforest", "kind": "tree", "species": "maple", "score": 0.3300955593585968, "crown_m": 2.98, "size": "medium", "crown_color": "#89a65d"}}, {"type": "Feature", "geometry": {"type": "Point", "coordinates": [-119.4758053869009, 49.85622506713491]}, "properties": {"source": "deepforest", "kind": "tree", "species": "maple", "score": 0.32913392782211304, "crown_m": 1.92, "size": "small", "crown_color": "#9e9e57"}}, {"type": "Feature", "geometry": {"type": "Point", "coordinates": [-119.47575576603413, 49.85256671886377]}, "properties": {"source": "deepforest", "kind": "tree", "species": "maple", "score": 0.3290904760360718, "crown_m": 1.64, "size": "small", "crown_color": "#2f3317"}}, {"type": "Feature", "geometry": {"type": "Point", "coordinates": [-119.47808392345905, 49.85692843088177]}, "properties": {"source": "deepforest", "kind": "tree", "species": "maple", "score": 0.3284706771373749, "crown_m": 1.83, "size": "small", "crown_color": "#748178"}}, {"type": "Feature", "geometry": {"type": "Point", "coordinates": [-119.47650276124477, 49.851830000720604]}, "properties": {"source": "deepforest", "kind": "fruittree", "species": "apple", "score": 0.32837557792663574, "crown_m": 2.6, "size": "medium", "crown_color": "#2b3638"}}, {"type": "Feature", "geometry": {"type": "Point", "coordinates": [-119.47466142475605, 49.8572388241656]}, "properties": {"source": "deepforest", "kind": "tree", "species": "pine", "score": 0.32806891202926636, "crown_m": 2.21, "size": "medium", "crown_color": "#647051"}}, {"type": "Feature", "geometry": {"type": "Point", "coordinates": [-119.47759509086609, 49.85660722793315]}, "properties": {"source": "deepforest", "kind": "tree", "species": "pine", "score": 0.32791364192962646, "crown_m": 2.5, "size": "medium", "crown_color": "#526b48"}}, {"type": "Feature", "geometry": {"type": "Point", "coordinates": [-119.47685413062572, 49.85338297561656]}, "properties": {"source": "deepforest", "kind": "tree", "species": "pine", "score": 0.32782742381095886, "crown_m": 5.87, "size": "large", "crown_color": "#56713b"}}, {"type": "Feature", "geometry": {"type": "Point", "coordinates": [-119.47972811758518, 49.8547858846993]}, "properties": {"source": "deepforest", "kind": "tree", "species": "pine", "score": 0.32772865891456604, "crown_m": 10.11, "size": "large", "crown_color": "#5f6e5b"}}, {"type": "Feature", "geometry": {"type": "Point", "coordinates": [-119.47543926537037, 49.85441062672197]}, "properties": {"source": "deepforest", "kind": "tree", "species": "maple", "score": 0.32764461636543274, "crown_m": 2.02, "size": "medium", "crown_color": "#171d18"}}, {"type": "Feature", "geometry": {"type": "Point", "coordinates": [-119.47594285011292, 49.856602472557164]}, "properties": {"source": "deepforest", "kind": "tree", "species": "pine", "score": 0.3275052011013031, "crown_m": 1.64, "size": "small", "crown_color": "#597251"}}, {"type": "Feature", "geometry": {"type": "Point", "coordinates": [-119.47682462632656, 49.856218150169525]}, "properties": {"source": "deepforest", "kind": "tree", "species": "pine", "score": 0.3274034857749939, "crown_m": 1.83, "size": "small", "crown_color": "#53613e"}}, {"type": "Feature", "geometry": {"type": "Point", "coordinates": [-119.48268592357635, 49.854676506810954]}, "properties": {"source": "deepforest", "kind": "tree", "species": "maple", "score": 0.32661759853363037, "crown_m": 1.93, "size": "small", "crown_color": "#778663"}}, {"type": "Feature", "geometry": {"type": "Point", "coordinates": [-119.47541646659374, 49.852912592052405]}, "properties": {"source": "deepforest", "kind": "tree", "species": "pine", "score": 0.32653284072875977, "crown_m": 2.31, "size": "medium", "crown_color": "#67844c"}}, {"type": "Feature", "geometry": {"type": "Point", "coordinates": [-119.48002114892006, 49.854165064624915]}, "properties": {"source": "deepforest", "kind": "tree", "species": "pine", "score": 0.32648834586143494, "crown_m": 2.5, "size": "medium", "crown_color": "#5b764c"}}, {"type": "Feature", "geometry": {"type": "Point", "coordinates": [-119.475824162364, 49.85688130972145]}, "properties": {"source": "deepforest", "kind": "tree", "species": "maple", "score": 0.3263266980648041, "crown_m": 4.72, "size": "large", "crown_color": "#474338"}}, {"type": "Feature", "geometry": {"type": "Point", "coordinates": [-119.47713442146778, 49.853325474930166]}, "properties": {"source": "deepforest", "kind": "tree", "species": "maple", "score": 0.3261774182319641, "crown_m": 1.64, "size": "small", "crown_color": "#404031"}}, {"type": "Feature", "geometry": {"type": "Point", "coordinates": [-119.48235265910625, 49.853407618746914]}, "properties": {"source": "deepforest", "kind": "tree", "species": "maple", "score": 0.326001912355423, "crown_m": 2.21, "size": "medium", "crown_color": "#6c7158"}}, {"type": "Feature", "geometry": {"type": "Point", "coordinates": [-119.4780021160841, 49.855267922640955]}, "properties": {"source": "deepforest", "kind": "tree", "species": "maple", "score": 0.3259625732898712, "crown_m": 3.85, "size": "large", "crown_color": "#655140"}}, {"type": "Feature", "geometry": {"type": "Point", "coordinates": [-119.47972074151039, 49.855263599452094]}, "properties": {"source": "deepforest", "kind": "tree", "species": "maple", "score": 0.32590237259864807, "crown_m": 7.32, "size": "large", "crown_color": "#573f3d"}}, {"type": "Feature", "geometry": {"type": "Point", "coordinates": [-119.48087207973003, 49.85572531383834]}, "properties": {"source": "deepforest", "kind": "tree", "species": "pine", "score": 0.32556167244911194, "crown_m": 2.12, "size": "medium", "crown_color": "#50644f"}}, {"type": "Feature", "geometry": {"type": "Point", "coordinates": [-119.47941429913044, 49.855053059686036]}, "properties": {"source": "deepforest", "kind": "tree", "species": "maple", "score": 0.32534584403038025, "crown_m": 2.21, "size": "medium", "crown_color": "#30465d"}}, {"type": "Feature", "geometry": {"type": "Point", "coordinates": [-119.48037922382355, 49.85464927038128]}, "properties": {"source": "deepforest", "kind": "tree", "species": "pine", "score": 0.32514631748199463, "crown_m": 2.6, "size": "medium", "crown_color": "#525d45"}}, {"type": "Feature", "geometry": {"type": "Point", "coordinates": [-119.47668313980103, 49.85689038811372]}, "properties": {"source": "deepforest", "kind": "tree", "species": "maple", "score": 0.32509663701057434, "crown_m": 1.64, "size": "small", "crown_color": "#495043"}}, {"type": "Feature", "geometry": {"type": "Point", "coordinates": [-119.47808392345905, 49.855807885889966]}, "properties": {"source": "deepforest", "kind": "tree", "species": "pine", "score": 0.3247896432876587, "crown_m": 2.02, "size": "medium", "crown_color": "#2c4025"}}, {"type": "Feature", "geometry": {"type": "Point", "coordinates": [-119.48220446705818, 49.855679056135195]}, "properties": {"source": "deepforest", "kind": "tree", "species": "maple", "score": 0.3246312737464905, "crown_m": 3.66, "size": "large", "crown_color": "#717c6b"}}, {"type": "Feature", "geometry": {"type": "Point", "coordinates": [-119.48176458477974, 49.85156799613863]}, "properties": {"source": "deepforest", "kind": "tree", "species": "pine", "score": 0.324579119682312, "crown_m": 1.93, "size": "small", "crown_color": "#42502c"}}, {"type": "Feature", "geometry": {"type": "Point", "coordinates": [-119.47688430547714, 49.855136065206416]}, "properties": {"source": "deepforest", "kind": "tree", "species": "maple", "score": 0.32448849081993103, "crown_m": 4.43, "size": "large", "crown_color": "#778a7e"}}, {"type": "Feature", "geometry": {"type": "Point", "coordinates": [-119.48042146861553, 49.853836493670045]}, "properties": {"source": "deepforest", "kind": "tree", "species": "maple", "score": 0.32406046986579895, "crown_m": 2.6, "size": "medium", "crown_color": "#96946e"}}, {"type": "Feature", "geometry": {"type": "Point", "coordinates": [-119.47689302265644, 49.85564490322315]}, "properties": {"source": "deepforest", "kind": "tree", "species": "pine", "score": 0.3238915205001831, "crown_m": 2.12, "size": "medium", "crown_color": "#5a7249"}}, {"type": "Feature", "geometry": {"type": "Point", "coordinates": [-119.47841718792915, 49.853941117821776]}, "properties": {"source": "deepforest", "kind": "tree", "species": "maple", "score": 0.32346421480178833, "crown_m": 2.02, "size": "medium", "crown_color": "#2c3635"}}, {"type": "Feature", "geometry": {"type": "Point", "coordinates": [-119.4820100069046, 49.85600026525351]}, "properties": {"source": "deepforest", "kind": "tree", "species": "maple", "score": 0.32337939739227295, "crown_m": 6.74, "size": "large", "crown_color": "#5e6554"}}, {"type": "Feature", "geometry": {"type": "Point", "coordinates": [-119.47917357087135, 49.85261254720353]}, "properties": {"source": "deepforest", "kind": "fruittree", "species": "apple", "score": 0.32337936758995056, "crown_m": 1.54, "size": "small", "crown_color": "#788a6e"}}, {"type": "Feature", "geometry": {"type": "Point", "coordinates": [-119.47514154016972, 49.8533021287673]}, "properties": {"source": "deepforest", "kind": "tree", "species": "pine", "score": 0.3233426511287689, "crown_m": 2.79, "size": "medium", "crown_color": "#667643"}}, {"type": "Feature", "geometry": {"type": "Point", "coordinates": [-119.48187053203583, 49.85410713253982]}, "properties": {"source": "deepforest", "kind": "tree", "species": "maple", "score": 0.3230507969856262, "crown_m": 2.41, "size": "medium", "crown_color": "#6e7a67"}}, {"type": "Feature", "geometry": {"type": "Point", "coordinates": [-119.48000974953175, 49.8557940518388]}, "properties": {"source": "deepforest", "kind": "tree", "species": "maple", "score": 0.3229958117008209, "crown_m": 4.14, "size": "large", "crown_color": "#69704b"}}, {"type": "Feature", "geometry": {"type": "Point", "coordinates": [-119.47518311440945, 49.85324938369113]}, "properties": {"source": "deepforest", "kind": "tree", "species": "pine", "score": 0.32293251156806946, "crown_m": 2.02, "size": "medium", "crown_color": "#37421f"}}, {"type": "Feature", "geometry": {"type": "Point", "coordinates": [-119.4758851826191, 49.85487018764589]}, "properties": {"source": "deepforest", "kind": "tree", "species": "pine", "score": 0.322918176651001, "crown_m": 1.93, "size": "small", "crown_color": "#384939"}}, {"type": "Feature", "geometry": {"type": "Point", "coordinates": [-119.47743482887745, 49.8564883433933]}, "properties": {"source": "deepforest", "kind": "tree", "species": "maple", "score": 0.32291296124458313, "crown_m": 2.02, "size": "medium", "crown_color": "#72865b"}}, {"type": "Feature", "geometry": {"type": "Point", "coordinates": [-119.4792902469635, 49.853091148117244]}, "properties": {"source": "deepforest", "kind": "tree", "species": "maple", "score": 0.3222317099571228, "crown_m": 2.79, "size": "medium", "crown_color": "#35474e"}}, {"type": "Feature", "geometry": {"type": "Point", "coordinates": [-119.47519920766354, 49.85396186969272]}, "properties": {"source": "deepforest", "kind": "tree", "species": "maple", "score": 0.3220694661140442, "crown_m": 4.14, "size": "large", "crown_color": "#93a38f"}}, {"type": "Feature", "geometry": {"type": "Point", "coordinates": [-119.48134548962116, 49.85232503850411]}, "properties": {"source": "deepforest", "kind": "tree", "species": "pine", "score": 0.3219812214374542, "crown_m": 2.21, "size": "medium", "crown_color": "#293b2c"}}, {"type": "Feature", "geometry": {"type": "Point", "coordinates": [-119.48216557502747, 49.85318972115855]}, "properties": {"source": "deepforest", "kind": "tree", "species": "pine", "score": 0.32188040018081665, "crown_m": 2.5, "size": "medium", "crown_color": "#394436"}}, {"type": "Feature", "geometry": {"type": "Point", "coordinates": [-119.48089487850666, 49.85588094690699]}, "properties": {"source": "deepforest", "kind": "tree", "species": "maple", "score": 0.3216743469238281, "crown_m": 2.5, "size": "medium", "crown_color": "#848a56"}}, {"type": "Feature", "geometry": {"type": "Point", "coordinates": [-119.4827288389206, 49.85440760043611]}, "properties": {"source": "deepforest", "kind": "tree", "species": "maple", "score": 0.32162830233573914, "crown_m": 2.31, "size": "medium", "crown_color": "#323f41"}}, {"type": "Feature", "geometry": {"type": "Point", "coordinates": [-119.48174312710762, 49.85715711916306]}, "properties": {"source": "deepforest", "kind": "tree", "species": "pine", "score": 0.3215753734111786, "crown_m": 1.92, "size": "small", "crown_color": "#4e5c4d"}}, {"type": "Feature", "geometry": {"type": "Point", "coordinates": [-119.48202610015869, 49.85430427427677]}, "properties": {"source": "deepforest", "kind": "fruittree", "species": "peach", "score": 0.32149985432624817, "crown_m": 1.83, "size": "small", "crown_color": "#2f4042"}}, {"type": "Feature", "geometry": {"type": "Point", "coordinates": [-119.47651751339436, 49.85645808182736]}, "properties": {"source": "deepforest", "kind": "tree", "species": "pine", "score": 0.32134056091308594, "crown_m": 2.79, "size": "medium", "crown_color": "#546549"}}, {"type": "Feature", "geometry": {"type": "Point", "coordinates": [-119.47665899991989, 49.85315167544714]}, "properties": {"source": "deepforest", "kind": "tree", "species": "pine", "score": 0.3212604522705078, "crown_m": 5.78, "size": "large", "crown_color": "#60833b"}}, {"type": "Feature", "geometry": {"type": "Point", "coordinates": [-119.48231108486652, 49.856887361983155]}, "properties": {"source": "deepforest", "kind": "tree", "species": "maple", "score": 0.3210839033126831, "crown_m": 2.89, "size": "medium", "crown_color": "#748369"}}, {"type": "Feature", "geometry": {"type": "Point", "coordinates": [-119.4765604287386, 49.85570153651983]}, "properties": {"source": "deepforest", "kind": "tree", "species": "maple", "score": 0.32106268405914307, "crown_m": 2.21, "size": "medium", "crown_color": "#adb5b1"}}, {"type": "Feature", "geometry": {"type": "Point", "coordinates": [-119.48023907840252, 49.85713636866423]}, "properties": {"source": "deepforest", "kind": "tree", "species": "maple", "score": 0.32093459367752075, "crown_m": 2.6, "size": "medium", "crown_color": "#764c47"}}, {"type": "Feature", "geometry": {"type": "Point", "coordinates": [-119.48025517165661, 49.85646543106655]}, "properties": {"source": "deepforest", "kind": "fruittree", "species": "apple", "score": 0.3208944499492645, "crown_m": 1.92, "size": "small", "crown_color": "#617853"}}, {"type": "Feature", "geometry": {"type": "Point", "coordinates": [-119.47910450398922, 49.85361816568176]}, "properties": {"source": "deepforest", "kind": "tree", "species": "maple", "score": 0.320743590593338, "crown_m": 2.02, "size": "medium", "crown_color": "#423925"}}, {"type": "Feature", "geometry": {"type": "Point", "coordinates": [-119.47868406772614, 49.856968635138166]}, "properties": {"source": "deepforest", "kind": "tree", "species": "pine", "score": 0.3206689953804016, "crown_m": 1.73, "size": "small", "crown_color": "#353d1c"}}, {"type": "Feature", "geometry": {"type": "Point", "coordinates": [-119.47892412543297, 49.853539913231984]}, "properties": {"source": "deepforest", "kind": "tree", "species": "maple", "score": 0.3206082880496979, "crown_m": 1.83, "size": "small", "crown_color": "#364441"}}, {"type": "Feature", "geometry": {"type": "Point", "coordinates": [-119.47597771883011, 49.85296187878029]}, "properties": {"source": "deepforest", "kind": "tree", "species": "pine", "score": 0.3204939067363739, "crown_m": 2.89, "size": "medium", "crown_color": "#51753c"}}, {"type": "Feature", "geometry": {"type": "Point", "coordinates": [-119.47559081017971, 49.85304618490882]}, "properties": {"source": "deepforest", "kind": "tree", "species": "pine", "score": 0.3204682469367981, "crown_m": 3.95, "size": "large", "crown_color": "#567d41"}}, {"type": "Feature", "geometry": {"type": "Point", "coordinates": [-119.48112957179546, 49.85271155356277]}, "properties": {"source": "deepforest", "kind": "tree", "species": "maple", "score": 0.3203771412372589, "crown_m": 2.41, "size": "medium", "crown_color": "#8e9e5f"}}, {"type": "Feature", "geometry": {"type": "Point", "coordinates": [-119.47896972298622, 49.856158923612995]}, "properties": {"source": "deepforest", "kind": "tree", "species": "maple", "score": 0.3200022280216217, "crown_m": 2.79, "size": "medium", "crown_color": "#898571"}}, {"type": "Feature", "geometry": {"type": "Point", "coordinates": [-119.48145009577274, 49.85152216680836]}, "properties": {"source": "deepforest", "kind": "tree", "species": "maple", "score": 0.31973958015441895, "crown_m": 2.5, "size": "medium", "crown_color": "#6b865a"}}, {"type": "Feature", "geometry": {"type": "Point", "coordinates": [-119.4788946211338, 49.85326019211307]}, "properties": {"source": "deepforest", "kind": "tree", "species": "maple", "score": 0.31936225295066833, "crown_m": 2.12, "size": "medium", "crown_color": "#6e8450"}}, {"type": "Feature", "geometry": {"type": "Point", "coordinates": [-119.47653494775295, 49.85622204096267]}, "properties": {"source": "deepforest", "kind": "tree", "species": "pine", "score": 0.3193157911300659, "crown_m": 2.98, "size": "medium", "crown_color": "#4f5a41"}}, {"type": "Feature", "geometry": {"type": "Point", "coordinates": [-119.48280528187752, 49.85505738289374]}, "properties": {"source": "deepforest", "kind": "tree", "species": "maple", "score": 0.3190430700778961, "crown_m": 2.7, "size": "medium", "crown_color": "#344753"}}, {"type": "Feature", "geometry": {"type": "Point", "coordinates": [-119.4762647151947, 49.85401720797167]}, "properties": {"source": "deepforest", "kind": "tree", "species": "pine", "score": 0.3188210427761078, "crown_m": 2.12, "size": "medium", "crown_color": "#587251"}}, {"type": "Feature", "geometry": {"type": "Point", "coordinates": [-119.47785794734955, 49.85692497244954]}, "properties": {"source": "deepforest", "kind": "tree", "species": "pine", "score": 0.3187299966812134, "crown_m": 1.54, "size": "small", "crown_color": "#4b5e45"}}, {"type": "Feature", "geometry": {"type": "Point", "coordinates": [-119.4786585867405, 49.85557486806219]}, "properties": {"source": "deepforest", "kind": "tree", "species": "maple", "score": 0.3186802268028259, "crown_m": 5.01, "size": "large", "crown_color": "#653d40"}}, {"type": "Feature", "geometry": {"type": "Point", "coordinates": [-119.4768501073122, 49.85465705221989]}, "properties": {"source": "deepforest", "kind": "tree", "species": "maple", "score": 0.3186459243297577, "crown_m": 1.83, "size": "small", "crown_color": "#222618"}}, {"type": "Feature", "geometry": {"type": "Point", "coordinates": [-119.47692520916462, 49.856399287873664]}, "properties": {"source": "deepforest", "kind": "tree", "species": "maple", "score": 0.31863537430763245, "crown_m": 2.02, "size": "medium", "crown_color": "#7b8e68"}}, {"type": "Feature", "geometry": {"type": "Point", "coordinates": [-119.47555258870125, 49.85281618014991]}, "properties": {"source": "deepforest", "kind": "tree", "species": "pine", "score": 0.31861045956611633, "crown_m": 2.41, "size": "medium", "crown_color": "#4b5840"}}, {"type": "Feature", "geometry": {"type": "Point", "coordinates": [-119.47478346526623, 49.854392901330684]}, "properties": {"source": "deepforest", "kind": "tree", "species": "maple", "score": 0.3186083734035492, "crown_m": 3.47, "size": "medium", "crown_color": "#655844"}}, {"type": "Feature", "geometry": {"type": "Point", "coordinates": [-119.47868406772614, 49.85575600817767]}, "properties": {"source": "deepforest", "kind": "tree", "species": "pine", "score": 0.31858524680137634, "crown_m": 11.36, "size": "large", "crown_color": "#53653e"}}, {"type": "Feature", "geometry": {"type": "Point", "coordinates": [-119.48233991861343, 49.854152094761155]}, "properties": {"source": "deepforest", "kind": "tree", "species": "maple", "score": 0.31851139664649963, "crown_m": 5.87, "size": "large", "crown_color": "#81876b"}}, {"type": "Feature", "geometry": {"type": "Point", "coordinates": [-119.48187053203583, 49.854389875043715]}, "properties": {"source": "deepforest", "kind": "fruittree", "species": "apple", "score": 0.3183556795120239, "crown_m": 2.02, "size": "medium", "crown_color": "#708866"}}, {"type": "Feature", "geometry": {"type": "Point", "coordinates": [-119.48060519993305, 49.85459652677542]}, "properties": {"source": "deepforest", "kind": "tree", "species": "pine", "score": 0.3183123767375946, "crown_m": 1.83, "size": "small", "crown_color": "#1e2615"}}, {"type": "Feature", "geometry": {"type": "Point", "coordinates": [-119.47816506028175, 49.85620863934052]}, "properties": {"source": "deepforest", "kind": "tree", "species": "pine", "score": 0.31799978017807007, "crown_m": 2.5, "size": "medium", "crown_color": "#5e683f"}}, {"type": "Feature", "geometry": {"type": "Point", "coordinates": [-119.48074869811535, 49.856079378342564]}, "properties": {"source": "deepforest", "kind": "fruittree", "species": "apple", "score": 0.3174736499786377, "crown_m": 3.18, "size": "medium", "crown_color": "#585c46"}}, {"type": "Feature", "geometry": {"type": "Point", "coordinates": [-119.48202341794968, 49.854214350075466]}, "properties": {"source": "deepforest", "kind": "tree", "species": "pine", "score": 0.31744176149368286, "crown_m": 2.5, "size": "medium", "crown_color": "#576950"}}, {"type": "Feature", "geometry": {"type": "Point", "coordinates": [-119.47581008076668, 49.852567151206806]}, "properties": {"source": "deepforest", "kind": "fruittree", "species": "apple", "score": 0.3173266351222992, "crown_m": 1.54, "size": "small", "crown_color": "#3a3f2d"}}, {"type": "Feature", "geometry": {"type": "Point", "coordinates": [-119.47788543999195, 49.856866611368474]}, "properties": {"source": "deepforest", "kind": "tree", "species": "pine", "score": 0.3172639310359955, "crown_m": 7.99, "size": "large", "crown_color": "#52703a"}}, {"type": "Feature", "geometry": {"type": "Point", "coordinates": [-119.48164790868759, 49.85526187017644]}, "properties": {"source": "deepforest", "kind": "tree", "species": "maple", "score": 0.317226767539978, "crown_m": 4.04, "size": "large", "crown_color": "#595f49"}}, {"type": "Feature", "geometry": {"type": "Point", "coordinates": [-119.48109939694405, 49.85274397918218]}, "properties": {"source": "deepforest", "kind": "tree", "species": "maple", "score": 0.3171028196811676, "crown_m": 1.93, "size": "small", "crown_color": "#313526"}}, {"type": "Feature", "geometry": {"type": "Point", "coordinates": [-119.48280528187752, 49.852258457298234]}, "properties": {"source": "deepforest", "kind": "tree", "species": "maple", "score": 0.3171025216579437, "crown_m": 2.31, "size": "medium", "crown_color": "#33444b"}}, {"type": "Feature", "geometry": {"type": "Point", "coordinates": [-119.47656109929085, 49.85508591605491]}, "properties": {"source": "deepforest", "kind": "tree", "species": "maple", "score": 0.3170737624168396, "crown_m": 2.41, "size": "medium", "crown_color": "#232321"}}, {"type": "Feature", "geometry": {"type": "Point", "coordinates": [-119.47537288069725, 49.852958420064176]}, "properties": {"source": "deepforest", "kind": "tree", "species": "maple", "score": 0.31705909967422485, "crown_m": 1.54, "size": "small", "crown_color": "#7ea15e"}}, {"type": "Feature", "geometry": {"type": "Point", "coordinates": [-119.47798199951649, 49.85349495044108]}, "properties": {"source": "deepforest", "kind": "tree", "species": "maple", "score": 0.31653961539268494, "crown_m": 2.6, "size": "medium", "crown_color": "#263137"}}, {"type": "Feature", "geometry": {"type": "Point", "coordinates": [-119.47651751339436, 49.85533363506417]}, "properties": {"source": "deepforest", "kind": "tree", "species": "pine", "score": 0.31629690527915955, "crown_m": 2.7, "size": "medium", "crown_color": "#4f5b3c"}}, {"type": "Feature", "geometry": {"type": "Point", "coordinates": [-119.47634048759937, 49.851532110912025]}, "properties": {"source": "deepforest", "kind": "tree", "species": "pine", "score": 0.3162783682346344, "crown_m": 1.64, "size": "small", "crown_color": "#242d15"}}, {"type": "Feature", "geometry": {"type": "Point", "coordinates": [-119.47598040103912, 49.854929848103836]}, "properties": {"source": "deepforest", "kind": "tree", "species": "maple", "score": 0.316274493932724, "crown_m": 1.54, "size": "small", "crown_color": "#73865f"}}, {"type": "Feature", "geometry": {"type": "Point", "coordinates": [-119.47992391884327, 49.85207989815688]}, "properties": {"source": "deepforest", "kind": "tree", "species": "maple", "score": 0.31536856293678284, "crown_m": 1.64, "size": "small", "crown_color": "#707f64"}}, {"type": "Feature", "geometry": {"type": "Point", "coordinates": [-119.48219239711761, 49.85495189651532]}, "properties": {"source": "deepforest", "kind": "tree", "species": "pine", "score": 0.31536656618118286, "crown_m": 8.57, "size": "large", "crown_color": "#4c5646"}}, {"type": "Feature", "geometry": {"type": "Point", "coordinates": [-119.47933115065098, 49.85224375753912]}, "properties": {"source": "deepforest", "kind": "tree", "species": "pine", "score": 0.3150958716869354, "crown_m": 2.6, "size": "medium", "crown_color": "#525b40"}}, {"type": "Feature", "geometry": {"type": "Point", "coordinates": [-119.48135755956173, 49.85550656206669]}, "properties": {"source": "deepforest", "kind": "tree", "species": "pine", "score": 0.3150832951068878, "crown_m": 2.12, "size": "medium", "crown_color": "#526250"}}, {"type": "Feature", "geometry": {"type": "Point", "coordinates": [-119.4762110710144, 49.855474138300856]}, "properties": {"source": "deepforest", "kind": "tree", "species": "maple", "score": 0.31487247347831726, "crown_m": 4.04, "size": "large", "crown_color": "#90807e"}}, {"type": "Feature", "geometry": {"type": "Point", "coordinates": [-119.48129653930664, 49.85225888964401]}, "properties": {"source": "deepforest", "kind": "tree", "species": "pine", "score": 0.31476250290870667, "crown_m": 1.93, "size": "small", "crown_color": "#404e24"}}, {"type": "Feature", "geometry": {"type": "Point", "coordinates": [-119.47534136474133, 49.85599032206922]}, "properties": {"source": "deepforest", "kind": "tree", "species": "maple", "score": 0.31468915939331055, "crown_m": 2.6, "size": "medium", "crown_color": "#7a8865"}}, {"type": "Feature", "geometry": {"type": "Point", "coordinates": [-119.48081575334072, 49.85214388552794]}, "properties": {"source": "deepforest", "kind": "tree", "species": "maple", "score": 0.31446728110313416, "crown_m": 3.27, "size": "medium", "crown_color": "#9b9c7b"}}, {"type": "Feature", "geometry": {"type": "Point", "coordinates": [-119.4761212170124, 49.85518534966668]}, "properties": {"source": "deepforest", "kind": "tree", "species": "pine", "score": 0.3143242597579956, "crown_m": 1.64, "size": "small", "crown_color": "#29311d"}}, {"type": "Feature", "geometry": {"type": "Point", "coordinates": [-119.48255717754364, 49.85573309550368]}, "properties": {"source": "deepforest", "kind": "tree", "species": "pine", "score": 0.3143235743045807, "crown_m": 2.7, "size": "medium", "crown_color": "#5f6c5e"}}, {"type": "Feature", "geometry": {"type": "Point", "coordinates": [-119.48228426277637, 49.85432372900985]}, "properties": {"source": "deepforest", "kind": "tree", "species": "pine", "score": 0.31422364711761475, "crown_m": 2.02, "size": "medium", "crown_color": "#424f35"}}, {"type": "Feature", "geometry": {"type": "Point", "coordinates": [-119.47747841477394, 49.856453758744976]}, "properties": {"source": "deepforest", "kind": "tree", "species": "maple", "score": 0.31413915753364563, "crown_m": 3.18, "size": "medium", "crown_color": "#a4655f"}}, {"type": "Feature", "geometry": {"type": "Point", "coordinates": [-119.47618424892426, 49.85573050161538]}, "properties": {"source": "deepforest", "kind": "tree", "species": "pine", "score": 0.3141360282897949, "crown_m": 2.31, "size": "medium", "crown_color": "#5f7752"}}, {"type": "Feature", "geometry": {"type": "Point", "coordinates": [-119.47864316403866, 49.85500463973331]}, "properties": {"source": "deepforest", "kind": "tree", "species": "maple", "score": 0.3141043186187744, "crown_m": 1.44, "size": "small", "crown_color": "#788c6d"}}, {"type": "Feature", "geometry": {"type": "Point", "coordinates": [-119.47587847709656, 49.854912555225056]}, "properties": {"source": "deepforest", "kind": "tree", "species": "maple", "score": 0.3140140771865845, "crown_m": 2.31, "size": "medium", "crown_color": "#708e53"}}, {"type": "Feature", "geometry": {"type": "Point", "coordinates": [-119.47929561138153, 49.85223856938777]}, "properties": {"source": "deepforest", "kind": "tree", "species": "maple", "score": 0.31398671865463257, "crown_m": 1.83, "size": "small", "crown_color": "#869d65"}}, {"type": "Feature", "geometry": {"type": "Point", "coordinates": [-119.47655975818634, 49.85302327094998]}, "properties": {"source": "deepforest", "kind": "tree", "species": "maple", "score": 0.31392407417297363, "crown_m": 2.31, "size": "medium", "crown_color": "#343933"}}, {"type": "Feature", "geometry": {"type": "Point", "coordinates": [-119.4780832529068, 49.85575298197607]}, "properties": {"source": "deepforest", "kind": "tree", "species": "maple", "score": 0.3139060437679291, "crown_m": 1.93, "size": "small", "crown_color": "#71855f"}}, {"type": "Feature", "geometry": {"type": "Point", "coordinates": [-119.48176994919777, 49.85714069168555]}, "properties": {"source": "deepforest", "kind": "tree", "species": "maple", "score": 0.313818097114563, "crown_m": 2.5, "size": "medium", "crown_color": "#717f51"}}, {"type": "Feature", "geometry": {"type": "Point", "coordinates": [-119.47910852730274, 49.85644900335389]}, "properties": {"source": "deepforest", "kind": "tree", "species": "maple", "score": 0.31376513838768005, "crown_m": 2.12, "size": "medium", "crown_color": "#7f794f"}}, {"type": "Feature", "geometry": {"type": "Point", "coordinates": [-119.47613127529621, 49.85364021469168]}, "properties": {"source": "deepforest", "kind": "tree", "species": "maple", "score": 0.31366002559661865, "crown_m": 2.02, "size": "medium", "crown_color": "#6f8b5b"}}, {"type": "Feature", "geometry": {"type": "Point", "coordinates": [-119.475012794137, 49.85583166315615]}, "properties": {"source": "deepforest", "kind": "fruittree", "species": "apple", "score": 0.31352177262306213, "crown_m": 3.08, "size": "medium", "crown_color": "#5e633f"}}, {"type": "Feature", "geometry": {"type": "Point", "coordinates": [-119.47971537709236, 49.85305829039214]}, "properties": {"source": "deepforest", "kind": "tree", "species": "pine", "score": 0.31346526741981506, "crown_m": 1.83, "size": "small", "crown_color": "#667e4c"}}, {"type": "Feature", "geometry": {"type": "Point", "coordinates": [-119.4750751554966, 49.85545641329967]}, "properties": {"source": "deepforest", "kind": "tree", "species": "pine", "score": 0.3128681182861328, "crown_m": 3.27, "size": "medium", "crown_color": "#495342"}}, {"type": "Feature", "geometry": {"type": "Point", "coordinates": [-119.47974018752575, 49.855175406314714]}, "properties": {"source": "deepforest", "kind": "tree", "species": "maple", "score": 0.31286513805389404, "crown_m": 2.89, "size": "medium", "crown_color": "#202b35"}}, {"type": "Feature", "geometry": {"type": "Point", "coordinates": [-119.48085330426693, 49.85225326914847]}, "properties": {"source": "deepforest", "kind": "tree", "species": "maple", "score": 0.31278562545776367, "crown_m": 3.18, "size": "medium", "crown_color": "#869267"}}, {"type": "Feature", "geometry": {"type": "Point", "coordinates": [-119.4757604598999, 49.85503144364171]}, "properties": {"source": "deepforest", "kind": "tree", "species": "maple", "score": 0.3126422166824341, "crown_m": 3.18, "size": "medium", "crown_color": "#708d52"}}, {"type": "Feature", "geometry": {"type": "Point", "coordinates": [-119.4777499884367, 49.854393333657384]}, "properties": {"source": "deepforest", "kind": "fruittree", "species": "apple", "score": 0.31215962767601013, "crown_m": 2.41, "size": "medium", "crown_color": "#546548"}}, {"type": "Feature", "geometry": {"type": "Point", "coordinates": [-119.47842858731747, 49.85645764951914]}, "properties": {"source": "deepforest", "kind": "tree", "species": "pine", "score": 0.311996728181839, "crown_m": 1.92, "size": "small", "crown_color": "#636e4d"}}, {"type": "Feature", "geometry": {"type": "Point", "coordinates": [-119.47607763111591, 49.85512352792342]}, "properties": {"source": "deepforest", "kind": "tree", "species": "maple", "score": 0.31185516715049744, "crown_m": 2.5, "size": "medium", "crown_color": "#44504a"}}, {"type": "Feature", "geometry": {"type": "Point", "coordinates": [-119.48047041893005, 49.85156886084255]}, "properties": {"source": "deepforest", "kind": "tree", "species": "maple", "score": 0.3115769922733307, "crown_m": 2.31, "size": "medium", "crown_color": "#51493c"}}, {"type": "Feature", "geometry": {"type": "Point", "coordinates": [-119.47773456573486, 49.85416333530995]}, "properties": {"source": "deepforest", "kind": "tree", "species": "maple", "score": 0.31135860085487366, "crown_m": 4.04, "size": "large", "crown_color": "#6d894e"}}, {"type": "Feature", "geometry": {"type": "Point", "coordinates": [-119.4781543314457, 49.85479582813142]}, "properties": {"source": "deepforest", "kind": "tree", "species": "maple", "score": 0.3113122582435608, "crown_m": 3.08, "size": "medium", "crown_color": "#6b8259"}}, {"type": "Feature", "geometry": {"type": "Point", "coordinates": [-119.47707675397396, 49.852632434960086]}, "properties": {"source": "deepforest", "kind": "tree", "species": "maple", "score": 0.31122782826423645, "crown_m": 2.31, "size": "medium", "crown_color": "#3f4328"}}, {"type": "Feature", "geometry": {"type": "Point", "coordinates": [-119.4764544814825, 49.851602151931964]}, "properties": {"source": "deepforest", "kind": "tree", "species": "maple", "score": 0.31121328473091125, "crown_m": 1.44, "size": "small", "crown_color": "#799460"}}, {"type": "Feature", "geometry": {"type": "Point", "coordinates": [-119.48042750358582, 49.85217933795379]}, "properties": {"source": "deepforest", "kind": "tree", "species": "pine", "score": 0.3111056387424469, "crown_m": 8.09, "size": "large", "crown_color": "#69814a"}}, {"type": "Feature", "geometry": {"type": "Point", "coordinates": [-119.48159091174603, 49.85338384028801]}, "properties": {"source": "deepforest", "kind": "tree", "species": "maple", "score": 0.3105553090572357, "crown_m": 2.31, "size": "medium", "crown_color": "#6f8860"}}, {"type": "Feature", "geometry": {"type": "Point", "coordinates": [-119.48239088058472, 49.85250013799085]}, "properties": {"source": "deepforest", "kind": "tree", "species": "maple", "score": 0.3104092478752136, "crown_m": 3.66, "size": "large", "crown_color": "#4d533c"}}, {"type": "Feature", "geometry": {"type": "Point", "coordinates": [-119.47798870503902, 49.85437387895233]}, "properties": {"source": "deepforest", "kind": "tree", "species": "maple", "score": 0.3103422224521637, "crown_m": 5.39, "size": "large", "crown_color": "#443b36"}}, {"type": "Feature", "geometry": {"type": "Point", "coordinates": [-119.47585701942444, 49.8550374961351]}, "properties": {"source": "deepforest", "kind": "tree", "species": "pine", "score": 0.3101377487182617, "crown_m": 1.93, "size": "small", "crown_color": "#4b6744"}}, {"type": "Feature", "geometry": {"type": "Point", "coordinates": [-119.4774254411459, 49.851906094194426]}, "properties": {"source": "deepforest", "kind": "tree", "species": "maple", "score": 0.31008341908454895, "crown_m": 1.93, "size": "small", "crown_color": "#2b2f1c"}}, {"type": "Feature", "geometry": {"type": "Point", "coordinates": [-119.48175117373466, 49.85175779827956]}, "properties": {"source": "deepforest", "kind": "tree", "species": "pine", "score": 0.3100421726703644, "crown_m": 3.18, "size": "medium", "crown_color": "#697e4f"}}, {"type": "Feature", "geometry": {"type": "Point", "coordinates": [-119.4813884049654, 49.85537556991912]}, "properties": {"source": "deepforest", "kind": "tree", "species": "pine", "score": 0.30985918641090393, "crown_m": 2.41, "size": "medium", "crown_color": "#4c5844"}}, {"type": "Feature", "geometry": {"type": "Point", "coordinates": [-119.47600319981575, 49.85505695057299]}, "properties": {"source": "deepforest", "kind": "tree", "species": "pine", "score": 0.3095073997974396, "crown_m": 1.73, "size": "small", "crown_color": "#3c4f30"}}, {"type": "Feature", "geometry": {"type": "Point", "coordinates": [-119.48093712329865, 49.855378596144355]}, "properties": {"source": "deepforest", "kind": "fruittree", "species": "apple", "score": 0.30938154458999634, "crown_m": 1.54, "size": "small", "crown_color": "#637880"}}, {"type": "Feature", "geometry": {"type": "Point", "coordinates": [-119.47810605168343, 49.85692064940892]}, "properties": {"source": "deepforest", "kind": "tree", "species": "pine", "score": 0.30937597155570984, "crown_m": 2.02, "size": "medium", "crown_color": "#475446"}}, {"type": "Feature", "geometry": {"type": "Point", "coordinates": [-119.47782441973686, 49.85529299712878]}, "properties": {"source": "deepforest", "kind": "tree", "species": "pine", "score": 0.30890384316444397, "crown_m": 2.5, "size": "medium", "crown_color": "#2c341e"}}, {"type": "Feature", "geometry": {"type": "Point", "coordinates": [-119.48066152632236, 49.854012884670915]}, "properties": {"source": "deepforest", "kind": "tree", "species": "maple", "score": 0.30875658988952637, "crown_m": 3.75, "size": "large", "crown_color": "#72775a"}}, {"type": "Feature", "geometry": {"type": "Point", "coordinates": [-119.47971940040588, 49.85583901249061]}, "properties": {"source": "deepforest", "kind": "tree", "species": "maple", "score": 0.3087487816810608, "crown_m": 2.41, "size": "medium", "crown_color": "#272f2c"}}, {"type": "Feature", "geometry": {"type": "Point", "coordinates": [-119.48145277798176, 49.85474049074407]}, "properties": {"source": "deepforest", "kind": "tree", "species": "maple", "score": 0.30872029066085815, "crown_m": 2.12, "size": "medium", "crown_color": "#475952"}}, {"type": "Feature", "geometry": {"type": "Point", "coordinates": [-119.47991251945496, 49.85639280324204]}, "properties": {"source": "deepforest", "kind": "tree", "species": "pine", "score": 0.30864378809928894, "crown_m": 2.12, "size": "medium", "crown_color": "#676f5c"}}, {"type": "Feature", "geometry": {"type": "Point", "coordinates": [-119.4758503139019, 49.85488877750662]}, "properties": {"source": "deepforest", "kind": "fruittree", "species": "peach", "score": 0.3085837662220001, "crown_m": 2.02, "size": "medium", "crown_color": "#597249"}}, {"type": "Feature", "geometry": {"type": "Point", "coordinates": [-119.47507917881012, 49.856380698594]}, "properties": {"source": "deepforest", "kind": "tree", "species": "maple", "score": 0.3084713816642761, "crown_m": 2.89, "size": "medium", "crown_color": "#b6b9a3"}}, {"type": "Feature", "geometry": {"type": "Point", "coordinates": [-119.47908505797386, 49.85442489349558]}, "properties": {"source": "deepforest", "kind": "tree", "species": "maple", "score": 0.30823639035224915, "crown_m": 3.66, "size": "large", "crown_color": "#503e3b"}}, {"type": "Feature", "geometry": {"type": "Point", "coordinates": [-119.48180213570595, 49.85375910623853]}, "properties": {"source": "deepforest", "kind": "tree", "species": "pine", "score": 0.30816856026649475, "crown_m": 3.27, "size": "medium", "crown_color": "#5c6b4c"}}, {"type": "Feature", "geometry": {"type": "Point", "coordinates": [-119.47568535804749, 49.85251224361093]}, "properties": {"source": "deepforest", "kind": "tree", "species": "pine", "score": 0.30811333656311035, "crown_m": 1.73, "size": "small", "crown_color": "#263016"}}, {"type": "Feature", "geometry": {"type": "Point", "coordinates": [-119.47643637657166, 49.85466267243589]}, "properties": {"source": "deepforest", "kind": "tree", "species": "pine", "score": 0.30784380435943604, "crown_m": 8.47, "size": "large", "crown_color": "#636b49"}}, {"type": "Feature", "geometry": {"type": "Point", "coordinates": [-119.47863779962063, 49.854854624036044]}, "properties": {"source": "deepforest", "kind": "tree", "species": "maple", "score": 0.307781845331192, "crown_m": 6.64, "size": "large", "crown_color": "#47433f"}}, {"type": "Feature", "geometry": {"type": "Point", "coordinates": [-119.47675354778767, 49.854178899142426]}, "properties": {"source": "deepforest", "kind": "tree", "species": "pine", "score": 0.30760154128074646, "crown_m": 2.02, "size": "medium", "crown_color": "#2f4131"}}, {"type": "Feature", "geometry": {"type": "Point", "coordinates": [-119.48283478617668, 49.856054304262784]}, "properties": {"source": "deepforest", "kind": "tree", "species": "pine", "score": 0.30718162655830383, "crown_m": 2.6, "size": "medium", "crown_color": "#64755d"}}, {"type": "Feature", "geometry": {"type": "Point", "coordinates": [-119.47681590914726, 49.8571588483709]}, "properties": {"source": "deepforest", "kind": "tree", "species": "maple", "score": 0.30705878138542175, "crown_m": 6.93, "size": "large", "crown_color": "#82976d"}}, {"type": "Feature", "geometry": {"type": "Point", "coordinates": [-119.4790280610323, 49.85451438497952]}, "properties": {"source": "deepforest", "kind": "tree", "species": "pine", "score": 0.307004451751709, "crown_m": 1.44, "size": "small", "crown_color": "#253023"}}, {"type": "Feature", "geometry": {"type": "Point", "coordinates": [-119.48107793927193, 49.85212097114128]}, "properties": {"source": "deepforest", "kind": "tree", "species": "maple", "score": 0.30695435404777527, "crown_m": 9.05, "size": "large", "crown_color": "#859166"}}, {"type": "Feature", "geometry": {"type": "Point", "coordinates": [-119.48221988976002, 49.85522642001184]}, "properties": {"source": "deepforest", "kind": "tree", "species": "maple", "score": 0.3069380521774292, "crown_m": 5.97, "size": "large", "crown_color": "#696a5d"}}, {"type": "Feature", "geometry": {"type": "Point", "coordinates": [-119.47811476886272, 49.85308855408713]}, "properties": {"source": "deepforest", "kind": "tree", "species": "maple", "score": 0.3066878020763397, "crown_m": 1.64, "size": "small", "crown_color": "#273436"}}, {"type": "Feature", "geometry": {"type": "Point", "coordinates": [-119.47651281952858, 49.85509110390057]}, "properties": {"source": "deepforest", "kind": "tree", "species": "maple", "score": 0.3065319061279297, "crown_m": 2.41, "size": "medium", "crown_color": "#3e4433"}}, {"type": "Feature", "geometry": {"type": "Point", "coordinates": [-119.47753138840199, 49.85499253473754]}, "properties": {"source": "deepforest", "kind": "tree", "species": "pine", "score": 0.30639758706092834, "crown_m": 2.21, "size": "medium", "crown_color": "#445039"}}, {"type": "Feature", "geometry": {"type": "Point", "coordinates": [-119.47596430778503, 49.8566163063769]}, "properties": {"source": "deepforest", "kind": "tree", "species": "pine", "score": 0.3062494397163391, "crown_m": 1.92, "size": "small", "crown_color": "#4e6e49"}}, {"type": "Feature", "geometry": {"type": "Point", "coordinates": [-119.47679445147514, 49.8554689504963]}, "properties": {"source": "deepforest", "kind": "tree", "species": "pine", "score": 0.30577710270881653, "crown_m": 1.93, "size": "small", "crown_color": "#4d5934"}}, {"type": "Feature", "geometry": {"type": "Point", "coordinates": [-119.47709016501904, 49.85197267588575]}, "properties": {"source": "deepforest", "kind": "tree", "species": "pine", "score": 0.3057518005371094, "crown_m": 1.93, "size": "small", "crown_color": "#6a7745"}}, {"type": "Feature", "geometry": {"type": "Point", "coordinates": [-119.47842925786972, 49.855002045805904]}, "properties": {"source": "deepforest", "kind": "tree", "species": "pine", "score": 0.30563515424728394, "crown_m": 2.02, "size": "medium", "crown_color": "#5f7a58"}}, {"type": "Feature", "geometry": {"type": "Point", "coordinates": [-119.48188997805119, 49.85622766099666]}, "properties": {"source": "deepforest", "kind": "tree", "species": "maple", "score": 0.30557963252067566, "crown_m": 2.98, "size": "medium", "crown_color": "#70855d"}}, {"type": "Feature", "geometry": {"type": "Point", "coordinates": [-119.48238618671894, 49.854155553391834]}, "properties": {"source": "deepforest", "kind": "tree", "species": "pine", "score": 0.30554458498954773, "crown_m": 2.21, "size": "medium", "crown_color": "#606e5e"}}, {"type": "Feature", "geometry": {"type": "Point", "coordinates": [-119.4769211858511, 49.85505651825223]}, "properties": {"source": "deepforest", "kind": "tree", "species": "maple", "score": 0.30510133504867554, "crown_m": 2.21, "size": "medium", "crown_color": "#90d2d4"}}, {"type": "Feature", "geometry": {"type": "Point", "coordinates": [-119.47613798081875, 49.85194759967511]}, "properties": {"source": "deepforest", "kind": "tree", "species": "pine", "score": 0.30501461029052734, "crown_m": 2.02, "size": "medium", "crown_color": "#566f49"}}, {"type": "Feature", "geometry": {"type": "Point", "coordinates": [-119.4828113168478, 49.85619437309351]}, "properties": {"source": "deepforest", "kind": "tree", "species": "maple", "score": 0.3046906292438507, "crown_m": 6.45, "size": "large", "crown_color": "#666b55"}}, {"type": "Feature", "geometry": {"type": "Point", "coordinates": [-119.47664223611355, 49.852654052077504]}, "properties": {"source": "deepforest", "kind": "tree", "species": "pine", "score": 0.3042570650577545, "crown_m": 2.12, "size": "medium", "crown_color": "#62864b"}}, {"type": "Feature", "geometry": {"type": "Point", "coordinates": [-119.48217228055, 49.85565138795514]}, "properties": {"source": "deepforest", "kind": "tree", "species": "pine", "score": 0.30405738949775696, "crown_m": 2.02, "size": "medium", "crown_color": "#454f41"}}, {"type": "Feature", "geometry": {"type": "Point", "coordinates": [-119.47992995381355, 49.85408508374293]}, "properties": {"source": "deepforest", "kind": "tree", "species": "pine", "score": 0.3039732575416565, "crown_m": 1.73, "size": "small", "crown_color": "#19280c"}}, {"type": "Feature", "geometry": {"type": "Point", "coordinates": [-119.47589054703712, 49.856910274109836]}, "properties": {"source": "deepforest", "kind": "tree", "species": "maple", "score": 0.3036803901195526, "crown_m": 1.64, "size": "small", "crown_color": "#414c49"}}, {"type": "Feature", "geometry": {"type": "Point", "coordinates": [-119.4823157787323, 49.85444823911607]}, "properties": {"source": "deepforest", "kind": "tree", "species": "maple", "score": 0.30353084206581116, "crown_m": 2.7, "size": "medium", "crown_color": "#8a9679"}}, {"type": "Feature", "geometry": {"type": "Point", "coordinates": [-119.4767964631319, 49.852677830895495]}, "properties": {"source": "deepforest", "kind": "tree", "species": "maple", "score": 0.3034633994102478, "crown_m": 2.02, "size": "medium", "crown_color": "#32351f"}}, {"type": "Feature", "geometry": {"type": "Point", "coordinates": [-119.48282204568386, 49.854737464478866]}, "properties": {"source": "deepforest", "kind": "tree", "species": "pine", "score": 0.30335596203804016, "crown_m": 3.75, "size": "large", "crown_color": "#636e59"}}, {"type": "Feature", "geometry": {"type": "Point", "coordinates": [-119.47785258293152, 49.85350359713489]}, "properties": {"source": "deepforest", "kind": "tree", "species": "maple", "score": 0.3031746447086334, "crown_m": 2.7, "size": "medium", "crown_color": "#1c2427"}}, {"type": "Feature", "geometry": {"type": "Point", "coordinates": [-119.47940424084663, 49.85651039109369]}, "properties": {"source": "deepforest", "kind": "tree", "species": "pine", "score": 0.3031421899795532, "crown_m": 1.92, "size": "small", "crown_color": "#4b6244"}}, {"type": "Feature", "geometry": {"type": "Point", "coordinates": [-119.48162510991096, 49.85443743095985]}, "properties": {"source": "deepforest", "kind": "tree", "species": "maple", "score": 0.3030879497528076, "crown_m": 2.89, "size": "medium", "crown_color": "#687166"}}, {"type": "Feature", "geometry": {"type": "Point", "coordinates": [-119.47974152863026, 49.85435442423944]}, "properties": {"source": "deepforest", "kind": "tree", "species": "maple", "score": 0.3030685484409332, "crown_m": 2.02, "size": "medium", "crown_color": "#2d311b"}}, {"type": "Feature", "geometry": {"type": "Point", "coordinates": [-119.47683870792389, 49.85694312921594]}, "properties": {"source": "deepforest", "kind": "tree", "species": "maple", "score": 0.3027862310409546, "crown_m": 1.83, "size": "small", "crown_color": "#768e5e"}}, {"type": "Feature", "geometry": {"type": "Point", "coordinates": [-119.47677299380302, 49.85507078483518]}, "properties": {"source": "deepforest", "kind": "tree", "species": "pine", "score": 0.3025551438331604, "crown_m": 2.5, "size": "medium", "crown_color": "#637e45"}}, {"type": "Feature", "geometry": {"type": "Point", "coordinates": [-119.47839707136154, 49.85474049074407]}, "properties": {"source": "deepforest", "kind": "tree", "species": "maple", "score": 0.3024293780326843, "crown_m": 4.81, "size": "large", "crown_color": "#959777"}}, {"type": "Feature", "geometry": {"type": "Point", "coordinates": [-119.48138639330864, 49.85160258428363]}, "properties": {"source": "deepforest", "kind": "tree", "species": "pine", "score": 0.30234646797180176, "crown_m": 1.93, "size": "small", "crown_color": "#5a7140"}}, {"type": "Feature", "geometry": {"type": "Point", "coordinates": [-119.48135755956173, 49.85234233230881]}, "properties": {"source": "deepforest", "kind": "tree", "species": "maple", "score": 0.30229970812797546, "crown_m": 1.64, "size": "small", "crown_color": "#6b855c"}}, {"type": "Feature", "geometry": {"type": "Point", "coordinates": [-119.4807118177414, 49.854043580097944]}, "properties": {"source": "deepforest", "kind": "tree", "species": "pine", "score": 0.30224424600601196, "crown_m": 1.93, "size": "small", "crown_color": "#536553"}}, {"type": "Feature", "geometry": {"type": "Point", "coordinates": [-119.47645716369152, 49.85714587931063]}, "properties": {"source": "deepforest", "kind": "tree", "species": "pine", "score": 0.3022080957889557, "crown_m": 1.92, "size": "small", "crown_color": "#63874e"}}, {"type": "Feature", "geometry": {"type": "Point", "coordinates": [-119.47617821395397, 49.85382698237229]}, "properties": {"source": "deepforest", "kind": "fruittree", "species": "apple", "score": 0.30219218134880066, "crown_m": 5.68, "size": "large", "crown_color": "#5d7149"}}, {"type": "Feature", "geometry": {"type": "Point", "coordinates": [-119.47644107043743, 49.85613601113005]}, "properties": {"source": "deepforest", "kind": "tree", "species": "maple", "score": 0.30218592286109924, "crown_m": 1.83, "size": "small", "crown_color": "#769662"}}, {"type": "Feature", "geometry": {"type": "Point", "coordinates": [-119.48213942348957, 49.85374138060828]}, "properties": {"source": "deepforest", "kind": "tree", "species": "maple", "score": 0.30148574709892273, "crown_m": 9.91, "size": "large", "crown_color": "#565d4b"}}, {"type": "Feature", "geometry": {"type": "Point", "coordinates": [-119.47722494602203, 49.853576229301765]}, "properties": {"source": "deepforest", "kind": "tree", "species": "pine", "score": 0.3013811409473419, "crown_m": 2.02, "size": "medium", "crown_color": "#313d2e"}}, {"type": "Feature", "geometry": {"type": "Point", "coordinates": [-119.47589591145515, 49.85218366141859]}, "properties": {"source": "deepforest", "kind": "tree", "species": "pine", "score": 0.30134162306785583, "crown_m": 1.54, "size": "small", "crown_color": "#273816"}}, {"type": "Feature", "geometry": {"type": "Point", "coordinates": [-119.47648800909519, 49.85412399337772]}, "properties": {"source": "deepforest", "kind": "tree", "species": "maple", "score": 0.30133605003356934, "crown_m": 4.33, "size": "large", "crown_color": "#6d775a"}}, {"type": "Feature", "geometry": {"type": "Point", "coordinates": [-119.47588317096233, 49.85271890337173]}, "properties": {"source": "deepforest", "kind": "tree", "species": "pine", "score": 0.30130672454833984, "crown_m": 1.93, "size": "small", "crown_color": "#5c7b4e"}}, {"type": "Feature", "geometry": {"type": "Point", "coordinates": [-119.47842121124268, 49.8535342928854]}, "properties": {"source": "deepforest", "kind": "tree", "species": "pine", "score": 0.30129945278167725, "crown_m": 2.31, "size": "medium", "crown_color": "#677759"}}, {"type": "Feature", "geometry": {"type": "Point", "coordinates": [-119.47571150958538, 49.85499858723581]}, "properties": {"source": "deepforest", "kind": "tree", "species": "maple", "score": 0.30085623264312744, "crown_m": 2.79, "size": "medium", "crown_color": "#759058"}}, {"type": "Feature", "geometry": {"type": "Point", "coordinates": [-119.47754211723804, 49.85713593636207]}, "properties": {"source": "deepforest", "kind": "fruittree", "species": "peach", "score": 0.3007834255695343, "crown_m": 2.41, "size": "medium", "crown_color": "#6e7c5b"}}, {"type": "Feature", "geometry": {"type": "Point", "coordinates": [-119.48276974260807, 49.85589478093328]}, "properties": {"source": "deepforest", "kind": "tree", "species": "maple", "score": 0.3007439970970154, "crown_m": 6.35, "size": "large", "crown_color": "#6b776c"}}, {"type": "Feature", "geometry": {"type": "Point", "coordinates": [-119.480459690094, 49.85595271087535]}, "properties": {"source": "deepforest", "kind": "tree", "species": "maple", "score": 0.3006896376609802, "crown_m": 1.54, "size": "small", "crown_color": "#556260"}}, {"type": "Feature", "geometry": {"type": "Point", "coordinates": [-119.47555862367153, 49.85664094785848]}, "properties": {"source": "deepforest", "kind": "tree", "species": "pine", "score": 0.30012190341949463, "crown_m": 2.12, "size": "medium", "crown_color": "#495138"}}]}