{"type": "FeatureCollection", "bbox": [-119.48283618725074, 49.851674997299995, -119.47446061274925, 49.8570750027], "features": [{"type": "Feature", "geometry": {"type": "Point", "coordinates": [-119.48049657046795, 49.85349278876738]}, "properties": {"source": "deepforest", "kind": "tree", "score": 0.8092414140701294, "crown_m": 2.5}}, {"type": "Feature", "geometry": {"type": "Point", "coordinates": [-119.48254108428955, 49.85643992487871]}, "properties": {"source": "deepforest", "kind": "tree", "score": 0.7958608865737915, "crown_m": 5.29}}, {"type": "Feature", "geometry": {"type": "Point", "coordinates": [-119.48036178946495, 49.853320719231235]}, "properties": {"source": "deepforest", "kind": "tree", "score": 0.7854828238487244, "crown_m": 3.27}}, {"type": "Feature", "geometry": {"type": "Point", "coordinates": [-119.47750993072987, 49.855400212033395]}, "properties": {"source": "deepforest", "kind": "tree", "score": 0.7442519664764404, "crown_m": 5.2}}, {"type": "Feature", "geometry": {"type": "Point", "coordinates": [-119.48147624731064, 49.85284903803962]}, "properties": {"source": "deepforest", "kind": "tree", "score": 0.7354802489280701, "crown_m": 6.93}}, {"type": "Feature", "geometry": {"type": "Point", "coordinates": [-119.48073126375675, 49.85493071274762]}, "properties": {"source": "deepforest", "kind": "tree", "score": 0.7305988669395447, "crown_m": 2.89}}, {"type": "Feature", "geometry": {"type": "Point", "coordinates": [-119.48069974780083, 49.85475778368442]}, "properties": {"source": "deepforest", "kind": "tree", "score": 0.7156582474708557, "crown_m": 7.12}}, {"type": "Feature", "geometry": {"type": "Point", "coordinates": [-119.48077082633972, 49.852207008121766]}, "properties": {"source": "deepforest", "kind": "tree", "score": 0.711629331111908, "crown_m": 13.28}}, {"type": "Feature", "geometry": {"type": "Point", "coordinates": [-119.4806769490242, 49.8534106450954]}, "properties": {"source": "deepforest", "kind": "tree", "score": 0.7094272375106812, "crown_m": 2.7}}, {"type": "Feature", "geometry": {"type": "Point", "coordinates": [-119.48275096714497, 49.85444867144227]}, "properties": {"source": "deepforest", "kind": "tree", "score": 0.7088791131973267, "crown_m": 3.75}}, {"type": "Feature", "geometry": {"type": "Point", "coordinates": [-119.47792768478394, 49.855711047448644]}, "properties": {"source": "deepforest", "kind": "tree", "score": 0.6951829791069031, "crown_m": 4.24}}, {"type": "Feature", "geometry": {"type": "Point", "coordinates": [-119.47773724794388, 49.85313394959409]}, "properties": {"source": "deepforest", "kind": "tree", "score": 0.6883692741394043, "crown_m": 2.31}}, {"type": "Feature", "geometry": {"type": "Point", "coordinates": [-119.47654366493225, 49.855782379355055]}, "properties": {"source": "deepforest", "kind": "tree", "score": 0.6827942728996277, "crown_m": 4.62}}, {"type": "Feature", "geometry": {"type": "Point", "coordinates": [-119.47702445089817, 49.85380190712379]}, "properties": {"source": "deepforest", "kind": "tree", "score": 0.6810534000396729, "crown_m": 3.56}}, {"type": "Feature", "geometry": {"type": "Point", "coordinates": [-119.48004998266697, 49.853452581619074]}, "properties": {"source": "deepforest", "kind": "tree", "score": 0.6799152493476868, "crown_m": 3.18}}, {"type": "Feature", "geometry": {"type": "Point", "coordinates": [-119.47521194815636, 49.85601712543088]}, "properties": {"source": "deepforest", "kind": "tree", "score": 0.6784786581993103, "crown_m": 8.85}}, {"type": "Feature", "geometry": {"type": "Point", "coordinates": [-119.48261953890324, 49.8566016079433]}, "properties": {"source": "deepforest", "kind": "tree", "score": 0.6779699921607971, "crown_m": 4.72}}, {"type": "Feature", "geometry": {"type": "Point", "coordinates": [-119.48162980377674, 49.85580702126189]}, "properties": {"source": "deepforest", "kind": "tree", "score": 0.6733896136283875, "crown_m": 3.18}}, {"type": "Feature", "geometry": {"type": "Point", "coordinates": [-119.48065347969532, 49.85351181149257]}, "properties": {"source": "deepforest", "kind": "tree", "score": 0.6590147018432617, "crown_m": 2.6}}, {"type": "Feature", "geometry": {"type": "Point", "coordinates": [-119.48045030236244, 49.85484727455188]}, "properties": {"source": "deepforest", "kind": "tree", "score": 0.6577627658843994, "crown_m": 4.52}}, {"type": "Feature", "geometry": {"type": "Point", "coordinates": [-119.48123551905155, 49.85349581511053]}, "properties": {"source": "deepforest", "kind": "tree", "score": 0.657267689704895, "crown_m": 4.72}}, {"type": "Feature", "geometry": {"type": "Point", "coordinates": [-119.47747237980366, 49.85178157753853]}, "properties": {"source": "deepforest", "kind": "tree", "score": 0.656196117401123, "crown_m": 2.31}}, {"type": "Feature", "geometry": {"type": "Point", "coordinates": [-119.4808928668499, 49.85313092322828]}, "properties": {"source": "deepforest", "kind": "tree", "score": 0.6554610133171082, "crown_m": 5.29}}, {"type": "Feature", "geometry": {"type": "Point", "coordinates": [-119.48013380169868, 49.85699457335036]}, "properties": {"source": "deepforest", "kind": "tree", "score": 0.6536960601806641, "crown_m": 6.35}}, {"type": "Feature", "geometry": {"type": "Point", "coordinates": [-119.47510331869125, 49.85541620778507]}, "properties": {"source": "deepforest", "kind": "tree", "score": 0.6513328552246094, "crown_m": 5.49}}, {"type": "Feature", "geometry": {"type": "Point", "coordinates": [-119.47725042700768, 49.85470936343583]}, "properties": {"source": "deepforest", "kind": "tree", "score": 0.6502770781517029, "crown_m": 3.85}}, {"type": "Feature", "geometry": {"type": "Point", "coordinates": [-119.47752870619297, 49.85525149452119]}, "properties": {"source": "deepforest", "kind": "tree", "score": 0.6455571055412292, "crown_m": 5.29}}, {"type": "Feature", "geometry": {"type": "Point", "coordinates": [-119.47746366262436, 49.85371630531536]}, "properties": {"source": "deepforest", "kind": "tree", "score": 0.6453649401664734, "crown_m": 2.7}}, {"type": "Feature", "geometry": {"type": "Point", "coordinates": [-119.4772021472454, 49.853537751560296]}, "properties": {"source": "deepforest", "kind": "tree", "score": 0.6419514417648315, "crown_m": 4.62}}, {"type": "Feature", "geometry": {"type": "Point", "coordinates": [-119.47728328406811, 49.85232417381371]}, "properties": {"source": "deepforest", "kind": "tree", "score": 0.6400604248046875, "crown_m": 2.98}}, {"type": "Feature", "geometry": {"type": "Point", "coordinates": [-119.4806320220232, 49.85361686868086]}, "properties": {"source": "deepforest", "kind": "tree", "score": 0.6328824758529663, "crown_m": 2.6}}, {"type": "Feature", "geometry": {"type": "Point", "coordinates": [-119.47614267468452, 49.854117508440766]}, "properties": {"source": "deepforest", "kind": "tree", "score": 0.6309831738471985, "crown_m": 4.62}}, {"type": "Feature", "geometry": {"type": "Point", "coordinates": [-119.48068968951702, 49.85334233604078]}, "properties": {"source": "deepforest", "kind": "tree", "score": 0.6277534365653992, "crown_m": 2.31}}, {"type": "Feature", "geometry": {"type": "Point", "coordinates": [-119.48030143976212, 49.85607548753793]}, "properties": {"source": "deepforest", "kind": "tree", "score": 0.6264324188232422, "crown_m": 5.97}}, {"type": "Feature", "geometry": {"type": "Point", "coordinates": [-119.47763733565807, 49.85485981190655]}, "properties": {"source": "deepforest", "kind": "tree", "score": 0.6256943345069885, "crown_m": 5.78}}, {"type": "Feature", "geometry": {"type": "Point", "coordinates": [-119.47905085980892, 49.85660376947794]}, "properties": {"source": "deepforest", "kind": "tree", "score": 0.6255903840065002, "crown_m": 2.6}}, {"type": "Feature", "geometry": {"type": "Point", "coordinates": [-119.4786773622036, 49.85157231965811]}, "properties": {"source": "deepforest", "kind": "tree", "score": 0.6247768998146057, "crown_m": 3.85}}, {"type": "Feature", "geometry": {"type": "Point", "coordinates": [-119.48072388768196, 49.85159609900833]}, "properties": {"source": "deepforest", "kind": "tree", "score": 0.623272180557251, "crown_m": 11.65}}, {"type": "Feature", "geometry": {"type": "Point", "coordinates": [-119.4771210104227, 49.85366399302446]}, "properties": {"source": "deepforest", "kind": "tree", "score": 0.6221893429756165, "crown_m": 6.16}}, {"type": "Feature", "geometry": {"type": "Point", "coordinates": [-119.47841048240662, 49.85150833153031]}, "properties": {"source": "deepforest", "kind": "tree", "score": 0.6187729239463806, "crown_m": 4.04}}, {"type": "Feature", "geometry": {"type": "Point", "coordinates": [-119.47532795369625, 49.854352262604195]}, "properties": {"source": "deepforest", "kind": "tree", "score": 0.6176444292068481, "crown_m": 2.02}}, {"type": "Feature", "geometry": {"type": "Point", "coordinates": [-119.47641626000404, 49.854980862060195]}, "properties": {"source": "deepforest", "kind": "tree", "score": 0.6133068799972534, "crown_m": 2.5}}, {"type": "Feature", "geometry": {"type": "Point", "coordinates": [-119.4794961065054, 49.853801042459814]}, "properties": {"source": "deepforest", "kind": "tree", "score": 0.6085022687911987, "crown_m": 2.02}}, {"type": "Feature", "geometry": {"type": "Point", "coordinates": [-119.47741135954857, 49.85187712680659]}, "properties": {"source": "deepforest", "kind": "tree", "score": 0.6072447896003723, "crown_m": 2.79}}, {"type": "Feature", "geometry": {"type": "Point", "coordinates": [-119.48067158460617, 49.85536605892428]}, "properties": {"source": "deepforest", "kind": "tree", "score": 0.6060534119606018, "crown_m": 5.58}}, {"type": "Feature", "geometry": {"type": "Point", "coordinates": [-119.47594687342644, 49.853772508540004]}, "properties": {"source": "deepforest", "kind": "tree", "score": 0.6058991551399231, "crown_m": 3.95}}, {"type": "Feature", "geometry": {"type": "Point", "coordinates": [-119.48097869753838, 49.85536346501627]}, "properties": {"source": "deepforest", "kind": "tree", "score": 0.6005154252052307, "crown_m": 3.85}}, {"type": "Feature", "geometry": {"type": "Point", "coordinates": [-119.47723232209682, 49.856604201784855]}, "properties": {"source": "deepforest", "kind": "tree", "score": 0.5978372097015381, "crown_m": 5.29}}, {"type": "Feature", "geometry": {"type": "Point", "coordinates": [-119.47484314441681, 49.85438728108332]}, "properties": {"source": "deepforest", "kind": "tree", "score": 0.5971121788024902, "crown_m": 8.28}}, {"type": "Feature", "geometry": {"type": "Point", "coordinates": [-119.48261752724648, 49.85535741256371]}, "properties": {"source": "deepforest", "kind": "tree", "score": 0.5887210369110107, "crown_m": 3.37}}, {"type": "Feature", "geometry": {"type": "Point", "coordinates": [-119.47566792368889, 49.856863585236425]}, "properties": {"source": "deepforest", "kind": "tree", "score": 0.5867211222648621, "crown_m": 2.41}}, {"type": "Feature", "geometry": {"type": "Point", "coordinates": [-119.48147222399712, 49.8568268393321]}, "properties": {"source": "deepforest", "kind": "tree", "score": 0.5859092473983765, "crown_m": 10.78}}, {"type": "Feature", "geometry": {"type": "Point", "coordinates": [-119.47688899934292, 49.85355374792845]}, "properties": {"source": "deepforest", "kind": "tree", "score": 0.5857223868370056, "crown_m": 7.22}}, {"type": "Feature", "geometry": {"type": "Point", "coordinates": [-119.48104240000248, 49.85242101904207]}, "properties": {"source": "deepforest", "kind": "tree", "score": 0.5837424397468567, "crown_m": 3.95}}, {"type": "Feature", "geometry": {"type": "Point", "coordinates": [-119.47985418140888, 49.8528291503722]}, "properties": {"source": "deepforest", "kind": "tree", "score": 0.5823079347610474, "crown_m": 2.02}}, {"type": "Feature", "geometry": {"type": "Point", "coordinates": [-119.47930097579956, 49.8541257226941]}, "properties": {"source": "deepforest", "kind": "tree", "score": 0.5802663564682007, "crown_m": 1.73}}, {"type": "Feature", "geometry": {"type": "Point", "coordinates": [-119.47700701653957, 49.851551566761074]}, "properties": {"source": "deepforest", "kind": "tree", "score": 0.57855224609375, "crown_m": 1.64}}, {"type": "Feature", "geometry": {"type": "Point", "coordinates": [-119.47672203183174, 49.8521058389932]}, "properties": {"source": "deepforest", "kind": "tree", "score": 0.5775140523910522, "crown_m": 4.81}}, {"type": "Feature", "geometry": {"type": "Point", "coordinates": [-119.47697751224041, 49.85155026970471]}, "properties": {"source": "deepforest", "kind": "tree", "score": 0.572221040725708, "crown_m": 1.64}}, {"type": "Feature", "geometry": {"type": "Point", "coordinates": [-119.47955042123795, 49.8518377830132]}, "properties": {"source": "deepforest", "kind": "tree", "score": 0.570178210735321, "crown_m": 8.86}}, {"type": "Feature", "geometry": {"type": "Point", "coordinates": [-119.47722762823105, 49.85240934574358]}, "properties": {"source": "deepforest", "kind": "tree", "score": 0.5687492489814758, "crown_m": 3.66}}, {"type": "Feature", "geometry": {"type": "Point", "coordinates": [-119.4823694229126, 49.85407773414173]}, "properties": {"source": "deepforest", "kind": "tree", "score": 0.568591833114624, "crown_m": 2.41}}, {"type": "Feature", "geometry": {"type": "Point", "coordinates": [-119.47968989610672, 49.85376256489732]}, "properties": {"source": "deepforest", "kind": "tree", "score": 0.5677614212036133, "crown_m": 3.27}}, {"type": "Feature", "geometry": {"type": "Point", "coordinates": [-119.47559349238873, 49.85708751849637]}, "properties": {"source": "deepforest", "kind": "tree", "score": 0.5669516921043396, "crown_m": 2.41}}, {"type": "Feature", "geometry": {"type": "Point", "coordinates": [-119.47829179465771, 49.855985566632526]}, "properties": {"source": "deepforest", "kind": "tree", "score": 0.5658408403396606, "crown_m": 5.29}}, {"type": "Feature", "geometry": {"type": "Point", "coordinates": [-119.48062129318714, 49.854934603644416]}, "properties": {"source": "deepforest", "kind": "tree", "score": 0.5643383264541626, "crown_m": 2.98}}, {"type": "Feature", "geometry": {"type": "Point", "coordinates": [-119.47428658604622, 49.8562851582299]}, "properties": {"source": "deepforest", "kind": "tree", "score": 0.5641376376152039, "crown_m": 5.29}}, {"type": "Feature", "geometry": {"type": "Point", "coordinates": [-119.47650007903576, 49.85433626650035]}, "properties": {"source": "deepforest", "kind": "tree", "score": 0.5619961023330688, "crown_m": 4.72}}, {"type": "Feature", "geometry": {"type": "Point", "coordinates": [-119.47914272546768, 49.85641182482567]}, "properties": {"source": "deepforest", "kind": "tree", "score": 0.5608808398246765, "crown_m": 3.08}}, {"type": "Feature", "geometry": {"type": "Point", "coordinates": [-119.47601057589054, 49.85438728108332]}, "properties": {"source": "deepforest", "kind": "tree", "score": 0.5570825338363647, "crown_m": 6.06}}, {"type": "Feature", "geometry": {"type": "Point", "coordinates": [-119.47866395115852, 49.85516416600132]}, "properties": {"source": "deepforest", "kind": "tree", "score": 0.5569767355918884, "crown_m": 2.7}}, {"type": "Feature", "geometry": {"type": "Point", "coordinates": [-119.4797395169735, 49.85580702126189]}, "properties": {"source": "deepforest", "kind": "tree", "score": 0.5557522773742676, "crown_m": 2.41}}, {"type": "Feature", "geometry": {"type": "Point", "coordinates": [-119.47537690401077, 49.8543967922708]}, "properties": {"source": "deepforest", "kind": "tree", "score": 0.5549068450927734, "crown_m": 3.75}}, {"type": "Feature", "geometry": {"type": "Point", "coordinates": [-119.47633847594261, 49.853138705311395]}, "properties": {"source": "deepforest", "kind": "tree", "score": 0.5543150901794434, "crown_m": 2.12}}, {"type": "Feature", "geometry": {"type": "Point", "coordinates": [-119.48027797043324, 49.85683289160062]}, "properties": {"source": "deepforest", "kind": "tree", "score": 0.554271399974823, "crown_m": 2.5}}, {"type": "Feature", "geometry": {"type": "Point", "coordinates": [-119.47780027985573, 49.85647364492078]}, "properties": {"source": "deepforest", "kind": "tree", "score": 0.5540617108345032, "crown_m": 2.41}}, {"type": "Feature", "geometry": {"type": "Point", "coordinates": [-119.48252901434898, 49.85581091208814]}, "properties": {"source": "deepforest", "kind": "tree", "score": 0.5529199838638306, "crown_m": 2.5}}, {"type": "Feature", "geometry": {"type": "Point", "coordinates": [-119.48049321770668, 49.85330688446805]}, "properties": {"source": "deepforest", "kind": "tree", "score": 0.5477866530418396, "crown_m": 1.93}}, {"type": "Feature", "geometry": {"type": "Point", "coordinates": [-119.48213674128056, 49.85669498615129]}, "properties": {"source": "deepforest", "kind": "tree", "score": 0.5450069308280945, "crown_m": 3.18}}, {"type": "Feature", "geometry": {"type": "Point", "coordinates": [-119.4794887304306, 49.8538909674302]}, "properties": {"source": "deepforest", "kind": "tree", "score": 0.5420308113098145, "crown_m": 1.93}}, {"type": "Feature", "geometry": {"type": "Point", "coordinates": [-119.4819114357233, 49.8532338195593]}, "properties": {"source": "deepforest", "kind": "tree", "score": 0.5409483909606934, "crown_m": 3.18}}, {"type": "Feature", "geometry": {"type": "Point", "coordinates": [-119.47595961391926, 49.85208595101994]}, "properties": {"source": "deepforest", "kind": "tree", "score": 0.5409013628959656, "crown_m": 2.21}}, {"type": "Feature", "geometry": {"type": "Point", "coordinates": [-119.47931572794914, 49.85690940950148]}, "properties": {"source": "deepforest", "kind": "tree", "score": 0.5407598614692688, "crown_m": 3.46}}, {"type": "Feature", "geometry": {"type": "Point", "coordinates": [-119.47553046047688, 49.85366269602478]}, "properties": {"source": "deepforest", "kind": "tree", "score": 0.5400305390357971, "crown_m": 6.26}}, {"type": "Feature", "geometry": {"type": "Point", "coordinates": [-119.47780027985573, 49.85412745201042]}, "properties": {"source": "deepforest", "kind": "tree", "score": 0.539357602596283, "crown_m": 5.01}}, {"type": "Feature", "geometry": {"type": "Point", "coordinates": [-119.47971001267433, 49.853912151653674]}, "properties": {"source": "deepforest", "kind": "tree", "score": 0.5389708876609802, "crown_m": 1.93}}, {"type": "Feature", "geometry": {"type": "Point", "coordinates": [-119.47950012981892, 49.852322444432865]}, "properties": {"source": "deepforest", "kind": "tree", "score": 0.5384109616279602, "crown_m": 7.99}}, {"type": "Feature", "geometry": {"type": "Point", "coordinates": [-119.48077216744423, 49.85332893362001]}, "properties": {"source": "deepforest", "kind": "tree", "score": 0.5365825295448303, "crown_m": 2.79}}, {"type": "Feature", "geometry": {"type": "Point", "coordinates": [-119.47575107216835, 49.85372062864265]}, "properties": {"source": "deepforest", "kind": "tree", "score": 0.5364646911621094, "crown_m": 3.75}}, {"type": "Feature", "geometry": {"type": "Point", "coordinates": [-119.47847753763199, 49.8559358506755]}, "properties": {"source": "deepforest", "kind": "tree", "score": 0.5361007452011108, "crown_m": 5.1}}, {"type": "Feature", "geometry": {"type": "Point", "coordinates": [-119.47903610765934, 49.856838511563566]}, "properties": {"source": "deepforest", "kind": "tree", "score": 0.5355604290962219, "crown_m": 3.75}}, {"type": "Feature", "geometry": {"type": "Point", "coordinates": [-119.47589859366417, 49.85233325306211]}, "properties": {"source": "deepforest", "kind": "tree", "score": 0.5350785851478577, "crown_m": 3.08}}, {"type": "Feature", "geometry": {"type": "Point", "coordinates": [-119.47918362915516, 49.856442951037295]}, "properties": {"source": "deepforest", "kind": "tree", "score": 0.5344641804695129, "crown_m": 3.95}}, {"type": "Feature", "geometry": {"type": "Point", "coordinates": [-119.47597235441208, 49.85502063561592]}, "properties": {"source": "deepforest", "kind": "tree", "score": 0.5329027771949768, "crown_m": 5.39}}, {"type": "Feature", "geometry": {"type": "Point", "coordinates": [-119.4825404137373, 49.85455848217151]}, "properties": {"source": "deepforest", "kind": "tree", "score": 0.5304448008537292, "crown_m": 1.64}}, {"type": "Feature", "geometry": {"type": "Point", "coordinates": [-119.48183365166187, 49.85461987231297]}, "properties": {"source": "deepforest", "kind": "tree", "score": 0.5287314057350159, "crown_m": 2.79}}, {"type": "Feature", "geometry": {"type": "Point", "coordinates": [-119.47796791791916, 49.85690811258892]}, "properties": {"source": "deepforest", "kind": "tree", "score": 0.5244037508964539, "crown_m": 2.5}}, {"type": "Feature", "geometry": {"type": "Point", "coordinates": [-119.47557404637337, 49.8557780562122]}, "properties": {"source": "deepforest", "kind": "tree", "score": 0.5242292284965515, "crown_m": 1.93}}, {"type": "Feature", "geometry": {"type": "Point", "coordinates": [-119.48068231344223, 49.854931577391376]}, "properties": {"source": "deepforest", "kind": "tree", "score": 0.5234408378601074, "crown_m": 2.7}}, {"type": "Feature", "geometry": {"type": "Point", "coordinates": [-119.47592675685883, 49.85466396940872]}, "properties": {"source": "deepforest", "kind": "tree", "score": 0.5221766829490662, "crown_m": 3.95}}, {"type": "Feature", "geometry": {"type": "Point", "coordinates": [-119.47974689304829, 49.85490823200439]}, "properties": {"source": "deepforest", "kind": "tree", "score": 0.5217168927192688, "crown_m": 2.12}}, {"type": "Feature", "geometry": {"type": "Point", "coordinates": [-119.48185376822948, 49.85711086283054]}, "properties": {"source": "deepforest", "kind": "tree", "score": 0.5214794874191284, "crown_m": 3.18}}, {"type": "Feature", "geometry": {"type": "Point", "coordinates": [-119.47526760399342, 49.8566396509387]}, "properties": {"source": "deepforest", "kind": "tree", "score": 0.5202447175979614, "crown_m": 2.41}}, {"type": "Feature", "geometry": {"type": "Point", "coordinates": [-119.48188327252865, 49.85151524916983]}, "properties": {"source": "deepforest", "kind": "tree", "score": 0.5192418098449707, "crown_m": 1.54}}, {"type": "Feature", "geometry": {"type": "Point", "coordinates": [-119.47650477290154, 49.85596222175473]}, "properties": {"source": "deepforest", "kind": "tree", "score": 0.5191429257392883, "crown_m": 3.27}}, {"type": "Feature", "geometry": {"type": "Point", "coordinates": [-119.48055692017078, 49.856459378752014]}, "properties": {"source": "deepforest", "kind": "tree", "score": 0.5190339088439941, "crown_m": 1.92}}, {"type": "Feature", "geometry": {"type": "Point", "coordinates": [-119.47758503258228, 49.8526518903662]}, "properties": {"source": "deepforest", "kind": "tree", "score": 0.518439531326294, "crown_m": 2.02}}, {"type": "Feature", "geometry": {"type": "Point", "coordinates": [-119.47841249406338, 49.85642652331698]}, "properties": {"source": "deepforest", "kind": "tree", "score": 0.517953097820282, "crown_m": 2.89}}, {"type": "Feature", "geometry": {"type": "Point", "coordinates": [-119.48088012635708, 49.852109730117434]}, "properties": {"source": "deepforest", "kind": "tree", "score": 0.5174897909164429, "crown_m": 4.72}}, {"type": "Feature", "geometry": {"type": "Point", "coordinates": [-119.47680920362473, 49.852261051372906]}, "properties": {"source": "deepforest", "kind": "tree", "score": 0.5162225961685181, "crown_m": 3.18}}, {"type": "Feature", "geometry": {"type": "Point", "coordinates": [-119.47656981647015, 49.853123141143904]}, "properties": {"source": "deepforest", "kind": "tree", "score": 0.5148673057556152, "crown_m": 2.6}}, {"type": "Feature", "geometry": {"type": "Point", "coordinates": [-119.48162376880646, 49.85549705109763]}, "properties": {"source": "deepforest", "kind": "tree", "score": 0.5139769911766052, "crown_m": 2.89}}, {"type": "Feature", "geometry": {"type": "Point", "coordinates": [-119.48002651333809, 49.85437258197172]}, "properties": {"source": "deepforest", "kind": "tree", "score": 0.5134357213973999, "crown_m": 8.86}}, {"type": "Feature", "geometry": {"type": "Point", "coordinates": [-119.47598911821842, 49.85533190579102]}, "properties": {"source": "deepforest", "kind": "tree", "score": 0.5130362510681152, "crown_m": 4.04}}, {"type": "Feature", "geometry": {"type": "Point", "coordinates": [-119.47626538574696, 49.85567127446116]}, "properties": {"source": "deepforest", "kind": "tree", "score": 0.5128064751625061, "crown_m": 2.6}}, {"type": "Feature", "geometry": {"type": "Point", "coordinates": [-119.4806957244873, 49.85556622173898]}, "properties": {"source": "deepforest", "kind": "tree", "score": 0.5115493535995483, "crown_m": 1.93}}, {"type": "Feature", "geometry": {"type": "Point", "coordinates": [-119.48123015463352, 49.85467088659656]}, "properties": {"source": "deepforest", "kind": "tree", "score": 0.5111414790153503, "crown_m": 2.6}}, {"type": "Feature", "geometry": {"type": "Point", "coordinates": [-119.47776608169079, 49.854557617521074]}, "properties": {"source": "deepforest", "kind": "tree", "score": 0.5108973383903503, "crown_m": 2.6}}, {"type": "Feature", "geometry": {"type": "Point", "coordinates": [-119.47985485196114, 49.851660951722195]}, "properties": {"source": "deepforest", "kind": "tree", "score": 0.5073487162590027, "crown_m": 2.02}}, {"type": "Feature", "geometry": {"type": "Point", "coordinates": [-119.47817377746105, 49.856442951037295]}, "properties": {"source": "deepforest", "kind": "tree", "score": 0.5072612166404724, "crown_m": 7.8}}, {"type": "Feature", "geometry": {"type": "Point", "coordinates": [-119.48123082518578, 49.8548364664849]}, "properties": {"source": "deepforest", "kind": "tree", "score": 0.5061821341514587, "crown_m": 4.04}}, {"type": "Feature", "geometry": {"type": "Point", "coordinates": [-119.48012240231037, 49.85355720660195]}, "properties": {"source": "deepforest", "kind": "tree", "score": 0.5043165683746338, "crown_m": 2.02}}, {"type": "Feature", "geometry": {"type": "Point", "coordinates": [-119.47705797851086, 49.85170418681642]}, "properties": {"source": "deepforest", "kind": "tree", "score": 0.5036070942878723, "crown_m": 2.98}}, {"type": "Feature", "geometry": {"type": "Point", "coordinates": [-119.47909712791443, 49.85571709985691]}, "properties": {"source": "deepforest", "kind": "tree", "score": 0.5035141110420227, "crown_m": 12.8}}, {"type": "Feature", "geometry": {"type": "Point", "coordinates": [-119.47748176753521, 49.8527552200585]}, "properties": {"source": "deepforest", "kind": "tree", "score": 0.503235399723053, "crown_m": 2.7}}, {"type": "Feature", "geometry": {"type": "Point", "coordinates": [-119.48023840785027, 49.85641960638046]}, "properties": {"source": "deepforest", "kind": "tree", "score": 0.5029977560043335, "crown_m": 2.5}}, {"type": "Feature", "geometry": {"type": "Point", "coordinates": [-119.47837762534618, 49.85530380509366]}, "properties": {"source": "deepforest", "kind": "tree", "score": 0.5024474859237671, "crown_m": 12.8}}, {"type": "Feature", "geometry": {"type": "Point", "coordinates": [-119.4800727814436, 49.85660809254691]}, "properties": {"source": "deepforest", "kind": "tree", "score": 0.5020850896835327, "crown_m": 4.04}}, {"type": "Feature", "geometry": {"type": "Point", "coordinates": [-119.48004394769669, 49.85349278876738]}, "properties": {"source": "deepforest", "kind": "tree", "score": 0.5016716718673706, "crown_m": 2.12}}, {"type": "Feature", "geometry": {"type": "Point", "coordinates": [-119.47643369436264, 49.85418279009976]}, "properties": {"source": "deepforest", "kind": "tree", "score": 0.5010509490966797, "crown_m": 5.97}}, {"type": "Feature", "geometry": {"type": "Point", "coordinates": [-119.47730675339699, 49.852113621241365]}, "properties": {"source": "deepforest", "kind": "tree", "score": 0.5001051425933838, "crown_m": 2.5}}, {"type": "Feature", "geometry": {"type": "Point", "coordinates": [-119.47484917938709, 49.85421262076226]}, "properties": {"source": "deepforest", "kind": "tree", "score": 0.49949076771736145, "crown_m": 2.79}}, {"type": "Feature", "geometry": {"type": "Point", "coordinates": [-119.47647795081139, 49.85438684875656]}, "properties": {"source": "deepforest", "kind": "tree", "score": 0.4991711378097534, "crown_m": 3.08}}, {"type": "Feature", "geometry": {"type": "Point", "coordinates": [-119.48192819952965, 49.85646110798481]}, "properties": {"source": "deepforest", "kind": "tree", "score": 0.4985392093658447, "crown_m": 2.89}}, {"type": "Feature", "geometry": {"type": "Point", "coordinates": [-119.47738453745842, 49.856221176342]}, "properties": {"source": "deepforest", "kind": "tree", "score": 0.4978903532028198, "crown_m": 6.26}}, {"type": "Feature", "geometry": {"type": "Point", "coordinates": [-119.48141925036907, 49.85603744409837]}, "properties": {"source": "deepforest", "kind": "tree", "score": 0.4968486726284027, "crown_m": 2.41}}, {"type": "Feature", "geometry": {"type": "Point", "coordinates": [-119.47569005191326, 49.85249365283599]}, "properties": {"source": "deepforest", "kind": "tree", "score": 0.4950028955936432, "crown_m": 2.21}}, {"type": "Feature", "geometry": {"type": "Point", "coordinates": [-119.4810189306736, 49.85618832074502]}, "properties": {"source": "deepforest", "kind": "tree", "score": 0.49336332082748413, "crown_m": 2.98}}, {"type": "Feature", "geometry": {"type": "Point", "coordinates": [-119.47944179177284, 49.85483733113035]}, "properties": {"source": "deepforest", "kind": "tree", "score": 0.49313923716545105, "crown_m": 4.43}}, {"type": "Feature", "geometry": {"type": "Point", "coordinates": [-119.47870686650276, 49.8564658633747]}, "properties": {"source": "deepforest", "kind": "tree", "score": 0.4930385947227478, "crown_m": 5.97}}, {"type": "Feature", "geometry": {"type": "Point", "coordinates": [-119.47632104158401, 49.852774243073995]}, "properties": {"source": "deepforest", "kind": "tree", "score": 0.49178045988082886, "crown_m": 2.5}}, {"type": "Feature", "geometry": {"type": "Point", "coordinates": [-119.48103569447994, 49.852607791434444]}, "properties": {"source": "deepforest", "kind": "tree", "score": 0.49141836166381836, "crown_m": 3.18}}, {"type": "Feature", "geometry": {"type": "Point", "coordinates": [-119.48205292224884, 49.8515766431772]}, "properties": {"source": "deepforest", "kind": "tree", "score": 0.49105167388916016, "crown_m": 2.89}}, {"type": "Feature", "geometry": {"type": "Point", "coordinates": [-119.4800727814436, 49.85341367144369]}, "properties": {"source": "deepforest", "kind": "tree", "score": 0.49021270871162415, "crown_m": 2.79}}, {"type": "Feature", "geometry": {"type": "Point", "coordinates": [-119.47847351431847, 49.856254896536726]}, "properties": {"source": "deepforest", "kind": "tree", "score": 0.48922598361968994, "crown_m": 2.12}}, {"type": "Feature", "geometry": {"type": "Point", "coordinates": [-119.48228426277637, 49.855653981847695]}, "properties": {"source": "deepforest", "kind": "tree", "score": 0.4889852702617645, "crown_m": 1.83}}, {"type": "Feature", "geometry": {"type": "Point", "coordinates": [-119.48254778981209, 49.85231422987303]}, "properties": {"source": "deepforest", "kind": "tree", "score": 0.4863653779029846, "crown_m": 2.12}}, {"type": "Feature", "geometry": {"type": "Point", "coordinates": [-119.47647124528885, 49.856453326436714]}, "properties": {"source": "deepforest", "kind": "tree", "score": 0.4843319356441498, "crown_m": 5.2}}, {"type": "Feature", "geometry": {"type": "Point", "coordinates": [-119.48217362165451, 49.855336228973776]}, "properties": {"source": "deepforest", "kind": "tree", "score": 0.481582909822464, "crown_m": 7.32}}, {"type": "Feature", "geometry": {"type": "Point", "coordinates": [-119.47639547288418, 49.85169510744984]}, "properties": {"source": "deepforest", "kind": "tree", "score": 0.48107340931892395, "crown_m": 1.64}}, {"type": "Feature", "geometry": {"type": "Point", "coordinates": [-119.47992324829102, 49.85160950190965]}, "properties": {"source": "deepforest", "kind": "tree", "score": 0.48069706559181213, "crown_m": 2.31}}, {"type": "Feature", "geometry": {"type": "Point", "coordinates": [-119.47579935193062, 49.85232892961071]}, "properties": {"source": "deepforest", "kind": "tree", "score": 0.47912535071372986, "crown_m": 2.5}}, {"type": "Feature", "geometry": {"type": "Point", "coordinates": [-119.47997353971004, 49.85357449996573]}, "properties": {"source": "deepforest", "kind": "tree", "score": 0.4790647625923157, "crown_m": 1.83}}, {"type": "Feature", "geometry": {"type": "Point", "coordinates": [-119.47708882391453, 49.85260346800759]}, "properties": {"source": "deepforest", "kind": "tree", "score": 0.4789969325065613, "crown_m": 4.33}}, {"type": "Feature", "geometry": {"type": "Point", "coordinates": [-119.47699561715126, 49.85384730196067]}, "properties": {"source": "deepforest", "kind": "tree", "score": 0.4784918427467346, "crown_m": 4.24}}, {"type": "Feature", "geometry": {"type": "Point", "coordinates": [-119.47609104216099, 49.85661155100182]}, "properties": {"source": "deepforest", "kind": "tree", "score": 0.47816306352615356, "crown_m": 2.31}}, {"type": "Feature", "geometry": {"type": "Point", "coordinates": [-119.47676829993725, 49.85621728554879]}, "properties": {"source": "deepforest", "kind": "tree", "score": 0.4774165153503418, "crown_m": 2.41}}, {"type": "Feature", "geometry": {"type": "Point", "coordinates": [-119.47839975357056, 49.85499080545219]}, "properties": {"source": "deepforest", "kind": "tree", "score": 0.47716763615608215, "crown_m": 2.02}}, {"type": "Feature", "geometry": {"type": "Point", "coordinates": [-119.47957456111908, 49.85659080026869]}, "properties": {"source": "deepforest", "kind": "tree", "score": 0.4757540822029114, "crown_m": 2.5}}, {"type": "Feature", "geometry": {"type": "Point", "coordinates": [-119.48261484503746, 49.85472968265319]}, "properties": {"source": "deepforest", "kind": "tree", "score": 0.4754233956336975, "crown_m": 2.41}}, {"type": "Feature", "geometry": {"type": "Point", "coordinates": [-119.47646722197533, 49.85637334934193]}, "properties": {"source": "deepforest", "kind": "tree", "score": 0.47408971190452576, "crown_m": 2.6}}, {"type": "Feature", "geometry": {"type": "Point", "coordinates": [-119.47590664029121, 49.85216766459693]}, "properties": {"source": "deepforest", "kind": "tree", "score": 0.4736618399620056, "crown_m": 2.41}}, {"type": "Feature", "geometry": {"type": "Point", "coordinates": [-119.47711162269115, 49.85592893366873]}, "properties": {"source": "deepforest", "kind": "tree", "score": 0.47240346670150757, "crown_m": 2.79}}, {"type": "Feature", "geometry": {"type": "Point", "coordinates": [-119.48074400424957, 49.853299102412024]}, "properties": {"source": "deepforest", "kind": "tree", "score": 0.47135525941848755, "crown_m": 1.93}}, {"type": "Feature", "geometry": {"type": "Point", "coordinates": [-119.47942234575748, 49.85153470502568]}, "properties": {"source": "deepforest", "kind": "tree", "score": 0.47100359201431274, "crown_m": 2.41}}, {"type": "Feature", "geometry": {"type": "Point", "coordinates": [-119.47709083557129, 49.85370938799089]}, "properties": {"source": "deepforest", "kind": "tree", "score": 0.4706050753593445, "crown_m": 4.33}}, {"type": "Feature", "geometry": {"type": "Point", "coordinates": [-119.4766066968441, 49.85679744258853]}, "properties": {"source": "deepforest", "kind": "tree", "score": 0.47022974491119385, "crown_m": 2.5}}, {"type": "Feature", "geometry": {"type": "Point", "coordinates": [-119.48206432163715, 49.8545710196011]}, "properties": {"source": "deepforest", "kind": "tree", "score": 0.46923479437828064, "crown_m": 8.28}}, {"type": "Feature", "geometry": {"type": "Point", "coordinates": [-119.48181085288525, 49.85692799857775]}, "properties": {"source": "deepforest", "kind": "tree", "score": 0.46786120533943176, "crown_m": 2.6}}, {"type": "Feature", "geometry": {"type": "Point", "coordinates": [-119.48257125914097, 49.85554244434219]}, "properties": {"source": "deepforest", "kind": "tree", "score": 0.46753451228141785, "crown_m": 3.37}}, {"type": "Feature", "geometry": {"type": "Point", "coordinates": [-119.48093108832836, 49.85552774558196]}, "properties": {"source": "deepforest", "kind": "tree", "score": 0.4674549400806427, "crown_m": 3.37}}, {"type": "Feature", "geometry": {"type": "Point", "coordinates": [-119.4795336574316, 49.85598599894497]}, "properties": {"source": "deepforest", "kind": "tree", "score": 0.46687987446784973, "crown_m": 4.91}}, {"type": "Feature", "geometry": {"type": "Point", "coordinates": [-119.48092639446259, 49.8522230049304]}, "properties": {"source": "deepforest", "kind": "tree", "score": 0.4667935073375702, "crown_m": 8.76}}, {"type": "Feature", "geometry": {"type": "Point", "coordinates": [-119.47862036526203, 49.85442705512759]}, "properties": {"source": "deepforest", "kind": "tree", "score": 0.46512678265571594, "crown_m": 2.6}}, {"type": "Feature", "geometry": {"type": "Point", "coordinates": [-119.48195703327656, 49.85184167415903]}, "properties": {"source": "deepforest", "kind": "tree", "score": 0.46357691287994385, "crown_m": 2.6}}, {"type": "Feature", "geometry": {"type": "Point", "coordinates": [-119.4781281799078, 49.85353386055102]}, "properties": {"source": "deepforest", "kind": "tree", "score": 0.4622311592102051, "crown_m": 1.83}}, {"type": "Feature", "geometry": {"type": "Point", "coordinates": [-119.47609774768353, 49.85203190757299]}, "properties": {"source": "deepforest", "kind": "tree", "score": 0.4615846276283264, "crown_m": 2.79}}, {"type": "Feature", "geometry": {"type": "Point", "coordinates": [-119.4792627543211, 49.855125689524165]}, "properties": {"source": "deepforest", "kind": "tree", "score": 0.4600817561149597, "crown_m": 10.49}}, {"type": "Feature", "geometry": {"type": "Point", "coordinates": [-119.47620570659637, 49.85690206032982]}, "properties": {"source": "deepforest", "kind": "tree", "score": 0.46001797914505005, "crown_m": 2.31}}, {"type": "Feature", "geometry": {"type": "Point", "coordinates": [-119.47997353971004, 49.854108861856794]}, "properties": {"source": "deepforest", "kind": "tree", "score": 0.4591309428215027, "crown_m": 3.37}}, {"type": "Feature", "geometry": {"type": "Point", "coordinates": [-119.48113694787025, 49.85467953307996]}, "properties": {"source": "deepforest", "kind": "tree", "score": 0.45890334248542786, "crown_m": 2.6}}, {"type": "Feature", "geometry": {"type": "Point", "coordinates": [-119.47572760283947, 49.853639350024814]}, "properties": {"source": "deepforest", "kind": "tree", "score": 0.4588656723499298, "crown_m": 2.6}}, {"type": "Feature", "geometry": {"type": "Point", "coordinates": [-119.47801753878593, 49.853498409118785]}, "properties": {"source": "deepforest", "kind": "tree", "score": 0.45762771368026733, "crown_m": 1.83}}, {"type": "Feature", "geometry": {"type": "Point", "coordinates": [-119.48261752724648, 49.85434448071649]}, "properties": {"source": "deepforest", "kind": "tree", "score": 0.456552118062973, "crown_m": 1.93}}, {"type": "Feature", "geometry": {"type": "Point", "coordinates": [-119.47538360953331, 49.855135200566316]}, "properties": {"source": "deepforest", "kind": "tree", "score": 0.4543627202510834, "crown_m": 10.78}}, {"type": "Feature", "geometry": {"type": "Point", "coordinates": [-119.48138304054737, 49.85418365475691]}, "properties": {"source": "deepforest", "kind": "tree", "score": 0.45416906476020813, "crown_m": 2.5}}, {"type": "Feature", "geometry": {"type": "Point", "coordinates": [-119.48200531303883, 49.854236398813384]}, "properties": {"source": "deepforest", "kind": "tree", "score": 0.45409098267555237, "crown_m": 2.6}}, {"type": "Feature", "geometry": {"type": "Point", "coordinates": [-119.48042213916779, 49.85577286844028]}, "properties": {"source": "deepforest", "kind": "tree", "score": 0.45289307832717896, "crown_m": 2.31}}, {"type": "Feature", "geometry": {"type": "Point", "coordinates": [-119.47620436549187, 49.853098497868494]}, "properties": {"source": "deepforest", "kind": "tree", "score": 0.4516628086566925, "crown_m": 5.58}}, {"type": "Feature", "geometry": {"type": "Point", "coordinates": [-119.48023706674576, 49.85380493344757]}, "properties": {"source": "deepforest", "kind": "tree", "score": 0.44963550567626953, "crown_m": 5.01}}, {"type": "Feature", "geometry": {"type": "Point", "coordinates": [-119.47758167982101, 49.85371587298261]}, "properties": {"source": "deepforest", "kind": "tree", "score": 0.4480476379394531, "crown_m": 2.5}}, {"type": "Feature", "geometry": {"type": "Point", "coordinates": [-119.47507582604885, 49.855050898082034]}, "properties": {"source": "deepforest", "kind": "tree", "score": 0.44800829887390137, "crown_m": 2.89}}, {"type": "Feature", "geometry": {"type": "Point", "coordinates": [-119.47537422180176, 49.85578065009796]}, "properties": {"source": "deepforest", "kind": "tree", "score": 0.4475589394569397, "crown_m": 2.5}}, {"type": "Feature", "geometry": {"type": "Point", "coordinates": [-119.47960205376148, 49.853193179858096]}, "properties": {"source": "deepforest", "kind": "tree", "score": 0.447361022233963, "crown_m": 2.21}}, {"type": "Feature", "geometry": {"type": "Point", "coordinates": [-119.47646789252758, 49.85622636406579]}, "properties": {"source": "deepforest", "kind": "tree", "score": 0.4468337893486023, "crown_m": 2.6}}, {"type": "Feature", "geometry": {"type": "Point", "coordinates": [-119.47920575737953, 49.852515702358964]}, "properties": {"source": "deepforest", "kind": "tree", "score": 0.4464877247810364, "crown_m": 1.73}}, {"type": "Feature", "geometry": {"type": "Point", "coordinates": [-119.48035173118114, 49.85503274060465]}, "properties": {"source": "deepforest", "kind": "tree", "score": 0.4453030526638031, "crown_m": 1.93}}, {"type": "Feature", "geometry": {"type": "Point", "coordinates": [-119.47980053722858, 49.856196534646365]}, "properties": {"source": "deepforest", "kind": "tree", "score": 0.4448332190513611, "crown_m": 1.92}}, {"type": "Feature", "geometry": {"type": "Point", "coordinates": [-119.4817216694355, 49.85331164016834]}, "properties": {"source": "deepforest", "kind": "tree", "score": 0.4444335997104645, "crown_m": 1.93}}, {"type": "Feature", "geometry": {"type": "Point", "coordinates": [-119.47528839111328, 49.8566171709905]}, "properties": {"source": "deepforest", "kind": "tree", "score": 0.44314420223236084, "crown_m": 2.5}}, {"type": "Feature", "geometry": {"type": "Point", "coordinates": [-119.4799393415451, 49.85163241653881]}, "properties": {"source": "deepforest", "kind": "tree", "score": 0.4420681893825531, "crown_m": 2.6}}, {"type": "Feature", "geometry": {"type": "Point", "coordinates": [-119.4785526394844, 49.85154335207021]}, "properties": {"source": "deepforest", "kind": "tree", "score": 0.44101086258888245, "crown_m": 3.18}}, {"type": "Feature", "geometry": {"type": "Point", "coordinates": [-119.47724975645542, 49.85472535941618]}, "properties": {"source": "deepforest", "kind": "tree", "score": 0.439998060464859, "crown_m": 2.41}}, {"type": "Feature", "geometry": {"type": "Point", "coordinates": [-119.48283143341541, 49.856110937079656]}, "properties": {"source": "deepforest", "kind": "tree", "score": 0.4398602247238159, "crown_m": 2.31}}, {"type": "Feature", "geometry": {"type": "Point", "coordinates": [-119.48262020945549, 49.854177169827956]}, "properties": {"source": "deepforest", "kind": "tree", "score": 0.43935921788215637, "crown_m": 7.22}}, {"type": "Feature", "geometry": {"type": "Point", "coordinates": [-119.4753098487854, 49.85538119005155]}, "properties": {"source": "deepforest", "kind": "tree", "score": 0.4393310546875, "crown_m": 2.89}}, {"type": "Feature", "geometry": {"type": "Point", "coordinates": [-119.47550967335701, 49.85458053075242]}, "properties": {"source": "deepforest", "kind": "tree", "score": 0.4380277991294861, "crown_m": 9.24}}, {"type": "Feature", "geometry": {"type": "Point", "coordinates": [-119.47574436664581, 49.852408913399145]}, "properties": {"source": "deepforest", "kind": "tree", "score": 0.43788114190101624, "crown_m": 2.02}}, {"type": "Feature", "geometry": {"type": "Point", "coordinates": [-119.47970397770405, 49.85394717045172]}, "properties": {"source": "deepforest", "kind": "tree", "score": 0.43538856506347656, "crown_m": 2.02}}, {"type": "Feature", "geometry": {"type": "Point", "coordinates": [-119.4790294021368, 49.85455848217151]}, "properties": {"source": "deepforest", "kind": "tree", "score": 0.43517518043518066, "crown_m": 2.02}}, {"type": "Feature", "geometry": {"type": "Point", "coordinates": [-119.47800815105438, 49.85690811258892]}, "properties": {"source": "deepforest", "kind": "tree", "score": 0.43486785888671875, "crown_m": 2.12}}, {"type": "Feature", "geometry": {"type": "Point", "coordinates": [-119.47713308036327, 49.85253861655846]}, "properties": {"source": "deepforest", "kind": "tree", "score": 0.43352946639060974, "crown_m": 2.79}}, {"type": "Feature", "geometry": {"type": "Point", "coordinates": [-119.4813870638609, 49.85450357683808]}, "properties": {"source": "deepforest", "kind": "tree", "score": 0.43345871567726135, "crown_m": 2.89}}, {"type": "Feature", "geometry": {"type": "Point", "coordinates": [-119.47529576718807, 49.85684586074489]}, "properties": {"source": "deepforest", "kind": "tree", "score": 0.4331473112106323, "crown_m": 4.62}}, {"type": "Feature", "geometry": {"type": "Point", "coordinates": [-119.47896502912045, 49.856470186456015]}, "properties": {"source": "deepforest", "kind": "tree", "score": 0.4324887990951538, "crown_m": 4.33}}, {"type": "Feature", "geometry": {"type": "Point", "coordinates": [-119.47832331061363, 49.85164192826848]}, "properties": {"source": "deepforest", "kind": "tree", "score": 0.4324862062931061, "crown_m": 2.41}}, {"type": "Feature", "geometry": {"type": "Point", "coordinates": [-119.48141187429428, 49.855370382103985]}, "properties": {"source": "deepforest", "kind": "tree", "score": 0.43240079283714294, "crown_m": 3.47}}, {"type": "Feature", "geometry": {"type": "Point", "coordinates": [-119.48254711925983, 49.85538032541584]}, "properties": {"source": "deepforest", "kind": "tree", "score": 0.4298800230026245, "crown_m": 1.64}}, {"type": "Feature", "geometry": {"type": "Point", "coordinates": [-119.48108196258545, 49.85590947958188]}, "properties": {"source": "deepforest", "kind": "tree", "score": 0.42929667234420776, "crown_m": 2.5}}, {"type": "Feature", "geometry": {"type": "Point", "coordinates": [-119.47808861732483, 49.85672481526302]}, "properties": {"source": "deepforest", "kind": "tree", "score": 0.4290775954723358, "crown_m": 2.5}}, {"type": "Feature", "geometry": {"type": "Point", "coordinates": [-119.48086000978947, 49.85467910075583]}, "properties": {"source": "deepforest", "kind": "tree", "score": 0.4288254380226135, "crown_m": 6.74}}, {"type": "Feature", "geometry": {"type": "Point", "coordinates": [-119.47603404521942, 49.8527361970355]}, "properties": {"source": "deepforest", "kind": "tree", "score": 0.42879152297973633, "crown_m": 2.7}}, {"type": "Feature", "geometry": {"type": "Point", "coordinates": [-119.47558745741844, 49.856927566273725]}, "properties": {"source": "deepforest", "kind": "tree", "score": 0.4286341071128845, "crown_m": 1.73}}, {"type": "Feature", "geometry": {"type": "Point", "coordinates": [-119.47678036987782, 49.854749137215016]}, "properties": {"source": "deepforest", "kind": "tree", "score": 0.42815378308296204, "crown_m": 2.02}}, {"type": "Feature", "geometry": {"type": "Point", "coordinates": [-119.48008686304092, 49.85199602269084]}, "properties": {"source": "deepforest", "kind": "tree", "score": 0.4275903105735779, "crown_m": 6.93}}, {"type": "Feature", "geometry": {"type": "Point", "coordinates": [-119.48276236653328, 49.85504052238151]}, "properties": {"source": "deepforest", "kind": "tree", "score": 0.4275585412979126, "crown_m": 2.89}}, {"type": "Feature", "geometry": {"type": "Point", "coordinates": [-119.47596564888954, 49.85222819308342]}, "properties": {"source": "deepforest", "kind": "tree", "score": 0.4273295998573303, "crown_m": 2.98}}, {"type": "Feature", "geometry": {"type": "Point", "coordinates": [-119.47951890528202, 49.851560213802586]}, "properties": {"source": "deepforest", "kind": "tree", "score": 0.42712652683258057, "crown_m": 5.97}}, {"type": "Feature", "geometry": {"type": "Point", "coordinates": [-119.47981663048267, 49.855919422782804]}, "properties": {"source": "deepforest", "kind": "tree", "score": 0.42631158232688904, "crown_m": 11.65}}, {"type": "Feature", "geometry": {"type": "Point", "coordinates": [-119.48160231113434, 49.85175823062983]}, "properties": {"source": "deepforest", "kind": "tree", "score": 0.4260689914226532, "crown_m": 2.31}}, {"type": "Feature", "geometry": {"type": "Point", "coordinates": [-119.48263630270958, 49.85432545831908]}, "properties": {"source": "deepforest", "kind": "tree", "score": 0.42544257640838623, "crown_m": 2.12}}, {"type": "Feature", "geometry": {"type": "Point", "coordinates": [-119.47802491486073, 49.853536022222876]}, "properties": {"source": "deepforest", "kind": "tree", "score": 0.42539146542549133, "crown_m": 2.12}}, {"type": "Feature", "geometry": {"type": "Point", "coordinates": [-119.48208577930927, 49.854740923067645]}, "properties": {"source": "deepforest", "kind": "tree", "score": 0.4250031113624573, "crown_m": 5.49}}, {"type": "Feature", "geometry": {"type": "Point", "coordinates": [-119.47671197354794, 49.856182700706455]}, "properties": {"source": "deepforest", "kind": "tree", "score": 0.42485976219177246, "crown_m": 5.97}}, {"type": "Feature", "geometry": {"type": "Point", "coordinates": [-119.47935126721859, 49.853117520748874]}, "properties": {"source": "deepforest", "kind": "tree", "score": 0.42453938722610474, "crown_m": 2.31}}, {"type": "Feature", "geometry": {"type": "Point", "coordinates": [-119.48206968605518, 49.853201826605904]}, "properties": {"source": "deepforest", "kind": "tree", "score": 0.42354539036750793, "crown_m": 2.6}}, {"type": "Feature", "geometry": {"type": "Point", "coordinates": [-119.47783447802067, 49.85417673749932]}, "properties": {"source": "deepforest", "kind": "tree", "score": 0.42287948727607727, "crown_m": 3.27}}, {"type": "Feature", "geometry": {"type": "Point", "coordinates": [-119.47645783424377, 49.852327200230036]}, "properties": {"source": "deepforest", "kind": "tree", "score": 0.42188799381256104, "crown_m": 3.27}}, {"type": "Feature", "geometry": {"type": "Point", "coordinates": [-119.48039263486862, 49.85244609500707]}, "properties": {"source": "deepforest", "kind": "tree", "score": 0.4212617576122284, "crown_m": 5.49}}, {"type": "Feature", "geometry": {"type": "Point", "coordinates": [-119.481857791543, 49.852750031962046]}, "properties": {"source": "deepforest", "kind": "tree", "score": 0.42096996307373047, "crown_m": 7.32}}, {"type": "Feature", "geometry": {"type": "Point", "coordinates": [-119.47677969932556, 49.852661401895226]}, "properties": {"source": "deepforest", "kind": "tree", "score": 0.42058736085891724, "crown_m": 2.21}}, {"type": "Feature", "geometry": {"type": "Point", "coordinates": [-119.47803698480129, 49.85623717182192]}, "properties": {"source": "deepforest", "kind": "tree", "score": 0.4201383888721466, "crown_m": 2.69}}, {"type": "Feature", "geometry": {"type": "Point", "coordinates": [-119.47600722312927, 49.85274008810899]}, "properties": {"source": "deepforest", "kind": "tree", "score": 0.4198979139328003, "crown_m": 3.27}}, {"type": "Feature", "geometry": {"type": "Point", "coordinates": [-119.4760112464428, 49.85663273403269]}, "properties": {"source": "deepforest", "kind": "tree", "score": 0.4193757176399231, "crown_m": 2.69}}, {"type": "Feature", "geometry": {"type": "Point", "coordinates": [-119.48186919093132, 49.856226796376085]}, "properties": {"source": "deepforest", "kind": "tree", "score": 0.41893693804740906, "crown_m": 2.12}}, {"type": "Feature", "geometry": {"type": "Point", "coordinates": [-119.47763867676258, 49.85442791978037]}, "properties": {"source": "deepforest", "kind": "tree", "score": 0.4186711013317108, "crown_m": 3.56}}, {"type": "Feature", "geometry": {"type": "Point", "coordinates": [-119.48264434933662, 49.85470676949257]}, "properties": {"source": "deepforest", "kind": "tree", "score": 0.4183919429779053, "crown_m": 2.31}}, {"type": "Feature", "geometry": {"type": "Point", "coordinates": [-119.47848558425903, 49.85378893716256]}, "properties": {"source": "deepforest", "kind": "tree", "score": 0.4176221787929535, "crown_m": 2.21}}, {"type": "Feature", "geometry": {"type": "Point", "coordinates": [-119.48155000805855, 49.85412226406129]}, "properties": {"source": "deepforest", "kind": "tree", "score": 0.4174855053424835, "crown_m": 1.93}}, {"type": "Feature", "geometry": {"type": "Point", "coordinates": [-119.47709016501904, 49.854177169827956]}, "properties": {"source": "deepforest", "kind": "tree", "score": 0.4174237549304962, "crown_m": 2.6}}, {"type": "Feature", "geometry": {"type": "Point", "coordinates": [-119.47525419294834, 49.85452562544404]}, "properties": {"source": "deepforest", "kind": "tree", "score": 0.41731560230255127, "crown_m": 3.56}}, {"type": "Feature", "geometry": {"type": "Point", "coordinates": [-119.47941094636917, 49.855425718770036]}, "properties": {"source": "deepforest", "kind": "tree", "score": 0.4172840118408203, "crown_m": 2.21}}, {"type": "Feature", "geometry": {"type": "Point", "coordinates": [-119.47559483349323, 49.856420038689016]}, "properties": {"source": "deepforest", "kind": "tree", "score": 0.4167391359806061, "crown_m": 2.02}}, {"type": "Feature", "geometry": {"type": "Point", "coordinates": [-119.48220647871494, 49.852701177359954]}, "properties": {"source": "deepforest", "kind": "tree", "score": 0.416587769985199, "crown_m": 2.6}}, {"type": "Feature", "geometry": {"type": "Point", "coordinates": [-119.4770036637783, 49.855811776716145]}, "properties": {"source": "deepforest", "kind": "tree", "score": 0.41603004932403564, "crown_m": 2.89}}, {"type": "Feature", "geometry": {"type": "Point", "coordinates": [-119.48184236884117, 49.853724519636884]}, "properties": {"source": "deepforest", "kind": "tree", "score": 0.4158797860145569, "crown_m": 3.27}}, {"type": "Feature", "geometry": {"type": "Point", "coordinates": [-119.47778888046741, 49.85446899076925]}, "properties": {"source": "deepforest", "kind": "tree", "score": 0.41551855206489563, "crown_m": 2.02}}, {"type": "Feature", "geometry": {"type": "Point", "coordinates": [-119.48182225227356, 49.8544063034564]}, "properties": {"source": "deepforest", "kind": "tree", "score": 0.41541311144828796, "crown_m": 2.02}}, {"type": "Feature", "geometry": {"type": "Point", "coordinates": [-119.48032826185226, 49.853561097609344]}, "properties": {"source": "deepforest", "kind": "tree", "score": 0.4151307940483093, "crown_m": 1.73}}, {"type": "Feature", "geometry": {"type": "Point", "coordinates": [-119.48202207684517, 49.85721893830469]}, "properties": {"source": "deepforest", "kind": "tree", "score": 0.4150834083557129, "crown_m": 1.64}}, {"type": "Feature", "geometry": {"type": "Point", "coordinates": [-119.4760762900114, 49.85298133405377]}, "properties": {"source": "deepforest", "kind": "tree", "score": 0.41459935903549194, "crown_m": 2.41}}, {"type": "Feature", "geometry": {"type": "Point", "coordinates": [-119.48036380112171, 49.85500766598178]}, "properties": {"source": "deepforest", "kind": "tree", "score": 0.41348809003829956, "crown_m": 2.5}}, {"type": "Feature", "geometry": {"type": "Point", "coordinates": [-119.48174580931664, 49.85213696797839]}, "properties": {"source": "deepforest", "kind": "tree", "score": 0.41288912296295166, "crown_m": 9.43}}, {"type": "Feature", "geometry": {"type": "Point", "coordinates": [-119.47708681225777, 49.85580875051803]}, "properties": {"source": "deepforest", "kind": "tree", "score": 0.4122767448425293, "crown_m": 2.69}}, {"type": "Feature", "geometry": {"type": "Point", "coordinates": [-119.48278449475765, 49.85391733962536]}, "properties": {"source": "deepforest", "kind": "tree", "score": 0.4114408791065216, "crown_m": 5.78}}, {"type": "Feature", "geometry": {"type": "Point", "coordinates": [-119.47707340121269, 49.85210281256301]}, "properties": {"source": "deepforest", "kind": "tree", "score": 0.41113752126693726, "crown_m": 2.02}}, {"type": "Feature", "geometry": {"type": "Point", "coordinates": [-119.47928220033646, 49.85201850478881]}, "properties": {"source": "deepforest", "kind": "tree", "score": 0.41109398007392883, "crown_m": 3.08}}, {"type": "Feature", "geometry": {"type": "Point", "coordinates": [-119.4775253534317, 49.8537258166349]}, "properties": {"source": "deepforest", "kind": "tree", "score": 0.4099687337875366, "crown_m": 1.93}}, {"type": "Feature", "geometry": {"type": "Point", "coordinates": [-119.47623588144779, 49.855605994812926]}, "properties": {"source": "deepforest", "kind": "tree", "score": 0.4090189039707184, "crown_m": 7.03}}, {"type": "Feature", "geometry": {"type": "Point", "coordinates": [-119.47842054069042, 49.85562458439061]}, "properties": {"source": "deepforest", "kind": "tree", "score": 0.40885087847709656, "crown_m": 2.41}}, {"type": "Feature", "geometry": {"type": "Point", "coordinates": [-119.47596497833729, 49.8548394927439]}, "properties": {"source": "deepforest", "kind": "tree", "score": 0.40879446268081665, "crown_m": 2.6}}, {"type": "Feature", "geometry": {"type": "Point", "coordinates": [-119.47950415313244, 49.85660852485378]}, "properties": {"source": "deepforest", "kind": "tree", "score": 0.4083371162414551, "crown_m": 3.18}}, {"type": "Feature", "geometry": {"type": "Point", "coordinates": [-119.47655975818634, 49.855105370473304]}, "properties": {"source": "deepforest", "kind": "tree", "score": 0.40831485390663147, "crown_m": 2.31}}, {"type": "Feature", "geometry": {"type": "Point", "coordinates": [-119.47779424488544, 49.85641398636879]}, "properties": {"source": "deepforest", "kind": "tree", "score": 0.4072652757167816, "crown_m": 1.83}}, {"type": "Feature", "geometry": {"type": "Point", "coordinates": [-119.4748853892088, 49.85515033176587]}, "properties": {"source": "deepforest", "kind": "tree", "score": 0.4071885347366333, "crown_m": 2.12}}, {"type": "Feature", "geometry": {"type": "Point", "coordinates": [-119.47646789252758, 49.855130445045475]}, "properties": {"source": "deepforest", "kind": "tree", "score": 0.4070211350917816, "crown_m": 1.73}}, {"type": "Feature", "geometry": {"type": "Point", "coordinates": [-119.47832599282265, 49.8559345537368]}, "properties": {"source": "deepforest", "kind": "tree", "score": 0.40645337104797363, "crown_m": 6.16}}, {"type": "Feature", "geometry": {"type": "Point", "coordinates": [-119.48201403021812, 49.854491471716806]}, "properties": {"source": "deepforest", "kind": "tree", "score": 0.4061274826526642, "crown_m": 2.89}}, {"type": "Feature", "geometry": {"type": "Point", "coordinates": [-119.47560489177704, 49.856876554372455]}, "properties": {"source": "deepforest", "kind": "tree", "score": 0.4051607549190521, "crown_m": 1.92}}, {"type": "Feature", "geometry": {"type": "Point", "coordinates": [-119.47534337639809, 49.85301375949218]}, "properties": {"source": "deepforest", "kind": "tree", "score": 0.4046405553817749, "crown_m": 1.93}}, {"type": "Feature", "geometry": {"type": "Point", "coordinates": [-119.47993263602257, 49.851947167326536]}, "properties": {"source": "deepforest", "kind": "tree", "score": 0.40443411469459534, "crown_m": 2.21}}, {"type": "Feature", "geometry": {"type": "Point", "coordinates": [-119.48038391768932, 49.85175477182758]}, "properties": {"source": "deepforest", "kind": "tree", "score": 0.4042285680770874, "crown_m": 4.52}}, {"type": "Feature", "geometry": {"type": "Point", "coordinates": [-119.48001310229301, 49.85351527016906]}, "properties": {"source": "deepforest", "kind": "tree", "score": 0.404207706451416, "crown_m": 2.31}}, {"type": "Feature", "geometry": {"type": "Point", "coordinates": [-119.47650611400604, 49.85400034709652]}, "properties": {"source": "deepforest", "kind": "tree", "score": 0.4036795496940613, "crown_m": 2.5}}, {"type": "Feature", "geometry": {"type": "Point", "coordinates": [-119.4775253534317, 49.8549752418812]}, "properties": {"source": "deepforest", "kind": "tree", "score": 0.40236884355545044, "crown_m": 2.41}}, {"type": "Feature", "geometry": {"type": "Point", "coordinates": [-119.47465136647224, 49.85520696564217]}, "properties": {"source": "deepforest", "kind": "tree", "score": 0.40226733684539795, "crown_m": 2.02}}, {"type": "Feature", "geometry": {"type": "Point", "coordinates": [-119.48178336024284, 49.85150703447279]}, "properties": {"source": "deepforest", "kind": "tree", "score": 0.40209704637527466, "crown_m": 5.78}}, {"type": "Feature", "geometry": {"type": "Point", "coordinates": [-119.47780095040798, 49.85452086986322]}, "properties": {"source": "deepforest", "kind": "tree", "score": 0.40165412425994873, "crown_m": 2.31}}, {"type": "Feature", "geometry": {"type": "Point", "coordinates": [-119.4771645963192, 49.852207440468014]}, "properties": {"source": "deepforest", "kind": "tree", "score": 0.4016094505786896, "crown_m": 2.79}}, {"type": "Feature", "geometry": {"type": "Point", "coordinates": [-119.47532594203949, 49.85720467235594]}, "properties": {"source": "deepforest", "kind": "tree", "score": 0.4016020894050598, "crown_m": 7.51}}, {"type": "Feature", "geometry": {"type": "Point", "coordinates": [-119.48003590106964, 49.85396705765906]}, "properties": {"source": "deepforest", "kind": "tree", "score": 0.40107035636901855, "crown_m": 1.54}}, {"type": "Feature", "geometry": {"type": "Point", "coordinates": [-119.47965167462826, 49.856406637121786]}, "properties": {"source": "deepforest", "kind": "tree", "score": 0.40103209018707275, "crown_m": 1.54}}, {"type": "Feature", "geometry": {"type": "Point", "coordinates": [-119.48042079806328, 49.85589867175246]}, "properties": {"source": "deepforest", "kind": "tree", "score": 0.4009024500846863, "crown_m": 1.83}}, {"type": "Feature", "geometry": {"type": "Point", "coordinates": [-119.4797844439745, 49.8571588483709]}, "properties": {"source": "deepforest", "kind": "tree", "score": 0.40080276131629944, "crown_m": 2.79}}, {"type": "Feature", "geometry": {"type": "Point", "coordinates": [-119.48016665875912, 49.856610686388116]}, "properties": {"source": "deepforest", "kind": "tree", "score": 0.4006326496601105, "crown_m": 2.6}}, {"type": "Feature", "geometry": {"type": "Point", "coordinates": [-119.47604477405548, 49.854897423951044]}, "properties": {"source": "deepforest", "kind": "tree", "score": 0.4005894660949707, "crown_m": 1.64}}, {"type": "Feature", "geometry": {"type": "Point", "coordinates": [-119.48198720812798, 49.855204804045044]}, "properties": {"source": "deepforest", "kind": "tree", "score": 0.40058785676956177, "crown_m": 5.01}}, {"type": "Feature", "geometry": {"type": "Point", "coordinates": [-119.47540305554867, 49.85301116545791]}, "properties": {"source": "deepforest", "kind": "tree", "score": 0.40051212906837463, "crown_m": 1.93}}, {"type": "Feature", "geometry": {"type": "Point", "coordinates": [-119.47682999074459, 49.85644684181234]}, "properties": {"source": "deepforest", "kind": "tree", "score": 0.40040498971939087, "crown_m": 2.98}}, {"type": "Feature", "geometry": {"type": "Point", "coordinates": [-119.47951152920723, 49.85422299664056]}, "properties": {"source": "deepforest", "kind": "tree", "score": 0.40032973885536194, "crown_m": 2.02}}, {"type": "Feature", "geometry": {"type": "Point", "coordinates": [-119.47558343410492, 49.85584203868682]}, "properties": {"source": "deepforest", "kind": "tree", "score": 0.39977505803108215, "crown_m": 2.12}}, {"type": "Feature", "geometry": {"type": "Point", "coordinates": [-119.47517707943916, 49.85621209782401]}, "properties": {"source": "deepforest", "kind": "tree", "score": 0.3996889591217041, "crown_m": 7.51}}, {"type": "Feature", "geometry": {"type": "Point", "coordinates": [-119.48004260659218, 49.854498821255085]}, "properties": {"source": "deepforest", "kind": "tree", "score": 0.3990003764629364, "crown_m": 2.98}}, {"type": "Feature", "geometry": {"type": "Point", "coordinates": [-119.47652220726013, 49.857167926711014]}, "properties": {"source": "deepforest", "kind": "tree", "score": 0.3989694118499756, "crown_m": 2.41}}, {"type": "Feature", "geometry": {"type": "Point", "coordinates": [-119.47469763457775, 49.85529040321685]}, "properties": {"source": "deepforest", "kind": "tree", "score": 0.39735060930252075, "crown_m": 7.51}}, {"type": "Feature", "geometry": {"type": "Point", "coordinates": [-119.48067627847195, 49.85180622148546]}, "properties": {"source": "deepforest", "kind": "tree", "score": 0.3971591591835022, "crown_m": 2.02}}, {"type": "Feature", "geometry": {"type": "Point", "coordinates": [-119.48235400021076, 49.85677193657593]}, "properties": {"source": "deepforest", "kind": "tree", "score": 0.3968976140022278, "crown_m": 2.6}}, {"type": "Feature", "geometry": {"type": "Point", "coordinates": [-119.47620570659637, 49.855235498715004]}, "properties": {"source": "deepforest", "kind": "tree", "score": 0.3965432047843933, "crown_m": 2.5}}, {"type": "Feature", "geometry": {"type": "Point", "coordinates": [-119.4762023538351, 49.856888658896274]}, "properties": {"source": "deepforest", "kind": "tree", "score": 0.3959376811981201, "crown_m": 2.98}}, {"type": "Feature", "geometry": {"type": "Point", "coordinates": [-119.48038928210735, 49.8553068313234]}, "properties": {"source": "deepforest", "kind": "tree", "score": 0.39552298188209534, "crown_m": 2.89}}, {"type": "Feature", "geometry": {"type": "Point", "coordinates": [-119.47754077613354, 49.8566171709905]}, "properties": {"source": "deepforest", "kind": "tree", "score": 0.39498186111450195, "crown_m": 2.41}}, {"type": "Feature", "geometry": {"type": "Point", "coordinates": [-119.47607092559338, 49.85311795308697]}, "properties": {"source": "deepforest", "kind": "tree", "score": 0.3947409987449646, "crown_m": 2.6}}, {"type": "Feature", "geometry": {"type": "Point", "coordinates": [-119.47496317327023, 49.854230778547816]}, "properties": {"source": "deepforest", "kind": "tree", "score": 0.3941479027271271, "crown_m": 1.83}}, {"type": "Feature", "geometry": {"type": "Point", "coordinates": [-119.477623924613, 49.857093138429704]}, "properties": {"source": "deepforest", "kind": "tree", "score": 0.3938911557197571, "crown_m": 2.41}}, {"type": "Feature", "geometry": {"type": "Point", "coordinates": [-119.48050864040852, 49.85451352032829]}, "properties": {"source": "deepforest", "kind": "tree", "score": 0.39316317439079285, "crown_m": 2.02}}, {"type": "Feature", "geometry": {"type": "Point", "coordinates": [-119.47548151016235, 49.85293075032642]}, "properties": {"source": "deepforest", "kind": "tree", "score": 0.39293259382247925, "crown_m": 2.12}}, {"type": "Feature", "geometry": {"type": "Point", "coordinates": [-119.47635188698769, 49.85316205155321]}, "properties": {"source": "deepforest", "kind": "tree", "score": 0.3924313485622406, "crown_m": 1.93}}, {"type": "Feature", "geometry": {"type": "Point", "coordinates": [-119.47659395635128, 49.85690768028473]}, "properties": {"source": "deepforest", "kind": "tree", "score": 0.39236506819725037, "crown_m": 3.37}}, {"type": "Feature", "geometry": {"type": "Point", "coordinates": [-119.480414763093, 49.85528694466739]}, "properties": {"source": "deepforest", "kind": "tree", "score": 0.39198747277259827, "crown_m": 3.85}}, {"type": "Feature", "geometry": {"type": "Point", "coordinates": [-119.47828710079193, 49.8563028829271]}, "properties": {"source": "deepforest", "kind": "tree", "score": 0.3918496072292328, "crown_m": 1.54}}, {"type": "Feature", "geometry": {"type": "Point", "coordinates": [-119.47688296437263, 49.85567213909167]}, "properties": {"source": "deepforest", "kind": "tree", "score": 0.3916430175304413, "crown_m": 1.83}}, {"type": "Feature", "geometry": {"type": "Point", "coordinates": [-119.47903744876385, 49.85446682913912]}, "properties": {"source": "deepforest", "kind": "tree", "score": 0.39132118225097656, "crown_m": 4.72}}, {"type": "Feature", "geometry": {"type": "Point", "coordinates": [-119.4756980985403, 49.85647840030944]}, "properties": {"source": "deepforest", "kind": "tree", "score": 0.3907035291194916, "crown_m": 1.54}}, {"type": "Feature", "geometry": {"type": "Point", "coordinates": [-119.47813287377357, 49.855812209030155]}, "properties": {"source": "deepforest", "kind": "tree", "score": 0.39066290855407715, "crown_m": 2.02}}, {"type": "Feature", "geometry": {"type": "Point", "coordinates": [-119.47737447917461, 49.85286416995501]}, "properties": {"source": "deepforest", "kind": "tree", "score": 0.39060819149017334, "crown_m": 1.93}}, {"type": "Feature", "geometry": {"type": "Point", "coordinates": [-119.47618894279003, 49.85644900335389]}, "properties": {"source": "deepforest", "kind": "tree", "score": 0.39051270484924316, "crown_m": 2.5}}, {"type": "Feature", "geometry": {"type": "Point", "coordinates": [-119.47909109294415, 49.855976488070276]}, "properties": {"source": "deepforest", "kind": "tree", "score": 0.3899884521961212, "crown_m": 2.79}}, {"type": "Feature", "geometry": {"type": "Point", "coordinates": [-119.4785512983799, 49.853715008317096]}, "properties": {"source": "deepforest", "kind": "tree", "score": 0.3896593749523163, "crown_m": 2.7}}, {"type": "Feature", "geometry": {"type": "Point", "coordinates": [-119.47860896587372, 49.854577936802244]}, "properties": {"source": "deepforest", "kind": "tree", "score": 0.38953664898872375, "crown_m": 2.5}}, {"type": "Feature", "geometry": {"type": "Point", "coordinates": [-119.47865456342697, 49.85633573844619]}, "properties": {"source": "deepforest", "kind": "tree", "score": 0.38901790976524353, "crown_m": 1.54}}, {"type": "Feature", "geometry": {"type": "Point", "coordinates": [-119.48231108486652, 49.854490607065166]}, "properties": {"source": "deepforest", "kind": "tree", "score": 0.38885194063186646, "crown_m": 2.7}}, {"type": "Feature", "geometry": {"type": "Point", "coordinates": [-119.4800278544426, 49.85666429240838]}, "properties": {"source": "deepforest", "kind": "tree", "score": 0.3888251483440399, "crown_m": 2.89}}, {"type": "Feature", "geometry": {"type": "Point", "coordinates": [-119.47768159210682, 49.856231984099274]}, "properties": {"source": "deepforest", "kind": "tree", "score": 0.38875195384025574, "crown_m": 2.5}}, {"type": "Feature", "geometry": {"type": "Point", "coordinates": [-119.47941966354847, 49.85545165781044]}, "properties": {"source": "deepforest", "kind": "tree", "score": 0.3883601129055023, "crown_m": 2.02}}, {"type": "Feature", "geometry": {"type": "Point", "coordinates": [-119.47723969817162, 49.85396057270104]}, "properties": {"source": "deepforest", "kind": "tree", "score": 0.3883104920387268, "crown_m": 2.89}}, {"type": "Feature", "geometry": {"type": "Point", "coordinates": [-119.47665698826313, 49.85396662532856]}, "properties": {"source": "deepforest", "kind": "tree", "score": 0.3882451057434082, "crown_m": 2.6}}, {"type": "Feature", "geometry": {"type": "Point", "coordinates": [-119.4761011004448, 49.85416722626853]}, "properties": {"source": "deepforest", "kind": "tree", "score": 0.387393057346344, "crown_m": 4.04}}, {"type": "Feature", "geometry": {"type": "Point", "coordinates": [-119.47964429855347, 49.85284860569913]}, "properties": {"source": "deepforest", "kind": "tree", "score": 0.38710153102874756, "crown_m": 1.73}}, {"type": "Feature", "geometry": {"type": "Point", "coordinates": [-119.48229297995567, 49.85473832912609]}, "properties": {"source": "deepforest", "kind": "tree", "score": 0.3866613209247589, "crown_m": 3.37}}, {"type": "Feature", "geometry": {"type": "Point", "coordinates": [-119.47719745337963, 49.85716317139021]}, "properties": {"source": "deepforest", "kind": "tree", "score": 0.38648146390914917, "crown_m": 1.92}}, {"type": "Feature", "geometry": {"type": "Point", "coordinates": [-119.47800882160664, 49.85518534966668]}, "properties": {"source": "deepforest", "kind": "tree", "score": 0.3864659368991852, "crown_m": 2.21}}, {"type": "Feature", "geometry": {"type": "Point", "coordinates": [-119.48162376880646, 49.85543825597463]}, "properties": {"source": "deepforest", "kind": "tree", "score": 0.38582852482795715, "crown_m": 1.93}}, {"type": "Feature", "geometry": {"type": "Point", "coordinates": [-119.47553113102913, 49.852862872933876]}, "properties": {"source": "deepforest", "kind": "tree", "score": 0.3847832679748535, "crown_m": 4.81}}, {"type": "Feature", "geometry": {"type": "Point", "coordinates": [-119.47605013847351, 49.855791025639576]}, "properties": {"source": "deepforest", "kind": "tree", "score": 0.3847743570804596, "crown_m": 1.54}}, {"type": "Feature", "geometry": {"type": "Point", "coordinates": [-119.47466745972633, 49.85569245790422]}, "properties": {"source": "deepforest", "kind": "tree", "score": 0.3844955265522003, "crown_m": 7.32}}, {"type": "Feature", "geometry": {"type": "Point", "coordinates": [-119.48018945753574, 49.85401936962191]}, "properties": {"source": "deepforest", "kind": "tree", "score": 0.38411805033683777, "crown_m": 6.55}}, {"type": "Feature", "geometry": {"type": "Point", "coordinates": [-119.47673611342907, 49.854165064624915]}, "properties": {"source": "deepforest", "kind": "tree", "score": 0.38384294509887695, "crown_m": 2.02}}, {"type": "Feature", "geometry": {"type": "Point", "coordinates": [-119.48024913668633, 49.85202931348602]}, "properties": {"source": "deepforest", "kind": "tree", "score": 0.3838195502758026, "crown_m": 3.56}}, {"type": "Feature", "geometry": {"type": "Point", "coordinates": [-119.48199324309826, 49.85615243894911]}, "properties": {"source": "deepforest", "kind": "tree", "score": 0.3836011290550232, "crown_m": 3.18}}, {"type": "Feature", "geometry": {"type": "Point", "coordinates": [-119.47869144380093, 49.85450055055804]}, "properties": {"source": "deepforest", "kind": "tree", "score": 0.38309821486473083, "crown_m": 2.02}}, {"type": "Feature", "geometry": {"type": "Point", "coordinates": [-119.48055222630501, 49.85629164287597]}, "properties": {"source": "deepforest", "kind": "tree", "score": 0.3828616738319397, "crown_m": 2.5}}, {"type": "Feature", "geometry": {"type": "Point", "coordinates": [-119.4765604287386, 49.85581782911179]}, "properties": {"source": "deepforest", "kind": "tree", "score": 0.38209056854248047, "crown_m": 2.12}}, {"type": "Feature", "geometry": {"type": "Point", "coordinates": [-119.47612456977367, 49.85287151974077]}, "properties": {"source": "deepforest", "kind": "tree", "score": 0.38179540634155273, "crown_m": 4.72}}, {"type": "Feature", "geometry": {"type": "Point", "coordinates": [-119.47621241211891, 49.85378720783414]}, "properties": {"source": "deepforest", "kind": "tree", "score": 0.3815184533596039, "crown_m": 2.79}}, {"type": "Feature", "geometry": {"type": "Point", "coordinates": [-119.48096998035908, 49.854794963485226]}, "properties": {"source": "deepforest", "kind": "tree", "score": 0.3812147378921509, "crown_m": 2.41}}, {"type": "Feature", "geometry": {"type": "Point", "coordinates": [-119.47480760514736, 49.85499512866547]}, "properties": {"source": "deepforest", "kind": "tree", "score": 0.3809511661529541, "crown_m": 2.02}}, {"type": "Feature", "geometry": {"type": "Point", "coordinates": [-119.47603471577168, 49.85660852485378]}, "properties": {"source": "deepforest", "kind": "tree", "score": 0.3808462917804718, "crown_m": 2.6}}, {"type": "Feature", "geometry": {"type": "Point", "coordinates": [-119.4800278544426, 49.856873095936514]}, "properties": {"source": "deepforest", "kind": "tree", "score": 0.38084328174591064, "crown_m": 3.08}}, {"type": "Feature", "geometry": {"type": "Point", "coordinates": [-119.48191277682781, 49.851504440357644]}, "properties": {"source": "deepforest", "kind": "tree", "score": 0.3804015517234802, "crown_m": 1.64}}, {"type": "Feature", "geometry": {"type": "Point", "coordinates": [-119.48139108717442, 49.85511358455873]}, "properties": {"source": "deepforest", "kind": "tree", "score": 0.38034588098526, "crown_m": 6.64}}, {"type": "Feature", "geometry": {"type": "Point", "coordinates": [-119.4788570702076, 49.85394371180613]}, "properties": {"source": "deepforest", "kind": "tree", "score": 0.3799997866153717, "crown_m": 1.73}}, {"type": "Feature", "geometry": {"type": "Point", "coordinates": [-119.48212802410126, 49.85558048817145]}, "properties": {"source": "deepforest", "kind": "tree", "score": 0.3795751631259918, "crown_m": 10.88}}, {"type": "Feature", "geometry": {"type": "Point", "coordinates": [-119.47503492236137, 49.85347938638833]}, "properties": {"source": "deepforest", "kind": "tree", "score": 0.37953805923461914, "crown_m": 1.83}}, {"type": "Feature", "geometry": {"type": "Point", "coordinates": [-119.47704926133156, 49.85172666905014]}, "properties": {"source": "deepforest", "kind": "tree", "score": 0.37942126393318176, "crown_m": 2.02}}, {"type": "Feature", "geometry": {"type": "Point", "coordinates": [-119.47672538459301, 49.85689644037427]}, "properties": {"source": "deepforest", "kind": "tree", "score": 0.3791917562484741, "crown_m": 1.83}}, {"type": "Feature", "geometry": {"type": "Point", "coordinates": [-119.47587378323078, 49.8515956666566]}, "properties": {"source": "deepforest", "kind": "tree", "score": 0.3789471387863159, "crown_m": 2.12}}, {"type": "Feature", "geometry": {"type": "Point", "coordinates": [-119.48278851807117, 49.8522351106199]}, "properties": {"source": "deepforest", "kind": "tree", "score": 0.3786603510379791, "crown_m": 2.02}}, {"type": "Feature", "geometry": {"type": "Point", "coordinates": [-119.48183298110962, 49.85450962939758]}, "properties": {"source": "deepforest", "kind": "tree", "score": 0.37853384017944336, "crown_m": 2.12}}, {"type": "Feature", "geometry": {"type": "Point", "coordinates": [-119.47801820933819, 49.855820422995414]}, "properties": {"source": "deepforest", "kind": "tree", "score": 0.3785053491592407, "crown_m": 1.54}}, {"type": "Feature", "geometry": {"type": "Point", "coordinates": [-119.4778659939766, 49.85576335752363]}, "properties": {"source": "deepforest", "kind": "tree", "score": 0.3784290850162506, "crown_m": 1.93}}, {"type": "Feature", "geometry": {"type": "Point", "coordinates": [-119.47982333600521, 49.85169510744984]}, "properties": {"source": "deepforest", "kind": "tree", "score": 0.37834393978118896, "crown_m": 1.93}}, {"type": "Feature", "geometry": {"type": "Point", "coordinates": [-119.47975695133209, 49.855035766851344]}, "properties": {"source": "deepforest", "kind": "tree", "score": 0.3782106637954712, "crown_m": 9.43}}, {"type": "Feature", "geometry": {"type": "Point", "coordinates": [-119.48059245944023, 49.85644986797049]}, "properties": {"source": "deepforest", "kind": "tree", "score": 0.3781917691230774, "crown_m": 2.12}}, {"type": "Feature", "geometry": {"type": "Point", "coordinates": [-119.48182828724384, 49.85149925212693]}, "properties": {"source": "deepforest", "kind": "tree", "score": 0.3781415820121765, "crown_m": 2.02}}, {"type": "Feature", "geometry": {"type": "Point", "coordinates": [-119.48036380112171, 49.856578263363126]}, "properties": {"source": "deepforest", "kind": "tree", "score": 0.37780511379241943, "crown_m": 2.02}}, {"type": "Feature", "geometry": {"type": "Point", "coordinates": [-119.47862975299358, 49.85424418071848]}, "properties": {"source": "deepforest", "kind": "tree", "score": 0.3775554597377777, "crown_m": 1.93}}, {"type": "Feature", "geometry": {"type": "Point", "coordinates": [-119.48192551732063, 49.851532543264305]}, "properties": {"source": "deepforest", "kind": "tree", "score": 0.3773026764392853, "crown_m": 2.31}}, {"type": "Feature", "geometry": {"type": "Point", "coordinates": [-119.4797757267952, 49.85197872876223]}, "properties": {"source": "deepforest", "kind": "tree", "score": 0.3770216405391693, "crown_m": 2.5}}, {"type": "Feature", "geometry": {"type": "Point", "coordinates": [-119.47799608111382, 49.854427487453975]}, "properties": {"source": "deepforest", "kind": "tree", "score": 0.37689149379730225, "crown_m": 1.93}}, {"type": "Feature", "geometry": {"type": "Point", "coordinates": [-119.47630226612091, 49.85688130972145]}, "properties": {"source": "deepforest", "kind": "tree", "score": 0.3768480122089386, "crown_m": 1.54}}, {"type": "Feature", "geometry": {"type": "Point", "coordinates": [-119.47844870388508, 49.85647364492078]}, "properties": {"source": "deepforest", "kind": "tree", "score": 0.37683266401290894, "crown_m": 2.02}}, {"type": "Feature", "geometry": {"type": "Point", "coordinates": [-119.4753547757864, 49.855385080912086]}, "properties": {"source": "deepforest", "kind": "tree", "score": 0.3764531910419464, "crown_m": 2.41}}, {"type": "Feature", "geometry": {"type": "Point", "coordinates": [-119.48259606957436, 49.85574649725771]}, "properties": {"source": "deepforest", "kind": "tree", "score": 0.37619444727897644, "crown_m": 2.02}}, {"type": "Feature", "geometry": {"type": "Point", "coordinates": [-119.48117583990097, 49.852723659129886]}, "properties": {"source": "deepforest", "kind": "tree", "score": 0.3761141002178192, "crown_m": 2.98}}, {"type": "Feature", "geometry": {"type": "Point", "coordinates": [-119.47559416294098, 49.85279240139999]}, "properties": {"source": "deepforest", "kind": "tree", "score": 0.37564995884895325, "crown_m": 2.5}}, {"type": "Feature", "geometry": {"type": "Point", "coordinates": [-119.48070779442787, 49.85407341084638]}, "properties": {"source": "deepforest", "kind": "tree", "score": 0.37564802169799805, "crown_m": 3.37}}, {"type": "Feature", "geometry": {"type": "Point", "coordinates": [-119.4821984320879, 49.85320960867759]}, "properties": {"source": "deepforest", "kind": "tree", "score": 0.3754216730594635, "crown_m": 2.6}}, {"type": "Feature", "geometry": {"type": "Point", "coordinates": [-119.48109269142151, 49.85183086541984]}, "properties": {"source": "deepforest", "kind": "tree", "score": 0.37518391013145447, "crown_m": 1.54}}, {"type": "Feature", "geometry": {"type": "Point", "coordinates": [-119.48099680244923, 49.85435096562299]}, "properties": {"source": "deepforest", "kind": "tree", "score": 0.3747554421424866, "crown_m": 1.83}}, {"type": "Feature", "geometry": {"type": "Point", "coordinates": [-119.48184236884117, 49.85323598124457]}, "properties": {"source": "deepforest", "kind": "tree", "score": 0.37370049953460693, "crown_m": 3.47}}, {"type": "Feature", "geometry": {"type": "Point", "coordinates": [-119.47472043335438, 49.85515162872562]}, "properties": {"source": "deepforest", "kind": "tree", "score": 0.37347328662872314, "crown_m": 6.26}}, {"type": "Feature", "geometry": {"type": "Point", "coordinates": [-119.47993196547031, 49.85482349680133]}, "properties": {"source": "deepforest", "kind": "tree", "score": 0.3731628656387329, "crown_m": 2.89}}, {"type": "Feature", "geometry": {"type": "Point", "coordinates": [-119.47905622422695, 49.85671833067508]}, "properties": {"source": "deepforest", "kind": "tree", "score": 0.3731619715690613, "crown_m": 8.37}}, {"type": "Feature", "geometry": {"type": "Point", "coordinates": [-119.47810001671314, 49.85149536095354]}, "properties": {"source": "deepforest", "kind": "tree", "score": 0.3730179965496063, "crown_m": 2.21}}, {"type": "Feature", "geometry": {"type": "Point", "coordinates": [-119.47703316807747, 49.85196878475046]}, "properties": {"source": "deepforest", "kind": "tree", "score": 0.3729267418384552, "crown_m": 1.64}}, {"type": "Feature", "geometry": {"type": "Point", "coordinates": [-119.48213741183281, 49.85642522639147]}, "properties": {"source": "deepforest", "kind": "tree", "score": 0.37287190556526184, "crown_m": 3.37}}, {"type": "Feature", "geometry": {"type": "Point", "coordinates": [-119.47944983839989, 49.855036631493235]}, "properties": {"source": "deepforest", "kind": "tree", "score": 0.3725706934928894, "crown_m": 1.73}}, {"type": "Feature", "geometry": {"type": "Point", "coordinates": [-119.48010563850403, 49.856920217104836]}, "properties": {"source": "deepforest", "kind": "tree", "score": 0.3716786801815033, "crown_m": 3.27}}, {"type": "Feature", "geometry": {"type": "Point", "coordinates": [-119.4808942079544, 49.85491514915727]}, "properties": {"source": "deepforest", "kind": "tree", "score": 0.37150898575782776, "crown_m": 2.5}}, {"type": "Feature", "geometry": {"type": "Point", "coordinates": [-119.47530314326286, 49.85304229385998]}, "properties": {"source": "deepforest", "kind": "tree", "score": 0.3714353144168854, "crown_m": 2.12}}, {"type": "Feature", "geometry": {"type": "Point", "coordinates": [-119.48089890182018, 49.85516589528047]}, "properties": {"source": "deepforest", "kind": "tree", "score": 0.3711410164833069, "crown_m": 2.79}}, {"type": "Feature", "geometry": {"type": "Point", "coordinates": [-119.47845809161663, 49.85666040165085]}, "properties": {"source": "deepforest", "kind": "tree", "score": 0.3709070682525635, "crown_m": 4.52}}, {"type": "Feature", "geometry": {"type": "Point", "coordinates": [-119.47534672915936, 49.853659237358826]}, "properties": {"source": "deepforest", "kind": "tree", "score": 0.37088993191719055, "crown_m": 2.02}}, {"type": "Feature", "geometry": {"type": "Point", "coordinates": [-119.47654500603676, 49.85714717621681]}, "properties": {"source": "deepforest", "kind": "tree", "score": 0.37083980441093445, "crown_m": 1.64}}, {"type": "Feature", "geometry": {"type": "Point", "coordinates": [-119.48251895606518, 49.85539286263221]}, "properties": {"source": "deepforest", "kind": "tree", "score": 0.37072107195854187, "crown_m": 1.44}}, {"type": "Feature", "geometry": {"type": "Point", "coordinates": [-119.48140650987625, 49.85160301663528]}, "properties": {"source": "deepforest", "kind": "tree", "score": 0.37048789858818054, "crown_m": 2.7}}, {"type": "Feature", "geometry": {"type": "Point", "coordinates": [-119.47629623115063, 49.85194154679473]}, "properties": {"source": "deepforest", "kind": "tree", "score": 0.3699195384979248, "crown_m": 1.93}}, {"type": "Feature", "geometry": {"type": "Point", "coordinates": [-119.47821870446205, 49.855932392172235]}, "properties": {"source": "deepforest", "kind": "tree", "score": 0.3693910539150238, "crown_m": 7.99}}, {"type": "Feature", "geometry": {"type": "Point", "coordinates": [-119.47579868137836, 49.85547457061788]}, "properties": {"source": "deepforest", "kind": "tree", "score": 0.36922943592071533, "crown_m": 12.22}}, {"type": "Feature", "geometry": {"type": "Point", "coordinates": [-119.47464399039745, 49.85628818439818]}, "properties": {"source": "deepforest", "kind": "tree", "score": 0.3689766824245453, "crown_m": 1.54}}, {"type": "Feature", "geometry": {"type": "Point", "coordinates": [-119.4756330549717, 49.85256974526491]}, "properties": {"source": "deepforest", "kind": "tree", "score": 0.3684166967868805, "crown_m": 2.31}}, {"type": "Feature", "geometry": {"type": "Point", "coordinates": [-119.48043286800385, 49.85182092137766]}, "properties": {"source": "deepforest", "kind": "tree", "score": 0.3682023882865906, "crown_m": 2.02}}, {"type": "Feature", "geometry": {"type": "Point", "coordinates": [-119.47600185871124, 49.85685364222977]}, "properties": {"source": "deepforest", "kind": "tree", "score": 0.3681003451347351, "crown_m": 10.78}}, {"type": "Feature", "geometry": {"type": "Point", "coordinates": [-119.4761661440134, 49.855753414290604]}, "properties": {"source": "deepforest", "kind": "tree", "score": 0.3680560290813446, "crown_m": 3.95}}, {"type": "Feature", "geometry": {"type": "Point", "coordinates": [-119.48166400194168, 49.853529537207024]}, "properties": {"source": "deepforest", "kind": "tree", "score": 0.36781856417655945, "crown_m": 12.32}}, {"type": "Feature", "geometry": {"type": "Point", "coordinates": [-119.48277845978737, 49.853235116570474]}, "properties": {"source": "deepforest", "kind": "tree", "score": 0.367500901222229, "crown_m": 2.31}}, {"type": "Feature", "geometry": {"type": "Point", "coordinates": [-119.4817216694355, 49.85442705512759]}, "properties": {"source": "deepforest", "kind": "tree", "score": 0.3673980236053467, "crown_m": 4.24}}, {"type": "Feature", "geometry": {"type": "Point", "coordinates": [-119.47944715619087, 49.85387713283026]}, "properties": {"source": "deepforest", "kind": "tree", "score": 0.3671382963657379, "crown_m": 2.21}}, {"type": "Feature", "geometry": {"type": "Point", "coordinates": [-119.48005400598049, 49.85482868467518]}, "properties": {"source": "deepforest", "kind": "tree", "score": 0.3670230209827423, "crown_m": 2.7}}, {"type": "Feature", "geometry": {"type": "Point", "coordinates": [-119.47741605341434, 49.85371716998084]}, "properties": {"source": "deepforest", "kind": "tree", "score": 0.36665406823158264, "crown_m": 2.79}}, {"type": "Feature", "geometry": {"type": "Point", "coordinates": [-119.47603605687618, 49.85711605045882]}, "properties": {"source": "deepforest", "kind": "tree", "score": 0.36637529730796814, "crown_m": 8.37}}, {"type": "Feature", "geometry": {"type": "Point", "coordinates": [-119.47607561945915, 49.85692670166568]}, "properties": {"source": "deepforest", "kind": "tree", "score": 0.3662624955177307, "crown_m": 5.87}}, {"type": "Feature", "geometry": {"type": "Point", "coordinates": [-119.48161102831364, 49.8516734899035]}, "properties": {"source": "deepforest", "kind": "tree", "score": 0.36607760190963745, "crown_m": 3.27}}, {"type": "Feature", "geometry": {"type": "Point", "coordinates": [-119.48038391768932, 49.85594233536844]}, "properties": {"source": "deepforest", "kind": "tree", "score": 0.3657725751399994, "crown_m": 2.12}}, {"type": "Feature", "geometry": {"type": "Point", "coordinates": [-119.47798870503902, 49.855434365118384]}, "properties": {"source": "deepforest", "kind": "tree", "score": 0.36567577719688416, "crown_m": 7.99}}, {"type": "Feature", "geometry": {"type": "Point", "coordinates": [-119.47797261178493, 49.85624106261353]}, "properties": {"source": "deepforest", "kind": "tree", "score": 0.36561575531959534, "crown_m": 1.83}}, {"type": "Feature", "geometry": {"type": "Point", "coordinates": [-119.47559483349323, 49.85519831925313]}, "properties": {"source": "deepforest", "kind": "tree", "score": 0.3655270040035248, "crown_m": 2.6}}, {"type": "Feature", "geometry": {"type": "Point", "coordinates": [-119.47651818394661, 49.85713680096638]}, "properties": {"source": "deepforest", "kind": "tree", "score": 0.364851713180542, "crown_m": 1.83}}, {"type": "Feature", "geometry": {"type": "Point", "coordinates": [-119.47821199893951, 49.853708090992434]}, "properties": {"source": "deepforest", "kind": "tree", "score": 0.36482587456703186, "crown_m": 1.54}}, {"type": "Feature", "geometry": {"type": "Point", "coordinates": [-119.48262825608253, 49.855900401005336]}, "properties": {"source": "deepforest", "kind": "tree", "score": 0.36440205574035645, "crown_m": 2.02}}, {"type": "Feature", "geometry": {"type": "Point", "coordinates": [-119.47595559060574, 49.852104109604554]}, "properties": {"source": "deepforest", "kind": "tree", "score": 0.3640366196632385, "crown_m": 1.93}}, {"type": "Feature", "geometry": {"type": "Point", "coordinates": [-119.47721019387245, 49.8566383540189]}, "properties": {"source": "deepforest", "kind": "tree", "score": 0.36399391293525696, "crown_m": 2.69}}, {"type": "Feature", "geometry": {"type": "Point", "coordinates": [-119.48186986148357, 49.854642785514805]}, "properties": {"source": "deepforest", "kind": "tree", "score": 0.36375531554222107, "crown_m": 1.73}}, {"type": "Feature", "geometry": {"type": "Point", "coordinates": [-119.4805421680212, 49.85329391437397]}, "properties": {"source": "deepforest", "kind": "tree", "score": 0.3634161949157715, "crown_m": 1.93}}, {"type": "Feature", "geometry": {"type": "Point", "coordinates": [-119.48034301400185, 49.85360000766603]}, "properties": {"source": "deepforest", "kind": "tree", "score": 0.36319756507873535, "crown_m": 1.73}}, {"type": "Feature", "geometry": {"type": "Point", "coordinates": [-119.48036178946495, 49.852053957306644]}, "properties": {"source": "deepforest", "kind": "tree", "score": 0.36314061284065247, "crown_m": 3.27}}, {"type": "Feature", "geometry": {"type": "Point", "coordinates": [-119.4823157787323, 49.85341021275992]}, "properties": {"source": "deepforest", "kind": "tree", "score": 0.36236920952796936, "crown_m": 1.83}}, {"type": "Feature", "geometry": {"type": "Point", "coordinates": [-119.47725646197796, 49.85645462336148]}, "properties": {"source": "deepforest", "kind": "tree", "score": 0.36193981766700745, "crown_m": 2.21}}, {"type": "Feature", "geometry": {"type": "Point", "coordinates": [-119.48070511221886, 49.85497091866615]}, "properties": {"source": "deepforest", "kind": "tree", "score": 0.3616098463535309, "crown_m": 2.41}}, {"type": "Feature", "geometry": {"type": "Point", "coordinates": [-119.48113761842251, 49.852737061718514]}, "properties": {"source": "deepforest", "kind": "tree", "score": 0.36092787981033325, "crown_m": 1.93}}, {"type": "Feature", "geometry": {"type": "Point", "coordinates": [-119.47974152863026, 49.851674354605535]}, "properties": {"source": "deepforest", "kind": "tree", "score": 0.3604872524738312, "crown_m": 1.93}}, {"type": "Feature", "geometry": {"type": "Point", "coordinates": [-119.48047310113907, 49.85374440693586]}, "properties": {"source": "deepforest", "kind": "tree", "score": 0.3599971830844879, "crown_m": 1.93}}, {"type": "Feature", "geometry": {"type": "Point", "coordinates": [-119.4806682318449, 49.85683937617319]}, "properties": {"source": "deepforest", "kind": "tree", "score": 0.3597259521484375, "crown_m": 2.41}}, {"type": "Feature", "geometry": {"type": "Point", "coordinates": [-119.47870753705502, 49.8556271782846]}, "properties": {"source": "deepforest", "kind": "tree", "score": 0.35957977175712585, "crown_m": 1.83}}, {"type": "Feature", "geometry": {"type": "Point", "coordinates": [-119.47641424834728, 49.85438684875656]}, "properties": {"source": "deepforest", "kind": "tree", "score": 0.3587585389614105, "crown_m": 4.04}}, {"type": "Feature", "geometry": {"type": "Point", "coordinates": [-119.48025852441788, 49.85599507750543]}, "properties": {"source": "deepforest", "kind": "tree", "score": 0.35870179533958435, "crown_m": 5.97}}, {"type": "Feature", "geometry": {"type": "Point", "coordinates": [-119.47805240750313, 49.85441884092548]}, "properties": {"source": "deepforest", "kind": "tree", "score": 0.3583623766899109, "crown_m": 2.12}}, {"type": "Feature", "geometry": {"type": "Point", "coordinates": [-119.47689972817898, 49.85544344378249]}, "properties": {"source": "deepforest", "kind": "tree", "score": 0.3581963777542114, "crown_m": 4.52}}, {"type": "Feature", "geometry": {"type": "Point", "coordinates": [-119.48062732815742, 49.85458442167742]}, "properties": {"source": "deepforest", "kind": "tree", "score": 0.35817739367485046, "crown_m": 2.02}}, {"type": "Feature", "geometry": {"type": "Point", "coordinates": [-119.48045566678047, 49.856196966956915]}, "properties": {"source": "deepforest", "kind": "tree", "score": 0.35783714056015015, "crown_m": 2.89}}, {"type": "Feature", "geometry": {"type": "Point", "coordinates": [-119.47862707078457, 49.85719170330798]}, "properties": {"source": "deepforest", "kind": "tree", "score": 0.3574043810367584, "crown_m": 2.31}}, {"type": "Feature", "geometry": {"type": "Point", "coordinates": [-119.48144607245922, 49.8547703210623]}, "properties": {"source": "deepforest", "kind": "tree", "score": 0.3568510115146637, "crown_m": 1.64}}, {"type": "Feature", "geometry": {"type": "Point", "coordinates": [-119.48097735643387, 49.85410972651527]}, "properties": {"source": "deepforest", "kind": "tree", "score": 0.356746107339859, "crown_m": 3.47}}, {"type": "Feature", "geometry": {"type": "Point", "coordinates": [-119.48152251541615, 49.85472276547378]}, "properties": {"source": "deepforest", "kind": "tree", "score": 0.3566833436489105, "crown_m": 2.6}}, {"type": "Feature", "geometry": {"type": "Point", "coordinates": [-119.47863310575485, 49.85468947653396]}, "properties": {"source": "deepforest", "kind": "tree", "score": 0.35664454102516174, "crown_m": 3.27}}, {"type": "Feature", "geometry": {"type": "Point", "coordinates": [-119.47716057300568, 49.85705898651708]}, "properties": {"source": "deepforest", "kind": "tree", "score": 0.35661858320236206, "crown_m": 2.12}}, {"type": "Feature", "geometry": {"type": "Point", "coordinates": [-119.47811610996723, 49.85151957269403]}, "properties": {"source": "deepforest", "kind": "tree", "score": 0.3557618260383606, "crown_m": 1.54}}, {"type": "Feature", "geometry": {"type": "Point", "coordinates": [-119.48041543364525, 49.85438728108332]}, "properties": {"source": "deepforest", "kind": "tree", "score": 0.35565435886383057, "crown_m": 4.91}}, {"type": "Feature", "geometry": {"type": "Point", "coordinates": [-119.47628617286682, 49.851594801953155]}, "properties": {"source": "deepforest", "kind": "tree", "score": 0.35546794533729553, "crown_m": 2.5}}, {"type": "Feature", "geometry": {"type": "Point", "coordinates": [-119.47675220668316, 49.85513649752646]}, "properties": {"source": "deepforest", "kind": "tree", "score": 0.355374813079834, "crown_m": 1.93}}, {"type": "Feature", "geometry": {"type": "Point", "coordinates": [-119.48141053318977, 49.855281324524]}, "properties": {"source": "deepforest", "kind": "tree", "score": 0.35525789856910706, "crown_m": 6.45}}, {"type": "Feature", "geometry": {"type": "Point", "coordinates": [-119.47796657681465, 49.857001922507955]}, "properties": {"source": "deepforest", "kind": "tree", "score": 0.3552347719669342, "crown_m": 2.02}}, {"type": "Feature", "geometry": {"type": "Point", "coordinates": [-119.48089689016342, 49.855299914226585]}, "properties": {"source": "deepforest", "kind": "tree", "score": 0.355206698179245, "crown_m": 4.24}}, {"type": "Feature", "geometry": {"type": "Point", "coordinates": [-119.47746567428112, 49.851830433070226]}, "properties": {"source": "deepforest", "kind": "tree", "score": 0.35501107573509216, "crown_m": 2.41}}, {"type": "Feature", "geometry": {"type": "Point", "coordinates": [-119.4827851653099, 49.85321652607361]}, "properties": {"source": "deepforest", "kind": "tree", "score": 0.35499706864356995, "crown_m": 2.12}}, {"type": "Feature", "geometry": {"type": "Point", "coordinates": [-119.47926744818687, 49.85478069682085]}, "properties": {"source": "deepforest", "kind": "tree", "score": 0.354936420917511, "crown_m": 3.18}}, {"type": "Feature", "geometry": {"type": "Point", "coordinates": [-119.4751113653183, 49.85722628742816]}, "properties": {"source": "deepforest", "kind": "tree", "score": 0.3547515571117401, "crown_m": 1.92}}, {"type": "Feature", "geometry": {"type": "Point", "coordinates": [-119.47978645563126, 49.85364583502594]}, "properties": {"source": "deepforest", "kind": "tree", "score": 0.3544800281524658, "crown_m": 3.08}}, {"type": "Feature", "geometry": {"type": "Point", "coordinates": [-119.47975158691406, 49.85578583786905]}, "properties": {"source": "deepforest", "kind": "tree", "score": 0.35390788316726685, "crown_m": 2.12}}, {"type": "Feature", "geometry": {"type": "Point", "coordinates": [-119.48137164115906, 49.8545723165764]}, "properties": {"source": "deepforest", "kind": "tree", "score": 0.35381951928138733, "crown_m": 2.12}}, {"type": "Feature", "geometry": {"type": "Point", "coordinates": [-119.47712235152721, 49.85715538995516]}, "properties": {"source": "deepforest", "kind": "tree", "score": 0.3538022041320801, "crown_m": 4.72}}, {"type": "Feature", "geometry": {"type": "Point", "coordinates": [-119.47764337062836, 49.85582171993717]}, "properties": {"source": "deepforest", "kind": "tree", "score": 0.3537144362926483, "crown_m": 2.02}}, {"type": "Feature", "geometry": {"type": "Point", "coordinates": [-119.47682864964008, 49.85711215973766]}, "properties": {"source": "deepforest", "kind": "tree", "score": 0.35354113578796387, "crown_m": 2.41}}, {"type": "Feature", "geometry": {"type": "Point", "coordinates": [-119.47926141321659, 49.852236407657884]}, "properties": {"source": "deepforest", "kind": "tree", "score": 0.3534426689147949, "crown_m": 2.6}}, {"type": "Feature", "geometry": {"type": "Point", "coordinates": [-119.47949074208736, 49.854289142812306]}, "properties": {"source": "deepforest", "kind": "tree", "score": 0.35320496559143066, "crown_m": 2.31}}, {"type": "Feature", "geometry": {"type": "Point", "coordinates": [-119.47839438915253, 49.85416592928238]}, "properties": {"source": "deepforest", "kind": "tree", "score": 0.35307252407073975, "crown_m": 2.02}}, {"type": "Feature", "geometry": {"type": "Point", "coordinates": [-119.48157079517841, 49.85385205760778]}, "properties": {"source": "deepforest", "kind": "tree", "score": 0.35261690616607666, "crown_m": 3.95}}, {"type": "Feature", "geometry": {"type": "Point", "coordinates": [-119.47868809103966, 49.85672438295719]}, "properties": {"source": "deepforest", "kind": "tree", "score": 0.35258516669273376, "crown_m": 2.6}}, {"type": "Feature", "geometry": {"type": "Point", "coordinates": [-119.47586439549923, 49.85506040913891]}, "properties": {"source": "deepforest", "kind": "tree", "score": 0.3520881235599518, "crown_m": 2.21}}, {"type": "Feature", "geometry": {"type": "Point", "coordinates": [-119.47618559002876, 49.856476238769204]}, "properties": {"source": "deepforest", "kind": "tree", "score": 0.3519630432128906, "crown_m": 2.02}}, {"type": "Feature", "geometry": {"type": "Point", "coordinates": [-119.48202274739742, 49.855699807259846]}, "properties": {"source": "deepforest", "kind": "tree", "score": 0.3516079783439636, "crown_m": 1.83}}, {"type": "Feature", "geometry": {"type": "Point", "coordinates": [-119.47694733738899, 49.85229693605827]}, "properties": {"source": "deepforest", "kind": "tree", "score": 0.35149258375167847, "crown_m": 1.93}}, {"type": "Feature", "geometry": {"type": "Point", "coordinates": [-119.48074400424957, 49.854058711639304]}, "properties": {"source": "deepforest", "kind": "tree", "score": 0.35115742683410645, "crown_m": 1.64}}, {"type": "Feature", "geometry": {"type": "Point", "coordinates": [-119.47768695652485, 49.85350100312691]}, "properties": {"source": "deepforest", "kind": "tree", "score": 0.3511456251144409, "crown_m": 1.44}}, {"type": "Feature", "geometry": {"type": "Point", "coordinates": [-119.48079228401184, 49.856381995520714]}, "properties": {"source": "deepforest", "kind": "tree", "score": 0.35053086280822754, "crown_m": 2.5}}, {"type": "Feature", "geometry": {"type": "Point", "coordinates": [-119.47978042066097, 49.85412658735226]}, "properties": {"source": "deepforest", "kind": "tree", "score": 0.3505166471004486, "crown_m": 2.21}}, {"type": "Feature", "geometry": {"type": "Point", "coordinates": [-119.47652287781239, 49.85711518585414]}, "properties": {"source": "deepforest", "kind": "tree", "score": 0.3498465418815613, "crown_m": 2.6}}, {"type": "Feature", "geometry": {"type": "Point", "coordinates": [-119.47893217206001, 49.85614725121738]}, "properties": {"source": "deepforest", "kind": "tree", "score": 0.349075049161911, "crown_m": 2.12}}, {"type": "Feature", "geometry": {"type": "Point", "coordinates": [-119.47551973164082, 49.85603528253841]}, "properties": {"source": "deepforest", "kind": "tree", "score": 0.3489125370979309, "crown_m": 1.44}}, {"type": "Feature", "geometry": {"type": "Point", "coordinates": [-119.47781503200531, 49.855798807294335]}, "properties": {"source": "deepforest", "kind": "tree", "score": 0.3488648235797882, "crown_m": 7.7}}, {"type": "Feature", "geometry": {"type": "Point", "coordinates": [-119.48038458824158, 49.85711172743529]}, "properties": {"source": "deepforest", "kind": "tree", "score": 0.34859615564346313, "crown_m": 1.83}}, {"type": "Feature", "geometry": {"type": "Point", "coordinates": [-119.47624526917934, 49.85180016858738]}, "properties": {"source": "deepforest", "kind": "tree", "score": 0.34850364923477173, "crown_m": 2.02}}, {"type": "Feature", "geometry": {"type": "Point", "coordinates": [-119.48023371398449, 49.856846293049635]}, "properties": {"source": "deepforest", "kind": "tree", "score": 0.3485012352466583, "crown_m": 2.41}}, {"type": "Feature", "geometry": {"type": "Point", "coordinates": [-119.47930097579956, 49.85561031797117]}, "properties": {"source": "deepforest", "kind": "tree", "score": 0.3483821153640747, "crown_m": 2.5}}, {"type": "Feature", "geometry": {"type": "Point", "coordinates": [-119.47885036468506, 49.85355331559424]}, "properties": {"source": "deepforest", "kind": "tree", "score": 0.34824633598327637, "crown_m": 2.5}}, {"type": "Feature", "geometry": {"type": "Point", "coordinates": [-119.48203079402447, 49.85318193908365]}, "properties": {"source": "deepforest", "kind": "tree", "score": 0.34823858737945557, "crown_m": 1.83}}, {"type": "Feature", "geometry": {"type": "Point", "coordinates": [-119.4813884049654, 49.85503317292562]}, "properties": {"source": "deepforest", "kind": "tree", "score": 0.3477185368537903, "crown_m": 2.41}}, {"type": "Feature", "geometry": {"type": "Point", "coordinates": [-119.48128648102283, 49.85481398569783]}, "properties": {"source": "deepforest", "kind": "tree", "score": 0.3475976288318634, "crown_m": 3.18}}, {"type": "Feature", "geometry": {"type": "Point", "coordinates": [-119.47983741760254, 49.85646543106655]}, "properties": {"source": "deepforest", "kind": "tree", "score": 0.34739840030670166, "crown_m": 2.5}}, {"type": "Feature", "geometry": {"type": "Point", "coordinates": [-119.48257394134998, 49.852568880578886]}, "properties": {"source": "deepforest", "kind": "tree", "score": 0.34718719124794006, "crown_m": 2.41}}, {"type": "Feature", "geometry": {"type": "Point", "coordinates": [-119.48226414620876, 49.85537167905782]}, "properties": {"source": "deepforest", "kind": "tree", "score": 0.34716135263442993, "crown_m": 2.41}}, {"type": "Feature", "geometry": {"type": "Point", "coordinates": [-119.48228158056736, 49.85620863934052]}, "properties": {"source": "deepforest", "kind": "tree", "score": 0.34712615609169006, "crown_m": 2.41}}, {"type": "Feature", "geometry": {"type": "Point", "coordinates": [-119.47599180042744, 49.85443354002301]}, "properties": {"source": "deepforest", "kind": "tree", "score": 0.3471091687679291, "crown_m": 2.21}}, {"type": "Feature", "geometry": {"type": "Point", "coordinates": [-119.4756793230772, 49.85688260663475]}, "properties": {"source": "deepforest", "kind": "tree", "score": 0.34679120779037476, "crown_m": 1.64}}, {"type": "Feature", "geometry": {"type": "Point", "coordinates": [-119.47738721966743, 49.8537928281513]}, "properties": {"source": "deepforest", "kind": "tree", "score": 0.3464622497558594, "crown_m": 2.31}}, {"type": "Feature", "geometry": {"type": "Point", "coordinates": [-119.47959668934345, 49.85430686824164]}, "properties": {"source": "deepforest", "kind": "tree", "score": 0.34617143869400024, "crown_m": 1.64}}, {"type": "Feature", "geometry": {"type": "Point", "coordinates": [-119.47706066071987, 49.85331380185015]}, "properties": {"source": "deepforest", "kind": "tree", "score": 0.34611430764198303, "crown_m": 3.85}}, {"type": "Feature", "geometry": {"type": "Point", "coordinates": [-119.47590731084347, 49.85513087736557]}, "properties": {"source": "deepforest", "kind": "tree", "score": 0.34610190987586975, "crown_m": 2.02}}, {"type": "Feature", "geometry": {"type": "Point", "coordinates": [-119.47793640196323, 49.85621858247988]}, "properties": {"source": "deepforest", "kind": "tree", "score": 0.3458263576030731, "crown_m": 2.02}}, {"type": "Feature", "geometry": {"type": "Point", "coordinates": [-119.47986893355846, 49.854027151561965]}, "properties": {"source": "deepforest", "kind": "tree", "score": 0.3457086980342865, "crown_m": 1.73}}, {"type": "Feature", "geometry": {"type": "Point", "coordinates": [-119.47945587337017, 49.85425153029438]}, "properties": {"source": "deepforest", "kind": "tree", "score": 0.3453364074230194, "crown_m": 2.6}}, {"type": "Feature", "geometry": {"type": "Point", "coordinates": [-119.4770110398531, 49.85620950396142]}, "properties": {"source": "deepforest", "kind": "tree", "score": 0.3453123867511749, "crown_m": 2.02}}, {"type": "Feature", "geometry": {"type": "Point", "coordinates": [-119.47716660797596, 49.856244088784564]}, "properties": {"source": "deepforest", "kind": "tree", "score": 0.34518077969551086, "crown_m": 2.5}}, {"type": "Feature", "geometry": {"type": "Point", "coordinates": [-119.48080569505692, 49.857007542451235]}, "properties": {"source": "deepforest", "kind": "tree", "score": 0.3450296223163605, "crown_m": 3.66}}, {"type": "Feature", "geometry": {"type": "Point", "coordinates": [-119.47956919670105, 49.856613280229176]}, "properties": {"source": "deepforest", "kind": "tree", "score": 0.34493377804756165, "crown_m": 1.54}}, {"type": "Feature", "geometry": {"type": "Point", "coordinates": [-119.47601459920406, 49.85200423730477]}, "properties": {"source": "deepforest", "kind": "tree", "score": 0.34408995509147644, "crown_m": 1.64}}, {"type": "Feature", "geometry": {"type": "Point", "coordinates": [-119.47741739451885, 49.85162420186169]}, "properties": {"source": "deepforest", "kind": "tree", "score": 0.3437274992465973, "crown_m": 2.31}}, {"type": "Feature", "geometry": {"type": "Point", "coordinates": [-119.4793613255024, 49.85434880398759]}, "properties": {"source": "deepforest", "kind": "tree", "score": 0.34366849064826965, "crown_m": 1.93}}, {"type": "Feature", "geometry": {"type": "Point", "coordinates": [-119.48056697845459, 49.8562047485463]}, "properties": {"source": "deepforest", "kind": "tree", "score": 0.34338897466659546, "crown_m": 2.12}}, {"type": "Feature", "geometry": {"type": "Point", "coordinates": [-119.48268055915833, 49.855782379355055]}, "properties": {"source": "deepforest", "kind": "tree", "score": 0.34325239062309265, "crown_m": 1.93}}, {"type": "Feature", "geometry": {"type": "Point", "coordinates": [-119.47719946503639, 49.85624149492369]}, "properties": {"source": "deepforest", "kind": "tree", "score": 0.3429775536060333, "crown_m": 2.5}}, {"type": "Feature", "geometry": {"type": "Point", "coordinates": [-119.47478011250496, 49.854594365150994]}, "properties": {"source": "deepforest", "kind": "tree", "score": 0.34292611479759216, "crown_m": 1.93}}, {"type": "Feature", "geometry": {"type": "Point", "coordinates": [-119.48137901723385, 49.851917767614474]}, "properties": {"source": "deepforest", "kind": "tree", "score": 0.3426634669303894, "crown_m": 3.37}}, {"type": "Feature", "geometry": {"type": "Point", "coordinates": [-119.47589792311192, 49.85533190579102]}, "properties": {"source": "deepforest", "kind": "tree", "score": 0.34263986349105835, "crown_m": 3.18}}, {"type": "Feature", "geometry": {"type": "Point", "coordinates": [-119.48184438049793, 49.85436307077947]}, "properties": {"source": "deepforest", "kind": "tree", "score": 0.3425113558769226, "crown_m": 2.79}}, {"type": "Feature", "geometry": {"type": "Point", "coordinates": [-119.47560757398605, 49.85710135217724]}, "properties": {"source": "deepforest", "kind": "tree", "score": 0.34213805198669434, "crown_m": 1.83}}, {"type": "Feature", "geometry": {"type": "Point", "coordinates": [-119.47603337466717, 49.85440673578297]}, "properties": {"source": "deepforest", "kind": "tree", "score": 0.34185272455215454, "crown_m": 2.7}}, {"type": "Feature", "geometry": {"type": "Point", "coordinates": [-119.47575777769089, 49.85265016099708]}, "properties": {"source": "deepforest", "kind": "tree", "score": 0.34153711795806885, "crown_m": 2.41}}, {"type": "Feature", "geometry": {"type": "Point", "coordinates": [-119.47518579661846, 49.85368777134552]}, "properties": {"source": "deepforest", "kind": "tree", "score": 0.3415258824825287, "crown_m": 2.41}}, {"type": "Feature", "geometry": {"type": "Point", "coordinates": [-119.4816405326128, 49.854462938204655]}, "properties": {"source": "deepforest", "kind": "tree", "score": 0.3413422107696533, "crown_m": 7.89}}, {"type": "Feature", "geometry": {"type": "Point", "coordinates": [-119.47684340178967, 49.856236739511715]}, "properties": {"source": "deepforest", "kind": "tree", "score": 0.3411383330821991, "crown_m": 1.44}}, {"type": "Feature", "geometry": {"type": "Point", "coordinates": [-119.4758141040802, 49.85507294643829]}, "properties": {"source": "deepforest", "kind": "tree", "score": 0.3411330580711365, "crown_m": 1.93}}, {"type": "Feature", "geometry": {"type": "Point", "coordinates": [-119.47649136185646, 49.85414604215687]}, "properties": {"source": "deepforest", "kind": "tree", "score": 0.3407917618751526, "crown_m": 5.97}}, {"type": "Feature", "geometry": {"type": "Point", "coordinates": [-119.475958943367, 49.85399948243609]}, "properties": {"source": "deepforest", "kind": "tree", "score": 0.34069254994392395, "crown_m": 2.31}}, {"type": "Feature", "geometry": {"type": "Point", "coordinates": [-119.47566524147987, 49.8564892080092]}, "properties": {"source": "deepforest", "kind": "tree", "score": 0.3401564657688141, "crown_m": 1.54}}, {"type": "Feature", "geometry": {"type": "Point", "coordinates": [-119.47590664029121, 49.8550400900606]}, "properties": {"source": "deepforest", "kind": "tree", "score": 0.3400256633758545, "crown_m": 2.31}}, {"type": "Feature", "geometry": {"type": "Point", "coordinates": [-119.4810725748539, 49.854111023502945]}, "properties": {"source": "deepforest", "kind": "tree", "score": 0.3399343192577362, "crown_m": 4.43}}, {"type": "Feature", "geometry": {"type": "Point", "coordinates": [-119.47971470654011, 49.85616454365432]}, "properties": {"source": "deepforest", "kind": "tree", "score": 0.33957454562187195, "crown_m": 1.92}}, {"type": "Feature", "geometry": {"type": "Point", "coordinates": [-119.47941429913044, 49.856228957927485]}, "properties": {"source": "deepforest", "kind": "tree", "score": 0.3394578695297241, "crown_m": 2.02}}, {"type": "Feature", "geometry": {"type": "Point", "coordinates": [-119.47863444685936, 49.851646684132604]}, "properties": {"source": "deepforest", "kind": "tree", "score": 0.3394123315811157, "crown_m": 1.73}}, {"type": "Feature", "geometry": {"type": "Point", "coordinates": [-119.47585567831993, 49.85500896294535]}, "properties": {"source": "deepforest", "kind": "tree", "score": 0.33928075432777405, "crown_m": 2.41}}, {"type": "Feature", "geometry": {"type": "Point", "coordinates": [-119.4786773622036, 49.8556159380763]}, "properties": {"source": "deepforest", "kind": "tree", "score": 0.3391856849193573, "crown_m": 2.5}}, {"type": "Feature", "geometry": {"type": "Point", "coordinates": [-119.48223531246185, 49.85658907104053]}, "properties": {"source": "deepforest", "kind": "tree", "score": 0.3389160931110382, "crown_m": 2.31}}, {"type": "Feature", "geometry": {"type": "Point", "coordinates": [-119.48169887065887, 49.85180103328716]}, "properties": {"source": "deepforest", "kind": "tree", "score": 0.3388708829879761, "crown_m": 7.89}}, {"type": "Feature", "geometry": {"type": "Point", "coordinates": [-119.47800278663635, 49.856852777620404]}, "properties": {"source": "deepforest", "kind": "tree", "score": 0.3388398587703705, "crown_m": 3.66}}, {"type": "Feature", "geometry": {"type": "Point", "coordinates": [-119.47693593800068, 49.85537297601162]}, "properties": {"source": "deepforest", "kind": "tree", "score": 0.33853158354759216, "crown_m": 2.02}}, {"type": "Feature", "geometry": {"type": "Point", "coordinates": [-119.47642497718334, 49.85606511205739]}, "properties": {"source": "deepforest", "kind": "tree", "score": 0.3381713330745697, "crown_m": 2.6}}, {"type": "Feature", "geometry": {"type": "Point", "coordinates": [-119.47474122047424, 49.8545243284675]}, "properties": {"source": "deepforest", "kind": "tree", "score": 0.33812782168388367, "crown_m": 2.5}}, {"type": "Feature", "geometry": {"type": "Point", "coordinates": [-119.47655908763409, 49.85618832074502]}, "properties": {"source": "deepforest", "kind": "tree", "score": 0.3377760648727417, "crown_m": 1.83}}, {"type": "Feature", "geometry": {"type": "Point", "coordinates": [-119.48079966008663, 49.851628957727556]}, "properties": {"source": "deepforest", "kind": "tree", "score": 0.3376258909702301, "crown_m": 2.41}}, {"type": "Feature", "geometry": {"type": "Point", "coordinates": [-119.47800278663635, 49.85692497244954]}, "properties": {"source": "deepforest", "kind": "tree", "score": 0.3374134302139282, "crown_m": 1.54}}, {"type": "Feature", "geometry": {"type": "Point", "coordinates": [-119.48200933635235, 49.85225888964401]}, "properties": {"source": "deepforest", "kind": "tree", "score": 0.33722248673439026, "crown_m": 2.6}}, {"type": "Feature", "geometry": {"type": "Point", "coordinates": [-119.47545871138573, 49.85301765054332]}, "properties": {"source": "deepforest", "kind": "tree", "score": 0.3366429805755615, "crown_m": 4.14}}, {"type": "Feature", "geometry": {"type": "Point", "coordinates": [-119.4764806330204, 49.855981675820345]}, "properties": {"source": "deepforest", "kind": "tree", "score": 0.33634018898010254, "crown_m": 2.02}}, {"type": "Feature", "geometry": {"type": "Point", "coordinates": [-119.47622112929821, 49.852881463566796]}, "properties": {"source": "deepforest", "kind": "tree", "score": 0.33620089292526245, "crown_m": 2.21}}, {"type": "Feature", "geometry": {"type": "Point", "coordinates": [-119.47676494717598, 49.854434404675665]}, "properties": {"source": "deepforest", "kind": "tree", "score": 0.33619317412376404, "crown_m": 1.54}}, {"type": "Feature", "geometry": {"type": "Point", "coordinates": [-119.48045030236244, 49.85441754394607]}, "properties": {"source": "deepforest", "kind": "tree", "score": 0.33501848578453064, "crown_m": 2.5}}, {"type": "Feature", "geometry": {"type": "Point", "coordinates": [-119.47749584913254, 49.85574217411166]}, "properties": {"source": "deepforest", "kind": "tree", "score": 0.33487188816070557, "crown_m": 1.73}}, {"type": "Feature", "geometry": {"type": "Point", "coordinates": [-119.47643168270588, 49.856921081713]}, "properties": {"source": "deepforest", "kind": "tree", "score": 0.3346240520477295, "crown_m": 2.69}}, {"type": "Feature", "geometry": {"type": "Point", "coordinates": [-119.4755157083273, 49.85311622373454]}, "properties": {"source": "deepforest", "kind": "tree", "score": 0.3344486355781555, "crown_m": 1.64}}, {"type": "Feature", "geometry": {"type": "Point", "coordinates": [-119.475417137146, 49.853204420629936]}, "properties": {"source": "deepforest", "kind": "tree", "score": 0.3343961834907532, "crown_m": 2.41}}, {"type": "Feature", "geometry": {"type": "Point", "coordinates": [-119.47655439376831, 49.856903789546784]}, "properties": {"source": "deepforest", "kind": "tree", "score": 0.3342598080635071, "crown_m": 1.54}}, {"type": "Feature", "geometry": {"type": "Point", "coordinates": [-119.47859220206738, 49.857212886084525]}, "properties": {"source": "deepforest", "kind": "tree", "score": 0.3339972496032715, "crown_m": 2.02}}, {"type": "Feature", "geometry": {"type": "Point", "coordinates": [-119.47664022445679, 49.85317848038329]}, "properties": {"source": "deepforest", "kind": "tree", "score": 0.3339805006980896, "crown_m": 1.54}}, {"type": "Feature", "geometry": {"type": "Point", "coordinates": [-119.48136158287525, 49.853579687973664]}, "properties": {"source": "deepforest", "kind": "tree", "score": 0.33378860354423523, "crown_m": 2.02}}, {"type": "Feature", "geometry": {"type": "Point", "coordinates": [-119.47547279298306, 49.8531564311627]}, "properties": {"source": "deepforest", "kind": "tree", "score": 0.33360549807548523, "crown_m": 2.79}}, {"type": "Feature", "geometry": {"type": "Point", "coordinates": [-119.4754707813263, 49.85296576983561]}, "properties": {"source": "deepforest", "kind": "tree", "score": 0.33314448595046997, "crown_m": 2.5}}, {"type": "Feature", "geometry": {"type": "Point", "coordinates": [-119.47902336716652, 49.856800036419564]}, "properties": {"source": "deepforest", "kind": "tree", "score": 0.3330548107624054, "crown_m": 2.12}}, {"type": "Feature", "geometry": {"type": "Point", "coordinates": [-119.47568669915199, 49.8527552200585]}, "properties": {"source": "deepforest", "kind": "tree", "score": 0.33301541209220886, "crown_m": 3.08}}, {"type": "Feature", "geometry": {"type": "Point", "coordinates": [-119.48211260139942, 49.855677326874414]}, "properties": {"source": "deepforest", "kind": "tree", "score": 0.33296650648117065, "crown_m": 3.95}}, {"type": "Feature", "geometry": {"type": "Point", "coordinates": [-119.47588987648487, 49.85263113793274]}, "properties": {"source": "deepforest", "kind": "tree", "score": 0.33205753564834595, "crown_m": 2.98}}, {"type": "Feature", "geometry": {"type": "Point", "coordinates": [-119.47614401578903, 49.85505824753524]}, "properties": {"source": "deepforest", "kind": "tree", "score": 0.33186519145965576, "crown_m": 2.02}}, {"type": "Feature", "geometry": {"type": "Point", "coordinates": [-119.48108464479446, 49.85705293427688]}, "properties": {"source": "deepforest", "kind": "tree", "score": 0.3318556249141693, "crown_m": 2.79}}, {"type": "Feature", "geometry": {"type": "Point", "coordinates": [-119.47599045932293, 49.8527193357134]}, "properties": {"source": "deepforest", "kind": "tree", "score": 0.3317273259162903, "crown_m": 1.83}}, {"type": "Feature", "geometry": {"type": "Point", "coordinates": [-119.4757242500782, 49.85505522128994]}, "properties": {"source": "deepforest", "kind": "tree", "score": 0.3316623866558075, "crown_m": 1.93}}, {"type": "Feature", "geometry": {"type": "Point", "coordinates": [-119.4812972098589, 49.852332388371856]}, "properties": {"source": "deepforest", "kind": "tree", "score": 0.33135998249053955, "crown_m": 2.02}}, {"type": "Feature", "geometry": {"type": "Point", "coordinates": [-119.4761373102665, 49.853664425357664]}, "properties": {"source": "deepforest", "kind": "tree", "score": 0.33123838901519775, "crown_m": 2.89}}, {"type": "Feature", "geometry": {"type": "Point", "coordinates": [-119.47520859539509, 49.85441408533414]}, "properties": {"source": "deepforest", "kind": "tree", "score": 0.33120742440223694, "crown_m": 1.83}}, {"type": "Feature", "geometry": {"type": "Point", "coordinates": [-119.47573900222778, 49.852428368895225]}, "properties": {"source": "deepforest", "kind": "tree", "score": 0.3309832513332367, "crown_m": 1.54}}, {"type": "Feature", "geometry": {"type": "Point", "coordinates": [-119.47478614747524, 49.85498302366732]}, "properties": {"source": "deepforest", "kind": "tree", "score": 0.33071014285087585, "crown_m": 3.18}}, {"type": "Feature", "geometry": {"type": "Point", "coordinates": [-119.47731077671051, 49.85203104287735]}, "properties": {"source": "deepforest", "kind": "tree", "score": 0.33057498931884766, "crown_m": 2.41}}, {"type": "Feature", "geometry": {"type": "Point", "coordinates": [-119.48086872696877, 49.855679488450384]}, "properties": {"source": "deepforest", "kind": "tree", "score": 0.33036765456199646, "crown_m": 1.54}}, {"type": "Feature", "geometry": {"type": "Point", "coordinates": [-119.47937540709972, 49.854744813979735]}, "properties": {"source": "deepforest", "kind": "tree", "score": 0.3300955593585968, "crown_m": 2.98}}, {"type": "Feature", "geometry": {"type": "Point", "coordinates": [-119.4758053869009, 49.85622506713491]}, "properties": {"source": "deepforest", "kind": "tree", "score": 0.32913392782211304, "crown_m": 1.92}}, {"type": "Feature", "geometry": {"type": "Point", "coordinates": [-119.47575576603413, 49.85256671886377]}, "properties": {"source": "deepforest", "kind": "tree", "score": 0.3290904760360718, "crown_m": 1.64}}, {"type": "Feature", "geometry": {"type": "Point", "coordinates": [-119.47808392345905, 49.85692843088177]}, "properties": {"source": "deepforest", "kind": "tree", "score": 0.3284706771373749, "crown_m": 1.83}}, {"type": "Feature", "geometry": {"type": "Point", "coordinates": [-119.47650276124477, 49.851830000720604]}, "properties": {"source": "deepforest", "kind": "tree", "score": 0.32837557792663574, "crown_m": 2.6}}, {"type": "Feature", "geometry": {"type": "Point", "coordinates": [-119.47466142475605, 49.8572388241656]}, "properties": {"source": "deepforest", "kind": "tree", "score": 0.32806891202926636, "crown_m": 2.21}}, {"type": "Feature", "geometry": {"type": "Point", "coordinates": [-119.47759509086609, 49.85660722793315]}, "properties": {"source": "deepforest", "kind": "tree", "score": 0.32791364192962646, "crown_m": 2.5}}, {"type": "Feature", "geometry": {"type": "Point", "coordinates": [-119.47685413062572, 49.85338297561656]}, "properties": {"source": "deepforest", "kind": "tree", "score": 0.32782742381095886, "crown_m": 5.87}}, {"type": "Feature", "geometry": {"type": "Point", "coordinates": [-119.47972811758518, 49.8547858846993]}, "properties": {"source": "deepforest", "kind": "tree", "score": 0.32772865891456604, "crown_m": 10.11}}, {"type": "Feature", "geometry": {"type": "Point", "coordinates": [-119.47543926537037, 49.85441062672197]}, "properties": {"source": "deepforest", "kind": "tree", "score": 0.32764461636543274, "crown_m": 2.02}}, {"type": "Feature", "geometry": {"type": "Point", "coordinates": [-119.47594285011292, 49.856602472557164]}, "properties": {"source": "deepforest", "kind": "tree", "score": 0.3275052011013031, "crown_m": 1.64}}, {"type": "Feature", "geometry": {"type": "Point", "coordinates": [-119.47682462632656, 49.856218150169525]}, "properties": {"source": "deepforest", "kind": "tree", "score": 0.3274034857749939, "crown_m": 1.83}}, {"type": "Feature", "geometry": {"type": "Point", "coordinates": [-119.48268592357635, 49.854676506810954]}, "properties": {"source": "deepforest", "kind": "tree", "score": 0.32661759853363037, "crown_m": 1.93}}, {"type": "Feature", "geometry": {"type": "Point", "coordinates": [-119.47541646659374, 49.852912592052405]}, "properties": {"source": "deepforest", "kind": "tree", "score": 0.32653284072875977, "crown_m": 2.31}}, {"type": "Feature", "geometry": {"type": "Point", "coordinates": [-119.48002114892006, 49.854165064624915]}, "properties": {"source": "deepforest", "kind": "tree", "score": 0.32648834586143494, "crown_m": 2.5}}, {"type": "Feature", "geometry": {"type": "Point", "coordinates": [-119.475824162364, 49.85688130972145]}, "properties": {"source": "deepforest", "kind": "tree", "score": 0.3263266980648041, "crown_m": 4.72}}, {"type": "Feature", "geometry": {"type": "Point", "coordinates": [-119.47713442146778, 49.853325474930166]}, "properties": {"source": "deepforest", "kind": "tree", "score": 0.3261774182319641, "crown_m": 1.64}}, {"type": "Feature", "geometry": {"type": "Point", "coordinates": [-119.48235265910625, 49.853407618746914]}, "properties": {"source": "deepforest", "kind": "tree", "score": 0.326001912355423, "crown_m": 2.21}}, {"type": "Feature", "geometry": {"type": "Point", "coordinates": [-119.4780021160841, 49.855267922640955]}, "properties": {"source": "deepforest", "kind": "tree", "score": 0.3259625732898712, "crown_m": 3.85}}, {"type": "Feature", "geometry": {"type": "Point", "coordinates": [-119.47972074151039, 49.855263599452094]}, "properties": {"source": "deepforest", "kind": "tree", "score": 0.32590237259864807, "crown_m": 7.32}}, {"type": "Feature", "geometry": {"type": "Point", "coordinates": [-119.48087207973003, 49.85572531383834]}, "properties": {"source": "deepforest", "kind": "tree", "score": 0.32556167244911194, "crown_m": 2.12}}, {"type": "Feature", "geometry": {"type": "Point", "coordinates": [-119.47941429913044, 49.855053059686036]}, "properties": {"source": "deepforest", "kind": "tree", "score": 0.32534584403038025, "crown_m": 2.21}}, {"type": "Feature", "geometry": {"type": "Point", "coordinates": [-119.48037922382355, 49.85464927038128]}, "properties": {"source": "deepforest", "kind": "tree", "score": 0.32514631748199463, "crown_m": 2.6}}, {"type": "Feature", "geometry": {"type": "Point", "coordinates": [-119.47668313980103, 49.85689038811372]}, "properties": {"source": "deepforest", "kind": "tree", "score": 0.32509663701057434, "crown_m": 1.64}}, {"type": "Feature", "geometry": {"type": "Point", "coordinates": [-119.47808392345905, 49.855807885889966]}, "properties": {"source": "deepforest", "kind": "tree", "score": 0.3247896432876587, "crown_m": 2.02}}, {"type": "Feature", "geometry": {"type": "Point", "coordinates": [-119.48220446705818, 49.855679056135195]}, "properties": {"source": "deepforest", "kind": "tree", "score": 0.3246312737464905, "crown_m": 3.66}}, {"type": "Feature", "geometry": {"type": "Point", "coordinates": [-119.48176458477974, 49.85156799613863]}, "properties": {"source": "deepforest", "kind": "tree", "score": 0.324579119682312, "crown_m": 1.93}}, {"type": "Feature", "geometry": {"type": "Point", "coordinates": [-119.47688430547714, 49.855136065206416]}, "properties": {"source": "deepforest", "kind": "tree", "score": 0.32448849081993103, "crown_m": 4.43}}, {"type": "Feature", "geometry": {"type": "Point", "coordinates": [-119.48042146861553, 49.853836493670045]}, "properties": {"source": "deepforest", "kind": "tree", "score": 0.32406046986579895, "crown_m": 2.6}}, {"type": "Feature", "geometry": {"type": "Point", "coordinates": [-119.47689302265644, 49.85564490322315]}, "properties": {"source": "deepforest", "kind": "tree", "score": 0.3238915205001831, "crown_m": 2.12}}, {"type": "Feature", "geometry": {"type": "Point", "coordinates": [-119.47841718792915, 49.853941117821776]}, "properties": {"source": "deepforest", "kind": "tree", "score": 0.32346421480178833, "crown_m": 2.02}}, {"type": "Feature", "geometry": {"type": "Point", "coordinates": [-119.4820100069046, 49.85600026525351]}, "properties": {"source": "deepforest", "kind": "tree", "score": 0.32337939739227295, "crown_m": 6.74}}, {"type": "Feature", "geometry": {"type": "Point", "coordinates": [-119.47917357087135, 49.85261254720353]}, "properties": {"source": "deepforest", "kind": "tree", "score": 0.32337936758995056, "crown_m": 1.54}}, {"type": "Feature", "geometry": {"type": "Point", "coordinates": [-119.47514154016972, 49.8533021287673]}, "properties": {"source": "deepforest", "kind": "tree", "score": 0.3233426511287689, "crown_m": 2.79}}, {"type": "Feature", "geometry": {"type": "Point", "coordinates": [-119.48187053203583, 49.85410713253982]}, "properties": {"source": "deepforest", "kind": "tree", "score": 0.3230507969856262, "crown_m": 2.41}}, {"type": "Feature", "geometry": {"type": "Point", "coordinates": [-119.48000974953175, 49.8557940518388]}, "properties": {"source": "deepforest", "kind": "tree", "score": 0.3229958117008209, "crown_m": 4.14}}, {"type": "Feature", "geometry": {"type": "Point", "coordinates": [-119.47518311440945, 49.85324938369113]}, "properties": {"source": "deepforest", "kind": "tree", "score": 0.32293251156806946, "crown_m": 2.02}}, {"type": "Feature", "geometry": {"type": "Point", "coordinates": [-119.4758851826191, 49.85487018764589]}, "properties": {"source": "deepforest", "kind": "tree", "score": 0.322918176651001, "crown_m": 1.93}}, {"type": "Feature", "geometry": {"type": "Point", "coordinates": [-119.47743482887745, 49.8564883433933]}, "properties": {"source": "deepforest", "kind": "tree", "score": 0.32291296124458313, "crown_m": 2.02}}, {"type": "Feature", "geometry": {"type": "Point", "coordinates": [-119.4792902469635, 49.853091148117244]}, "properties": {"source": "deepforest", "kind": "tree", "score": 0.3222317099571228, "crown_m": 2.79}}, {"type": "Feature", "geometry": {"type": "Point", "coordinates": [-119.47519920766354, 49.85396186969272]}, "properties": {"source": "deepforest", "kind": "tree", "score": 0.3220694661140442, "crown_m": 4.14}}, {"type": "Feature", "geometry": {"type": "Point", "coordinates": [-119.48134548962116, 49.85232503850411]}, "properties": {"source": "deepforest", "kind": "tree", "score": 0.3219812214374542, "crown_m": 2.21}}, {"type": "Feature", "geometry": {"type": "Point", "coordinates": [-119.48216557502747, 49.85318972115855]}, "properties": {"source": "deepforest", "kind": "tree", "score": 0.32188040018081665, "crown_m": 2.5}}, {"type": "Feature", "geometry": {"type": "Point", "coordinates": [-119.48089487850666, 49.85588094690699]}, "properties": {"source": "deepforest", "kind": "tree", "score": 0.3216743469238281, "crown_m": 2.5}}, {"type": "Feature", "geometry": {"type": "Point", "coordinates": [-119.4827288389206, 49.85440760043611]}, "properties": {"source": "deepforest", "kind": "tree", "score": 0.32162830233573914, "crown_m": 2.31}}, {"type": "Feature", "geometry": {"type": "Point", "coordinates": [-119.48174312710762, 49.85715711916306]}, "properties": {"source": "deepforest", "kind": "tree", "score": 0.3215753734111786, "crown_m": 1.92}}, {"type": "Feature", "geometry": {"type": "Point", "coordinates": [-119.48202610015869, 49.85430427427677]}, "properties": {"source": "deepforest", "kind": "tree", "score": 0.32149985432624817, "crown_m": 1.83}}, {"type": "Feature", "geometry": {"type": "Point", "coordinates": [-119.47651751339436, 49.85645808182736]}, "properties": {"source": "deepforest", "kind": "tree", "score": 0.32134056091308594, "crown_m": 2.79}}, {"type": "Feature", "geometry": {"type": "Point", "coordinates": [-119.47665899991989, 49.85315167544714]}, "properties": {"source": "deepforest", "kind": "tree", "score": 0.3212604522705078, "crown_m": 5.78}}, {"type": "Feature", "geometry": {"type": "Point", "coordinates": [-119.48231108486652, 49.856887361983155]}, "properties": {"source": "deepforest", "kind": "tree", "score": 0.3210839033126831, "crown_m": 2.89}}, {"type": "Feature", "geometry": {"type": "Point", "coordinates": [-119.4765604287386, 49.85570153651983]}, "properties": {"source": "deepforest", "kind": "tree", "score": 0.32106268405914307, "crown_m": 2.21}}, {"type": "Feature", "geometry": {"type": "Point", "coordinates": [-119.48023907840252, 49.85713636866423]}, "properties": {"source": "deepforest", "kind": "tree", "score": 0.32093459367752075, "crown_m": 2.6}}, {"type": "Feature", "geometry": {"type": "Point", "coordinates": [-119.48025517165661, 49.85646543106655]}, "properties": {"source": "deepforest", "kind": "tree", "score": 0.3208944499492645, "crown_m": 1.92}}, {"type": "Feature", "geometry": {"type": "Point", "coordinates": [-119.47910450398922, 49.85361816568176]}, "properties": {"source": "deepforest", "kind": "tree", "score": 0.320743590593338, "crown_m": 2.02}}, {"type": "Feature", "geometry": {"type": "Point", "coordinates": [-119.47868406772614, 49.856968635138166]}, "properties": {"source": "deepforest", "kind": "tree", "score": 0.3206689953804016, "crown_m": 1.73}}, {"type": "Feature", "geometry": {"type": "Point", "coordinates": [-119.47892412543297, 49.853539913231984]}, "properties": {"source": "deepforest", "kind": "tree", "score": 0.3206082880496979, "crown_m": 1.83}}, {"type": "Feature", "geometry": {"type": "Point", "coordinates": [-119.47597771883011, 49.85296187878029]}, "properties": {"source": "deepforest", "kind": "tree", "score": 0.3204939067363739, "crown_m": 2.89}}, {"type": "Feature", "geometry": {"type": "Point", "coordinates": [-119.47559081017971, 49.85304618490882]}, "properties": {"source": "deepforest", "kind": "tree", "score": 0.3204682469367981, "crown_m": 3.95}}, {"type": "Feature", "geometry": {"type": "Point", "coordinates": [-119.48112957179546, 49.85271155356277]}, "properties": {"source": "deepforest", "kind": "tree", "score": 0.3203771412372589, "crown_m": 2.41}}, {"type": "Feature", "geometry": {"type": "Point", "coordinates": [-119.47896972298622, 49.856158923612995]}, "properties": {"source": "deepforest", "kind": "tree", "score": 0.3200022280216217, "crown_m": 2.79}}, {"type": "Feature", "geometry": {"type": "Point", "coordinates": [-119.48145009577274, 49.85152216680836]}, "properties": {"source": "deepforest", "kind": "tree", "score": 0.31973958015441895, "crown_m": 2.5}}, {"type": "Feature", "geometry": {"type": "Point", "coordinates": [-119.4788946211338, 49.85326019211307]}, "properties": {"source": "deepforest", "kind": "tree", "score": 0.31936225295066833, "crown_m": 2.12}}, {"type": "Feature", "geometry": {"type": "Point", "coordinates": [-119.47653494775295, 49.85622204096267]}, "properties": {"source": "deepforest", "kind": "tree", "score": 0.3193157911300659, "crown_m": 2.98}}, {"type": "Feature", "geometry": {"type": "Point", "coordinates": [-119.48280528187752, 49.85505738289374]}, "properties": {"source": "deepforest", "kind": "tree", "score": 0.3190430700778961, "crown_m": 2.7}}, {"type": "Feature", "geometry": {"type": "Point", "coordinates": [-119.4762647151947, 49.85401720797167]}, "properties": {"source": "deepforest", "kind": "tree", "score": 0.3188210427761078, "crown_m": 2.12}}, {"type": "Feature", "geometry": {"type": "Point", "coordinates": [-119.47785794734955, 49.85692497244954]}, "properties": {"source": "deepforest", "kind": "tree", "score": 0.3187299966812134, "crown_m": 1.54}}, {"type": "Feature", "geometry": {"type": "Point", "coordinates": [-119.4786585867405, 49.85557486806219]}, "properties": {"source": "deepforest", "kind": "tree", "score": 0.3186802268028259, "crown_m": 5.01}}, {"type": "Feature", "geometry": {"type": "Point", "coordinates": [-119.4768501073122, 49.85465705221989]}, "properties": {"source": "deepforest", "kind": "tree", "score": 0.3186459243297577, "crown_m": 1.83}}, {"type": "Feature", "geometry": {"type": "Point", "coordinates": [-119.47692520916462, 49.856399287873664]}, "properties": {"source": "deepforest", "kind": "tree", "score": 0.31863537430763245, "crown_m": 2.02}}, {"type": "Feature", "geometry": {"type": "Point", "coordinates": [-119.47555258870125, 49.85281618014991]}, "properties": {"source": "deepforest", "kind": "tree", "score": 0.31861045956611633, "crown_m": 2.41}}, {"type": "Feature", "geometry": {"type": "Point", "coordinates": [-119.47478346526623, 49.854392901330684]}, "properties": {"source": "deepforest", "kind": "tree", "score": 0.3186083734035492, "crown_m": 3.47}}, {"type": "Feature", "geometry": {"type": "Point", "coordinates": [-119.47868406772614, 49.85575600817767]}, "properties": {"source": "deepforest", "kind": "tree", "score": 0.31858524680137634, "crown_m": 11.36}}, {"type": "Feature", "geometry": {"type": "Point", "coordinates": [-119.48233991861343, 49.854152094761155]}, "properties": {"source": "deepforest", "kind": "tree", "score": 0.31851139664649963, "crown_m": 5.87}}, {"type": "Feature", "geometry": {"type": "Point", "coordinates": [-119.48187053203583, 49.854389875043715]}, "properties": {"source": "deepforest", "kind": "tree", "score": 0.3183556795120239, "crown_m": 2.02}}, {"type": "Feature", "geometry": {"type": "Point", "coordinates": [-119.48060519993305, 49.85459652677542]}, "properties": {"source": "deepforest", "kind": "tree", "score": 0.3183123767375946, "crown_m": 1.83}}, {"type": "Feature", "geometry": {"type": "Point", "coordinates": [-119.47816506028175, 49.85620863934052]}, "properties": {"source": "deepforest", "kind": "tree", "score": 0.31799978017807007, "crown_m": 2.5}}, {"type": "Feature", "geometry": {"type": "Point", "coordinates": [-119.48074869811535, 49.856079378342564]}, "properties": {"source": "deepforest", "kind": "tree", "score": 0.3174736499786377, "crown_m": 3.18}}, {"type": "Feature", "geometry": {"type": "Point", "coordinates": [-119.48202341794968, 49.854214350075466]}, "properties": {"source": "deepforest", "kind": "tree", "score": 0.31744176149368286, "crown_m": 2.5}}, {"type": "Feature", "geometry": {"type": "Point", "coordinates": [-119.47581008076668, 49.852567151206806]}, "properties": {"source": "deepforest", "kind": "tree", "score": 0.3173266351222992, "crown_m": 1.54}}, {"type": "Feature", "geometry": {"type": "Point", "coordinates": [-119.47788543999195, 49.856866611368474]}, "properties": {"source": "deepforest", "kind": "tree", "score": 0.3172639310359955, "crown_m": 7.99}}, {"type": "Feature", "geometry": {"type": "Point", "coordinates": [-119.48164790868759, 49.85526187017644]}, "properties": {"source": "deepforest", "kind": "tree", "score": 0.317226767539978, "crown_m": 4.04}}, {"type": "Feature", "geometry": {"type": "Point", "coordinates": [-119.48109939694405, 49.85274397918218]}, "properties": {"source": "deepforest", "kind": "tree", "score": 0.3171028196811676, "crown_m": 1.93}}, {"type": "Feature", "geometry": {"type": "Point", "coordinates": [-119.48280528187752, 49.852258457298234]}, "properties": {"source": "deepforest", "kind": "tree", "score": 0.3171025216579437, "crown_m": 2.31}}, {"type": "Feature", "geometry": {"type": "Point", "coordinates": [-119.47656109929085, 49.85508591605491]}, "properties": {"source": "deepforest", "kind": "tree", "score": 0.3170737624168396, "crown_m": 2.41}}, {"type": "Feature", "geometry": {"type": "Point", "coordinates": [-119.47537288069725, 49.852958420064176]}, "properties": {"source": "deepforest", "kind": "tree", "score": 0.31705909967422485, "crown_m": 1.54}}, {"type": "Feature", "geometry": {"type": "Point", "coordinates": [-119.47798199951649, 49.85349495044108]}, "properties": {"source": "deepforest", "kind": "tree", "score": 0.31653961539268494, "crown_m": 2.6}}, {"type": "Feature", "geometry": {"type": "Point", "coordinates": [-119.47651751339436, 49.85533363506417]}, "properties": {"source": "deepforest", "kind": "tree", "score": 0.31629690527915955, "crown_m": 2.7}}, {"type": "Feature", "geometry": {"type": "Point", "coordinates": [-119.47634048759937, 49.851532110912025]}, "properties": {"source": "deepforest", "kind": "tree", "score": 0.3162783682346344, "crown_m": 1.64}}, {"type": "Feature", "geometry": {"type": "Point", "coordinates": [-119.47598040103912, 49.854929848103836]}, "properties": {"source": "deepforest", "kind": "tree", "score": 0.316274493932724, "crown_m": 1.54}}, {"type": "Feature", "geometry": {"type": "Point", "coordinates": [-119.47992391884327, 49.85207989815688]}, "properties": {"source": "deepforest", "kind": "tree", "score": 0.31536856293678284, "crown_m": 1.64}}, {"type": "Feature", "geometry": {"type": "Point", "coordinates": [-119.48219239711761, 49.85495189651532]}, "properties": {"source": "deepforest", "kind": "tree", "score": 0.31536656618118286, "crown_m": 8.57}}, {"type": "Feature", "geometry": {"type": "Point", "coordinates": [-119.47933115065098, 49.85224375753912]}, "properties": {"source": "deepforest", "kind": "tree", "score": 0.3150958716869354, "crown_m": 2.6}}, {"type": "Feature", "geometry": {"type": "Point", "coordinates": [-119.48135755956173, 49.85550656206669]}, "properties": {"source": "deepforest", "kind": "tree", "score": 0.3150832951068878, "crown_m": 2.12}}, {"type": "Feature", "geometry": {"type": "Point", "coordinates": [-119.4762110710144, 49.855474138300856]}, "properties": {"source": "deepforest", "kind": "tree", "score": 0.31487247347831726, "crown_m": 4.04}}, {"type": "Feature", "geometry": {"type": "Point", "coordinates": [-119.48129653930664, 49.85225888964401]}, "properties": {"source": "deepforest", "kind": "tree", "score": 0.31476250290870667, "crown_m": 1.93}}, {"type": "Feature", "geometry": {"type": "Point", "coordinates": [-119.47534136474133, 49.85599032206922]}, "properties": {"source": "deepforest", "kind": "tree", "score": 0.31468915939331055, "crown_m": 2.6}}, {"type": "Feature", "geometry": {"type": "Point", "coordinates": [-119.48081575334072, 49.85214388552794]}, "properties": {"source": "deepforest", "kind": "tree", "score": 0.31446728110313416, "crown_m": 3.27}}, {"type": "Feature", "geometry": {"type": "Point", "coordinates": [-119.4761212170124, 49.85518534966668]}, "properties": {"source": "deepforest", "kind": "tree", "score": 0.3143242597579956, "crown_m": 1.64}}, {"type": "Feature", "geometry": {"type": "Point", "coordinates": [-119.48255717754364, 49.85573309550368]}, "properties": {"source": "deepforest", "kind": "tree", "score": 0.3143235743045807, "crown_m": 2.7}}, {"type": "Feature", "geometry": {"type": "Point", "coordinates": [-119.48228426277637, 49.85432372900985]}, "properties": {"source": "deepforest", "kind": "tree", "score": 0.31422364711761475, "crown_m": 2.02}}, {"type": "Feature", "geometry": {"type": "Point", "coordinates": [-119.47747841477394, 49.856453758744976]}, "properties": {"source": "deepforest", "kind": "tree", "score": 0.31413915753364563, "crown_m": 3.18}}, {"type": "Feature", "geometry": {"type": "Point", "coordinates": [-119.47618424892426, 49.85573050161538]}, "properties": {"source": "deepforest", "kind": "tree", "score": 0.3141360282897949, "crown_m": 2.31}}, {"type": "Feature", "geometry": {"type": "Point", "coordinates": [-119.47864316403866, 49.85500463973331]}, "properties": {"source": "deepforest", "kind": "tree", "score": 0.3141043186187744, "crown_m": 1.44}}, {"type": "Feature", "geometry": {"type": "Point", "coordinates": [-119.47587847709656, 49.854912555225056]}, "properties": {"source": "deepforest", "kind": "tree", "score": 0.3140140771865845, "crown_m": 2.31}}, {"type": "Feature", "geometry": {"type": "Point", "coordinates": [-119.47929561138153, 49.85223856938777]}, "properties": {"source": "deepforest", "kind": "tree", "score": 0.31398671865463257, "crown_m": 1.83}}, {"type": "Feature", "geometry": {"type": "Point", "coordinates": [-119.47655975818634, 49.85302327094998]}, "properties": {"source": "deepforest", "kind": "tree", "score": 0.31392407417297363, "crown_m": 2.31}}, {"type": "Feature", "geometry": {"type": "Point", "coordinates": [-119.4780832529068, 49.85575298197607]}, "properties": {"source": "deepforest", "kind": "tree", "score": 0.3139060437679291, "crown_m": 1.93}}, {"type": "Feature", "geometry": {"type": "Point", "coordinates": [-119.48176994919777, 49.85714069168555]}, "properties": {"source": "deepforest", "kind": "tree", "score": 0.313818097114563, "crown_m": 2.5}}, {"type": "Feature", "geometry": {"type": "Point", "coordinates": [-119.47910852730274, 49.85644900335389]}, "properties": {"source": "deepforest", "kind": "tree", "score": 0.31376513838768005, "crown_m": 2.12}}, {"type": "Feature", "geometry": {"type": "Point", "coordinates": [-119.47613127529621, 49.85364021469168]}, "properties": {"source": "deepforest", "kind": "tree", "score": 0.31366002559661865, "crown_m": 2.02}}, {"type": "Feature", "geometry": {"type": "Point", "coordinates": [-119.475012794137, 49.85583166315615]}, "properties": {"source": "deepforest", "kind": "tree", "score": 0.31352177262306213, "crown_m": 3.08}}, {"type": "Feature", "geometry": {"type": "Point", "coordinates": [-119.47971537709236, 49.85305829039214]}, "properties": {"source": "deepforest", "kind": "tree", "score": 0.31346526741981506, "crown_m": 1.83}}, {"type": "Feature", "geometry": {"type": "Point", "coordinates": [-119.4750751554966, 49.85545641329967]}, "properties": {"source": "deepforest", "kind": "tree", "score": 0.3128681182861328, "crown_m": 3.27}}, {"type": "Feature", "geometry": {"type": "Point", "coordinates": [-119.47974018752575, 49.855175406314714]}, "properties": {"source": "deepforest", "kind": "tree", "score": 0.31286513805389404, "crown_m": 2.89}}, {"type": "Feature", "geometry": {"type": "Point", "coordinates": [-119.48085330426693, 49.85225326914847]}, "properties": {"source": "deepforest", "kind": "tree", "score": 0.31278562545776367, "crown_m": 3.18}}, {"type": "Feature", "geometry": {"type": "Point", "coordinates": [-119.4757604598999, 49.85503144364171]}, "properties": {"source": "deepforest", "kind": "tree", "score": 0.3126422166824341, "crown_m": 3.18}}, {"type": "Feature", "geometry": {"type": "Point", "coordinates": [-119.4777499884367, 49.854393333657384]}, "properties": {"source": "deepforest", "kind": "tree", "score": 0.31215962767601013, "crown_m": 2.41}}, {"type": "Feature", "geometry": {"type": "Point", "coordinates": [-119.47842858731747, 49.85645764951914]}, "properties": {"source": "deepforest", "kind": "tree", "score": 0.311996728181839, "crown_m": 1.92}}, {"type": "Feature", "geometry": {"type": "Point", "coordinates": [-119.47607763111591, 49.85512352792342]}, "properties": {"source": "deepforest", "kind": "tree", "score": 0.31185516715049744, "crown_m": 2.5}}, {"type": "Feature", "geometry": {"type": "Point", "coordinates": [-119.48047041893005, 49.85156886084255]}, "properties": {"source": "deepforest", "kind": "tree", "score": 0.3115769922733307, "crown_m": 2.31}}, {"type": "Feature", "geometry": {"type": "Point", "coordinates": [-119.47773456573486, 49.85416333530995]}, "properties": {"source": "deepforest", "kind": "tree", "score": 0.31135860085487366, "crown_m": 4.04}}, {"type": "Feature", "geometry": {"type": "Point", "coordinates": [-119.4781543314457, 49.85479582813142]}, "properties": {"source": "deepforest", "kind": "tree", "score": 0.3113122582435608, "crown_m": 3.08}}, {"type": "Feature", "geometry": {"type": "Point", "coordinates": [-119.47707675397396, 49.852632434960086]}, "properties": {"source": "deepforest", "kind": "tree", "score": 0.31122782826423645, "crown_m": 2.31}}, {"type": "Feature", "geometry": {"type": "Point", "coordinates": [-119.4764544814825, 49.851602151931964]}, "properties": {"source": "deepforest", "kind": "tree", "score": 0.31121328473091125, "crown_m": 1.44}}, {"type": "Feature", "geometry": {"type": "Point", "coordinates": [-119.48042750358582, 49.85217933795379]}, "properties": {"source": "deepforest", "kind": "tree", "score": 0.3111056387424469, "crown_m": 8.09}}, {"type": "Feature", "geometry": {"type": "Point", "coordinates": [-119.48159091174603, 49.85338384028801]}, "properties": {"source": "deepforest", "kind": "tree", "score": 0.3105553090572357, "crown_m": 2.31}}, {"type": "Feature", "geometry": {"type": "Point", "coordinates": [-119.48239088058472, 49.85250013799085]}, "properties": {"source": "deepforest", "kind": "tree", "score": 0.3104092478752136, "crown_m": 3.66}}, {"type": "Feature", "geometry": {"type": "Point", "coordinates": [-119.47798870503902, 49.85437387895233]}, "properties": {"source": "deepforest", "kind": "tree", "score": 0.3103422224521637, "crown_m": 5.39}}, {"type": "Feature", "geometry": {"type": "Point", "coordinates": [-119.47585701942444, 49.8550374961351]}, "properties": {"source": "deepforest", "kind": "tree", "score": 0.3101377487182617, "crown_m": 1.93}}, {"type": "Feature", "geometry": {"type": "Point", "coordinates": [-119.4774254411459, 49.851906094194426]}, "properties": {"source": "deepforest", "kind": "tree", "score": 0.31008341908454895, "crown_m": 1.93}}, {"type": "Feature", "geometry": {"type": "Point", "coordinates": [-119.48175117373466, 49.85175779827956]}, "properties": {"source": "deepforest", "kind": "tree", "score": 0.3100421726703644, "crown_m": 3.18}}, {"type": "Feature", "geometry": {"type": "Point", "coordinates": [-119.4813884049654, 49.85537556991912]}, "properties": {"source": "deepforest", "kind": "tree", "score": 0.30985918641090393, "crown_m": 2.41}}, {"type": "Feature", "geometry": {"type": "Point", "coordinates": [-119.47600319981575, 49.85505695057299]}, "properties": {"source": "deepforest", "kind": "tree", "score": 0.3095073997974396, "crown_m": 1.73}}, {"type": "Feature", "geometry": {"type": "Point", "coordinates": [-119.48093712329865, 49.855378596144355]}, "properties": {"source": "deepforest", "kind": "tree", "score": 0.30938154458999634, "crown_m": 1.54}}, {"type": "Feature", "geometry": {"type": "Point", "coordinates": [-119.47810605168343, 49.85692064940892]}, "properties": {"source": "deepforest", "kind": "tree", "score": 0.30937597155570984, "crown_m": 2.02}}, {"type": "Feature", "geometry": {"type": "Point", "coordinates": [-119.47782441973686, 49.85529299712878]}, "properties": {"source": "deepforest", "kind": "tree", "score": 0.30890384316444397, "crown_m": 2.5}}, {"type": "Feature", "geometry": {"type": "Point", "coordinates": [-119.48066152632236, 49.854012884670915]}, "properties": {"source": "deepforest", "kind": "tree", "score": 0.30875658988952637, "crown_m": 3.75}}, {"type": "Feature", "geometry": {"type": "Point", "coordinates": [-119.47971940040588, 49.85583901249061]}, "properties": {"source": "deepforest", "kind": "tree", "score": 0.3087487816810608, "crown_m": 2.41}}, {"type": "Feature", "geometry": {"type": "Point", "coordinates": [-119.48145277798176, 49.85474049074407]}, "properties": {"source": "deepforest", "kind": "tree", "score": 0.30872029066085815, "crown_m": 2.12}}, {"type": "Feature", "geometry": {"type": "Point", "coordinates": [-119.47991251945496, 49.85639280324204]}, "properties": {"source": "deepforest", "kind": "tree", "score": 0.30864378809928894, "crown_m": 2.12}}, {"type": "Feature", "geometry": {"type": "Point", "coordinates": [-119.4758503139019, 49.85488877750662]}, "properties": {"source": "deepforest", "kind": "tree", "score": 0.3085837662220001, "crown_m": 2.02}}, {"type": "Feature", "geometry": {"type": "Point", "coordinates": [-119.47507917881012, 49.856380698594]}, "properties": {"source": "deepforest", "kind": "tree", "score": 0.3084713816642761, "crown_m": 2.89}}, {"type": "Feature", "geometry": {"type": "Point", "coordinates": [-119.47908505797386, 49.85442489349558]}, "properties": {"source": "deepforest", "kind": "tree", "score": 0.30823639035224915, "crown_m": 3.66}}, {"type": "Feature", "geometry": {"type": "Point", "coordinates": [-119.48180213570595, 49.85375910623853]}, "properties": {"source": "deepforest", "kind": "tree", "score": 0.30816856026649475, "crown_m": 3.27}}, {"type": "Feature", "geometry": {"type": "Point", "coordinates": [-119.47568535804749, 49.85251224361093]}, "properties": {"source": "deepforest", "kind": "tree", "score": 0.30811333656311035, "crown_m": 1.73}}, {"type": "Feature", "geometry": {"type": "Point", "coordinates": [-119.47643637657166, 49.85466267243589]}, "properties": {"source": "deepforest", "kind": "tree", "score": 0.30784380435943604, "crown_m": 8.47}}, {"type": "Feature", "geometry": {"type": "Point", "coordinates": [-119.47863779962063, 49.854854624036044]}, "properties": {"source": "deepforest", "kind": "tree", "score": 0.307781845331192, "crown_m": 6.64}}, {"type": "Feature", "geometry": {"type": "Point", "coordinates": [-119.47675354778767, 49.854178899142426]}, "properties": {"source": "deepforest", "kind": "tree", "score": 0.30760154128074646, "crown_m": 2.02}}, {"type": "Feature", "geometry": {"type": "Point", "coordinates": [-119.48283478617668, 49.856054304262784]}, "properties": {"source": "deepforest", "kind": "tree", "score": 0.30718162655830383, "crown_m": 2.6}}, {"type": "Feature", "geometry": {"type": "Point", "coordinates": [-119.47681590914726, 49.8571588483709]}, "properties": {"source": "deepforest", "kind": "tree", "score": 0.30705878138542175, "crown_m": 6.93}}, {"type": "Feature", "geometry": {"type": "Point", "coordinates": [-119.4790280610323, 49.85451438497952]}, "properties": {"source": "deepforest", "kind": "tree", "score": 0.307004451751709, "crown_m": 1.44}}, {"type": "Feature", "geometry": {"type": "Point", "coordinates": [-119.48107793927193, 49.85212097114128]}, "properties": {"source": "deepforest", "kind": "tree", "score": 0.30695435404777527, "crown_m": 9.05}}, {"type": "Feature", "geometry": {"type": "Point", "coordinates": [-119.48221988976002, 49.85522642001184]}, "properties": {"source": "deepforest", "kind": "tree", "score": 0.3069380521774292, "crown_m": 5.97}}, {"type": "Feature", "geometry": {"type": "Point", "coordinates": [-119.47811476886272, 49.85308855408713]}, "properties": {"source": "deepforest", "kind": "tree", "score": 0.3066878020763397, "crown_m": 1.64}}, {"type": "Feature", "geometry": {"type": "Point", "coordinates": [-119.47651281952858, 49.85509110390057]}, "properties": {"source": "deepforest", "kind": "tree", "score": 0.3065319061279297, "crown_m": 2.41}}, {"type": "Feature", "geometry": {"type": "Point", "coordinates": [-119.47753138840199, 49.85499253473754]}, "properties": {"source": "deepforest", "kind": "tree", "score": 0.30639758706092834, "crown_m": 2.21}}, {"type": "Feature", "geometry": {"type": "Point", "coordinates": [-119.47596430778503, 49.8566163063769]}, "properties": {"source": "deepforest", "kind": "tree", "score": 0.3062494397163391, "crown_m": 1.92}}, {"type": "Feature", "geometry": {"type": "Point", "coordinates": [-119.47679445147514, 49.8554689504963]}, "properties": {"source": "deepforest", "kind": "tree", "score": 0.30577710270881653, "crown_m": 1.93}}, {"type": "Feature", "geometry": {"type": "Point", "coordinates": [-119.47709016501904, 49.85197267588575]}, "properties": {"source": "deepforest", "kind": "tree", "score": 0.3057518005371094, "crown_m": 1.93}}, {"type": "Feature", "geometry": {"type": "Point", "coordinates": [-119.47842925786972, 49.855002045805904]}, "properties": {"source": "deepforest", "kind": "tree", "score": 0.30563515424728394, "crown_m": 2.02}}, {"type": "Feature", "geometry": {"type": "Point", "coordinates": [-119.48188997805119, 49.85622766099666]}, "properties": {"source": "deepforest", "kind": "tree", "score": 0.30557963252067566, "crown_m": 2.98}}, {"type": "Feature", "geometry": {"type": "Point", "coordinates": [-119.48238618671894, 49.854155553391834]}, "properties": {"source": "deepforest", "kind": "tree", "score": 0.30554458498954773, "crown_m": 2.21}}, {"type": "Feature", "geometry": {"type": "Point", "coordinates": [-119.4769211858511, 49.85505651825223]}, "properties": {"source": "deepforest", "kind": "tree", "score": 0.30510133504867554, "crown_m": 2.21}}, {"type": "Feature", "geometry": {"type": "Point", "coordinates": [-119.47613798081875, 49.85194759967511]}, "properties": {"source": "deepforest", "kind": "tree", "score": 0.30501461029052734, "crown_m": 2.02}}, {"type": "Feature", "geometry": {"type": "Point", "coordinates": [-119.4828113168478, 49.85619437309351]}, "properties": {"source": "deepforest", "kind": "tree", "score": 0.3046906292438507, "crown_m": 6.45}}, {"type": "Feature", "geometry": {"type": "Point", "coordinates": [-119.47664223611355, 49.852654052077504]}, "properties": {"source": "deepforest", "kind": "tree", "score": 0.3042570650577545, "crown_m": 2.12}}, {"type": "Feature", "geometry": {"type": "Point", "coordinates": [-119.48217228055, 49.85565138795514]}, "properties": {"source": "deepforest", "kind": "tree", "score": 0.30405738949775696, "crown_m": 2.02}}, {"type": "Feature", "geometry": {"type": "Point", "coordinates": [-119.47992995381355, 49.85408508374293]}, "properties": {"source": "deepforest", "kind": "tree", "score": 0.3039732575416565, "crown_m": 1.73}}, {"type": "Feature", "geometry": {"type": "Point", "coordinates": [-119.47589054703712, 49.856910274109836]}, "properties": {"source": "deepforest", "kind": "tree", "score": 0.3036803901195526, "crown_m": 1.64}}, {"type": "Feature", "geometry": {"type": "Point", "coordinates": [-119.4823157787323, 49.85444823911607]}, "properties": {"source": "deepforest", "kind": "tree", "score": 0.30353084206581116, "crown_m": 2.7}}, {"type": "Feature", "geometry": {"type": "Point", "coordinates": [-119.4767964631319, 49.852677830895495]}, "properties": {"source": "deepforest", "kind": "tree", "score": 0.3034633994102478, "crown_m": 2.02}}, {"type": "Feature", "geometry": {"type": "Point", "coordinates": [-119.48282204568386, 49.854737464478866]}, "properties": {"source": "deepforest", "kind": "tree", "score": 0.30335596203804016, "crown_m": 3.75}}, {"type": "Feature", "geometry": {"type": "Point", "coordinates": [-119.47785258293152, 49.85350359713489]}, "properties": {"source": "deepforest", "kind": "tree", "score": 0.3031746447086334, "crown_m": 2.7}}, {"type": "Feature", "geometry": {"type": "Point", "coordinates": [-119.47940424084663, 49.85651039109369]}, "properties": {"source": "deepforest", "kind": "tree", "score": 0.3031421899795532, "crown_m": 1.92}}, {"type": "Feature", "geometry": {"type": "Point", "coordinates": [-119.48162510991096, 49.85443743095985]}, "properties": {"source": "deepforest", "kind": "tree", "score": 0.3030879497528076, "crown_m": 2.89}}, {"type": "Feature", "geometry": {"type": "Point", "coordinates": [-119.47974152863026, 49.85435442423944]}, "properties": {"source": "deepforest", "kind": "tree", "score": 0.3030685484409332, "crown_m": 2.02}}, {"type": "Feature", "geometry": {"type": "Point", "coordinates": [-119.47683870792389, 49.85694312921594]}, "properties": {"source": "deepforest", "kind": "tree", "score": 0.3027862310409546, "crown_m": 1.83}}, {"type": "Feature", "geometry": {"type": "Point", "coordinates": [-119.47677299380302, 49.85507078483518]}, "properties": {"source": "deepforest", "kind": "tree", "score": 0.3025551438331604, "crown_m": 2.5}}, {"type": "Feature", "geometry": {"type": "Point", "coordinates": [-119.47839707136154, 49.85474049074407]}, "properties": {"source": "deepforest", "kind": "tree", "score": 0.3024293780326843, "crown_m": 4.81}}, {"type": "Feature", "geometry": {"type": "Point", "coordinates": [-119.48138639330864, 49.85160258428363]}, "properties": {"source": "deepforest", "kind": "tree", "score": 0.30234646797180176, "crown_m": 1.93}}, {"type": "Feature", "geometry": {"type": "Point", "coordinates": [-119.48135755956173, 49.85234233230881]}, "properties": {"source": "deepforest", "kind": "tree", "score": 0.30229970812797546, "crown_m": 1.64}}, {"type": "Feature", "geometry": {"type": "Point", "coordinates": [-119.4807118177414, 49.854043580097944]}, "properties": {"source": "deepforest", "kind": "tree", "score": 0.30224424600601196, "crown_m": 1.93}}, {"type": "Feature", "geometry": {"type": "Point", "coordinates": [-119.47645716369152, 49.85714587931063]}, "properties": {"source": "deepforest", "kind": "tree", "score": 0.3022080957889557, "crown_m": 1.92}}, {"type": "Feature", "geometry": {"type": "Point", "coordinates": [-119.47617821395397, 49.85382698237229]}, "properties": {"source": "deepforest", "kind": "tree", "score": 0.30219218134880066, "crown_m": 5.68}}, {"type": "Feature", "geometry": {"type": "Point", "coordinates": [-119.47644107043743, 49.85613601113005]}, "properties": {"source": "deepforest", "kind": "tree", "score": 0.30218592286109924, "crown_m": 1.83}}, {"type": "Feature", "geometry": {"type": "Point", "coordinates": [-119.48213942348957, 49.85374138060828]}, "properties": {"source": "deepforest", "kind": "tree", "score": 0.30148574709892273, "crown_m": 9.91}}, {"type": "Feature", "geometry": {"type": "Point", "coordinates": [-119.47722494602203, 49.853576229301765]}, "properties": {"source": "deepforest", "kind": "tree", "score": 0.3013811409473419, "crown_m": 2.02}}, {"type": "Feature", "geometry": {"type": "Point", "coordinates": [-119.47589591145515, 49.85218366141859]}, "properties": {"source": "deepforest", "kind": "tree", "score": 0.30134162306785583, "crown_m": 1.54}}, {"type": "Feature", "geometry": {"type": "Point", "coordinates": [-119.47648800909519, 49.85412399337772]}, "properties": {"source": "deepforest", "kind": "tree", "score": 0.30133605003356934, "crown_m": 4.33}}, {"type": "Feature", "geometry": {"type": "Point", "coordinates": [-119.47588317096233, 49.85271890337173]}, "properties": {"source": "deepforest", "kind": "tree", "score": 0.30130672454833984, "crown_m": 1.93}}, {"type": "Feature", "geometry": {"type": "Point", "coordinates": [-119.47842121124268, 49.8535342928854]}, "properties": {"source": "deepforest", "kind": "tree", "score": 0.30129945278167725, "crown_m": 2.31}}, {"type": "Feature", "geometry": {"type": "Point", "coordinates": [-119.47571150958538, 49.85499858723581]}, "properties": {"source": "deepforest", "kind": "tree", "score": 0.30085623264312744, "crown_m": 2.79}}, {"type": "Feature", "geometry": {"type": "Point", "coordinates": [-119.47754211723804, 49.85713593636207]}, "properties": {"source": "deepforest", "kind": "tree", "score": 0.3007834255695343, "crown_m": 2.41}}, {"type": "Feature", "geometry": {"type": "Point", "coordinates": [-119.48276974260807, 49.85589478093328]}, "properties": {"source": "deepforest", "kind": "tree", "score": 0.3007439970970154, "crown_m": 6.35}}, {"type": "Feature", "geometry": {"type": "Point", "coordinates": [-119.480459690094, 49.85595271087535]}, "properties": {"source": "deepforest", "kind": "tree", "score": 0.3006896376609802, "crown_m": 1.54}}, {"type": "Feature", "geometry": {"type": "Point", "coordinates": [-119.47555862367153, 49.85664094785848]}, "properties": {"source": "deepforest", "kind": "tree", "score": 0.30012190341949463, "crown_m": 2.12}}, {"type": "Feature", "geometry": {"type": "Point", "coordinates": [-119.48235400021076, 49.85178633338892]}, "properties": {"source": "deepforest", "kind": "tree", "score": 0.29956117272377014, "crown_m": 2.02}}, {"type": "Feature", "geometry": {"type": "Point", "coordinates": [-119.48000371456146, 49.85530856059743]}, "properties": {"source": "deepforest", "kind": "tree", "score": 0.29954811930656433, "crown_m": 6.74}}, {"type": "Feature", "geometry": {"type": "Point", "coordinates": [-119.4807942956686, 49.85417846681381]}, "properties": {"source": "deepforest", "kind": "tree", "score": 0.29939544200897217, "crown_m": 5.39}}, {"type": "Feature", "geometry": {"type": "Point", "coordinates": [-119.4793452322483, 49.8518140037819]}, "properties": {"source": "deepforest", "kind": "tree", "score": 0.2993685007095337, "crown_m": 2.41}}, {"type": "Feature", "geometry": {"type": "Point", "coordinates": [-119.47675488889217, 49.85619567002523]}, "properties": {"source": "deepforest", "kind": "tree", "score": 0.2990683913230896, "crown_m": 1.73}}, {"type": "Feature", "geometry": {"type": "Point", "coordinates": [-119.48157012462616, 49.85490779968231]}, "properties": {"source": "deepforest", "kind": "tree", "score": 0.29906290769577026, "crown_m": 1.64}}, {"type": "Feature", "geometry": {"type": "Point", "coordinates": [-119.48263764381409, 49.854213917747174]}, "properties": {"source": "deepforest", "kind": "tree", "score": 0.29900258779525757, "crown_m": 2.7}}, {"type": "Feature", "geometry": {"type": "Point", "coordinates": [-119.47507381439209, 49.85366053435859]}, "properties": {"source": "deepforest", "kind": "tree", "score": 0.2989465892314911, "crown_m": 2.31}}, {"type": "Feature", "geometry": {"type": "Point", "coordinates": [-119.47748243808746, 49.851837350663644]}, "properties": {"source": "deepforest", "kind": "tree", "score": 0.29869958758354187, "crown_m": 2.79}}, {"type": "Feature", "geometry": {"type": "Point", "coordinates": [-119.4786049425602, 49.85497091866615]}, "properties": {"source": "deepforest", "kind": "tree", "score": 0.29854315519332886, "crown_m": 2.02}}, {"type": "Feature", "geometry": {"type": "Point", "coordinates": [-119.4793452322483, 49.85275608474117]}, "properties": {"source": "deepforest", "kind": "tree", "score": 0.29852405190467834, "crown_m": 1.54}}, {"type": "Feature", "geometry": {"type": "Point", "coordinates": [-119.48186986148357, 49.85674945668927]}, "properties": {"source": "deepforest", "kind": "tree", "score": 0.2984957695007324, "crown_m": 2.02}}, {"type": "Feature", "geometry": {"type": "Point", "coordinates": [-119.48148496448994, 49.85152951679822]}, "properties": {"source": "deepforest", "kind": "tree", "score": 0.29827579855918884, "crown_m": 2.02}}, {"type": "Feature", "geometry": {"type": "Point", "coordinates": [-119.47516568005085, 49.85327964726646]}, "properties": {"source": "deepforest", "kind": "tree", "score": 0.29809558391571045, "crown_m": 1.64}}, {"type": "Feature", "geometry": {"type": "Point", "coordinates": [-119.4813884049654, 49.85560988565537]}, "properties": {"source": "deepforest", "kind": "tree", "score": 0.2980860769748688, "crown_m": 2.41}}, {"type": "Feature", "geometry": {"type": "Point", "coordinates": [-119.47967246174812, 49.85721764140043]}, "properties": {"source": "deepforest", "kind": "tree", "score": 0.2978876531124115, "crown_m": 4.81}}, {"type": "Feature", "geometry": {"type": "Point", "coordinates": [-119.47917357087135, 49.85316810428073]}, "properties": {"source": "deepforest", "kind": "tree", "score": 0.29764479398727417, "crown_m": 1.54}}, {"type": "Feature", "geometry": {"type": "Point", "coordinates": [-119.47578862309456, 49.85254553405052]}, "properties": {"source": "deepforest", "kind": "tree", "score": 0.29760926961898804, "crown_m": 1.83}}, {"type": "Feature", "geometry": {"type": "Point", "coordinates": [-119.47675287723541, 49.85688303893916]}, "properties": {"source": "deepforest", "kind": "tree", "score": 0.29754388332366943, "crown_m": 2.5}}, {"type": "Feature", "geometry": {"type": "Point", "coordinates": [-119.47849094867706, 49.85623933337285]}, "properties": {"source": "deepforest", "kind": "tree", "score": 0.2975223958492279, "crown_m": 1.83}}, {"type": "Feature", "geometry": {"type": "Point", "coordinates": [-119.4760762900114, 49.857067632573184]}, "properties": {"source": "deepforest", "kind": "tree", "score": 0.2974936068058014, "crown_m": 1.83}}, {"type": "Feature", "geometry": {"type": "Point", "coordinates": [-119.48231108486652, 49.85698506267418]}, "properties": {"source": "deepforest", "kind": "tree", "score": 0.29725319147109985, "crown_m": 2.31}}, {"type": "Feature", "geometry": {"type": "Point", "coordinates": [-119.48011703789234, 49.85366053435859]}, "properties": {"source": "deepforest", "kind": "tree", "score": 0.29724180698394775, "crown_m": 1.64}}, {"type": "Feature", "geometry": {"type": "Point", "coordinates": [-119.48016129434109, 49.85358357897924]}, "properties": {"source": "deepforest", "kind": "tree", "score": 0.29705050587654114, "crown_m": 2.12}}, {"type": "Feature", "geometry": {"type": "Point", "coordinates": [-119.47621375322342, 49.85712729031818]}, "properties": {"source": "deepforest", "kind": "tree", "score": 0.29690974950790405, "crown_m": 3.56}}, {"type": "Feature", "geometry": {"type": "Point", "coordinates": [-119.47645850479603, 49.85690768028473]}, "properties": {"source": "deepforest", "kind": "tree", "score": 0.29675936698913574, "crown_m": 2.02}}, {"type": "Feature", "geometry": {"type": "Point", "coordinates": [-119.48063604533672, 49.85555930467931]}, "properties": {"source": "deepforest", "kind": "tree", "score": 0.29665663838386536, "crown_m": 1.93}}, {"type": "Feature", "geometry": {"type": "Point", "coordinates": [-119.48032557964325, 49.854749137215016]}, "properties": {"source": "deepforest", "kind": "tree", "score": 0.29657182097435, "crown_m": 1.54}}, {"type": "Feature", "geometry": {"type": "Point", "coordinates": [-119.47957590222359, 49.855811776716145]}, "properties": {"source": "deepforest", "kind": "tree", "score": 0.2963806390762329, "crown_m": 2.5}}, {"type": "Feature", "geometry": {"type": "Point", "coordinates": [-119.48169350624084, 49.851593072546216]}, "properties": {"source": "deepforest", "kind": "tree", "score": 0.2963203191757202, "crown_m": 2.31}}, {"type": "Feature", "geometry": {"type": "Point", "coordinates": [-119.47472043335438, 49.856576534134504]}, "properties": {"source": "deepforest", "kind": "tree", "score": 0.2959316372871399, "crown_m": 6.26}}, {"type": "Feature", "geometry": {"type": "Point", "coordinates": [-119.47699896991253, 49.856226796376085]}, "properties": {"source": "deepforest", "kind": "tree", "score": 0.2957855761051178, "crown_m": 2.5}}, {"type": "Feature", "geometry": {"type": "Point", "coordinates": [-119.48045566678047, 49.85462851880551]}, "properties": {"source": "deepforest", "kind": "tree", "score": 0.2956528067588806, "crown_m": 2.02}}, {"type": "Feature", "geometry": {"type": "Point", "coordinates": [-119.4800828397274, 49.85536822051418]}, "properties": {"source": "deepforest", "kind": "tree", "score": 0.2955167889595032, "crown_m": 2.31}}, {"type": "Feature", "geometry": {"type": "Point", "coordinates": [-119.47552844882011, 49.85383303501653]}, "properties": {"source": "deepforest", "kind": "tree", "score": 0.2954913079738617, "crown_m": 2.02}}, {"type": "Feature", "geometry": {"type": "Point", "coordinates": [-119.4765604287386, 49.85365794035904]}, "properties": {"source": "deepforest", "kind": "tree", "score": 0.29521602392196655, "crown_m": 2.12}}, {"type": "Feature", "geometry": {"type": "Point", "coordinates": [-119.48108196258545, 49.85648229108163]}, "properties": {"source": "deepforest", "kind": "tree", "score": 0.29517772793769836, "crown_m": 2.41}}, {"type": "Feature", "geometry": {"type": "Point", "coordinates": [-119.4753648340702, 49.85298522510753]}, "properties": {"source": "deepforest", "kind": "tree", "score": 0.294983446598053, "crown_m": 2.5}}, {"type": "Feature", "geometry": {"type": "Point", "coordinates": [-119.47771914303303, 49.85350057079223]}, "properties": {"source": "deepforest", "kind": "tree", "score": 0.2949424982070923, "crown_m": 1.54}}, {"type": "Feature", "geometry": {"type": "Point", "coordinates": [-119.47729669511318, 49.856434737177835]}, "properties": {"source": "deepforest", "kind": "tree", "score": 0.2949412763118744, "crown_m": 2.02}}, {"type": "Feature", "geometry": {"type": "Point", "coordinates": [-119.48079697787762, 49.851650575293824]}, "properties": {"source": "deepforest", "kind": "tree", "score": 0.2943291962146759, "crown_m": 1.83}}, {"type": "Feature", "geometry": {"type": "Point", "coordinates": [-119.47592742741108, 49.85485203010059]}, "properties": {"source": "deepforest", "kind": "tree", "score": 0.29424893856048584, "crown_m": 2.31}}, {"type": "Feature", "geometry": {"type": "Point", "coordinates": [-119.47510331869125, 49.8539782982509]}, "properties": {"source": "deepforest", "kind": "tree", "score": 0.29405760765075684, "crown_m": 6.26}}, {"type": "Feature", "geometry": {"type": "Point", "coordinates": [-119.47945922613144, 49.856442951037295]}, "properties": {"source": "deepforest", "kind": "tree", "score": 0.293844074010849, "crown_m": 7.12}}, {"type": "Feature", "geometry": {"type": "Point", "coordinates": [-119.47555124759674, 49.85397743359008]}, "properties": {"source": "deepforest", "kind": "tree", "score": 0.29375767707824707, "crown_m": 2.79}}, {"type": "Feature", "geometry": {"type": "Point", "coordinates": [-119.47464600205421, 49.85523420175752]}, "properties": {"source": "deepforest", "kind": "tree", "score": 0.2937520444393158, "crown_m": 2.12}}, {"type": "Feature", "geometry": {"type": "Point", "coordinates": [-119.4784715026617, 49.85623371334023]}, "properties": {"source": "deepforest", "kind": "tree", "score": 0.29371005296707153, "crown_m": 1.54}}, {"type": "Feature", "geometry": {"type": "Point", "coordinates": [-119.47700098156929, 49.853320286894956]}, "properties": {"source": "deepforest", "kind": "tree", "score": 0.29335615038871765, "crown_m": 2.02}}, {"type": "Feature", "geometry": {"type": "Point", "coordinates": [-119.48145814239979, 49.85614206348509]}, "properties": {"source": "deepforest", "kind": "tree", "score": 0.29314661026000977, "crown_m": 11.74}}, {"type": "Feature", "geometry": {"type": "Point", "coordinates": [-119.48232047259808, 49.852197064156975]}, "properties": {"source": "deepforest", "kind": "tree", "score": 0.29300644993782043, "crown_m": 1.44}}, {"type": "Feature", "geometry": {"type": "Point", "coordinates": [-119.47979584336281, 49.85599464519308]}, "properties": {"source": "deepforest", "kind": "tree", "score": 0.29293155670166016, "crown_m": 2.12}}, {"type": "Feature", "geometry": {"type": "Point", "coordinates": [-119.47541311383247, 49.85442446116918]}, "properties": {"source": "deepforest", "kind": "tree", "score": 0.2928430438041687, "crown_m": 1.83}}, {"type": "Feature", "geometry": {"type": "Point", "coordinates": [-119.47904549539089, 49.85453600125513]}, "properties": {"source": "deepforest", "kind": "tree", "score": 0.2927877604961395, "crown_m": 2.6}}, {"type": "Feature", "geometry": {"type": "Point", "coordinates": [-119.4823432713747, 49.856704064578544]}, "properties": {"source": "deepforest", "kind": "tree", "score": 0.29274970293045044, "crown_m": 2.89}}, {"type": "Feature", "geometry": {"type": "Point", "coordinates": [-119.47937607765198, 49.85310411826575]}, "properties": {"source": "deepforest", "kind": "tree", "score": 0.2926572859287262, "crown_m": 1.64}}, {"type": "Feature", "geometry": {"type": "Point", "coordinates": [-119.47624929249287, 49.85692843088177]}, "properties": {"source": "deepforest", "kind": "tree", "score": 0.2926299571990967, "crown_m": 2.02}}, {"type": "Feature", "geometry": {"type": "Point", "coordinates": [-119.47562970221043, 49.8552186382649]}, "properties": {"source": "deepforest", "kind": "tree", "score": 0.2925659418106079, "crown_m": 3.66}}, {"type": "Feature", "geometry": {"type": "Point", "coordinates": [-119.48041543364525, 49.85220657577552]}, "properties": {"source": "deepforest", "kind": "tree", "score": 0.29252126812934875, "crown_m": 2.21}}, {"type": "Feature", "geometry": {"type": "Point", "coordinates": [-119.47970397770405, 49.854344913043626]}, "properties": {"source": "deepforest", "kind": "tree", "score": 0.29235926270484924, "crown_m": 1.83}}, {"type": "Feature", "geometry": {"type": "Point", "coordinates": [-119.47644174098969, 49.854361773798566]}, "properties": {"source": "deepforest", "kind": "tree", "score": 0.2920980453491211, "crown_m": 1.93}}, {"type": "Feature", "geometry": {"type": "Point", "coordinates": [-119.47999231517315, 49.85482652306114]}, "properties": {"source": "deepforest", "kind": "tree", "score": 0.2918568551540375, "crown_m": 2.02}}, {"type": "Feature", "geometry": {"type": "Point", "coordinates": [-119.4803798943758, 49.8545243284675]}, "properties": {"source": "deepforest", "kind": "tree", "score": 0.2918088138103485, "crown_m": 2.12}}, {"type": "Feature", "geometry": {"type": "Point", "coordinates": [-119.47995476424694, 49.85495621973207]}, "properties": {"source": "deepforest", "kind": "tree", "score": 0.29177892208099365, "crown_m": 7.22}}, {"type": "Feature", "geometry": {"type": "Point", "coordinates": [-119.48134548962116, 49.855867112876744]}, "properties": {"source": "deepforest", "kind": "tree", "score": 0.29166683554649353, "crown_m": 2.69}}, {"type": "Feature", "geometry": {"type": "Point", "coordinates": [-119.47508655488491, 49.855433932801006]}, "properties": {"source": "deepforest", "kind": "tree", "score": 0.29166361689567566, "crown_m": 1.54}}, {"type": "Feature", "geometry": {"type": "Point", "coordinates": [-119.48006808757782, 49.853525213862625]}, "properties": {"source": "deepforest", "kind": "tree", "score": 0.29146507382392883, "crown_m": 2.21}}, {"type": "Feature", "geometry": {"type": "Point", "coordinates": [-119.4804161041975, 49.854318973409164]}, "properties": {"source": "deepforest", "kind": "tree", "score": 0.2911342978477478, "crown_m": 4.33}}, {"type": "Feature", "geometry": {"type": "Point", "coordinates": [-119.47604678571224, 49.85690076341706]}, "properties": {"source": "deepforest", "kind": "tree", "score": 0.2909929156303406, "crown_m": 1.83}}, {"type": "Feature", "geometry": {"type": "Point", "coordinates": [-119.48221988976002, 49.85643646641152]}, "properties": {"source": "deepforest", "kind": "tree", "score": 0.2908693253993988, "crown_m": 4.14}}, {"type": "Feature", "geometry": {"type": "Point", "coordinates": [-119.4746607542038, 49.85699414104695]}, "properties": {"source": "deepforest", "kind": "tree", "score": 0.29081404209136963, "crown_m": 1.64}}, {"type": "Feature", "geometry": {"type": "Point", "coordinates": [-119.48237277567387, 49.85385854258036]}, "properties": {"source": "deepforest", "kind": "tree", "score": 0.29072853922843933, "crown_m": 3.08}}, {"type": "Feature", "geometry": {"type": "Point", "coordinates": [-119.47995945811272, 49.85470893111197]}, "properties": {"source": "deepforest", "kind": "tree", "score": 0.29064929485321045, "crown_m": 9.14}}, {"type": "Feature", "geometry": {"type": "Point", "coordinates": [-119.48137030005455, 49.85361816568176]}, "properties": {"source": "deepforest", "kind": "tree", "score": 0.290205717086792, "crown_m": 3.47}}, {"type": "Feature", "geometry": {"type": "Point", "coordinates": [-119.47847284376621, 49.85691502945553]}, "properties": {"source": "deepforest", "kind": "tree", "score": 0.2899380326271057, "crown_m": 3.37}}, {"type": "Feature", "geometry": {"type": "Point", "coordinates": [-119.47601191699505, 49.85202023418052]}, "properties": {"source": "deepforest", "kind": "tree", "score": 0.28982090950012207, "crown_m": 2.12}}, {"type": "Feature", "geometry": {"type": "Point", "coordinates": [-119.4827838242054, 49.85325673341831]}, "properties": {"source": "deepforest", "kind": "tree", "score": 0.28931424021720886, "crown_m": 1.93}}, {"type": "Feature", "geometry": {"type": "Point", "coordinates": [-119.47588451206684, 49.853973974946655]}, "properties": {"source": "deepforest", "kind": "tree", "score": 0.28917357325553894, "crown_m": 7.6}}, {"type": "Feature", "geometry": {"type": "Point", "coordinates": [-119.47806246578693, 49.856911571022344]}, "properties": {"source": "deepforest", "kind": "tree", "score": 0.28914567828178406, "crown_m": 1.54}}, {"type": "Feature", "geometry": {"type": "Point", "coordinates": [-119.48188327252865, 49.854332807882614]}, "properties": {"source": "deepforest", "kind": "tree", "score": 0.2890873849391937, "crown_m": 3.95}}, {"type": "Feature", "geometry": {"type": "Point", "coordinates": [-119.47467617690563, 49.85703520985479]}, "properties": {"source": "deepforest", "kind": "tree", "score": 0.28907957673072815, "crown_m": 2.89}}, {"type": "Feature", "geometry": {"type": "Point", "coordinates": [-119.48273420333862, 49.854756919037555]}, "properties": {"source": "deepforest", "kind": "tree", "score": 0.2889789938926697, "crown_m": 6.74}}, {"type": "Feature", "geometry": {"type": "Point", "coordinates": [-119.48111616075039, 49.855342281428996]}, "properties": {"source": "deepforest", "kind": "tree", "score": 0.2887156307697296, "crown_m": 4.24}}, {"type": "Feature", "geometry": {"type": "Point", "coordinates": [-119.48283478617668, 49.85564792943152]}, "properties": {"source": "deepforest", "kind": "tree", "score": 0.28853681683540344, "crown_m": 2.41}}, {"type": "Feature", "geometry": {"type": "Point", "coordinates": [-119.4757504016161, 49.85484035738929]}, "properties": {"source": "deepforest", "kind": "tree", "score": 0.2882812023162842, "crown_m": 2.6}}, {"type": "Feature", "geometry": {"type": "Point", "coordinates": [-119.4824069738388, 49.85710264908461]}, "properties": {"source": "deepforest", "kind": "tree", "score": 0.2881677448749542, "crown_m": 2.5}}, {"type": "Feature", "geometry": {"type": "Point", "coordinates": [-119.47781503200531, 49.8569003311128]}, "properties": {"source": "deepforest", "kind": "tree", "score": 0.2881220877170563, "crown_m": 2.12}}, {"type": "Feature", "geometry": {"type": "Point", "coordinates": [-119.47742410004139, 49.85651428186331]}, "properties": {"source": "deepforest", "kind": "tree", "score": 0.2880384624004364, "crown_m": 2.41}}, {"type": "Feature", "geometry": {"type": "Point", "coordinates": [-119.47780832648277, 49.85379066649092]}, "properties": {"source": "deepforest", "kind": "tree", "score": 0.2880290150642395, "crown_m": 1.93}}, {"type": "Feature", "geometry": {"type": "Point", "coordinates": [-119.47706535458565, 49.85247852080459]}, "properties": {"source": "deepforest", "kind": "tree", "score": 0.2879383862018585, "crown_m": 2.12}}, {"type": "Feature", "geometry": {"type": "Point", "coordinates": [-119.4816680252552, 49.85630547678469]}, "properties": {"source": "deepforest", "kind": "tree", "score": 0.287802129983902, "crown_m": 1.92}}, {"type": "Feature", "geometry": {"type": "Point", "coordinates": [-119.47537891566753, 49.85441019439543]}, "properties": {"source": "deepforest", "kind": "tree", "score": 0.28757038712501526, "crown_m": 1.83}}, {"type": "Feature", "geometry": {"type": "Point", "coordinates": [-119.47681121528149, 49.85507899892647]}, "properties": {"source": "deepforest", "kind": "tree", "score": 0.287519246339798, "crown_m": 1.83}}, {"type": "Feature", "geometry": {"type": "Point", "coordinates": [-119.47674214839935, 49.85426190616432]}, "properties": {"source": "deepforest", "kind": "tree", "score": 0.28738582134246826, "crown_m": 2.41}}, {"type": "Feature", "geometry": {"type": "Point", "coordinates": [-119.47645381093025, 49.85572488152357]}, "properties": {"source": "deepforest", "kind": "tree", "score": 0.28737127780914307, "crown_m": 2.79}}, {"type": "Feature", "geometry": {"type": "Point", "coordinates": [-119.48283545672894, 49.85681387018273]}, "properties": {"source": "deepforest", "kind": "tree", "score": 0.28730103373527527, "crown_m": 2.89}}, {"type": "Feature", "geometry": {"type": "Point", "coordinates": [-119.47503492236137, 49.85427401134309]}, "properties": {"source": "deepforest", "kind": "tree", "score": 0.287187397480011, "crown_m": 5.87}}, {"type": "Feature", "geometry": {"type": "Point", "coordinates": [-119.48222257196903, 49.85512482488388]}, "properties": {"source": "deepforest", "kind": "tree", "score": 0.2871100604534149, "crown_m": 5.49}}, {"type": "Feature", "geometry": {"type": "Point", "coordinates": [-119.48064744472504, 49.854943250080645]}, "properties": {"source": "deepforest", "kind": "tree", "score": 0.28703299164772034, "crown_m": 1.54}}, {"type": "Feature", "geometry": {"type": "Point", "coordinates": [-119.47916753590107, 49.85647883261748]}, "properties": {"source": "deepforest", "kind": "tree", "score": 0.2865685820579529, "crown_m": 2.6}}, {"type": "Feature", "geometry": {"type": "Point", "coordinates": [-119.48027662932873, 49.851699863308745]}, "properties": {"source": "deepforest", "kind": "tree", "score": 0.28642740845680237, "crown_m": 5.68}}, {"type": "Feature", "geometry": {"type": "Point", "coordinates": [-119.47833806276321, 49.857229745838815]}, "properties": {"source": "deepforest", "kind": "tree", "score": 0.2862759828567505, "crown_m": 2.69}}, {"type": "Feature", "geometry": {"type": "Point", "coordinates": [-119.47872832417488, 49.855567518687565]}, "properties": {"source": "deepforest", "kind": "tree", "score": 0.28619661927223206, "crown_m": 2.21}}, {"type": "Feature", "geometry": {"type": "Point", "coordinates": [-119.48138773441315, 49.853601304667365]}, "properties": {"source": "deepforest", "kind": "tree", "score": 0.2861686646938324, "crown_m": 2.21}}, {"type": "Feature", "geometry": {"type": "Point", "coordinates": [-119.4756343960762, 49.8571043782944]}, "properties": {"source": "deepforest", "kind": "tree", "score": 0.2861088514328003, "crown_m": 2.31}}, {"type": "Feature", "geometry": {"type": "Point", "coordinates": [-119.47636798024178, 49.85318972115855]}, "properties": {"source": "deepforest", "kind": "tree", "score": 0.2859945595264435, "crown_m": 2.31}}, {"type": "Feature", "geometry": {"type": "Point", "coordinates": [-119.47940424084663, 49.85353299588225]}, "properties": {"source": "deepforest", "kind": "tree", "score": 0.28588634729385376, "crown_m": 1.64}}, {"type": "Feature", "geometry": {"type": "Point", "coordinates": [-119.47556667029858, 49.855601671654306]}, "properties": {"source": "deepforest", "kind": "tree", "score": 0.2857681214809418, "crown_m": 3.66}}, {"type": "Feature", "geometry": {"type": "Point", "coordinates": [-119.47484381496906, 49.85380450111561]}, "properties": {"source": "deepforest", "kind": "tree", "score": 0.2856401801109314, "crown_m": 2.02}}, {"type": "Feature", "geometry": {"type": "Point", "coordinates": [-119.47590731084347, 49.85273014425388]}, "properties": {"source": "deepforest", "kind": "tree", "score": 0.285629540681839, "crown_m": 1.54}}, {"type": "Feature", "geometry": {"type": "Point", "coordinates": [-119.4758040457964, 49.85263935243872]}, "properties": {"source": "deepforest", "kind": "tree", "score": 0.2853439152240753, "crown_m": 2.5}}, {"type": "Feature", "geometry": {"type": "Point", "coordinates": [-119.47594821453094, 49.8551118552777]}, "properties": {"source": "deepforest", "kind": "tree", "score": 0.28518450260162354, "crown_m": 2.02}}, {"type": "Feature", "geometry": {"type": "Point", "coordinates": [-119.4817129522562, 49.85473832912609]}, "properties": {"source": "deepforest", "kind": "tree", "score": 0.2850874960422516, "crown_m": 3.18}}, {"type": "Feature", "geometry": {"type": "Point", "coordinates": [-119.48283076286316, 49.85225888964401]}, "properties": {"source": "deepforest", "kind": "tree", "score": 0.2849076986312866, "crown_m": 1.54}}, {"type": "Feature", "geometry": {"type": "Point", "coordinates": [-119.48204688727856, 49.85445775029155]}, "properties": {"source": "deepforest", "kind": "tree", "score": 0.28486666083335876, "crown_m": 2.12}}, {"type": "Feature", "geometry": {"type": "Point", "coordinates": [-119.47626538574696, 49.85398953884012]}, "properties": {"source": "deepforest", "kind": "tree", "score": 0.2845764756202698, "crown_m": 4.14}}, {"type": "Feature", "geometry": {"type": "Point", "coordinates": [-119.47993867099285, 49.8541101588445]}, "properties": {"source": "deepforest", "kind": "tree", "score": 0.28447389602661133, "crown_m": 2.31}}, {"type": "Feature", "geometry": {"type": "Point", "coordinates": [-119.47620570659637, 49.853753053585024]}, "properties": {"source": "deepforest", "kind": "tree", "score": 0.2843512296676636, "crown_m": 1.73}}, {"type": "Feature", "geometry": {"type": "Point", "coordinates": [-119.48119327425957, 49.85475000186202]}, "properties": {"source": "deepforest", "kind": "tree", "score": 0.2842002511024475, "crown_m": 1.93}}, {"type": "Feature", "geometry": {"type": "Point", "coordinates": [-119.48132403194904, 49.855630636809714]}, "properties": {"source": "deepforest", "kind": "tree", "score": 0.2841082215309143, "crown_m": 7.99}}, {"type": "Feature", "geometry": {"type": "Point", "coordinates": [-119.47929762303829, 49.851903500100704]}, "properties": {"source": "deepforest", "kind": "tree", "score": 0.2840937674045563, "crown_m": 4.04}}, {"type": "Feature", "geometry": {"type": "Point", "coordinates": [-119.48244452476501, 49.85206908947097]}, "properties": {"source": "deepforest", "kind": "tree", "score": 0.28387561440467834, "crown_m": 1.83}}, {"type": "Feature", "geometry": {"type": "Point", "coordinates": [-119.47856202721596, 49.85723666265938]}, "properties": {"source": "deepforest", "kind": "tree", "score": 0.2836662232875824, "crown_m": 1.54}}, {"type": "Feature", "geometry": {"type": "Point", "coordinates": [-119.47500877082348, 49.85354337190646]}, "properties": {"source": "deepforest", "kind": "tree", "score": 0.2836291491985321, "crown_m": 3.75}}, {"type": "Feature", "geometry": {"type": "Point", "coordinates": [-119.48170356452465, 49.85661933252443]}, "properties": {"source": "deepforest", "kind": "tree", "score": 0.283453106880188, "crown_m": 2.6}}, {"type": "Feature", "geometry": {"type": "Point", "coordinates": [-119.47559483349323, 49.853078610303726]}, "properties": {"source": "deepforest", "kind": "tree", "score": 0.2833860218524933, "crown_m": 2.31}}, {"type": "Feature", "geometry": {"type": "Point", "coordinates": [-119.48000907897949, 49.85413998955183]}, "properties": {"source": "deepforest", "kind": "tree", "score": 0.2833295464515686, "crown_m": 1.83}}, {"type": "Feature", "geometry": {"type": "Point", "coordinates": [-119.47556935250759, 49.85389745239756]}, "properties": {"source": "deepforest", "kind": "tree", "score": 0.2830095589160919, "crown_m": 2.89}}, {"type": "Feature", "geometry": {"type": "Point", "coordinates": [-119.4762821495533, 49.85192079405625]}, "properties": {"source": "deepforest", "kind": "tree", "score": 0.2828277349472046, "crown_m": 2.12}}, {"type": "Feature", "geometry": {"type": "Point", "coordinates": [-119.47797261178493, 49.8551408207267]}, "properties": {"source": "deepforest", "kind": "tree", "score": 0.28272122144699097, "crown_m": 3.27}}, {"type": "Feature", "geometry": {"type": "Point", "coordinates": [-119.47914473712444, 49.85620604547774]}, "properties": {"source": "deepforest", "kind": "tree", "score": 0.2826376259326935, "crown_m": 2.41}}, {"type": "Feature", "geometry": {"type": "Point", "coordinates": [-119.47673812508583, 49.85433540184594]}, "properties": {"source": "deepforest", "kind": "tree", "score": 0.2824207842350006, "crown_m": 1.83}}, {"type": "Feature", "geometry": {"type": "Point", "coordinates": [-119.48041811585426, 49.85484640990661]}, "properties": {"source": "deepforest", "kind": "tree", "score": 0.282251238822937, "crown_m": 3.95}}, {"type": "Feature", "geometry": {"type": "Point", "coordinates": [-119.47945520281792, 49.85569289021928]}, "properties": {"source": "deepforest", "kind": "tree", "score": 0.2822275459766388, "crown_m": 2.21}}, {"type": "Feature", "geometry": {"type": "Point", "coordinates": [-119.47551369667053, 49.85546505964252]}, "properties": {"source": "deepforest", "kind": "tree", "score": 0.2822192907333374, "crown_m": 3.08}}, {"type": "Feature", "geometry": {"type": "Point", "coordinates": [-119.47748243808746, 49.85180319503651]}, "properties": {"source": "deepforest", "kind": "tree", "score": 0.28197038173675537, "crown_m": 2.5}}, {"type": "Feature", "geometry": {"type": "Point", "coordinates": [-119.48195770382881, 49.856125203351304]}, "properties": {"source": "deepforest", "kind": "tree", "score": 0.28192099928855896, "crown_m": 1.83}}, {"type": "Feature", "geometry": {"type": "Point", "coordinates": [-119.4751127064228, 49.85373662495027]}, "properties": {"source": "deepforest", "kind": "tree", "score": 0.2818980813026428, "crown_m": 2.12}}, {"type": "Feature", "geometry": {"type": "Point", "coordinates": [-119.47829715907574, 49.85671660145148]}, "properties": {"source": "deepforest", "kind": "tree", "score": 0.2818790674209595, "crown_m": 1.64}}, {"type": "Feature", "geometry": {"type": "Point", "coordinates": [-119.4817404448986, 49.851578372584726]}, "properties": {"source": "deepforest", "kind": "tree", "score": 0.2813960015773773, "crown_m": 1.93}}, {"type": "Feature", "geometry": {"type": "Point", "coordinates": [-119.47555258870125, 49.852868493358535]}, "properties": {"source": "deepforest", "kind": "tree", "score": 0.2810285687446594, "crown_m": 2.7}}, {"type": "Feature", "geometry": {"type": "Point", "coordinates": [-119.48240160942078, 49.85443743095985]}, "properties": {"source": "deepforest", "kind": "tree", "score": 0.2809308171272278, "crown_m": 1.93}}, {"type": "Feature", "geometry": {"type": "Point", "coordinates": [-119.48201939463615, 49.85723925646684]}, "properties": {"source": "deepforest", "kind": "tree", "score": 0.28089165687561035, "crown_m": 2.12}}, {"type": "Feature", "geometry": {"type": "Point", "coordinates": [-119.48184370994568, 49.85441884092548]}, "properties": {"source": "deepforest", "kind": "tree", "score": 0.28087469935417175, "crown_m": 2.89}}, {"type": "Feature", "geometry": {"type": "Point", "coordinates": [-119.47622179985046, 49.85527181351061]}, "properties": {"source": "deepforest", "kind": "tree", "score": 0.2807815372943878, "crown_m": 5.78}}, {"type": "Feature", "geometry": {"type": "Point", "coordinates": [-119.47624325752258, 49.85403104253151]}, "properties": {"source": "deepforest", "kind": "tree", "score": 0.2805546820163727, "crown_m": 2.02}}, {"type": "Feature", "geometry": {"type": "Point", "coordinates": [-119.47964496910572, 49.855675597613555]}, "properties": {"source": "deepforest", "kind": "tree", "score": 0.2805115878582001, "crown_m": 2.6}}, {"type": "Feature", "geometry": {"type": "Point", "coordinates": [-119.47599180042744, 49.852254998531784]}, "properties": {"source": "deepforest", "kind": "tree", "score": 0.28050684928894043, "crown_m": 1.64}}, {"type": "Feature", "geometry": {"type": "Point", "coordinates": [-119.47541311383247, 49.85370247066542]}, "properties": {"source": "deepforest", "kind": "tree", "score": 0.28047388792037964, "crown_m": 4.91}}, {"type": "Feature", "geometry": {"type": "Point", "coordinates": [-119.48042280972004, 49.856806520996535]}, "properties": {"source": "deepforest", "kind": "tree", "score": 0.2804568111896515, "crown_m": 2.79}}, {"type": "Feature", "geometry": {"type": "Point", "coordinates": [-119.47740264236927, 49.85693750926517]}, "properties": {"source": "deepforest", "kind": "tree", "score": 0.28045567870140076, "crown_m": 1.92}}, {"type": "Feature", "geometry": {"type": "Point", "coordinates": [-119.47778485715389, 49.85443786328614]}, "properties": {"source": "deepforest", "kind": "tree", "score": 0.28042519092559814, "crown_m": 2.6}}, {"type": "Feature", "geometry": {"type": "Point", "coordinates": [-119.47686553001404, 49.85263632604194]}, "properties": {"source": "deepforest", "kind": "tree", "score": 0.2803402245044708, "crown_m": 3.37}}, {"type": "Feature", "geometry": {"type": "Point", "coordinates": [-119.47551436722279, 49.85381314775404]}, "properties": {"source": "deepforest", "kind": "tree", "score": 0.28011003136634827, "crown_m": 1.64}}, {"type": "Feature", "geometry": {"type": "Point", "coordinates": [-119.47912327945232, 49.85353342821664]}, "properties": {"source": "deepforest", "kind": "tree", "score": 0.2800629734992981, "crown_m": 1.93}}, {"type": "Feature", "geometry": {"type": "Point", "coordinates": [-119.47496987879276, 49.85355677426777]}, "properties": {"source": "deepforest", "kind": "tree", "score": 0.2800527513027191, "crown_m": 1.93}}, {"type": "Feature", "geometry": {"type": "Point", "coordinates": [-119.47470903396606, 49.85629510135352]}, "properties": {"source": "deepforest", "kind": "tree", "score": 0.27999547123908997, "crown_m": 1.92}}, {"type": "Feature", "geometry": {"type": "Point", "coordinates": [-119.47975963354111, 49.857234933454336]}, "properties": {"source": "deepforest", "kind": "tree", "score": 0.27978515625, "crown_m": 3.08}}, {"type": "Feature", "geometry": {"type": "Point", "coordinates": [-119.47865054011345, 49.85460863187038]}, "properties": {"source": "deepforest", "kind": "tree", "score": 0.2796584367752075, "crown_m": 2.6}}, {"type": "Feature", "geometry": {"type": "Point", "coordinates": [-119.47603404521942, 49.85401980195195]}, "properties": {"source": "deepforest", "kind": "tree", "score": 0.2796362340450287, "crown_m": 2.21}}, {"type": "Feature", "geometry": {"type": "Point", "coordinates": [-119.47585836052895, 49.856244088784564]}, "properties": {"source": "deepforest", "kind": "tree", "score": 0.2795714735984802, "crown_m": 1.73}}, {"type": "Feature", "geometry": {"type": "Point", "coordinates": [-119.4819100946188, 49.85532455637944]}, "properties": {"source": "deepforest", "kind": "tree", "score": 0.2793826758861542, "crown_m": 1.64}}, {"type": "Feature", "geometry": {"type": "Point", "coordinates": [-119.47600722312927, 49.85534487533813]}, "properties": {"source": "deepforest", "kind": "tree", "score": 0.2793509066104889, "crown_m": 2.7}}, {"type": "Feature", "geometry": {"type": "Point", "coordinates": [-119.47594821453094, 49.85224851334402]}, "properties": {"source": "deepforest", "kind": "tree", "score": 0.27913329005241394, "crown_m": 1.54}}, {"type": "Feature", "geometry": {"type": "Point", "coordinates": [-119.47972543537617, 49.85684153769718]}, "properties": {"source": "deepforest", "kind": "tree", "score": 0.27913203835487366, "crown_m": 1.54}}, {"type": "Feature", "geometry": {"type": "Point", "coordinates": [-119.47498798370361, 49.856633166339336]}, "properties": {"source": "deepforest", "kind": "tree", "score": 0.2790738046169281, "crown_m": 3.08}}, {"type": "Feature", "geometry": {"type": "Point", "coordinates": [-119.47773456573486, 49.8518174625799]}, "properties": {"source": "deepforest", "kind": "tree", "score": 0.27903854846954346, "crown_m": 2.02}}, {"type": "Feature", "geometry": {"type": "Point", "coordinates": [-119.48199391365051, 49.854749137215016]}, "properties": {"source": "deepforest", "kind": "tree", "score": 0.27894508838653564, "crown_m": 1.93}}, {"type": "Feature", "geometry": {"type": "Point", "coordinates": [-119.47606824338436, 49.85536562660629]}, "properties": {"source": "deepforest", "kind": "tree", "score": 0.2788347899913788, "crown_m": 2.12}}, {"type": "Feature", "geometry": {"type": "Point", "coordinates": [-119.47769768536091, 49.85711518585414]}, "properties": {"source": "deepforest", "kind": "tree", "score": 0.2786819338798523, "crown_m": 2.41}}, {"type": "Feature", "geometry": {"type": "Point", "coordinates": [-119.48031418025494, 49.85414085420974]}, "properties": {"source": "deepforest", "kind": "tree", "score": 0.27854833006858826, "crown_m": 2.02}}, {"type": "Feature", "geometry": {"type": "Point", "coordinates": [-119.47743348777294, 49.85623155178904]}, "properties": {"source": "deepforest", "kind": "tree", "score": 0.2784072756767273, "crown_m": 1.83}}, {"type": "Feature", "geometry": {"type": "Point", "coordinates": [-119.48088951408863, 49.85316551025475]}, "properties": {"source": "deepforest", "kind": "tree", "score": 0.27830520272254944, "crown_m": 3.18}}, {"type": "Feature", "geometry": {"type": "Point", "coordinates": [-119.47536818683147, 49.85363675602412]}, "properties": {"source": "deepforest", "kind": "tree", "score": 0.2781759202480316, "crown_m": 2.02}}, {"type": "Feature", "geometry": {"type": "Point", "coordinates": [-119.48203146457672, 49.854749137215016]}, "properties": {"source": "deepforest", "kind": "tree", "score": 0.27794724702835083, "crown_m": 2.31}}, {"type": "Feature", "geometry": {"type": "Point", "coordinates": [-119.47703182697296, 49.853871080191546]}, "properties": {"source": "deepforest", "kind": "tree", "score": 0.2776878774166107, "crown_m": 2.41}}, {"type": "Feature", "geometry": {"type": "Point", "coordinates": [-119.478974416852, 49.854949734906796]}, "properties": {"source": "deepforest", "kind": "tree", "score": 0.2775918245315552, "crown_m": 2.5}}, {"type": "Feature", "geometry": {"type": "Point", "coordinates": [-119.48078691959381, 49.85606727361602]}, "properties": {"source": "deepforest", "kind": "tree", "score": 0.2774137258529663, "crown_m": 2.79}}, {"type": "Feature", "geometry": {"type": "Point", "coordinates": [-119.47932980954647, 49.855273110467095]}, "properties": {"source": "deepforest", "kind": "tree", "score": 0.2773407995700836, "crown_m": 2.7}}, {"type": "Feature", "geometry": {"type": "Point", "coordinates": [-119.47511203587055, 49.85348760075012]}, "properties": {"source": "deepforest", "kind": "tree", "score": 0.27725645899772644, "crown_m": 2.89}}, {"type": "Feature", "geometry": {"type": "Point", "coordinates": [-119.47800882160664, 49.855831230842334]}, "properties": {"source": "deepforest", "kind": "tree", "score": 0.2771930992603302, "crown_m": 2.6}}, {"type": "Feature", "geometry": {"type": "Point", "coordinates": [-119.47651885449886, 49.855973894195046]}, "properties": {"source": "deepforest", "kind": "tree", "score": 0.27705320715904236, "crown_m": 2.41}}, {"type": "Feature", "geometry": {"type": "Point", "coordinates": [-119.47945721447468, 49.85474654327389]}, "properties": {"source": "deepforest", "kind": "tree", "score": 0.2770429849624634, "crown_m": 1.35}}, {"type": "Feature", "geometry": {"type": "Point", "coordinates": [-119.47904549539089, 49.85506127378034]}, "properties": {"source": "deepforest", "kind": "tree", "score": 0.27695050835609436, "crown_m": 2.6}}, {"type": "Feature", "geometry": {"type": "Point", "coordinates": [-119.47804167866707, 49.855803995063475]}, "properties": {"source": "deepforest", "kind": "tree", "score": 0.2766256034374237, "crown_m": 1.54}}, {"type": "Feature", "geometry": {"type": "Point", "coordinates": [-119.4780658185482, 49.85621339475525]}, "properties": {"source": "deepforest", "kind": "tree", "score": 0.27631479501724243, "crown_m": 2.02}}, {"type": "Feature", "geometry": {"type": "Point", "coordinates": [-119.47603538632393, 49.85715971297479]}, "properties": {"source": "deepforest", "kind": "tree", "score": 0.2762933373451233, "crown_m": 2.5}}, {"type": "Feature", "geometry": {"type": "Point", "coordinates": [-119.4822607934475, 49.853302993440195]}, "properties": {"source": "deepforest", "kind": "tree", "score": 0.2760474681854248, "crown_m": 2.6}}, {"type": "Feature", "geometry": {"type": "Point", "coordinates": [-119.47517171502113, 49.85399602379424]}, "properties": {"source": "deepforest", "kind": "tree", "score": 0.2760216295719147, "crown_m": 1.93}}, {"type": "Feature", "geometry": {"type": "Point", "coordinates": [-119.47814427316189, 49.853500138457555]}, "properties": {"source": "deepforest", "kind": "tree", "score": 0.2760084271430969, "crown_m": 1.64}}, {"type": "Feature", "geometry": {"type": "Point", "coordinates": [-119.47810672223568, 49.85578367629783]}, "properties": {"source": "deepforest", "kind": "tree", "score": 0.27591845393180847, "crown_m": 2.6}}, {"type": "Feature", "geometry": {"type": "Point", "coordinates": [-119.48235265910625, 49.85535265706474]}, "properties": {"source": "deepforest", "kind": "tree", "score": 0.27577048540115356, "crown_m": 2.12}}, {"type": "Feature", "geometry": {"type": "Point", "coordinates": [-119.47726987302303, 49.85473314124254]}, "properties": {"source": "deepforest", "kind": "tree", "score": 0.2756439745426178, "crown_m": 2.02}}, {"type": "Feature", "geometry": {"type": "Point", "coordinates": [-119.47822272777557, 49.85353645455723]}, "properties": {"source": "deepforest", "kind": "tree", "score": 0.2756405770778656, "crown_m": 2.31}}, {"type": "Feature", "geometry": {"type": "Point", "coordinates": [-119.47865657508373, 49.855318503922014]}, "properties": {"source": "deepforest", "kind": "tree", "score": 0.2754601836204529, "crown_m": 2.6}}, {"type": "Feature", "geometry": {"type": "Point", "coordinates": [-119.48015995323658, 49.855495754147164]}, "properties": {"source": "deepforest", "kind": "tree", "score": 0.2753249406814575, "crown_m": 2.02}}, {"type": "Feature", "geometry": {"type": "Point", "coordinates": [-119.47536751627922, 49.85483819577578]}, "properties": {"source": "deepforest", "kind": "tree", "score": 0.27502477169036865, "crown_m": 1.73}}, {"type": "Feature", "geometry": {"type": "Point", "coordinates": [-119.48239155113697, 49.85453859520755]}, "properties": {"source": "deepforest", "kind": "tree", "score": 0.2749663293361664, "crown_m": 2.02}}, {"type": "Feature", "geometry": {"type": "Point", "coordinates": [-119.48030412197113, 49.855030578999724]}, "properties": {"source": "deepforest", "kind": "tree", "score": 0.2745606005191803, "crown_m": 1.64}}, {"type": "Feature", "geometry": {"type": "Point", "coordinates": [-119.48039062321186, 49.85401980195195]}, "properties": {"source": "deepforest", "kind": "tree", "score": 0.2744711637496948, "crown_m": 2.21}}, {"type": "Feature", "geometry": {"type": "Point", "coordinates": [-119.47470366954803, 49.85627910589278]}, "properties": {"source": "deepforest", "kind": "tree", "score": 0.2743881940841675, "crown_m": 2.31}}, {"type": "Feature", "geometry": {"type": "Point", "coordinates": [-119.47824954986572, 49.85630590909428]}, "properties": {"source": "deepforest", "kind": "tree", "score": 0.27426886558532715, "crown_m": 1.92}}, {"type": "Feature", "geometry": {"type": "Point", "coordinates": [-119.48026053607464, 49.85481657963533]}, "properties": {"source": "deepforest", "kind": "tree", "score": 0.2739853262901306, "crown_m": 3.08}}, {"type": "Feature", "geometry": {"type": "Point", "coordinates": [-119.47801887989044, 49.85578627018329]}, "properties": {"source": "deepforest", "kind": "tree", "score": 0.2736778259277344, "crown_m": 2.31}}, {"type": "Feature", "geometry": {"type": "Point", "coordinates": [-119.48065146803856, 49.85576465446693]}, "properties": {"source": "deepforest", "kind": "tree", "score": 0.27365902066230774, "crown_m": 8.09}}, {"type": "Feature", "geometry": {"type": "Point", "coordinates": [-119.47555594146252, 49.85625446422668]}, "properties": {"source": "deepforest", "kind": "tree", "score": 0.2736421525478363, "crown_m": 3.08}}, {"type": "Feature", "geometry": {"type": "Point", "coordinates": [-119.47937272489071, 49.85178935983892]}, "properties": {"source": "deepforest", "kind": "tree", "score": 0.2733691930770874, "crown_m": 2.7}}, {"type": "Feature", "geometry": {"type": "Point", "coordinates": [-119.47647526860237, 49.85716057757867]}, "properties": {"source": "deepforest", "kind": "tree", "score": 0.2733273208141327, "crown_m": 1.73}}, {"type": "Feature", "geometry": {"type": "Point", "coordinates": [-119.48222994804382, 49.853724519636884]}, "properties": {"source": "deepforest", "kind": "tree", "score": 0.273246169090271, "crown_m": 1.93}}, {"type": "Feature", "geometry": {"type": "Point", "coordinates": [-119.4783078879118, 49.85154897264832]}, "properties": {"source": "deepforest", "kind": "tree", "score": 0.2732042074203491, "crown_m": 11.55}}, {"type": "Feature", "geometry": {"type": "Point", "coordinates": [-119.48219709098339, 49.85361168067692]}, "properties": {"source": "deepforest", "kind": "tree", "score": 0.2731815278530121, "crown_m": 5.49}}, {"type": "Feature", "geometry": {"type": "Point", "coordinates": [-119.47587311267853, 49.854949734906796]}, "properties": {"source": "deepforest", "kind": "tree", "score": 0.2731160819530487, "crown_m": 2.31}}, {"type": "Feature", "geometry": {"type": "Point", "coordinates": [-119.47976231575012, 49.852839526547534]}, "properties": {"source": "deepforest", "kind": "tree", "score": 0.2729111909866333, "crown_m": 1.44}}, {"type": "Feature", "geometry": {"type": "Point", "coordinates": [-119.47982735931873, 49.85570067188985]}, "properties": {"source": "deepforest", "kind": "tree", "score": 0.2728312313556671, "crown_m": 2.02}}, {"type": "Feature", "geometry": {"type": "Point", "coordinates": [-119.48158621788025, 49.85620518085678]}, "properties": {"source": "deepforest", "kind": "tree", "score": 0.27273473143577576, "crown_m": 2.12}}, {"type": "Feature", "geometry": {"type": "Point", "coordinates": [-119.4747418910265, 49.85597605575775]}, "properties": {"source": "deepforest", "kind": "tree", "score": 0.2726895213127136, "crown_m": 2.98}}, {"type": "Feature", "geometry": {"type": "Point", "coordinates": [-119.48008552193642, 49.85506127378034]}, "properties": {"source": "deepforest", "kind": "tree", "score": 0.2725265920162201, "crown_m": 2.7}}, {"type": "Feature", "geometry": {"type": "Point", "coordinates": [-119.48064409196377, 49.85550742670015]}, "properties": {"source": "deepforest", "kind": "tree", "score": 0.2725233733654022, "crown_m": 2.6}}, {"type": "Feature", "geometry": {"type": "Point", "coordinates": [-119.47617419064045, 49.85293680308291]}, "properties": {"source": "deepforest", "kind": "tree", "score": 0.2720905542373657, "crown_m": 2.5}}, {"type": "Feature", "geometry": {"type": "Point", "coordinates": [-119.47956785559654, 49.85427530832635]}, "properties": {"source": "deepforest", "kind": "tree", "score": 0.2719714343547821, "crown_m": 2.89}}, {"type": "Feature", "geometry": {"type": "Point", "coordinates": [-119.47704389691353, 49.85615632974755]}, "properties": {"source": "deepforest", "kind": "tree", "score": 0.27177953720092773, "crown_m": 3.18}}, {"type": "Feature", "geometry": {"type": "Point", "coordinates": [-119.4762546569109, 49.852881463566796]}, "properties": {"source": "deepforest", "kind": "tree", "score": 0.2712828516960144, "crown_m": 2.6}}, {"type": "Feature", "geometry": {"type": "Point", "coordinates": [-119.48169618844986, 49.85600502068875]}, "properties": {"source": "deepforest", "kind": "tree", "score": 0.2712342441082001, "crown_m": 2.6}}, {"type": "Feature", "geometry": {"type": "Point", "coordinates": [-119.47427853941917, 49.85722801663351]}, "properties": {"source": "deepforest", "kind": "tree", "score": 0.2711642384529114, "crown_m": 3.08}}, {"type": "Feature", "geometry": {"type": "Point", "coordinates": [-119.48079094290733, 49.855172380076745]}, "properties": {"source": "deepforest", "kind": "tree", "score": 0.2710411548614502, "crown_m": 2.79}}, {"type": "Feature", "geometry": {"type": "Point", "coordinates": [-119.47967648506165, 49.85537211137576]}, "properties": {"source": "deepforest", "kind": "tree", "score": 0.27080607414245605, "crown_m": 2.5}}, {"type": "Feature", "geometry": {"type": "Point", "coordinates": [-119.47872698307037, 49.8569898180125]}, "properties": {"source": "deepforest", "kind": "tree", "score": 0.2707986831665039, "crown_m": 1.83}}, {"type": "Feature", "geometry": {"type": "Point", "coordinates": [-119.4804161041975, 49.85443829561243]}, "properties": {"source": "deepforest", "kind": "tree", "score": 0.2707110345363617, "crown_m": 1.64}}, {"type": "Feature", "geometry": {"type": "Point", "coordinates": [-119.47655908763409, 49.856806520996535]}, "properties": {"source": "deepforest", "kind": "tree", "score": 0.2706482410430908, "crown_m": 2.41}}, {"type": "Feature", "geometry": {"type": "Point", "coordinates": [-119.48233924806118, 49.854701581605646]}, "properties": {"source": "deepforest", "kind": "tree", "score": 0.27063506841659546, "crown_m": 5.2}}, {"type": "Feature", "geometry": {"type": "Point", "coordinates": [-119.48153994977474, 49.85184815940138]}, "properties": {"source": "deepforest", "kind": "tree", "score": 0.27049532532691956, "crown_m": 2.12}}, {"type": "Feature", "geometry": {"type": "Point", "coordinates": [-119.47532795369625, 49.853814444749666]}, "properties": {"source": "deepforest", "kind": "tree", "score": 0.27049219608306885, "crown_m": 2.21}}, {"type": "Feature", "geometry": {"type": "Point", "coordinates": [-119.48212333023548, 49.85599075438162]}, "properties": {"source": "deepforest", "kind": "tree", "score": 0.2703189253807068, "crown_m": 4.43}}, {"type": "Feature", "geometry": {"type": "Point", "coordinates": [-119.47613932192326, 49.8571043782944]}, "properties": {"source": "deepforest", "kind": "tree", "score": 0.2700296640396118, "crown_m": 4.23}}, {"type": "Feature", "geometry": {"type": "Point", "coordinates": [-119.47935126721859, 49.85187193861588]}, "properties": {"source": "deepforest", "kind": "tree", "score": 0.2699601352214813, "crown_m": 2.6}}, {"type": "Feature", "geometry": {"type": "Point", "coordinates": [-119.47685949504375, 49.854897423951044]}, "properties": {"source": "deepforest", "kind": "tree", "score": 0.2699478566646576, "crown_m": 6.45}}, {"type": "Feature", "geometry": {"type": "Point", "coordinates": [-119.47800882160664, 49.85371587298261]}, "properties": {"source": "deepforest", "kind": "tree", "score": 0.2698829770088196, "crown_m": 2.5}}, {"type": "Feature", "geometry": {"type": "Point", "coordinates": [-119.47604946792126, 49.85572834004168]}, "properties": {"source": "deepforest", "kind": "tree", "score": 0.26980072259902954, "crown_m": 3.75}}, {"type": "Feature", "geometry": {"type": "Point", "coordinates": [-119.47777815163136, 49.85690076341706]}, "properties": {"source": "deepforest", "kind": "tree", "score": 0.2696685791015625, "crown_m": 1.44}}, {"type": "Feature", "geometry": {"type": "Point", "coordinates": [-119.47538428008556, 49.85443008141223]}, "properties": {"source": "deepforest", "kind": "tree", "score": 0.2696482837200165, "crown_m": 1.93}}, {"type": "Feature", "geometry": {"type": "Point", "coordinates": [-119.48117516934872, 49.85589434862002]}, "properties": {"source": "deepforest", "kind": "tree", "score": 0.26946088671684265, "crown_m": 1.64}}, {"type": "Feature", "geometry": {"type": "Point", "coordinates": [-119.48251627385616, 49.85578627018329]}, "properties": {"source": "deepforest", "kind": "tree", "score": 0.2692165970802307, "crown_m": 2.02}}, {"type": "Feature", "geometry": {"type": "Point", "coordinates": [-119.47995208203793, 49.85208940979848]}, "properties": {"source": "deepforest", "kind": "tree", "score": 0.26891398429870605, "crown_m": 1.44}}, {"type": "Feature", "geometry": {"type": "Point", "coordinates": [-119.4814594835043, 49.85156713143468]}, "properties": {"source": "deepforest", "kind": "tree", "score": 0.26890283823013306, "crown_m": 2.31}}, {"type": "Feature", "geometry": {"type": "Point", "coordinates": [-119.47752468287945, 49.85713680096638]}, "properties": {"source": "deepforest", "kind": "tree", "score": 0.268880695104599, "crown_m": 2.79}}, {"type": "Feature", "geometry": {"type": "Point", "coordinates": [-119.47914741933346, 49.85289573079186]}, "properties": {"source": "deepforest", "kind": "tree", "score": 0.26879116892814636, "crown_m": 2.02}}, {"type": "Feature", "geometry": {"type": "Point", "coordinates": [-119.47524145245552, 49.85316248389092]}, "properties": {"source": "deepforest", "kind": "tree", "score": 0.2686599791049957, "crown_m": 1.93}}, {"type": "Feature", "geometry": {"type": "Point", "coordinates": [-119.47726249694824, 49.855794484152966]}, "properties": {"source": "deepforest", "kind": "tree", "score": 0.26865237951278687, "crown_m": 9.24}}, {"type": "Feature", "geometry": {"type": "Point", "coordinates": [-119.48051534593105, 49.85462851880551]}, "properties": {"source": "deepforest", "kind": "tree", "score": 0.2684476971626282, "crown_m": 2.02}}, {"type": "Feature", "geometry": {"type": "Point", "coordinates": [-119.47860226035118, 49.856219447100614]}, "properties": {"source": "deepforest", "kind": "tree", "score": 0.26833751797676086, "crown_m": 3.75}}, {"type": "Feature", "geometry": {"type": "Point", "coordinates": [-119.4753809273243, 49.853319854558656]}, "properties": {"source": "deepforest", "kind": "tree", "score": 0.26832062005996704, "crown_m": 5.2}}, {"type": "Feature", "geometry": {"type": "Point", "coordinates": [-119.48283679783344, 49.856399287873664]}, "properties": {"source": "deepforest", "kind": "tree", "score": 0.2682812511920929, "crown_m": 2.6}}, {"type": "Feature", "geometry": {"type": "Point", "coordinates": [-119.47800748050213, 49.8535403455663]}, "properties": {"source": "deepforest", "kind": "tree", "score": 0.26824963092803955, "crown_m": 2.5}}, {"type": "Feature", "geometry": {"type": "Point", "coordinates": [-119.47481833398342, 49.85497394491673]}, "properties": {"source": "deepforest", "kind": "tree", "score": 0.2681444585323334, "crown_m": 1.93}}, {"type": "Feature", "geometry": {"type": "Point", "coordinates": [-119.47796523571014, 49.85578065009796]}, "properties": {"source": "deepforest", "kind": "tree", "score": 0.268026739358902, "crown_m": 2.31}}, {"type": "Feature", "geometry": {"type": "Point", "coordinates": [-119.47951823472977, 49.854850733132814]}, "properties": {"source": "deepforest", "kind": "tree", "score": 0.267804890871048, "crown_m": 3.18}}, {"type": "Feature", "geometry": {"type": "Point", "coordinates": [-119.48244586586952, 49.8557780562122]}, "properties": {"source": "deepforest", "kind": "tree", "score": 0.2678045630455017, "crown_m": 1.54}}, {"type": "Feature", "geometry": {"type": "Point", "coordinates": [-119.4758938997984, 49.852363949555986]}, "properties": {"source": "deepforest", "kind": "tree", "score": 0.26776981353759766, "crown_m": 1.83}}, {"type": "Feature", "geometry": {"type": "Point", "coordinates": [-119.4765168428421, 49.85295885240371]}, "properties": {"source": "deepforest", "kind": "tree", "score": 0.26759862899780273, "crown_m": 2.21}}, {"type": "Feature", "geometry": {"type": "Point", "coordinates": [-119.47959065437317, 49.853166807267755]}, "properties": {"source": "deepforest", "kind": "tree", "score": 0.26759329438209534, "crown_m": 2.31}}, {"type": "Feature", "geometry": {"type": "Point", "coordinates": [-119.47838567197323, 49.85370938799089]}, "properties": {"source": "deepforest", "kind": "tree", "score": 0.26744726300239563, "crown_m": 2.98}}, {"type": "Feature", "geometry": {"type": "Point", "coordinates": [-119.47576716542244, 49.85443786328614]}, "properties": {"source": "deepforest", "kind": "tree", "score": 0.26672014594078064, "crown_m": 1.73}}, {"type": "Feature", "geometry": {"type": "Point", "coordinates": [-119.47752602398396, 49.85689471115705]}, "properties": {"source": "deepforest", "kind": "tree", "score": 0.2666330933570862, "crown_m": 1.64}}, {"type": "Feature", "geometry": {"type": "Point", "coordinates": [-119.48210388422012, 49.85575211734701]}, "properties": {"source": "deepforest", "kind": "tree", "score": 0.2664779722690582, "crown_m": 7.12}}, {"type": "Feature", "geometry": {"type": "Point", "coordinates": [-119.48202408850193, 49.85182005667824]}, "properties": {"source": "deepforest", "kind": "tree", "score": 0.2663240432739258, "crown_m": 5.29}}, {"type": "Feature", "geometry": {"type": "Point", "coordinates": [-119.48225140571594, 49.8556833792869]}, "properties": {"source": "deepforest", "kind": "tree", "score": 0.2662820518016815, "crown_m": 2.12}}, {"type": "Feature", "geometry": {"type": "Point", "coordinates": [-119.47583556175232, 49.85536260038024]}, "properties": {"source": "deepforest", "kind": "tree", "score": 0.2660994231700897, "crown_m": 2.41}}, {"type": "Feature", "geometry": {"type": "Point", "coordinates": [-119.47649538516998, 49.854964001521246]}, "properties": {"source": "deepforest", "kind": "tree", "score": 0.26601657271385193, "crown_m": 2.21}}, {"type": "Feature", "geometry": {"type": "Point", "coordinates": [-119.4759750366211, 49.85486672906636]}, "properties": {"source": "deepforest", "kind": "tree", "score": 0.2657416760921478, "crown_m": 1.93}}, {"type": "Feature", "geometry": {"type": "Point", "coordinates": [-119.47684273123741, 49.85712858722486]}, "properties": {"source": "deepforest", "kind": "tree", "score": 0.2654174566268921, "crown_m": 1.54}}, {"type": "Feature", "geometry": {"type": "Point", "coordinates": [-119.48147892951965, 49.85150227859492]}, "properties": {"source": "deepforest", "kind": "tree", "score": 0.2651706635951996, "crown_m": 3.27}}, {"type": "Feature", "geometry": {"type": "Point", "coordinates": [-119.4764357060194, 49.85486110887409]}, "properties": {"source": "deepforest", "kind": "tree", "score": 0.2649626135826111, "crown_m": 1.83}}, {"type": "Feature", "geometry": {"type": "Point", "coordinates": [-119.47695270180702, 49.85647105107223]}, "properties": {"source": "deepforest", "kind": "tree", "score": 0.2648908793926239, "crown_m": 2.12}}, {"type": "Feature", "geometry": {"type": "Point", "coordinates": [-119.47473518550396, 49.856112666324925]}, "properties": {"source": "deepforest", "kind": "tree", "score": 0.2648071348667145, "crown_m": 2.12}}, {"type": "Feature", "geometry": {"type": "Point", "coordinates": [-119.47468422353268, 49.85680133333503]}, "properties": {"source": "deepforest", "kind": "tree", "score": 0.2647039294242859, "crown_m": 1.64}}, {"type": "Feature", "geometry": {"type": "Point", "coordinates": [-119.47657853364944, 49.856800036419564]}, "properties": {"source": "deepforest", "kind": "tree", "score": 0.26456257700920105, "crown_m": 2.12}}, {"type": "Feature", "geometry": {"type": "Point", "coordinates": [-119.479109197855, 49.85599032206922]}, "properties": {"source": "deepforest", "kind": "tree", "score": 0.26439550518989563, "crown_m": 1.44}}, {"type": "Feature", "geometry": {"type": "Point", "coordinates": [-119.47832599282265, 49.85257104229391]}, "properties": {"source": "deepforest", "kind": "tree", "score": 0.2643904387950897, "crown_m": 2.12}}, {"type": "Feature", "geometry": {"type": "Point", "coordinates": [-119.47484515607357, 49.85452216683985]}, "properties": {"source": "deepforest", "kind": "tree", "score": 0.2642861306667328, "crown_m": 6.64}}, {"type": "Feature", "geometry": {"type": "Point", "coordinates": [-119.47682864964008, 49.85421953801471]}, "properties": {"source": "deepforest", "kind": "tree", "score": 0.26416507363319397, "crown_m": 1.44}}, {"type": "Feature", "geometry": {"type": "Point", "coordinates": [-119.47830386459827, 49.85203363696424]}, "properties": {"source": "deepforest", "kind": "tree", "score": 0.2641407251358032, "crown_m": 1.44}}, {"type": "Feature", "geometry": {"type": "Point", "coordinates": [-119.47595357894897, 49.853788504830455]}, "properties": {"source": "deepforest", "kind": "tree", "score": 0.26410529017448425, "crown_m": 2.12}}, {"type": "Feature", "geometry": {"type": "Point", "coordinates": [-119.48090426623821, 49.854434404675665]}, "properties": {"source": "deepforest", "kind": "tree", "score": 0.26399165391921997, "crown_m": 2.89}}, {"type": "Feature", "geometry": {"type": "Point", "coordinates": [-119.47594352066517, 49.85692799857775]}, "properties": {"source": "deepforest", "kind": "tree", "score": 0.2638920247554779, "crown_m": 2.02}}, {"type": "Feature", "geometry": {"type": "Point", "coordinates": [-119.48077216744423, 49.85636600008875]}, "properties": {"source": "deepforest", "kind": "tree", "score": 0.26386573910713196, "crown_m": 2.12}}, {"type": "Feature", "geometry": {"type": "Point", "coordinates": [-119.47980053722858, 49.85641917407189]}, "properties": {"source": "deepforest", "kind": "tree", "score": 0.26370078325271606, "crown_m": 2.21}}, {"type": "Feature", "geometry": {"type": "Point", "coordinates": [-119.48082514107227, 49.857216344496145]}, "properties": {"source": "deepforest", "kind": "tree", "score": 0.26355838775634766, "crown_m": 2.6}}, {"type": "Feature", "geometry": {"type": "Point", "coordinates": [-119.47703316807747, 49.85333585099893]}, "properties": {"source": "deepforest", "kind": "tree", "score": 0.2634385824203491, "crown_m": 2.6}}, {"type": "Feature", "geometry": {"type": "Point", "coordinates": [-119.47940424084663, 49.85616324672177]}, "properties": {"source": "deepforest", "kind": "tree", "score": 0.26340174674987793, "crown_m": 1.64}}, {"type": "Feature", "geometry": {"type": "Point", "coordinates": [-119.48123753070831, 49.855682082341424]}, "properties": {"source": "deepforest", "kind": "tree", "score": 0.26333338022232056, "crown_m": 1.93}}, {"type": "Feature", "geometry": {"type": "Point", "coordinates": [-119.48187053203583, 49.85406130561736]}, "properties": {"source": "deepforest", "kind": "tree", "score": 0.2633119225502014, "crown_m": 2.41}}, {"type": "Feature", "geometry": {"type": "Point", "coordinates": [-119.47968989610672, 49.85395970803991]}, "properties": {"source": "deepforest", "kind": "tree", "score": 0.26327839493751526, "crown_m": 1.54}}, {"type": "Feature", "geometry": {"type": "Point", "coordinates": [-119.4826591014862, 49.85522036754211]}, "properties": {"source": "deepforest", "kind": "tree", "score": 0.26319900155067444, "crown_m": 2.5}}, {"type": "Feature", "geometry": {"type": "Point", "coordinates": [-119.47861030697823, 49.85723968876807]}, "properties": {"source": "deepforest", "kind": "tree", "score": 0.26318174600601196, "crown_m": 1.73}}, {"type": "Feature", "geometry": {"type": "Point", "coordinates": [-119.47954975068569, 49.85399083583101]}, "properties": {"source": "deepforest", "kind": "tree", "score": 0.26313644647598267, "crown_m": 1.54}}, {"type": "Feature", "geometry": {"type": "Point", "coordinates": [-119.4821186363697, 49.85412658735226]}, "properties": {"source": "deepforest", "kind": "tree", "score": 0.2631136476993561, "crown_m": 2.31}}, {"type": "Feature", "geometry": {"type": "Point", "coordinates": [-119.47979114949703, 49.85201201956931]}, "properties": {"source": "deepforest", "kind": "tree", "score": 0.2630999982357025, "crown_m": 2.41}}, {"type": "Feature", "geometry": {"type": "Point", "coordinates": [-119.47965033352375, 49.85613687575224]}, "properties": {"source": "deepforest", "kind": "tree", "score": 0.2629944980144501, "crown_m": 2.12}}, {"type": "Feature", "geometry": {"type": "Point", "coordinates": [-119.47727389633656, 49.85533104115442]}, "properties": {"source": "deepforest", "kind": "tree", "score": 0.26299306750297546, "crown_m": 1.54}}, {"type": "Feature", "geometry": {"type": "Point", "coordinates": [-119.47799406945705, 49.85594492924538]}, "properties": {"source": "deepforest", "kind": "tree", "score": 0.2628058195114136, "crown_m": 5.77}}, {"type": "Feature", "geometry": {"type": "Point", "coordinates": [-119.47578124701977, 49.85496313687807]}, "properties": {"source": "deepforest", "kind": "tree", "score": 0.2627982795238495, "crown_m": 1.83}}, {"type": "Feature", "geometry": {"type": "Point", "coordinates": [-119.47863109409809, 49.854967892415374]}, "properties": {"source": "deepforest", "kind": "tree", "score": 0.26278918981552124, "crown_m": 1.64}}, {"type": "Feature", "geometry": {"type": "Point", "coordinates": [-119.4799393415451, 49.85640966328246]}, "properties": {"source": "deepforest", "kind": "tree", "score": 0.26262983679771423, "crown_m": 1.83}}, {"type": "Feature", "geometry": {"type": "Point", "coordinates": [-119.47576649487019, 49.85499599330808]}, "properties": {"source": "deepforest", "kind": "tree", "score": 0.2625793516635895, "crown_m": 2.41}}, {"type": "Feature", "geometry": {"type": "Point", "coordinates": [-119.47555057704449, 49.85461814301429]}, "properties": {"source": "deepforest", "kind": "tree", "score": 0.2624356746673584, "crown_m": 2.98}}, {"type": "Feature", "geometry": {"type": "Point", "coordinates": [-119.47796523571014, 49.85599421288071]}, "properties": {"source": "deepforest", "kind": "tree", "score": 0.2622663676738739, "crown_m": 1.73}}, {"type": "Feature", "geometry": {"type": "Point", "coordinates": [-119.48187120258808, 49.85556492479038]}, "properties": {"source": "deepforest", "kind": "tree", "score": 0.2620728015899658, "crown_m": 2.41}}, {"type": "Feature", "geometry": {"type": "Point", "coordinates": [-119.47989776730537, 49.856226796376085]}, "properties": {"source": "deepforest", "kind": "tree", "score": 0.26206737756729126, "crown_m": 2.5}}, {"type": "Feature", "geometry": {"type": "Point", "coordinates": [-119.48283612728119, 49.855099750308796]}, "properties": {"source": "deepforest", "kind": "tree", "score": 0.2618849575519562, "crown_m": 1.83}}, {"type": "Feature", "geometry": {"type": "Point", "coordinates": [-119.47767086327076, 49.857094435337295]}, "properties": {"source": "deepforest", "kind": "tree", "score": 0.26172077655792236, "crown_m": 2.41}}, {"type": "Feature", "geometry": {"type": "Point", "coordinates": [-119.47578862309456, 49.85234579106901]}, "properties": {"source": "deepforest", "kind": "tree", "score": 0.2616768181324005, "crown_m": 1.64}}, {"type": "Feature", "geometry": {"type": "Point", "coordinates": [-119.47932913899422, 49.851920361707435]}, "properties": {"source": "deepforest", "kind": "tree", "score": 0.2615766227245331, "crown_m": 2.7}}, {"type": "Feature", "geometry": {"type": "Point", "coordinates": [-119.48186986148357, 49.857073252508826]}, "properties": {"source": "deepforest", "kind": "tree", "score": 0.26149991154670715, "crown_m": 2.31}}, {"type": "Feature", "geometry": {"type": "Point", "coordinates": [-119.4779933989048, 49.85579275489631]}, "properties": {"source": "deepforest", "kind": "tree", "score": 0.26146209239959717, "crown_m": 3.46}}, {"type": "Feature", "geometry": {"type": "Point", "coordinates": [-119.47640620172024, 49.85324808668034]}, "properties": {"source": "deepforest", "kind": "tree", "score": 0.2613690495491028, "crown_m": 2.79}}, {"type": "Feature", "geometry": {"type": "Point", "coordinates": [-119.47752602398396, 49.85501198919354]}, "properties": {"source": "deepforest", "kind": "tree", "score": 0.26134219765663147, "crown_m": 2.5}}, {"type": "Feature", "geometry": {"type": "Point", "coordinates": [-119.4813434779644, 49.852301259512544]}, "properties": {"source": "deepforest", "kind": "tree", "score": 0.26129814982414246, "crown_m": 2.89}}, {"type": "Feature", "geometry": {"type": "Point", "coordinates": [-119.47496183216572, 49.853615571679924]}, "properties": {"source": "deepforest", "kind": "tree", "score": 0.26109305024147034, "crown_m": 1.93}}, {"type": "Feature", "geometry": {"type": "Point", "coordinates": [-119.480911642313, 49.85465445827383]}, "properties": {"source": "deepforest", "kind": "tree", "score": 0.260929673910141, "crown_m": 2.7}}, {"type": "Feature", "geometry": {"type": "Point", "coordinates": [-119.48095321655273, 49.85383779066505]}, "properties": {"source": "deepforest", "kind": "tree", "score": 0.2608615756034851, "crown_m": 3.85}}, {"type": "Feature", "geometry": {"type": "Point", "coordinates": [-119.47586506605148, 49.856226796376085]}, "properties": {"source": "deepforest", "kind": "tree", "score": 0.2606995403766632, "crown_m": 2.31}}, {"type": "Feature", "geometry": {"type": "Point", "coordinates": [-119.4801177084446, 49.854791072577186]}, "properties": {"source": "deepforest", "kind": "tree", "score": 0.26056793332099915, "crown_m": 2.5}}, {"type": "Feature", "geometry": {"type": "Point", "coordinates": [-119.47594419121742, 49.855295591040566]}, "properties": {"source": "deepforest", "kind": "tree", "score": 0.26037463545799255, "crown_m": 1.35}}, {"type": "Feature", "geometry": {"type": "Point", "coordinates": [-119.48182694613934, 49.8536358913572]}, "properties": {"source": "deepforest", "kind": "tree", "score": 0.26012417674064636, "crown_m": 2.6}}, {"type": "Feature", "geometry": {"type": "Point", "coordinates": [-119.48043689131737, 49.85452173451431]}, "properties": {"source": "deepforest", "kind": "tree", "score": 0.26006096601486206, "crown_m": 1.54}}, {"type": "Feature", "geometry": {"type": "Point", "coordinates": [-119.47535276412964, 49.85641787714617]}, "properties": {"source": "deepforest", "kind": "tree", "score": 0.25995051860809326, "crown_m": 2.5}}, {"type": "Feature", "geometry": {"type": "Point", "coordinates": [-119.4791729003191, 49.85200250791248]}, "properties": {"source": "deepforest", "kind": "tree", "score": 0.25980496406555176, "crown_m": 2.02}}, {"type": "Feature", "geometry": {"type": "Point", "coordinates": [-119.47758838534355, 49.85182610957384]}, "properties": {"source": "deepforest", "kind": "tree", "score": 0.25964319705963135, "crown_m": 4.24}}, {"type": "Feature", "geometry": {"type": "Point", "coordinates": [-119.4765168428421, 49.85480577156149]}, "properties": {"source": "deepforest", "kind": "tree", "score": 0.2596154510974884, "crown_m": 2.98}}, {"type": "Feature", "geometry": {"type": "Point", "coordinates": [-119.47585768997669, 49.85509845334766]}, "properties": {"source": "deepforest", "kind": "tree", "score": 0.2595263719558716, "crown_m": 1.93}}, {"type": "Feature", "geometry": {"type": "Point", "coordinates": [-119.4776500761509, 49.853504029469526]}, "properties": {"source": "deepforest", "kind": "tree", "score": 0.25948965549468994, "crown_m": 2.5}}, {"type": "Feature", "geometry": {"type": "Point", "coordinates": [-119.47752602398396, 49.85370203833255]}, "properties": {"source": "deepforest", "kind": "tree", "score": 0.2593948245048523, "crown_m": 2.7}}, {"type": "Feature", "geometry": {"type": "Point", "coordinates": [-119.48235332965851, 49.85332115156753]}, "properties": {"source": "deepforest", "kind": "tree", "score": 0.25917455554008484, "crown_m": 2.02}}, {"type": "Feature", "geometry": {"type": "Point", "coordinates": [-119.4787960499525, 49.85712426420246]}, "properties": {"source": "deepforest", "kind": "tree", "score": 0.25911927223205566, "crown_m": 2.89}}, {"type": "Feature", "geometry": {"type": "Point", "coordinates": [-119.47543524205685, 49.85297830767841]}, "properties": {"source": "deepforest", "kind": "tree", "score": 0.25910866260528564, "crown_m": 1.93}}, {"type": "Feature", "geometry": {"type": "Point", "coordinates": [-119.48049791157246, 49.85464494713707]}, "properties": {"source": "deepforest", "kind": "tree", "score": 0.2589903771877289, "crown_m": 1.44}}, {"type": "Feature", "geometry": {"type": "Point", "coordinates": [-119.47945587337017, 49.855440417561304]}, "properties": {"source": "deepforest", "kind": "tree", "score": 0.2589796483516693, "crown_m": 2.41}}, {"type": "Feature", "geometry": {"type": "Point", "coordinates": [-119.4817116111517, 49.851532543264305]}, "properties": {"source": "deepforest", "kind": "tree", "score": 0.2589278519153595, "crown_m": 2.5}}, {"type": "Feature", "geometry": {"type": "Point", "coordinates": [-119.4760474562645, 49.8527578141065]}, "properties": {"source": "deepforest", "kind": "tree", "score": 0.25876307487487793, "crown_m": 1.93}}, {"type": "Feature", "geometry": {"type": "Point", "coordinates": [-119.4763820618391, 49.852844714634365]}, "properties": {"source": "deepforest", "kind": "tree", "score": 0.25876083970069885, "crown_m": 2.79}}, {"type": "Feature", "geometry": {"type": "Point", "coordinates": [-119.48199458420277, 49.85679701028334]}, "properties": {"source": "deepforest", "kind": "tree", "score": 0.2587577998638153, "crown_m": 2.02}}, {"type": "Feature", "geometry": {"type": "Point", "coordinates": [-119.47705462574959, 49.85333758034351]}, "properties": {"source": "deepforest", "kind": "tree", "score": 0.258603572845459, "crown_m": 2.21}}, {"type": "Feature", "geometry": {"type": "Point", "coordinates": [-119.48256120085716, 49.852114053588465]}, "properties": {"source": "deepforest", "kind": "tree", "score": 0.2585645020008087, "crown_m": 2.02}}, {"type": "Feature", "geometry": {"type": "Point", "coordinates": [-119.48042280972004, 49.85563106912533]}, "properties": {"source": "deepforest", "kind": "tree", "score": 0.2584485709667206, "crown_m": 3.27}}, {"type": "Feature", "geometry": {"type": "Point", "coordinates": [-119.47495646774769, 49.853836493670045]}, "properties": {"source": "deepforest", "kind": "tree", "score": 0.25837254524230957, "crown_m": 2.79}}, {"type": "Feature", "geometry": {"type": "Point", "coordinates": [-119.47461850941181, 49.85721461529037]}, "properties": {"source": "deepforest", "kind": "tree", "score": 0.25823184847831726, "crown_m": 2.6}}, {"type": "Feature", "geometry": {"type": "Point", "coordinates": [-119.47468288242817, 49.85701402700037]}, "properties": {"source": "deepforest", "kind": "tree", "score": 0.2582291066646576, "crown_m": 1.83}}, {"type": "Feature", "geometry": {"type": "Point", "coordinates": [-119.48187120258808, 49.852304285930295]}, "properties": {"source": "deepforest", "kind": "tree", "score": 0.25820180773735046, "crown_m": 2.41}}, {"type": "Feature", "geometry": {"type": "Point", "coordinates": [-119.47923861443996, 49.855682946971754]}, "properties": {"source": "deepforest", "kind": "tree", "score": 0.2581276595592499, "crown_m": 2.6}}, {"type": "Feature", "geometry": {"type": "Point", "coordinates": [-119.47680249810219, 49.85509629174569]}, "properties": {"source": "deepforest", "kind": "tree", "score": 0.25802820920944214, "crown_m": 2.31}}, {"type": "Feature", "geometry": {"type": "Point", "coordinates": [-119.47691448032856, 49.85566306047054]}, "properties": {"source": "deepforest", "kind": "tree", "score": 0.2574215829372406, "crown_m": 1.54}}, {"type": "Feature", "geometry": {"type": "Point", "coordinates": [-119.47742946445942, 49.856468024915415]}, "properties": {"source": "deepforest", "kind": "tree", "score": 0.25729575753211975, "crown_m": 2.5}}, {"type": "Feature", "geometry": {"type": "Point", "coordinates": [-119.48029473423958, 49.85478112914409]}, "properties": {"source": "deepforest", "kind": "tree", "score": 0.257242888212204, "crown_m": 1.93}}, {"type": "Feature", "geometry": {"type": "Point", "coordinates": [-119.47610713541508, 49.856221176342]}, "properties": {"source": "deepforest", "kind": "tree", "score": 0.2572256028652191, "crown_m": 2.79}}, {"type": "Feature", "geometry": {"type": "Point", "coordinates": [-119.47732217609882, 49.85207946580949]}, "properties": {"source": "deepforest", "kind": "tree", "score": 0.25716227293014526, "crown_m": 2.02}}, {"type": "Feature", "geometry": {"type": "Point", "coordinates": [-119.481585547328, 49.85544430841708]}, "properties": {"source": "deepforest", "kind": "tree", "score": 0.25709474086761475, "crown_m": 2.31}}, {"type": "Feature", "geometry": {"type": "Point", "coordinates": [-119.47489075362682, 49.85626440735662]}, "properties": {"source": "deepforest", "kind": "tree", "score": 0.2566867172718048, "crown_m": 3.56}}, {"type": "Feature", "geometry": {"type": "Point", "coordinates": [-119.47510130703449, 49.8556833792869]}, "properties": {"source": "deepforest", "kind": "tree", "score": 0.25665608048439026, "crown_m": 2.02}}, {"type": "Feature", "geometry": {"type": "Point", "coordinates": [-119.48042213916779, 49.853916042632505]}, "properties": {"source": "deepforest", "kind": "tree", "score": 0.25659510493278503, "crown_m": 2.41}}, {"type": "Feature", "geometry": {"type": "Point", "coordinates": [-119.47947733104229, 49.8558230168789]}, "properties": {"source": "deepforest", "kind": "tree", "score": 0.25658461451530457, "crown_m": 9.43}}, {"type": "Feature", "geometry": {"type": "Point", "coordinates": [-119.480866715312, 49.85349970612286]}, "properties": {"source": "deepforest", "kind": "tree", "score": 0.256255567073822, "crown_m": 3.75}}, {"type": "Feature", "geometry": {"type": "Point", "coordinates": [-119.4746620953083, 49.856460675676615]}, "properties": {"source": "deepforest", "kind": "tree", "score": 0.2561642825603485, "crown_m": 2.02}}, {"type": "Feature", "geometry": {"type": "Point", "coordinates": [-119.48101155459881, 49.85409502731924]}, "properties": {"source": "deepforest", "kind": "tree", "score": 0.2559255361557007, "crown_m": 2.79}}, {"type": "Feature", "geometry": {"type": "Point", "coordinates": [-119.47975963354111, 49.85338556963087]}, "properties": {"source": "deepforest", "kind": "tree", "score": 0.25583750009536743, "crown_m": 2.31}}, {"type": "Feature", "geometry": {"type": "Point", "coordinates": [-119.47581075131893, 49.85499080545219]}, "properties": {"source": "deepforest", "kind": "tree", "score": 0.2557496130466461, "crown_m": 2.6}}, {"type": "Feature", "geometry": {"type": "Point", "coordinates": [-119.48092103004456, 49.85684456383061]}, "properties": {"source": "deepforest", "kind": "tree", "score": 0.2556696832180023, "crown_m": 2.12}}, {"type": "Feature", "geometry": {"type": "Point", "coordinates": [-119.48004797101021, 49.85440976206888]}, "properties": {"source": "deepforest", "kind": "tree", "score": 0.2556493282318115, "crown_m": 2.7}}, {"type": "Feature", "geometry": {"type": "Point", "coordinates": [-119.47922587394714, 49.853909125336614]}, "properties": {"source": "deepforest", "kind": "tree", "score": 0.25563013553619385, "crown_m": 1.64}}, {"type": "Feature", "geometry": {"type": "Point", "coordinates": [-119.47800815105438, 49.85445947959598]}, "properties": {"source": "deepforest", "kind": "tree", "score": 0.25553035736083984, "crown_m": 2.31}}, {"type": "Feature", "geometry": {"type": "Point", "coordinates": [-119.4798582047224, 49.85278807798965]}, "properties": {"source": "deepforest", "kind": "tree", "score": 0.25532352924346924, "crown_m": 2.02}}, {"type": "Feature", "geometry": {"type": "Point", "coordinates": [-119.48197782039642, 49.854185384071144]}, "properties": {"source": "deepforest", "kind": "tree", "score": 0.2553172707557678, "crown_m": 2.12}}, {"type": "Feature", "geometry": {"type": "Point", "coordinates": [-119.47608768939972, 49.856444247962344]}, "properties": {"source": "deepforest", "kind": "tree", "score": 0.2552895247936249, "crown_m": 1.54}}, {"type": "Feature", "geometry": {"type": "Point", "coordinates": [-119.47650074958801, 49.85347722471394]}, "properties": {"source": "deepforest", "kind": "tree", "score": 0.2550886571407318, "crown_m": 2.31}}, {"type": "Feature", "geometry": {"type": "Point", "coordinates": [-119.48182761669159, 49.85513995608668]}, "properties": {"source": "deepforest", "kind": "tree", "score": 0.25500622391700745, "crown_m": 2.31}}, {"type": "Feature", "geometry": {"type": "Point", "coordinates": [-119.47678506374359, 49.852274886435474]}, "properties": {"source": "deepforest", "kind": "tree", "score": 0.2549533545970917, "crown_m": 1.64}}, {"type": "Feature", "geometry": {"type": "Point", "coordinates": [-119.47819121181965, 49.85599421288071]}, "properties": {"source": "deepforest", "kind": "tree", "score": 0.2548479437828064, "crown_m": 2.02}}, {"type": "Feature", "geometry": {"type": "Point", "coordinates": [-119.47644308209419, 49.85630461216551]}, "properties": {"source": "deepforest", "kind": "tree", "score": 0.2548413872718811, "crown_m": 1.73}}, {"type": "Feature", "geometry": {"type": "Point", "coordinates": [-119.47869680821896, 49.8555938899678]}, "properties": {"source": "deepforest", "kind": "tree", "score": 0.2547493577003479, "crown_m": 1.73}}, {"type": "Feature", "geometry": {"type": "Point", "coordinates": [-119.48187120258808, 49.8571536607472]}, "properties": {"source": "deepforest", "kind": "tree", "score": 0.25464966893196106, "crown_m": 2.5}}, {"type": "Feature", "geometry": {"type": "Point", "coordinates": [-119.47607763111591, 49.855747794201456]}, "properties": {"source": "deepforest", "kind": "tree", "score": 0.25459176301956177, "crown_m": 2.89}}, {"type": "Feature", "geometry": {"type": "Point", "coordinates": [-119.47832062840462, 49.85578670249751]}, "properties": {"source": "deepforest", "kind": "tree", "score": 0.2545589208602905, "crown_m": 2.31}}, {"type": "Feature", "geometry": {"type": "Point", "coordinates": [-119.47681188583374, 49.85490045020623]}, "properties": {"source": "deepforest", "kind": "tree", "score": 0.2545238137245178, "crown_m": 1.93}}, {"type": "Feature", "geometry": {"type": "Point", "coordinates": [-119.47493903338909, 49.85362421835215]}, "properties": {"source": "deepforest", "kind": "tree", "score": 0.25443610548973083, "crown_m": 1.93}}, {"type": "Feature", "geometry": {"type": "Point", "coordinates": [-119.47707608342171, 49.853836493670045]}, "properties": {"source": "deepforest", "kind": "tree", "score": 0.25442826747894287, "crown_m": 2.02}}, {"type": "Feature", "geometry": {"type": "Point", "coordinates": [-119.48232382535934, 49.85388361779948]}, "properties": {"source": "deepforest", "kind": "tree", "score": 0.25441476702690125, "crown_m": 4.81}}, {"type": "Feature", "geometry": {"type": "Point", "coordinates": [-119.47506912052631, 49.85347333369979]}, "properties": {"source": "deepforest", "kind": "tree", "score": 0.2544076144695282, "crown_m": 2.21}}, {"type": "Feature", "geometry": {"type": "Point", "coordinates": [-119.47472512722015, 49.85454724171463]}, "properties": {"source": "deepforest", "kind": "tree", "score": 0.25438064336776733, "crown_m": 2.6}}, {"type": "Feature", "geometry": {"type": "Point", "coordinates": [-119.47597034275532, 49.856918487888464]}, "properties": {"source": "deepforest", "kind": "tree", "score": 0.2541753947734833, "crown_m": 1.92}}, {"type": "Feature", "geometry": {"type": "Point", "coordinates": [-119.48149636387825, 49.85360476333747]}, "properties": {"source": "deepforest", "kind": "tree", "score": 0.2541472017765045, "crown_m": 2.79}}, {"type": "Feature", "geometry": {"type": "Point", "coordinates": [-119.476363286376, 49.85184037711045]}, "properties": {"source": "deepforest", "kind": "tree", "score": 0.25404101610183716, "crown_m": 2.31}}, {"type": "Feature", "geometry": {"type": "Point", "coordinates": [-119.47861030697823, 49.8539549524034]}, "properties": {"source": "deepforest", "kind": "tree", "score": 0.25389188528060913, "crown_m": 2.5}}, {"type": "Feature", "geometry": {"type": "Point", "coordinates": [-119.47603471577168, 49.85687914819925]}, "properties": {"source": "deepforest", "kind": "tree", "score": 0.2538077235221863, "crown_m": 2.41}}, {"type": "Feature", "geometry": {"type": "Point", "coordinates": [-119.47580270469189, 49.85505349200683]}, "properties": {"source": "deepforest", "kind": "tree", "score": 0.25369760394096375, "crown_m": 2.6}}, {"type": "Feature", "geometry": {"type": "Point", "coordinates": [-119.4766516238451, 49.85506170610107]}, "properties": {"source": "deepforest", "kind": "tree", "score": 0.2534845173358917, "crown_m": 2.41}}, {"type": "Feature", "geometry": {"type": "Point", "coordinates": [-119.47949476540089, 49.85556622173898]}, "properties": {"source": "deepforest", "kind": "tree", "score": 0.25336042046546936, "crown_m": 1.93}}, {"type": "Feature", "geometry": {"type": "Point", "coordinates": [-119.47941429913044, 49.85312097945359]}, "properties": {"source": "deepforest", "kind": "tree", "score": 0.2532263994216919, "crown_m": 3.08}}, {"type": "Feature", "geometry": {"type": "Point", "coordinates": [-119.47784252464771, 49.85439376598407]}, "properties": {"source": "deepforest", "kind": "tree", "score": 0.2532239556312561, "crown_m": 1.83}}, {"type": "Feature", "geometry": {"type": "Point", "coordinates": [-119.47593279182911, 49.853992565152154]}, "properties": {"source": "deepforest", "kind": "tree", "score": 0.25315940380096436, "crown_m": 1.93}}, {"type": "Feature", "geometry": {"type": "Point", "coordinates": [-119.4793177396059, 49.85184383590658]}, "properties": {"source": "deepforest", "kind": "tree", "score": 0.2529608905315399, "crown_m": 1.93}}, {"type": "Feature", "geometry": {"type": "Point", "coordinates": [-119.47594955563545, 49.85708319547028]}, "properties": {"source": "deepforest", "kind": "tree", "score": 0.25277769565582275, "crown_m": 1.83}}, {"type": "Feature", "geometry": {"type": "Point", "coordinates": [-119.4766616821289, 49.85393506519107]}, "properties": {"source": "deepforest", "kind": "tree", "score": 0.25268861651420593, "crown_m": 2.02}}, {"type": "Feature", "geometry": {"type": "Point", "coordinates": [-119.47681121528149, 49.85270247438543]}, "properties": {"source": "deepforest", "kind": "tree", "score": 0.2526035010814667, "crown_m": 1.83}}, {"type": "Feature", "geometry": {"type": "Point", "coordinates": [-119.48175318539143, 49.85599421288071]}, "properties": {"source": "deepforest", "kind": "tree", "score": 0.25250664353370667, "crown_m": 2.21}}, {"type": "Feature", "geometry": {"type": "Point", "coordinates": [-119.4754345715046, 49.852884489948224]}, "properties": {"source": "deepforest", "kind": "tree", "score": 0.2524932026863098, "crown_m": 2.02}}, {"type": "Feature", "geometry": {"type": "Point", "coordinates": [-119.48107123374939, 49.8542005155681]}, "properties": {"source": "deepforest", "kind": "tree", "score": 0.2523151934146881, "crown_m": 2.41}}, {"type": "Feature", "geometry": {"type": "Point", "coordinates": [-119.4809391349554, 49.85228483038425]}, "properties": {"source": "deepforest", "kind": "tree", "score": 0.25227826833724976, "crown_m": 10.59}}, {"type": "Feature", "geometry": {"type": "Point", "coordinates": [-119.47506844997406, 49.853733598622206]}, "properties": {"source": "deepforest", "kind": "tree", "score": 0.2522641718387604, "crown_m": 2.41}}, {"type": "Feature", "geometry": {"type": "Point", "coordinates": [-119.48129922151566, 49.85229001853064]}, "properties": {"source": "deepforest", "kind": "tree", "score": 0.2522057890892029, "crown_m": 2.7}}, {"type": "Feature", "geometry": {"type": "Point", "coordinates": [-119.47591133415699, 49.853989106509815]}, "properties": {"source": "deepforest", "kind": "tree", "score": 0.25207701325416565, "crown_m": 1.73}}, {"type": "Feature", "geometry": {"type": "Point", "coordinates": [-119.47495244443417, 49.85569721336975]}, "properties": {"source": "deepforest", "kind": "tree", "score": 0.2519621253013611, "crown_m": 2.02}}, {"type": "Feature", "geometry": {"type": "Point", "coordinates": [-119.47473853826523, 49.855008098302974]}, "properties": {"source": "deepforest", "kind": "tree", "score": 0.25182342529296875, "crown_m": 2.02}}, {"type": "Feature", "geometry": {"type": "Point", "coordinates": [-119.48153860867023, 49.85350446180418]}, "properties": {"source": "deepforest", "kind": "tree", "score": 0.2515728175640106, "crown_m": 2.79}}, {"type": "Feature", "geometry": {"type": "Point", "coordinates": [-119.47656311094761, 49.85294717923512]}, "properties": {"source": "deepforest", "kind": "tree", "score": 0.2515072524547577, "crown_m": 2.41}}, {"type": "Feature", "geometry": {"type": "Point", "coordinates": [-119.4794887304306, 49.85648704646943]}, "properties": {"source": "deepforest", "kind": "tree", "score": 0.25148481130599976, "crown_m": 2.69}}, {"type": "Feature", "geometry": {"type": "Point", "coordinates": [-119.47989709675312, 49.85208638336727]}, "properties": {"source": "deepforest", "kind": "tree", "score": 0.25111454725265503, "crown_m": 2.02}}, {"type": "Feature", "geometry": {"type": "Point", "coordinates": [-119.48120065033436, 49.85364929369285]}, "properties": {"source": "deepforest", "kind": "tree", "score": 0.2511042654514313, "crown_m": 2.7}}, {"type": "Feature", "geometry": {"type": "Point", "coordinates": [-119.48184370994568, 49.85230385358492]}, "properties": {"source": "deepforest", "kind": "tree", "score": 0.25105106830596924, "crown_m": 2.7}}, {"type": "Feature", "geometry": {"type": "Point", "coordinates": [-119.47830520570278, 49.85721158918012]}, "properties": {"source": "deepforest", "kind": "tree", "score": 0.2508224546909332, "crown_m": 1.54}}, {"type": "Feature", "geometry": {"type": "Point", "coordinates": [-119.4780021160841, 49.85666904777828]}, "properties": {"source": "deepforest", "kind": "tree", "score": 0.2507825493812561, "crown_m": 2.98}}, {"type": "Feature", "geometry": {"type": "Point", "coordinates": [-119.4809203594923, 49.854591338876645]}, "properties": {"source": "deepforest", "kind": "tree", "score": 0.25075405836105347, "crown_m": 3.18}}, {"type": "Feature", "geometry": {"type": "Point", "coordinates": [-119.4798132777214, 49.85197872876223]}, "properties": {"source": "deepforest", "kind": "tree", "score": 0.2506565451622009, "crown_m": 2.89}}, {"type": "Feature", "geometry": {"type": "Point", "coordinates": [-119.47664022445679, 49.85343485587639]}, "properties": {"source": "deepforest", "kind": "tree", "score": 0.250638484954834, "crown_m": 2.7}}, {"type": "Feature", "geometry": {"type": "Point", "coordinates": [-119.4771907478571, 49.85306823417972]}, "properties": {"source": "deepforest", "kind": "tree", "score": 0.25059255957603455, "crown_m": 2.79}}, {"type": "Feature", "geometry": {"type": "Point", "coordinates": [-119.47945654392242, 49.85472103617877]}, "properties": {"source": "deepforest", "kind": "tree", "score": 0.2505227327346802, "crown_m": 2.02}}, {"type": "Feature", "geometry": {"type": "Point", "coordinates": [-119.48070377111435, 49.85590861495561]}, "properties": {"source": "deepforest", "kind": "tree", "score": 0.25052228569984436, "crown_m": 7.7}}, {"type": "Feature", "geometry": {"type": "Point", "coordinates": [-119.48036178946495, 49.855917261217556]}, "properties": {"source": "deepforest", "kind": "tree", "score": 0.250237375497818, "crown_m": 1.92}}, {"type": "Feature", "geometry": {"type": "Point", "coordinates": [-119.47705395519733, 49.85163544299845]}, "properties": {"source": "deepforest", "kind": "tree", "score": 0.25021958351135254, "crown_m": 6.45}}, {"type": "Feature", "geometry": {"type": "Point", "coordinates": [-119.47796657681465, 49.85597821732036]}, "properties": {"source": "deepforest", "kind": "tree", "score": 0.250211238861084, "crown_m": 2.6}}, {"type": "Feature", "geometry": {"type": "Point", "coordinates": [-119.47947733104229, 49.855869706757716]}, "properties": {"source": "deepforest", "kind": "tree", "score": 0.2501969337463379, "crown_m": 1.54}}, {"type": "Feature", "geometry": {"type": "Point", "coordinates": [-119.47800882160664, 49.85630979988034]}, "properties": {"source": "deepforest", "kind": "tree", "score": 0.2500709593296051, "crown_m": 2.5}}, {"type": "Feature", "geometry": {"type": "Point", "coordinates": [-119.47469830513, 49.85653373570668]}, "properties": {"source": "deepforest", "kind": "tree", "score": 0.2500542104244232, "crown_m": 1.92}}, {"type": "Feature", "geometry": {"type": "Point", "coordinates": [-119.4764169305563, 49.85318842414615]}, "properties": {"source": "deepforest", "kind": "tree", "score": 0.24993957579135895, "crown_m": 4.33}}, {"type": "Feature", "geometry": {"type": "Point", "coordinates": [-119.48190674185753, 49.85213480624395]}, "properties": {"source": "deepforest", "kind": "tree", "score": 0.249931201338768, "crown_m": 4.14}}, {"type": "Feature", "geometry": {"type": "Point", "coordinates": [-119.47526291012764, 49.8570321837333]}, "properties": {"source": "deepforest", "kind": "tree", "score": 0.24981285631656647, "crown_m": 2.02}}, {"type": "Feature", "geometry": {"type": "Point", "coordinates": [-119.47675757110119, 49.85429303376077]}, "properties": {"source": "deepforest", "kind": "tree", "score": 0.24974331259727478, "crown_m": 1.44}}, {"type": "Feature", "geometry": {"type": "Point", "coordinates": [-119.47990514338017, 49.856177080667244]}, "properties": {"source": "deepforest", "kind": "tree", "score": 0.24967554211616516, "crown_m": 4.52}}, {"type": "Feature", "geometry": {"type": "Point", "coordinates": [-119.47832264006138, 49.855815235228036]}, "properties": {"source": "deepforest", "kind": "tree", "score": 0.2496727854013443, "crown_m": 2.79}}, {"type": "Feature", "geometry": {"type": "Point", "coordinates": [-119.47485454380512, 49.85643733102835]}, "properties": {"source": "deepforest", "kind": "tree", "score": 0.2492828667163849, "crown_m": 2.02}}, {"type": "Feature", "geometry": {"type": "Point", "coordinates": [-119.47962418198586, 49.856436898719934]}, "properties": {"source": "deepforest", "kind": "tree", "score": 0.24915684759616852, "crown_m": 1.54}}, {"type": "Feature", "geometry": {"type": "Point", "coordinates": [-119.47703316807747, 49.85413782790699]}, "properties": {"source": "deepforest", "kind": "tree", "score": 0.2491018921136856, "crown_m": 2.89}}, {"type": "Feature", "geometry": {"type": "Point", "coordinates": [-119.48042213916779, 49.85372668130021]}, "properties": {"source": "deepforest", "kind": "tree", "score": 0.24905841052532196, "crown_m": 1.44}}, {"type": "Feature", "geometry": {"type": "Point", "coordinates": [-119.4787397235632, 49.85448758078433]}, "properties": {"source": "deepforest", "kind": "tree", "score": 0.24903906881809235, "crown_m": 1.83}}, {"type": "Feature", "geometry": {"type": "Point", "coordinates": [-119.47729602456093, 49.85530207581944]}, "properties": {"source": "deepforest", "kind": "tree", "score": 0.2490282952785492, "crown_m": 4.52}}, {"type": "Feature", "geometry": {"type": "Point", "coordinates": [-119.48086738586426, 49.85315902518917]}, "properties": {"source": "deepforest", "kind": "tree", "score": 0.24858099222183228, "crown_m": 2.7}}, {"type": "Feature", "geometry": {"type": "Point", "coordinates": [-119.47473920881748, 49.85629726290187]}, "properties": {"source": "deepforest", "kind": "tree", "score": 0.24856993556022644, "crown_m": 2.79}}, {"type": "Feature", "geometry": {"type": "Point", "coordinates": [-119.4799393415451, 49.85206519834346]}, "properties": {"source": "deepforest", "kind": "tree", "score": 0.24848508834838867, "crown_m": 2.7}}, {"type": "Feature", "geometry": {"type": "Point", "coordinates": [-119.47561025619507, 49.855189240542984]}, "properties": {"source": "deepforest", "kind": "tree", "score": 0.2483082115650177, "crown_m": 1.93}}, {"type": "Feature", "geometry": {"type": "Point", "coordinates": [-119.47952762246132, 49.85555887236304]}, "properties": {"source": "deepforest", "kind": "tree", "score": 0.2483023852109909, "crown_m": 2.02}}, {"type": "Feature", "geometry": {"type": "Point", "coordinates": [-119.47632372379303, 49.85187193861588]}, "properties": {"source": "deepforest", "kind": "tree", "score": 0.24825435876846313, "crown_m": 2.02}}, {"type": "Feature", "geometry": {"type": "Point", "coordinates": [-119.47983741760254, 49.855682946971754]}, "properties": {"source": "deepforest", "kind": "tree", "score": 0.24816887080669403, "crown_m": 1.93}}, {"type": "Feature", "geometry": {"type": "Point", "coordinates": [-119.4757678359747, 49.85553941812721]}, "properties": {"source": "deepforest", "kind": "tree", "score": 0.24809473752975464, "crown_m": 1.64}}, {"type": "Feature", "geometry": {"type": "Point", "coordinates": [-119.47700031101704, 49.853341471368594]}, "properties": {"source": "deepforest", "kind": "tree", "score": 0.24799489974975586, "crown_m": 1.73}}, {"type": "Feature", "geometry": {"type": "Point", "coordinates": [-119.4751938432455, 49.85323036086266]}, "properties": {"source": "deepforest", "kind": "tree", "score": 0.24791811406612396, "crown_m": 2.41}}, {"type": "Feature", "geometry": {"type": "Point", "coordinates": [-119.47703786194324, 49.8562116655136]}, "properties": {"source": "deepforest", "kind": "tree", "score": 0.2478024959564209, "crown_m": 1.44}}, {"type": "Feature", "geometry": {"type": "Point", "coordinates": [-119.47775602340698, 49.85689038811372]}, "properties": {"source": "deepforest", "kind": "tree", "score": 0.24766238033771515, "crown_m": 1.54}}, {"type": "Feature", "geometry": {"type": "Point", "coordinates": [-119.482486769557, 49.855519963883545]}, "properties": {"source": "deepforest", "kind": "tree", "score": 0.24762538075447083, "crown_m": 2.02}}, {"type": "Feature", "geometry": {"type": "Point", "coordinates": [-119.47658590972424, 49.85213005042786]}, "properties": {"source": "deepforest", "kind": "tree", "score": 0.24762143194675446, "crown_m": 3.27}}, {"type": "Feature", "geometry": {"type": "Point", "coordinates": [-119.4779659062624, 49.854439160265]}, "properties": {"source": "deepforest", "kind": "tree", "score": 0.24758535623550415, "crown_m": 1.64}}, {"type": "Feature", "geometry": {"type": "Point", "coordinates": [-119.47576649487019, 49.856453758744976]}, "properties": {"source": "deepforest", "kind": "tree", "score": 0.24754619598388672, "crown_m": 1.44}}, {"type": "Feature", "geometry": {"type": "Point", "coordinates": [-119.47691515088081, 49.85620950396142]}, "properties": {"source": "deepforest", "kind": "tree", "score": 0.2473413050174713, "crown_m": 1.54}}, {"type": "Feature", "geometry": {"type": "Point", "coordinates": [-119.4775253534317, 49.85446639681309]}, "properties": {"source": "deepforest", "kind": "tree", "score": 0.24709218740463257, "crown_m": 2.12}}, {"type": "Feature", "geometry": {"type": "Point", "coordinates": [-119.48224067687988, 49.854433107696664]}, "properties": {"source": "deepforest", "kind": "tree", "score": 0.24707700312137604, "crown_m": 3.27}}, {"type": "Feature", "geometry": {"type": "Point", "coordinates": [-119.48236808180809, 49.85445213005172]}, "properties": {"source": "deepforest", "kind": "tree", "score": 0.2470359057188034, "crown_m": 1.83}}, {"type": "Feature", "geometry": {"type": "Point", "coordinates": [-119.4797945022583, 49.8516812722213]}, "properties": {"source": "deepforest", "kind": "tree", "score": 0.2468636929988861, "crown_m": 1.93}}, {"type": "Feature", "geometry": {"type": "Point", "coordinates": [-119.47691984474659, 49.855984702007625]}, "properties": {"source": "deepforest", "kind": "tree", "score": 0.2468445748090744, "crown_m": 1.73}}, {"type": "Feature", "geometry": {"type": "Point", "coordinates": [-119.47605215013027, 49.852127456346146]}, "properties": {"source": "deepforest", "kind": "tree", "score": 0.24677564203739166, "crown_m": 3.08}}, {"type": "Feature", "geometry": {"type": "Point", "coordinates": [-119.47931237518787, 49.85537211137576]}, "properties": {"source": "deepforest", "kind": "tree", "score": 0.2467152327299118, "crown_m": 1.83}}, {"type": "Feature", "geometry": {"type": "Point", "coordinates": [-119.4800204783678, 49.85412658735226]}, "properties": {"source": "deepforest", "kind": "tree", "score": 0.246690034866333, "crown_m": 2.41}}, {"type": "Feature", "geometry": {"type": "Point", "coordinates": [-119.48073461651802, 49.854967460093825]}, "properties": {"source": "deepforest", "kind": "tree", "score": 0.24663323163986206, "crown_m": 1.83}}, {"type": "Feature", "geometry": {"type": "Point", "coordinates": [-119.47868406772614, 49.85513736216654]}, "properties": {"source": "deepforest", "kind": "tree", "score": 0.24649542570114136, "crown_m": 1.54}}, {"type": "Feature", "geometry": {"type": "Point", "coordinates": [-119.47719812393188, 49.85714242089397]}, "properties": {"source": "deepforest", "kind": "tree", "score": 0.2464781552553177, "crown_m": 1.92}}, {"type": "Feature", "geometry": {"type": "Point", "coordinates": [-119.47458565235138, 49.857008839361136]}, "properties": {"source": "deepforest", "kind": "tree", "score": 0.246396005153656, "crown_m": 2.98}}, {"type": "Feature", "geometry": {"type": "Point", "coordinates": [-119.47745695710182, 49.853538183894635]}, "properties": {"source": "deepforest", "kind": "tree", "score": 0.246384859085083, "crown_m": 3.08}}, {"type": "Feature", "geometry": {"type": "Point", "coordinates": [-119.48153927922249, 49.85620258699382]}, "properties": {"source": "deepforest", "kind": "tree", "score": 0.24622023105621338, "crown_m": 1.92}}, {"type": "Feature", "geometry": {"type": "Point", "coordinates": [-119.48252700269222, 49.8558900254872]}, "properties": {"source": "deepforest", "kind": "tree", "score": 0.24619221687316895, "crown_m": 6.26}}, {"type": "Feature", "geometry": {"type": "Point", "coordinates": [-119.47556398808956, 49.8566171709905]}, "properties": {"source": "deepforest", "kind": "tree", "score": 0.2461199313402176, "crown_m": 2.21}}, {"type": "Feature", "geometry": {"type": "Point", "coordinates": [-119.47649002075195, 49.85599421288071]}, "properties": {"source": "deepforest", "kind": "tree", "score": 0.24611195921897888, "crown_m": 1.92}}, {"type": "Feature", "geometry": {"type": "Point", "coordinates": [-119.47502218186855, 49.856642677084785]}, "properties": {"source": "deepforest", "kind": "tree", "score": 0.2459241896867752, "crown_m": 2.5}}, {"type": "Feature", "geometry": {"type": "Point", "coordinates": [-119.48099680244923, 49.85462289858554]}, "properties": {"source": "deepforest", "kind": "tree", "score": 0.24585549533367157, "crown_m": 2.5}}, {"type": "Feature", "geometry": {"type": "Point", "coordinates": [-119.48195837438107, 49.85647191568843]}, "properties": {"source": "deepforest", "kind": "tree", "score": 0.24574385583400726, "crown_m": 2.02}}, {"type": "Feature", "geometry": {"type": "Point", "coordinates": [-119.47832062840462, 49.85531504537456]}, "properties": {"source": "deepforest", "kind": "tree", "score": 0.24574200809001923, "crown_m": 2.6}}, {"type": "Feature", "geometry": {"type": "Point", "coordinates": [-119.48279522359371, 49.854885318928424]}, "properties": {"source": "deepforest", "kind": "tree", "score": 0.24566739797592163, "crown_m": 6.64}}, {"type": "Feature", "geometry": {"type": "Point", "coordinates": [-119.48239289224148, 49.853913880977636]}, "properties": {"source": "deepforest", "kind": "tree", "score": 0.24562354385852814, "crown_m": 2.5}}, {"type": "Feature", "geometry": {"type": "Point", "coordinates": [-119.47704188525677, 49.85417544051342]}, "properties": {"source": "deepforest", "kind": "tree", "score": 0.24556627869606018, "crown_m": 2.6}}, {"type": "Feature", "geometry": {"type": "Point", "coordinates": [-119.48224268853664, 49.8540427154383]}, "properties": {"source": "deepforest", "kind": "tree", "score": 0.24554704129695892, "crown_m": 2.5}}, {"type": "Feature", "geometry": {"type": "Point", "coordinates": [-119.47679042816162, 49.856922378625214]}, "properties": {"source": "deepforest", "kind": "tree", "score": 0.24550461769104004, "crown_m": 4.04}}, {"type": "Feature", "geometry": {"type": "Point", "coordinates": [-119.47802022099495, 49.85443181071765]}, "properties": {"source": "deepforest", "kind": "tree", "score": 0.24542973935604095, "crown_m": 1.54}}, {"type": "Feature", "geometry": {"type": "Point", "coordinates": [-119.47650209069252, 49.85423337251662]}, "properties": {"source": "deepforest", "kind": "tree", "score": 0.2453916072845459, "crown_m": 2.5}}, {"type": "Feature", "geometry": {"type": "Point", "coordinates": [-119.4792265444994, 49.85429908634663]}, "properties": {"source": "deepforest", "kind": "tree", "score": 0.24500861763954163, "crown_m": 1.44}}, {"type": "Feature", "geometry": {"type": "Point", "coordinates": [-119.47737984359264, 49.85466699567852]}, "properties": {"source": "deepforest", "kind": "tree", "score": 0.2449512928724289, "crown_m": 1.64}}, {"type": "Feature", "geometry": {"type": "Point", "coordinates": [-119.48050327599049, 49.85151524916983]}, "properties": {"source": "deepforest", "kind": "tree", "score": 0.24486137926578522, "crown_m": 2.41}}, {"type": "Feature", "geometry": {"type": "Point", "coordinates": [-119.47704188525677, 49.85335919714552]}, "properties": {"source": "deepforest", "kind": "tree", "score": 0.2448352426290512, "crown_m": 1.64}}, {"type": "Feature", "geometry": {"type": "Point", "coordinates": [-119.48230974376202, 49.852139129712725]}, "properties": {"source": "deepforest", "kind": "tree", "score": 0.24466466903686523, "crown_m": 2.6}}, {"type": "Feature", "geometry": {"type": "Point", "coordinates": [-119.47716057300568, 49.855815235228036]}, "properties": {"source": "deepforest", "kind": "tree", "score": 0.24460051953792572, "crown_m": 2.12}}, {"type": "Feature", "geometry": {"type": "Point", "coordinates": [-119.48196306824684, 49.855679920765574]}, "properties": {"source": "deepforest", "kind": "tree", "score": 0.24449297785758972, "crown_m": 2.5}}, {"type": "Feature", "geometry": {"type": "Point", "coordinates": [-119.47902135550976, 49.85412096707392]}, "properties": {"source": "deepforest", "kind": "tree", "score": 0.24438878893852234, "crown_m": 3.95}}, {"type": "Feature", "geometry": {"type": "Point", "coordinates": [-119.47603404521942, 49.852964905156675]}, "properties": {"source": "deepforest", "kind": "tree", "score": 0.24431869387626648, "crown_m": 2.98}}, {"type": "Feature", "geometry": {"type": "Point", "coordinates": [-119.47633981704712, 49.85151914034163]}, "properties": {"source": "deepforest", "kind": "tree", "score": 0.24426496028900146, "crown_m": 1.64}}, {"type": "Feature", "geometry": {"type": "Point", "coordinates": [-119.47829782962799, 49.85723709496063]}, "properties": {"source": "deepforest", "kind": "tree", "score": 0.24423600733280182, "crown_m": 1.35}}, {"type": "Feature", "geometry": {"type": "Point", "coordinates": [-119.47962887585163, 49.85692843088177]}, "properties": {"source": "deepforest", "kind": "tree", "score": 0.244226336479187, "crown_m": 2.41}}, {"type": "Feature", "geometry": {"type": "Point", "coordinates": [-119.4813870638609, 49.85156367261875]}, "properties": {"source": "deepforest", "kind": "tree", "score": 0.24414809048175812, "crown_m": 2.5}}, {"type": "Feature", "geometry": {"type": "Point", "coordinates": [-119.48283679783344, 49.85385119294471]}, "properties": {"source": "deepforest", "kind": "tree", "score": 0.24412506818771362, "crown_m": 2.21}}, {"type": "Feature", "geometry": {"type": "Point", "coordinates": [-119.48283545672894, 49.8528853546286]}, "properties": {"source": "deepforest", "kind": "tree", "score": 0.24404376745224, "crown_m": 2.02}}, {"type": "Feature", "geometry": {"type": "Point", "coordinates": [-119.47635255753994, 49.85186545337672]}, "properties": {"source": "deepforest", "kind": "tree", "score": 0.24402938783168793, "crown_m": 2.31}}, {"type": "Feature", "geometry": {"type": "Point", "coordinates": [-119.4813884049654, 49.85551780230043]}, "properties": {"source": "deepforest", "kind": "tree", "score": 0.24398623406887054, "crown_m": 2.31}}, {"type": "Feature", "geometry": {"type": "Point", "coordinates": [-119.47581879794598, 49.85502668811066]}, "properties": {"source": "deepforest", "kind": "tree", "score": 0.24397499859333038, "crown_m": 2.6}}, {"type": "Feature", "geometry": {"type": "Point", "coordinates": [-119.47506844997406, 49.854603876297716]}, "properties": {"source": "deepforest", "kind": "tree", "score": 0.24388794600963593, "crown_m": 2.89}}, {"type": "Feature", "geometry": {"type": "Point", "coordinates": [-119.48185443878174, 49.85225283680262]}, "properties": {"source": "deepforest", "kind": "tree", "score": 0.2438499480485916, "crown_m": 2.7}}, {"type": "Feature", "geometry": {"type": "Point", "coordinates": [-119.47559483349323, 49.85663403095264]}, "properties": {"source": "deepforest", "kind": "tree", "score": 0.24379387497901917, "crown_m": 2.31}}, {"type": "Feature", "geometry": {"type": "Point", "coordinates": [-119.47618022561073, 49.851985646334406]}, "properties": {"source": "deepforest", "kind": "tree", "score": 0.24355961382389069, "crown_m": 1.93}}, {"type": "Feature", "geometry": {"type": "Point", "coordinates": [-119.47888925671577, 49.85250792017553]}, "properties": {"source": "deepforest", "kind": "tree", "score": 0.2433849275112152, "crown_m": 1.54}}, {"type": "Feature", "geometry": {"type": "Point", "coordinates": [-119.47781033813953, 49.85165792526415]}, "properties": {"source": "deepforest", "kind": "tree", "score": 0.2429785281419754, "crown_m": 2.02}}, {"type": "Feature", "geometry": {"type": "Point", "coordinates": [-119.48170624673367, 49.855088077657335]}, "properties": {"source": "deepforest", "kind": "tree", "score": 0.24297460913658142, "crown_m": 2.6}}, {"type": "Feature", "geometry": {"type": "Point", "coordinates": [-119.47626002132893, 49.856832459295745]}, "properties": {"source": "deepforest", "kind": "tree", "score": 0.24294953048229218, "crown_m": 2.41}}, {"type": "Feature", "geometry": {"type": "Point", "coordinates": [-119.48027729988098, 49.85474956953853]}, "properties": {"source": "deepforest", "kind": "tree", "score": 0.2428804188966751, "crown_m": 2.12}}, {"type": "Feature", "geometry": {"type": "Point", "coordinates": [-119.48143199086189, 49.8515809666959]}, "properties": {"source": "deepforest", "kind": "tree", "score": 0.24286343157291412, "crown_m": 1.93}}, {"type": "Feature", "geometry": {"type": "Point", "coordinates": [-119.4796221703291, 49.852259321989806]}, "properties": {"source": "deepforest", "kind": "tree", "score": 0.24255238473415375, "crown_m": 8.76}}, {"type": "Feature", "geometry": {"type": "Point", "coordinates": [-119.47614267468452, 49.853995159133746]}, "properties": {"source": "deepforest", "kind": "tree", "score": 0.24246975779533386, "crown_m": 2.5}}, {"type": "Feature", "geometry": {"type": "Point", "coordinates": [-119.4803798943758, 49.85462160161161]}, "properties": {"source": "deepforest", "kind": "tree", "score": 0.24222919344902039, "crown_m": 2.02}}, {"type": "Feature", "geometry": {"type": "Point", "coordinates": [-119.47717264294624, 49.857073252508826]}, "properties": {"source": "deepforest", "kind": "tree", "score": 0.24222463369369507, "crown_m": 1.54}}, {"type": "Feature", "geometry": {"type": "Point", "coordinates": [-119.4760400801897, 49.855133038965995]}, "properties": {"source": "deepforest", "kind": "tree", "score": 0.24221666157245636, "crown_m": 2.12}}, {"type": "Feature", "geometry": {"type": "Point", "coordinates": [-119.48157615959644, 49.851550702056834]}, "properties": {"source": "deepforest", "kind": "tree", "score": 0.24216555058956146, "crown_m": 2.12}}, {"type": "Feature", "geometry": {"type": "Point", "coordinates": [-119.47710357606411, 49.85308336602647]}, "properties": {"source": "deepforest", "kind": "tree", "score": 0.24181976914405823, "crown_m": 2.41}}, {"type": "Feature", "geometry": {"type": "Point", "coordinates": [-119.48183365166187, 49.8539186366182]}, "properties": {"source": "deepforest", "kind": "tree", "score": 0.24180443584918976, "crown_m": 3.37}}, {"type": "Feature", "geometry": {"type": "Point", "coordinates": [-119.47595693171024, 49.85705768960853]}, "properties": {"source": "deepforest", "kind": "tree", "score": 0.24179556965827942, "crown_m": 2.5}}, {"type": "Feature", "geometry": {"type": "Point", "coordinates": [-119.48266446590424, 49.8564122571343]}, "properties": {"source": "deepforest", "kind": "tree", "score": 0.2417203187942505, "crown_m": 1.44}}, {"type": "Feature", "geometry": {"type": "Point", "coordinates": [-119.47618290781975, 49.85280018353761]}, "properties": {"source": "deepforest", "kind": "tree", "score": 0.2416459619998932, "crown_m": 3.85}}, {"type": "Feature", "geometry": {"type": "Point", "coordinates": [-119.48039129376411, 49.85384427563953]}, "properties": {"source": "deepforest", "kind": "tree", "score": 0.24163426458835602, "crown_m": 2.79}}, {"type": "Feature", "geometry": {"type": "Point", "coordinates": [-119.48215417563915, 49.853788504830455]}, "properties": {"source": "deepforest", "kind": "tree", "score": 0.2416287511587143, "crown_m": 2.6}}, {"type": "Feature", "geometry": {"type": "Point", "coordinates": [-119.481857791543, 49.85428092858675]}, "properties": {"source": "deepforest", "kind": "tree", "score": 0.24161620438098907, "crown_m": 2.79}}, {"type": "Feature", "geometry": {"type": "Point", "coordinates": [-119.48276773095131, 49.85168170457226]}, "properties": {"source": "deepforest", "kind": "tree", "score": 0.24161015450954437, "crown_m": 3.37}}, {"type": "Feature", "geometry": {"type": "Point", "coordinates": [-119.48138035833836, 49.85529732031502]}, "properties": {"source": "deepforest", "kind": "tree", "score": 0.24154676496982574, "crown_m": 3.27}}, {"type": "Feature", "geometry": {"type": "Point", "coordinates": [-119.48122143745422, 49.85166916639307]}, "properties": {"source": "deepforest", "kind": "tree", "score": 0.241529181599617, "crown_m": 2.89}}, {"type": "Feature", "geometry": {"type": "Point", "coordinates": [-119.4760561734438, 49.85401331700101]}, "properties": {"source": "deepforest", "kind": "tree", "score": 0.2415003627538681, "crown_m": 1.54}}, {"type": "Feature", "geometry": {"type": "Point", "coordinates": [-119.47997823357582, 49.857197323229194]}, "properties": {"source": "deepforest", "kind": "tree", "score": 0.24135927855968475, "crown_m": 1.54}}, {"type": "Feature", "geometry": {"type": "Point", "coordinates": [-119.47585366666317, 49.85692843088177]}, "properties": {"source": "deepforest", "kind": "tree", "score": 0.24133434891700745, "crown_m": 1.64}}, {"type": "Feature", "geometry": {"type": "Point", "coordinates": [-119.47507917881012, 49.85340848341793]}, "properties": {"source": "deepforest", "kind": "tree", "score": 0.24130091071128845, "crown_m": 1.64}}, {"type": "Feature", "geometry": {"type": "Point", "coordinates": [-119.47587445378304, 49.852699447992606]}, "properties": {"source": "deepforest", "kind": "tree", "score": 0.24124567210674286, "crown_m": 2.41}}, {"type": "Feature", "geometry": {"type": "Point", "coordinates": [-119.47667308151722, 49.8566163063769]}, "properties": {"source": "deepforest", "kind": "tree", "score": 0.24121658504009247, "crown_m": 2.02}}, {"type": "Feature", "geometry": {"type": "Point", "coordinates": [-119.48145814239979, 49.855746929572305]}, "properties": {"source": "deepforest", "kind": "tree", "score": 0.24120981991291046, "crown_m": 3.08}}, {"type": "Feature", "geometry": {"type": "Point", "coordinates": [-119.47581343352795, 49.85539805044493]}, "properties": {"source": "deepforest", "kind": "tree", "score": 0.2411428689956665, "crown_m": 3.95}}, {"type": "Feature", "geometry": {"type": "Point", "coordinates": [-119.4815593957901, 49.853366114520114]}, "properties": {"source": "deepforest", "kind": "tree", "score": 0.24112717807292938, "crown_m": 2.6}}, {"type": "Feature", "geometry": {"type": "Point", "coordinates": [-119.47693526744843, 49.85641355406018]}, "properties": {"source": "deepforest", "kind": "tree", "score": 0.24095119535923004, "crown_m": 1.54}}, {"type": "Feature", "geometry": {"type": "Point", "coordinates": [-119.4784440100193, 49.85448974241352]}, "properties": {"source": "deepforest", "kind": "tree", "score": 0.24094577133655548, "crown_m": 2.12}}, {"type": "Feature", "geometry": {"type": "Point", "coordinates": [-119.48164522647858, 49.85160993426125]}, "properties": {"source": "deepforest", "kind": "tree", "score": 0.2408209890127182, "crown_m": 2.31}}, {"type": "Feature", "geometry": {"type": "Point", "coordinates": [-119.4791628420353, 49.85318972115855]}, "properties": {"source": "deepforest", "kind": "tree", "score": 0.24079377949237823, "crown_m": 2.02}}, {"type": "Feature", "geometry": {"type": "Point", "coordinates": [-119.48195233941078, 49.853195341545195]}, "properties": {"source": "deepforest", "kind": "tree", "score": 0.24076469242572784, "crown_m": 6.55}}, {"type": "Feature", "geometry": {"type": "Point", "coordinates": [-119.47670996189117, 49.85688303893916]}, "properties": {"source": "deepforest", "kind": "tree", "score": 0.24072203040122986, "crown_m": 1.92}}, {"type": "Feature", "geometry": {"type": "Point", "coordinates": [-119.47798267006874, 49.855162869041926]}, "properties": {"source": "deepforest", "kind": "tree", "score": 0.24065810441970825, "crown_m": 2.5}}, {"type": "Feature", "geometry": {"type": "Point", "coordinates": [-119.48124825954437, 49.85428481953587]}, "properties": {"source": "deepforest", "kind": "tree", "score": 0.24037803709506989, "crown_m": 2.12}}, {"type": "Feature", "geometry": {"type": "Point", "coordinates": [-119.47941228747368, 49.855002045805904]}, "properties": {"source": "deepforest", "kind": "tree", "score": 0.2401389330625534, "crown_m": 2.41}}, {"type": "Feature", "geometry": {"type": "Point", "coordinates": [-119.48181957006454, 49.85695869215314]}, "properties": {"source": "deepforest", "kind": "tree", "score": 0.24004420638084412, "crown_m": 3.18}}, {"type": "Feature", "geometry": {"type": "Point", "coordinates": [-119.48108397424221, 49.852207440468014]}, "properties": {"source": "deepforest", "kind": "tree", "score": 0.23985038697719574, "crown_m": 10.3}}, {"type": "Feature", "geometry": {"type": "Point", "coordinates": [-119.47941429913044, 49.851795412738355]}, "properties": {"source": "deepforest", "kind": "tree", "score": 0.23982438445091248, "crown_m": 1.93}}, {"type": "Feature", "geometry": {"type": "Point", "coordinates": [-119.48056630790234, 49.85457274890149]}, "properties": {"source": "deepforest", "kind": "tree", "score": 0.23981209099292755, "crown_m": 1.93}}, {"type": "Feature", "geometry": {"type": "Point", "coordinates": [-119.4789308309555, 49.85618572688115]}, "properties": {"source": "deepforest", "kind": "tree", "score": 0.23979449272155762, "crown_m": 2.5}}, {"type": "Feature", "geometry": {"type": "Point", "coordinates": [-119.48234863579273, 49.85452994869893]}, "properties": {"source": "deepforest", "kind": "tree", "score": 0.2397221326828003, "crown_m": 3.18}}, {"type": "Feature", "geometry": {"type": "Point", "coordinates": [-119.47993867099285, 49.85404703873639]}, "properties": {"source": "deepforest", "kind": "tree", "score": 0.23950152099132538, "crown_m": 2.12}}, {"type": "Feature", "geometry": {"type": "Point", "coordinates": [-119.47534069418907, 49.85413480160405]}, "properties": {"source": "deepforest", "kind": "tree", "score": 0.2394736260175705, "crown_m": 2.02}}, {"type": "Feature", "geometry": {"type": "Point", "coordinates": [-119.48202274739742, 49.853504029469526]}, "properties": {"source": "deepforest", "kind": "tree", "score": 0.23944590985774994, "crown_m": 5.97}}, {"type": "Feature", "geometry": {"type": "Point", "coordinates": [-119.47812080383301, 49.853368276199475]}, "properties": {"source": "deepforest", "kind": "tree", "score": 0.23943321406841278, "crown_m": 2.7}}, {"type": "Feature", "geometry": {"type": "Point", "coordinates": [-119.47921648621559, 49.853073854580494]}, "properties": {"source": "deepforest", "kind": "tree", "score": 0.23940594494342804, "crown_m": 2.7}}, {"type": "Feature", "geometry": {"type": "Point", "coordinates": [-119.47885975241661, 49.855809615146086]}, "properties": {"source": "deepforest", "kind": "tree", "score": 0.23923170566558838, "crown_m": 2.98}}, {"type": "Feature", "geometry": {"type": "Point", "coordinates": [-119.48186986148357, 49.85433453719151]}, "properties": {"source": "deepforest", "kind": "tree", "score": 0.2391686588525772, "crown_m": 2.21}}, {"type": "Feature", "geometry": {"type": "Point", "coordinates": [-119.4815868884325, 49.853345362393355]}, "properties": {"source": "deepforest", "kind": "tree", "score": 0.2391258031129837, "crown_m": 2.6}}, {"type": "Feature", "geometry": {"type": "Point", "coordinates": [-119.47549693286419, 49.852782025214545]}, "properties": {"source": "deepforest", "kind": "tree", "score": 0.23908638954162598, "crown_m": 1.54}}, {"type": "Feature", "geometry": {"type": "Point", "coordinates": [-119.48090694844723, 49.85509845334766]}, "properties": {"source": "deepforest", "kind": "tree", "score": 0.23902921378612518, "crown_m": 3.08}}, {"type": "Feature", "geometry": {"type": "Point", "coordinates": [-119.48050662875175, 49.854948870263364]}, "properties": {"source": "deepforest", "kind": "tree", "score": 0.23884432017803192, "crown_m": 4.04}}, {"type": "Feature", "geometry": {"type": "Point", "coordinates": [-119.47697885334492, 49.85623630720152]}, "properties": {"source": "deepforest", "kind": "tree", "score": 0.23883534967899323, "crown_m": 2.41}}, {"type": "Feature", "geometry": {"type": "Point", "coordinates": [-119.482037499547, 49.8517928186387]}, "properties": {"source": "deepforest", "kind": "tree", "score": 0.238728329539299, "crown_m": 1.54}}, {"type": "Feature", "geometry": {"type": "Point", "coordinates": [-119.47707608342171, 49.854137395578014]}, "properties": {"source": "deepforest", "kind": "tree", "score": 0.2386568784713745, "crown_m": 7.7}}, {"type": "Feature", "geometry": {"type": "Point", "coordinates": [-119.48018476366997, 49.85175044832442]}, "properties": {"source": "deepforest", "kind": "tree", "score": 0.2386176735162735, "crown_m": 3.47}}, {"type": "Feature", "geometry": {"type": "Point", "coordinates": [-119.48283679783344, 49.85492552488473]}, "properties": {"source": "deepforest", "kind": "tree", "score": 0.23843376338481903, "crown_m": 2.5}}, {"type": "Feature", "geometry": {"type": "Point", "coordinates": [-119.48180213570595, 49.85438728108332]}, "properties": {"source": "deepforest", "kind": "tree", "score": 0.23838253319263458, "crown_m": 1.83}}, {"type": "Feature", "geometry": {"type": "Point", "coordinates": [-119.47724640369415, 49.85534055215616]}, "properties": {"source": "deepforest", "kind": "tree", "score": 0.23836955428123474, "crown_m": 2.12}}, {"type": "Feature", "geometry": {"type": "Point", "coordinates": [-119.47897844016552, 49.85574347105552]}, "properties": {"source": "deepforest", "kind": "tree", "score": 0.23833753168582916, "crown_m": 2.89}}, {"type": "Feature", "geometry": {"type": "Point", "coordinates": [-119.48042213916779, 49.855041387023306]}, "properties": {"source": "deepforest", "kind": "tree", "score": 0.23830297589302063, "crown_m": 2.5}}, {"type": "Feature", "geometry": {"type": "Point", "coordinates": [-119.47572223842144, 49.85496054294843]}, "properties": {"source": "deepforest", "kind": "tree", "score": 0.23828142881393433, "crown_m": 2.02}}, {"type": "Feature", "geometry": {"type": "Point", "coordinates": [-119.4749665260315, 49.85357363529769]}, "properties": {"source": "deepforest", "kind": "tree", "score": 0.23822420835494995, "crown_m": 1.83}}, {"type": "Feature", "geometry": {"type": "Point", "coordinates": [-119.4748853892088, 49.85371889931178]}, "properties": {"source": "deepforest", "kind": "tree", "score": 0.23821230232715607, "crown_m": 1.64}}, {"type": "Feature", "geometry": {"type": "Point", "coordinates": [-119.47693593800068, 49.85562890754718]}, "properties": {"source": "deepforest", "kind": "tree", "score": 0.23814348876476288, "crown_m": 1.44}}, {"type": "Feature", "geometry": {"type": "Point", "coordinates": [-119.48235400021076, 49.85472535941618]}, "properties": {"source": "deepforest", "kind": "tree", "score": 0.2376759648323059, "crown_m": 1.44}}, {"type": "Feature", "geometry": {"type": "Point", "coordinates": [-119.48240764439106, 49.856703199966496]}, "properties": {"source": "deepforest", "kind": "tree", "score": 0.23756003379821777, "crown_m": 2.89}}, {"type": "Feature", "geometry": {"type": "Point", "coordinates": [-119.47945050895214, 49.85525754698702]}, "properties": {"source": "deepforest", "kind": "tree", "score": 0.23755891621112823, "crown_m": 3.27}}, {"type": "Feature", "geometry": {"type": "Point", "coordinates": [-119.48262155056, 49.85702569918661]}, "properties": {"source": "deepforest", "kind": "tree", "score": 0.23746749758720398, "crown_m": 2.89}}, {"type": "Feature", "geometry": {"type": "Point", "coordinates": [-119.47603404521942, 49.85525452075421]}, "properties": {"source": "deepforest", "kind": "tree", "score": 0.23741503059864044, "crown_m": 2.41}}, {"type": "Feature", "geometry": {"type": "Point", "coordinates": [-119.4810102134943, 49.85233887354837]}, "properties": {"source": "deepforest", "kind": "tree", "score": 0.23735247552394867, "crown_m": 3.75}}, {"type": "Feature", "geometry": {"type": "Point", "coordinates": [-119.48037922382355, 49.856215123996876]}, "properties": {"source": "deepforest", "kind": "tree", "score": 0.23724646866321564, "crown_m": 2.41}}, {"type": "Feature", "geometry": {"type": "Point", "coordinates": [-119.48283612728119, 49.854344913043626]}, "properties": {"source": "deepforest", "kind": "tree", "score": 0.23722992837429047, "crown_m": 2.41}}, {"type": "Feature", "geometry": {"type": "Point", "coordinates": [-119.47559483349323, 49.85281618014991]}, "properties": {"source": "deepforest", "kind": "tree", "score": 0.23710496723651886, "crown_m": 2.41}}, {"type": "Feature", "geometry": {"type": "Point", "coordinates": [-119.47844736278057, 49.85371846697905]}, "properties": {"source": "deepforest", "kind": "tree", "score": 0.23706147074699402, "crown_m": 2.89}}, {"type": "Feature", "geometry": {"type": "Point", "coordinates": [-119.47704255580902, 49.85382914403103]}, "properties": {"source": "deepforest", "kind": "tree", "score": 0.23684771358966827, "crown_m": 2.5}}, {"type": "Feature", "geometry": {"type": "Point", "coordinates": [-119.47518847882748, 49.853206582316524]}, "properties": {"source": "deepforest", "kind": "tree", "score": 0.23671115934848785, "crown_m": 1.93}}, {"type": "Feature", "geometry": {"type": "Point", "coordinates": [-119.47575978934765, 49.852529537348644]}, "properties": {"source": "deepforest", "kind": "tree", "score": 0.23663616180419922, "crown_m": 1.93}}, {"type": "Feature", "geometry": {"type": "Point", "coordinates": [-119.47907701134682, 49.85506127378034]}, "properties": {"source": "deepforest", "kind": "tree", "score": 0.2365824282169342, "crown_m": 2.31}}, {"type": "Feature", "geometry": {"type": "Point", "coordinates": [-119.47526156902313, 49.85314432570398]}, "properties": {"source": "deepforest", "kind": "tree", "score": 0.23656728863716125, "crown_m": 1.93}}, {"type": "Feature", "geometry": {"type": "Point", "coordinates": [-119.48242239654064, 49.85575557586318]}, "properties": {"source": "deepforest", "kind": "tree", "score": 0.23634158074855804, "crown_m": 1.93}}, {"type": "Feature", "geometry": {"type": "Point", "coordinates": [-119.47506979107857, 49.8571886771963]}, "properties": {"source": "deepforest", "kind": "tree", "score": 0.23629865050315857, "crown_m": 1.83}}, {"type": "Feature", "geometry": {"type": "Point", "coordinates": [-119.48039129376411, 49.85504484559034]}, "properties": {"source": "deepforest", "kind": "tree", "score": 0.2362782061100006, "crown_m": 2.7}}, {"type": "Feature", "geometry": {"type": "Point", "coordinates": [-119.47601191699505, 49.852130915121734]}, "properties": {"source": "deepforest", "kind": "tree", "score": 0.23623323440551758, "crown_m": 2.5}}, {"type": "Feature", "geometry": {"type": "Point", "coordinates": [-119.47971001267433, 49.85575471123416]}, "properties": {"source": "deepforest", "kind": "tree", "score": 0.23611973226070404, "crown_m": 3.08}}, {"type": "Feature", "geometry": {"type": "Point", "coordinates": [-119.47506844997406, 49.8536847450144]}, "properties": {"source": "deepforest", "kind": "tree", "score": 0.2361043393611908, "crown_m": 2.12}}, {"type": "Feature", "geometry": {"type": "Point", "coordinates": [-119.48280662298203, 49.853210041014876]}, "properties": {"source": "deepforest", "kind": "tree", "score": 0.23609191179275513, "crown_m": 1.54}}, {"type": "Feature", "geometry": {"type": "Point", "coordinates": [-119.47709150612354, 49.851570590250354]}, "properties": {"source": "deepforest", "kind": "tree", "score": 0.2360752671957016, "crown_m": 1.93}}, {"type": "Feature", "geometry": {"type": "Point", "coordinates": [-119.48047176003456, 49.85589694249953]}, "properties": {"source": "deepforest", "kind": "tree", "score": 0.23582206666469574, "crown_m": 7.6}}, {"type": "Feature", "geometry": {"type": "Point", "coordinates": [-119.48202207684517, 49.85587273295201]}, "properties": {"source": "deepforest", "kind": "tree", "score": 0.23577868938446045, "crown_m": 2.31}}, {"type": "Feature", "geometry": {"type": "Point", "coordinates": [-119.4765155017376, 49.854355288893515]}, "properties": {"source": "deepforest", "kind": "tree", "score": 0.2355777770280838, "crown_m": 2.6}}, {"type": "Feature", "geometry": {"type": "Point", "coordinates": [-119.48226347565651, 49.853560232941064]}, "properties": {"source": "deepforest", "kind": "tree", "score": 0.23543868958950043, "crown_m": 2.12}}, {"type": "Feature", "geometry": {"type": "Point", "coordinates": [-119.48039531707764, 49.85390869300557]}, "properties": {"source": "deepforest", "kind": "tree", "score": 0.2354201078414917, "crown_m": 1.73}}, {"type": "Feature", "geometry": {"type": "Point", "coordinates": [-119.48189198970795, 49.85688260663475]}, "properties": {"source": "deepforest", "kind": "tree", "score": 0.2352796196937561, "crown_m": 4.14}}, {"type": "Feature", "geometry": {"type": "Point", "coordinates": [-119.47690308094025, 49.855679920765574]}, "properties": {"source": "deepforest", "kind": "tree", "score": 0.23508131504058838, "crown_m": 1.54}}, {"type": "Feature", "geometry": {"type": "Point", "coordinates": [-119.48283813893795, 49.85461036116941]}, "properties": {"source": "deepforest", "kind": "tree", "score": 0.23506730794906616, "crown_m": 2.79}}, {"type": "Feature", "geometry": {"type": "Point", "coordinates": [-119.4751113653183, 49.85644035718709]}, "properties": {"source": "deepforest", "kind": "tree", "score": 0.2350645363330841, "crown_m": 1.92}}, {"type": "Feature", "geometry": {"type": "Point", "coordinates": [-119.47994001209736, 49.85476686247563]}, "properties": {"source": "deepforest", "kind": "tree", "score": 0.23497717082500458, "crown_m": 2.21}}, {"type": "Feature", "geometry": {"type": "Point", "coordinates": [-119.48244921863079, 49.855532068747195]}, "properties": {"source": "deepforest", "kind": "tree", "score": 0.23495900630950928, "crown_m": 2.41}}, {"type": "Feature", "geometry": {"type": "Point", "coordinates": [-119.47903946042061, 49.85381530941339]}, "properties": {"source": "deepforest", "kind": "tree", "score": 0.2348942756652832, "crown_m": 2.5}}, {"type": "Feature", "geometry": {"type": "Point", "coordinates": [-119.48142528533936, 49.85457707215217]}, "properties": {"source": "deepforest", "kind": "tree", "score": 0.23480795323848724, "crown_m": 2.12}}, {"type": "Feature", "geometry": {"type": "Point", "coordinates": [-119.47572760283947, 49.85497740348859]}, "properties": {"source": "deepforest", "kind": "tree", "score": 0.23472467064857483, "crown_m": 1.93}}, {"type": "Feature", "geometry": {"type": "Point", "coordinates": [-119.47657719254494, 49.85533060883611]}, "properties": {"source": "deepforest", "kind": "tree", "score": 0.23470404744148254, "crown_m": 1.64}}, {"type": "Feature", "geometry": {"type": "Point", "coordinates": [-119.48188595473766, 49.854098918283334]}, "properties": {"source": "deepforest", "kind": "tree", "score": 0.23463614284992218, "crown_m": 3.47}}, {"type": "Feature", "geometry": {"type": "Point", "coordinates": [-119.48275297880173, 49.854792801869685]}, "properties": {"source": "deepforest", "kind": "tree", "score": 0.23452535271644592, "crown_m": 2.31}}, {"type": "Feature", "geometry": {"type": "Point", "coordinates": [-119.4794699549675, 49.85314346102824]}, "properties": {"source": "deepforest", "kind": "tree", "score": 0.2343432754278183, "crown_m": 2.89}}, {"type": "Feature", "geometry": {"type": "Point", "coordinates": [-119.47646453976631, 49.85711821197044]}, "properties": {"source": "deepforest", "kind": "tree", "score": 0.23431313037872314, "crown_m": 2.69}}, {"type": "Feature", "geometry": {"type": "Point", "coordinates": [-119.48042213916779, 49.85441797627254]}, "properties": {"source": "deepforest", "kind": "tree", "score": 0.2342701107263565, "crown_m": 2.12}}, {"type": "Feature", "geometry": {"type": "Point", "coordinates": [-119.47600118815899, 49.85440976206888]}, "properties": {"source": "deepforest", "kind": "tree", "score": 0.23421351611614227, "crown_m": 2.6}}, {"type": "Feature", "geometry": {"type": "Point", "coordinates": [-119.48269464075565, 49.85579794266609]}, "properties": {"source": "deepforest", "kind": "tree", "score": 0.234047532081604, "crown_m": 2.31}}, {"type": "Feature", "geometry": {"type": "Point", "coordinates": [-119.47941362857819, 49.85502712043168]}, "properties": {"source": "deepforest", "kind": "tree", "score": 0.23392613232135773, "crown_m": 2.98}}, {"type": "Feature", "geometry": {"type": "Point", "coordinates": [-119.47504431009293, 49.85719429711785]}, "properties": {"source": "deepforest", "kind": "tree", "score": 0.23383766412734985, "crown_m": 2.5}}, {"type": "Feature", "geometry": {"type": "Point", "coordinates": [-119.47611384093761, 49.85369209467537]}, "properties": {"source": "deepforest", "kind": "tree", "score": 0.2338295727968216, "crown_m": 2.79}}, {"type": "Feature", "geometry": {"type": "Point", "coordinates": [-119.47699896991253, 49.85151654622713]}, "properties": {"source": "deepforest", "kind": "tree", "score": 0.23372770845890045, "crown_m": 2.6}}, {"type": "Feature", "geometry": {"type": "Point", "coordinates": [-119.47953768074512, 49.85421564706032]}, "properties": {"source": "deepforest", "kind": "tree", "score": 0.23361967504024506, "crown_m": 1.93}}, {"type": "Feature", "geometry": {"type": "Point", "coordinates": [-119.47752602398396, 49.85465272897637]}, "properties": {"source": "deepforest", "kind": "tree", "score": 0.23361559212207794, "crown_m": 2.79}}, {"type": "Feature", "geometry": {"type": "Point", "coordinates": [-119.47931237518787, 49.855707588929285]}, "properties": {"source": "deepforest", "kind": "tree", "score": 0.23359668254852295, "crown_m": 1.83}}, {"type": "Feature", "geometry": {"type": "Point", "coordinates": [-119.47894290089607, 49.85712167038883]}, "properties": {"source": "deepforest", "kind": "tree", "score": 0.23354817926883698, "crown_m": 1.73}}, {"type": "Feature", "geometry": {"type": "Point", "coordinates": [-119.47800882160664, 49.854385984103054]}, "properties": {"source": "deepforest", "kind": "tree", "score": 0.23349055647850037, "crown_m": 2.89}}, {"type": "Feature", "geometry": {"type": "Point", "coordinates": [-119.4763445109129, 49.85182567722418]}, "properties": {"source": "deepforest", "kind": "tree", "score": 0.23342099785804749, "crown_m": 2.79}}, {"type": "Feature", "geometry": {"type": "Point", "coordinates": [-119.47613529860973, 49.85290913333278]}, "properties": {"source": "deepforest", "kind": "tree", "score": 0.23338070511817932, "crown_m": 1.93}}, {"type": "Feature", "geometry": {"type": "Point", "coordinates": [-119.47759509086609, 49.85711475355179]}, "properties": {"source": "deepforest", "kind": "tree", "score": 0.23326411843299866, "crown_m": 1.92}}, {"type": "Feature", "geometry": {"type": "Point", "coordinates": [-119.47909444570541, 49.85566695130837]}, "properties": {"source": "deepforest", "kind": "tree", "score": 0.23309002816677094, "crown_m": 7.12}}, {"type": "Feature", "geometry": {"type": "Point", "coordinates": [-119.47689168155193, 49.85528824162347]}, "properties": {"source": "deepforest", "kind": "tree", "score": 0.23303654789924622, "crown_m": 2.41}}, {"type": "Feature", "geometry": {"type": "Point", "coordinates": [-119.47556667029858, 49.852795427786994]}, "properties": {"source": "deepforest", "kind": "tree", "score": 0.23294025659561157, "crown_m": 2.6}}, {"type": "Feature", "geometry": {"type": "Point", "coordinates": [-119.48240496218204, 49.85493028042573]}, "properties": {"source": "deepforest", "kind": "tree", "score": 0.23292340338230133, "crown_m": 2.98}}, {"type": "Feature", "geometry": {"type": "Point", "coordinates": [-119.4783353805542, 49.85537556991912]}, "properties": {"source": "deepforest", "kind": "tree", "score": 0.23291797935962677, "crown_m": 2.41}}, {"type": "Feature", "geometry": {"type": "Point", "coordinates": [-119.4765342772007, 49.85613212032998]}, "properties": {"source": "deepforest", "kind": "tree", "score": 0.2328484058380127, "crown_m": 2.89}}, {"type": "Feature", "geometry": {"type": "Point", "coordinates": [-119.4766154140234, 49.855811344402134]}, "properties": {"source": "deepforest", "kind": "tree", "score": 0.2328445017337799, "crown_m": 2.6}}, {"type": "Feature", "geometry": {"type": "Point", "coordinates": [-119.47630494832993, 49.853995591464006]}, "properties": {"source": "deepforest", "kind": "tree", "score": 0.2327936887741089, "crown_m": 2.6}}, {"type": "Feature", "geometry": {"type": "Point", "coordinates": [-119.47508588433266, 49.85363070335531]}, "properties": {"source": "deepforest", "kind": "tree", "score": 0.2327737659215927, "crown_m": 3.37}}, {"type": "Feature", "geometry": {"type": "Point", "coordinates": [-119.48138773441315, 49.85237043472825]}, "properties": {"source": "deepforest", "kind": "tree", "score": 0.23273731768131256, "crown_m": 1.93}}, {"type": "Feature", "geometry": {"type": "Point", "coordinates": [-119.47931036353111, 49.854801880654314]}, "properties": {"source": "deepforest", "kind": "tree", "score": 0.23267759382724762, "crown_m": 3.66}}, {"type": "Feature", "geometry": {"type": "Point", "coordinates": [-119.47717063128948, 49.856029230169995]}, "properties": {"source": "deepforest", "kind": "tree", "score": 0.23266483843326569, "crown_m": 2.02}}, {"type": "Feature", "geometry": {"type": "Point", "coordinates": [-119.47945654392242, 49.85429260143317]}, "properties": {"source": "deepforest", "kind": "tree", "score": 0.232625812292099, "crown_m": 2.12}}, {"type": "Feature", "geometry": {"type": "Point", "coordinates": [-119.47874240577221, 49.85621987941096]}, "properties": {"source": "deepforest", "kind": "tree", "score": 0.23259077966213226, "crown_m": 2.79}}, {"type": "Feature", "geometry": {"type": "Point", "coordinates": [-119.47603471577168, 49.85510320887165]}, "properties": {"source": "deepforest", "kind": "tree", "score": 0.23253801465034485, "crown_m": 2.6}}, {"type": "Feature", "geometry": {"type": "Point", "coordinates": [-119.47849228978157, 49.85642349715738]}, "properties": {"source": "deepforest", "kind": "tree", "score": 0.2324502319097519, "crown_m": 2.21}}, {"type": "Feature", "geometry": {"type": "Point", "coordinates": [-119.48078155517578, 49.854430946064944]}, "properties": {"source": "deepforest", "kind": "tree", "score": 0.23226867616176605, "crown_m": 1.73}}, {"type": "Feature", "geometry": {"type": "Point", "coordinates": [-119.48124825954437, 49.85230471827568]}, "properties": {"source": "deepforest", "kind": "tree", "score": 0.232077956199646, "crown_m": 2.5}}, {"type": "Feature", "geometry": {"type": "Point", "coordinates": [-119.47796523571014, 49.85580140117898]}, "properties": {"source": "deepforest", "kind": "tree", "score": 0.232059508562088, "crown_m": 1.92}}, {"type": "Feature", "geometry": {"type": "Point", "coordinates": [-119.47873167693615, 49.85663143711269]}, "properties": {"source": "deepforest", "kind": "tree", "score": 0.23178917169570923, "crown_m": 2.41}}, {"type": "Feature", "geometry": {"type": "Point", "coordinates": [-119.47464935481548, 49.85652638647788]}, "properties": {"source": "deepforest", "kind": "tree", "score": 0.2317657619714737, "crown_m": 2.02}}, {"type": "Feature", "geometry": {"type": "Point", "coordinates": [-119.47553850710392, 49.85520869491979]}, "properties": {"source": "deepforest", "kind": "tree", "score": 0.2314051240682602, "crown_m": 2.98}}, {"type": "Feature", "geometry": {"type": "Point", "coordinates": [-119.4765979796648, 49.8531594575269]}, "properties": {"source": "deepforest", "kind": "tree", "score": 0.23137634992599487, "crown_m": 1.83}}, {"type": "Feature", "geometry": {"type": "Point", "coordinates": [-119.4807406514883, 49.853712414320455]}, "properties": {"source": "deepforest", "kind": "tree", "score": 0.2312173992395401, "crown_m": 1.93}}, {"type": "Feature", "geometry": {"type": "Point", "coordinates": [-119.48049321770668, 49.85595011699884]}, "properties": {"source": "deepforest", "kind": "tree", "score": 0.2309577465057373, "crown_m": 1.73}}, {"type": "Feature", "geometry": {"type": "Point", "coordinates": [-119.47836890816689, 49.85418624872824]}, "properties": {"source": "deepforest", "kind": "tree", "score": 0.23091095685958862, "crown_m": 1.93}}, {"type": "Feature", "geometry": {"type": "Point", "coordinates": [-119.47866193950176, 49.855019770973755]}, "properties": {"source": "deepforest", "kind": "tree", "score": 0.23088017106056213, "crown_m": 1.44}}, {"type": "Feature", "geometry": {"type": "Point", "coordinates": [-119.47941362857819, 49.85507510804129]}, "properties": {"source": "deepforest", "kind": "tree", "score": 0.2308589220046997, "crown_m": 2.31}}, {"type": "Feature", "geometry": {"type": "Point", "coordinates": [-119.47994001209736, 49.85497653884565]}, "properties": {"source": "deepforest", "kind": "tree", "score": 0.23085379600524902, "crown_m": 2.5}}, {"type": "Feature", "geometry": {"type": "Point", "coordinates": [-119.47625331580639, 49.85424547770255]}, "properties": {"source": "deepforest", "kind": "tree", "score": 0.23072761297225952, "crown_m": 2.41}}, {"type": "Feature", "geometry": {"type": "Point", "coordinates": [-119.47580337524414, 49.85508937461875]}, "properties": {"source": "deepforest", "kind": "tree", "score": 0.2305794358253479, "crown_m": 2.02}}, {"type": "Feature", "geometry": {"type": "Point", "coordinates": [-119.48265507817268, 49.85225888964401]}, "properties": {"source": "deepforest", "kind": "tree", "score": 0.23053403198719025, "crown_m": 2.5}}, {"type": "Feature", "geometry": {"type": "Point", "coordinates": [-119.47482235729694, 49.85385378693389]}, "properties": {"source": "deepforest", "kind": "tree", "score": 0.23046168684959412, "crown_m": 1.64}}, {"type": "Feature", "geometry": {"type": "Point", "coordinates": [-119.47933986783028, 49.85218193203272]}, "properties": {"source": "deepforest", "kind": "tree", "score": 0.2304183840751648, "crown_m": 2.5}}, {"type": "Feature", "geometry": {"type": "Point", "coordinates": [-119.48152050375938, 49.85176255413229]}, "properties": {"source": "deepforest", "kind": "tree", "score": 0.23023472726345062, "crown_m": 4.04}}, {"type": "Feature", "geometry": {"type": "Point", "coordinates": [-119.4752474874258, 49.85340113371383]}, "properties": {"source": "deepforest", "kind": "tree", "score": 0.23021076619625092, "crown_m": 1.54}}, {"type": "Feature", "geometry": {"type": "Point", "coordinates": [-119.47771646082401, 49.85435312725831]}, "properties": {"source": "deepforest", "kind": "tree", "score": 0.23020170629024506, "crown_m": 3.95}}, {"type": "Feature", "geometry": {"type": "Point", "coordinates": [-119.47844870388508, 49.85625792270689]}, "properties": {"source": "deepforest", "kind": "tree", "score": 0.23009134829044342, "crown_m": 2.12}}, {"type": "Feature", "geometry": {"type": "Point", "coordinates": [-119.4818926602602, 49.8569003311128]}, "properties": {"source": "deepforest", "kind": "tree", "score": 0.22992022335529327, "crown_m": 2.79}}, {"type": "Feature", "geometry": {"type": "Point", "coordinates": [-119.47883494198322, 49.856228957927485]}, "properties": {"source": "deepforest", "kind": "tree", "score": 0.22981898486614227, "crown_m": 1.44}}, {"type": "Feature", "geometry": {"type": "Point", "coordinates": [-119.47571083903313, 49.85261600594439]}, "properties": {"source": "deepforest", "kind": "tree", "score": 0.22972425818443298, "crown_m": 3.08}}, {"type": "Feature", "geometry": {"type": "Point", "coordinates": [-119.47949342429638, 49.85425498891794]}, "properties": {"source": "deepforest", "kind": "tree", "score": 0.22971977293491364, "crown_m": 3.18}}, {"type": "Feature", "geometry": {"type": "Point", "coordinates": [-119.48263362050056, 49.8556271782846]}, "properties": {"source": "deepforest", "kind": "tree", "score": 0.22961871325969696, "crown_m": 2.7}}, {"type": "Feature", "geometry": {"type": "Point", "coordinates": [-119.47470903396606, 49.857202943149744]}, "properties": {"source": "deepforest", "kind": "tree", "score": 0.22961673140525818, "crown_m": 7.12}}, {"type": "Feature", "geometry": {"type": "Point", "coordinates": [-119.47736576199532, 49.85289573079186]}, "properties": {"source": "deepforest", "kind": "tree", "score": 0.2295864075422287, "crown_m": 2.02}}, {"type": "Feature", "geometry": {"type": "Point", "coordinates": [-119.47749383747578, 49.85180622148546]}, "properties": {"source": "deepforest", "kind": "tree", "score": 0.22945068776607513, "crown_m": 1.44}}, {"type": "Feature", "geometry": {"type": "Point", "coordinates": [-119.47800144553185, 49.857064606453726]}, "properties": {"source": "deepforest", "kind": "tree", "score": 0.22937743365764618, "crown_m": 4.43}}, {"type": "Feature", "geometry": {"type": "Point", "coordinates": [-119.47632774710655, 49.85686012679956]}, "properties": {"source": "deepforest", "kind": "tree", "score": 0.2293304204940796, "crown_m": 1.54}}, {"type": "Feature", "geometry": {"type": "Point", "coordinates": [-119.48253571987152, 49.85506040913891]}, "properties": {"source": "deepforest", "kind": "tree", "score": 0.22911015152931213, "crown_m": 2.12}}, {"type": "Feature", "geometry": {"type": "Point", "coordinates": [-119.47622381150723, 49.85418927502796]}, "properties": {"source": "deepforest", "kind": "tree", "score": 0.22898522019386292, "crown_m": 6.45}}, {"type": "Feature", "geometry": {"type": "Point", "coordinates": [-119.48051266372204, 49.85699587026061]}, "properties": {"source": "deepforest", "kind": "tree", "score": 0.22892817854881287, "crown_m": 2.98}}, {"type": "Feature", "geometry": {"type": "Point", "coordinates": [-119.47576582431793, 49.856873528241024]}, "properties": {"source": "deepforest", "kind": "tree", "score": 0.22890318930149078, "crown_m": 2.12}}, {"type": "Feature", "geometry": {"type": "Point", "coordinates": [-119.48197782039642, 49.85472146850253]}, "properties": {"source": "deepforest", "kind": "tree", "score": 0.22888198494911194, "crown_m": 1.54}}, {"type": "Feature", "geometry": {"type": "Point", "coordinates": [-119.47981059551239, 49.85315167544714]}, "properties": {"source": "deepforest", "kind": "tree", "score": 0.22881130874156952, "crown_m": 1.64}}, {"type": "Feature", "geometry": {"type": "Point", "coordinates": [-119.48261082172394, 49.854749137215016]}, "properties": {"source": "deepforest", "kind": "tree", "score": 0.2288048416376114, "crown_m": 1.93}}, {"type": "Feature", "geometry": {"type": "Point", "coordinates": [-119.48093511164188, 49.85597346188248]}, "properties": {"source": "deepforest", "kind": "tree", "score": 0.22870658338069916, "crown_m": 3.37}}, {"type": "Feature", "geometry": {"type": "Point", "coordinates": [-119.47990648448467, 49.8544110590485]}, "properties": {"source": "deepforest", "kind": "tree", "score": 0.22860446572303772, "crown_m": 1.83}}, {"type": "Feature", "geometry": {"type": "Point", "coordinates": [-119.47562702000141, 49.85259179475317]}, "properties": {"source": "deepforest", "kind": "tree", "score": 0.2283060997724533, "crown_m": 1.73}}, {"type": "Feature", "geometry": {"type": "Point", "coordinates": [-119.47461247444153, 49.85723623035812]}, "properties": {"source": "deepforest", "kind": "tree", "score": 0.22830244898796082, "crown_m": 1.54}}, {"type": "Feature", "geometry": {"type": "Point", "coordinates": [-119.48032893240452, 49.85647580646114]}, "properties": {"source": "deepforest", "kind": "tree", "score": 0.22828693687915802, "crown_m": 2.89}}, {"type": "Feature", "geometry": {"type": "Point", "coordinates": [-119.47497725486755, 49.85463240972665]}, "properties": {"source": "deepforest", "kind": "tree", "score": 0.22818981111049652, "crown_m": 1.73}}, {"type": "Feature", "geometry": {"type": "Point", "coordinates": [-119.47555057704449, 49.85595271087535]}, "properties": {"source": "deepforest", "kind": "tree", "score": 0.2281314730644226, "crown_m": 2.5}}, {"type": "Feature", "geometry": {"type": "Point", "coordinates": [-119.47624325752258, 49.856912003326514]}, "properties": {"source": "deepforest", "kind": "tree", "score": 0.22803036868572235, "crown_m": 2.31}}, {"type": "Feature", "geometry": {"type": "Point", "coordinates": [-119.48032692074776, 49.85483041396633]}, "properties": {"source": "deepforest", "kind": "tree", "score": 0.2280179262161255, "crown_m": 2.7}}, {"type": "Feature", "geometry": {"type": "Point", "coordinates": [-119.47981663048267, 49.8557162352272]}, "properties": {"source": "deepforest", "kind": "tree", "score": 0.22790957987308502, "crown_m": 1.83}}, {"type": "Feature", "geometry": {"type": "Point", "coordinates": [-119.47900392115116, 49.85448671613261]}, "properties": {"source": "deepforest", "kind": "tree", "score": 0.22789521515369415, "crown_m": 2.21}}, {"type": "Feature", "geometry": {"type": "Point", "coordinates": [-119.47508253157139, 49.85513390360613]}, "properties": {"source": "deepforest", "kind": "tree", "score": 0.2278623878955841, "crown_m": 5.01}}, {"type": "Feature", "geometry": {"type": "Point", "coordinates": [-119.47678372263908, 49.85229347729457]}, "properties": {"source": "deepforest", "kind": "tree", "score": 0.22784817218780518, "crown_m": 2.31}}, {"type": "Feature", "geometry": {"type": "Point", "coordinates": [-119.48086135089397, 49.855876623772964]}, "properties": {"source": "deepforest", "kind": "tree", "score": 0.22779205441474915, "crown_m": 1.92}}, {"type": "Feature", "geometry": {"type": "Point", "coordinates": [-119.4752836972475, 49.853995591464006]}, "properties": {"source": "deepforest", "kind": "tree", "score": 0.22766807675361633, "crown_m": 1.83}}, {"type": "Feature", "geometry": {"type": "Point", "coordinates": [-119.47602465748787, 49.85257104229391]}, "properties": {"source": "deepforest", "kind": "tree", "score": 0.2276601940393448, "crown_m": 1.93}}, {"type": "Feature", "geometry": {"type": "Point", "coordinates": [-119.47951085865498, 49.85658950334757]}, "properties": {"source": "deepforest", "kind": "tree", "score": 0.2275530844926834, "crown_m": 1.64}}, {"type": "Feature", "geometry": {"type": "Point", "coordinates": [-119.47603538632393, 49.85399472680349]}, "properties": {"source": "deepforest", "kind": "tree", "score": 0.22748589515686035, "crown_m": 2.02}}, {"type": "Feature", "geometry": {"type": "Point", "coordinates": [-119.48216557502747, 49.853149081420256]}, "properties": {"source": "deepforest", "kind": "tree", "score": 0.22746798396110535, "crown_m": 2.41}}, {"type": "Feature", "geometry": {"type": "Point", "coordinates": [-119.47802558541298, 49.85514255000668]}, "properties": {"source": "deepforest", "kind": "tree", "score": 0.22734609246253967, "crown_m": 2.89}}, {"type": "Feature", "geometry": {"type": "Point", "coordinates": [-119.47808727622032, 49.856605931012474]}, "properties": {"source": "deepforest", "kind": "tree", "score": 0.22733421623706818, "crown_m": 7.31}}, {"type": "Feature", "geometry": {"type": "Point", "coordinates": [-119.48277778923512, 49.85287065506016]}, "properties": {"source": "deepforest", "kind": "tree", "score": 0.2273164987564087, "crown_m": 3.95}}, {"type": "Feature", "geometry": {"type": "Point", "coordinates": [-119.48138773441315, 49.85515422264499]}, "properties": {"source": "deepforest", "kind": "tree", "score": 0.22724837064743042, "crown_m": 1.83}}, {"type": "Feature", "geometry": {"type": "Point", "coordinates": [-119.4813870638609, 49.85161598718315]}, "properties": {"source": "deepforest", "kind": "tree", "score": 0.22722271084785461, "crown_m": 2.02}}, {"type": "Feature", "geometry": {"type": "Point", "coordinates": [-119.47792299091816, 49.85502236490021]}, "properties": {"source": "deepforest", "kind": "tree", "score": 0.22716009616851807, "crown_m": 2.12}}, {"type": "Feature", "geometry": {"type": "Point", "coordinates": [-119.48242910206318, 49.85551866693368]}, "properties": {"source": "deepforest", "kind": "tree", "score": 0.22714895009994507, "crown_m": 1.93}}, {"type": "Feature", "geometry": {"type": "Point", "coordinates": [-119.48183231055737, 49.85358963165397]}, "properties": {"source": "deepforest", "kind": "tree", "score": 0.2270810604095459, "crown_m": 6.93}}, {"type": "Feature", "geometry": {"type": "Point", "coordinates": [-119.4759750366211, 49.85488402196154]}, "properties": {"source": "deepforest", "kind": "tree", "score": 0.22707246243953705, "crown_m": 1.93}}, {"type": "Feature", "geometry": {"type": "Point", "coordinates": [-119.48189802467823, 49.857083627772916]}, "properties": {"source": "deepforest", "kind": "tree", "score": 0.22706013917922974, "crown_m": 4.04}}, {"type": "Feature", "geometry": {"type": "Point", "coordinates": [-119.47637937963009, 49.853209176340314]}, "properties": {"source": "deepforest", "kind": "tree", "score": 0.2269580215215683, "crown_m": 2.7}}, {"type": "Feature", "geometry": {"type": "Point", "coordinates": [-119.475551918149, 49.85152649033194]}, "properties": {"source": "deepforest", "kind": "tree", "score": 0.2269289642572403, "crown_m": 2.12}}, {"type": "Feature", "geometry": {"type": "Point", "coordinates": [-119.47641022503376, 49.85286719633752]}, "properties": {"source": "deepforest", "kind": "tree", "score": 0.22687865793704987, "crown_m": 2.02}}, {"type": "Feature", "geometry": {"type": "Point", "coordinates": [-119.48192954063416, 49.85412745201042]}, "properties": {"source": "deepforest", "kind": "tree", "score": 0.22686496376991272, "crown_m": 2.7}}, {"type": "Feature", "geometry": {"type": "Point", "coordinates": [-119.4758952409029, 49.85488748053983]}, "properties": {"source": "deepforest", "kind": "tree", "score": 0.22681787610054016, "crown_m": 1.54}}, {"type": "Feature", "geometry": {"type": "Point", "coordinates": [-119.47766482830048, 49.85309763319193]}, "properties": {"source": "deepforest", "kind": "tree", "score": 0.22668945789337158, "crown_m": 2.31}}, {"type": "Feature", "geometry": {"type": "Point", "coordinates": [-119.47601392865181, 49.854904773427585]}, "properties": {"source": "deepforest", "kind": "tree", "score": 0.22667625546455383, "crown_m": 1.54}}, {"type": "Feature", "geometry": {"type": "Point", "coordinates": [-119.4751127064228, 49.856222473273]}, "properties": {"source": "deepforest", "kind": "tree", "score": 0.22644516825675964, "crown_m": 2.12}}, {"type": "Feature", "geometry": {"type": "Point", "coordinates": [-119.47646856307983, 49.851830433070226]}, "properties": {"source": "deepforest", "kind": "tree", "score": 0.22643202543258667, "crown_m": 2.7}}, {"type": "Feature", "geometry": {"type": "Point", "coordinates": [-119.4756169617176, 49.85361773334812]}, "properties": {"source": "deepforest", "kind": "tree", "score": 0.22633962333202362, "crown_m": 1.64}}, {"type": "Feature", "geometry": {"type": "Point", "coordinates": [-119.48143467307091, 49.85159782841516]}, "properties": {"source": "deepforest", "kind": "tree", "score": 0.22631816565990448, "crown_m": 2.02}}, {"type": "Feature", "geometry": {"type": "Point", "coordinates": [-119.47592608630657, 49.8550712171558]}, "properties": {"source": "deepforest", "kind": "tree", "score": 0.22629953920841217, "crown_m": 2.02}}, {"type": "Feature", "geometry": {"type": "Point", "coordinates": [-119.47975292801857, 49.857185218782696]}, "properties": {"source": "deepforest", "kind": "tree", "score": 0.22623677551746368, "crown_m": 2.02}}, {"type": "Feature", "geometry": {"type": "Point", "coordinates": [-119.4803798943758, 49.85401072302038]}, "properties": {"source": "deepforest", "kind": "tree", "score": 0.22622622549533844, "crown_m": 2.7}}, {"type": "Feature", "geometry": {"type": "Point", "coordinates": [-119.4751938432455, 49.85367047802227]}, "properties": {"source": "deepforest", "kind": "tree", "score": 0.22621935606002808, "crown_m": 1.83}}, {"type": "Feature", "geometry": {"type": "Point", "coordinates": [-119.48182694613934, 49.85215296481021]}, "properties": {"source": "deepforest", "kind": "tree", "score": 0.2261553406715393, "crown_m": 3.18}}, {"type": "Feature", "geometry": {"type": "Point", "coordinates": [-119.48252700269222, 49.855696781054725]}, "properties": {"source": "deepforest", "kind": "tree", "score": 0.22605577111244202, "crown_m": 1.73}}, {"type": "Feature", "geometry": {"type": "Point", "coordinates": [-119.4804509729147, 49.851794548038484]}, "properties": {"source": "deepforest", "kind": "tree", "score": 0.22604048252105713, "crown_m": 1.83}}, {"type": "Feature", "geometry": {"type": "Point", "coordinates": [-119.47607696056366, 49.85210756838179]}, "properties": {"source": "deepforest", "kind": "tree", "score": 0.22599834203720093, "crown_m": 2.5}}, {"type": "Feature", "geometry": {"type": "Point", "coordinates": [-119.47752602398396, 49.85681127635244]}, "properties": {"source": "deepforest", "kind": "tree", "score": 0.22593770921230316, "crown_m": 3.08}}, {"type": "Feature", "geometry": {"type": "Point", "coordinates": [-119.47564378380775, 49.853191018170904]}, "properties": {"source": "deepforest", "kind": "tree", "score": 0.2258259654045105, "crown_m": 7.32}}, {"type": "Feature", "geometry": {"type": "Point", "coordinates": [-119.48091700673103, 49.852259754335584]}, "properties": {"source": "deepforest", "kind": "tree", "score": 0.22576798498630524, "crown_m": 1.73}}, {"type": "Feature", "geometry": {"type": "Point", "coordinates": [-119.47737582027912, 49.85288189590701]}, "properties": {"source": "deepforest", "kind": "tree", "score": 0.22571316361427307, "crown_m": 2.02}}, {"type": "Feature", "geometry": {"type": "Point", "coordinates": [-119.47835080325603, 49.85153902854814]}, "properties": {"source": "deepforest", "kind": "tree", "score": 0.22554464638233185, "crown_m": 2.41}}, {"type": "Feature", "geometry": {"type": "Point", "coordinates": [-119.47478950023651, 49.856613712536]}, "properties": {"source": "deepforest", "kind": "tree", "score": 0.22549863159656525, "crown_m": 1.44}}, {"type": "Feature", "geometry": {"type": "Point", "coordinates": [-119.47492830455303, 49.853638917691384]}, "properties": {"source": "deepforest", "kind": "tree", "score": 0.22548435628414154, "crown_m": 1.93}}, {"type": "Feature", "geometry": {"type": "Point", "coordinates": [-119.48235265910625, 49.8547703210623]}, "properties": {"source": "deepforest", "kind": "tree", "score": 0.2254686951637268, "crown_m": 2.21}}, {"type": "Feature", "geometry": {"type": "Point", "coordinates": [-119.48138773441315, 49.85374267760584]}, "properties": {"source": "deepforest", "kind": "tree", "score": 0.22544412314891815, "crown_m": 2.89}}, {"type": "Feature", "geometry": {"type": "Point", "coordinates": [-119.47804301977158, 49.856144225040275]}, "properties": {"source": "deepforest", "kind": "tree", "score": 0.2254413515329361, "crown_m": 3.56}}, {"type": "Feature", "geometry": {"type": "Point", "coordinates": [-119.47533398866653, 49.856867908282155]}, "properties": {"source": "deepforest", "kind": "tree", "score": 0.22534877061843872, "crown_m": 2.6}}, {"type": "Feature", "geometry": {"type": "Point", "coordinates": [-119.48032423853874, 49.852055254349494]}, "properties": {"source": "deepforest", "kind": "tree", "score": 0.2252657413482666, "crown_m": 2.7}}, {"type": "Feature", "geometry": {"type": "Point", "coordinates": [-119.47649672627449, 49.856840673087596]}, "properties": {"source": "deepforest", "kind": "tree", "score": 0.22515666484832764, "crown_m": 1.92}}, {"type": "Feature", "geometry": {"type": "Point", "coordinates": [-119.47511203587055, 49.85369857966941]}, "properties": {"source": "deepforest", "kind": "tree", "score": 0.22504737973213196, "crown_m": 2.12}}, {"type": "Feature", "geometry": {"type": "Point", "coordinates": [-119.47516970336437, 49.85639582940356]}, "properties": {"source": "deepforest", "kind": "tree", "score": 0.22501766681671143, "crown_m": 2.21}}, {"type": "Feature", "geometry": {"type": "Point", "coordinates": [-119.48042280972004, 49.85622290558333]}, "properties": {"source": "deepforest", "kind": "tree", "score": 0.22500374913215637, "crown_m": 1.83}}, {"type": "Feature", "geometry": {"type": "Point", "coordinates": [-119.48283612728119, 49.855748226516035]}, "properties": {"source": "deepforest", "kind": "tree", "score": 0.22497986257076263, "crown_m": 1.83}}, {"type": "Feature", "geometry": {"type": "Point", "coordinates": [-119.47811610996723, 49.855766816039]}, "properties": {"source": "deepforest", "kind": "tree", "score": 0.22490380704402924, "crown_m": 1.73}}, {"type": "Feature", "geometry": {"type": "Point", "coordinates": [-119.47993397712708, 49.85618226839577]}, "properties": {"source": "deepforest", "kind": "tree", "score": 0.22488193213939667, "crown_m": 3.18}}, {"type": "Feature", "geometry": {"type": "Point", "coordinates": [-119.4769299030304, 49.85533406738245]}, "properties": {"source": "deepforest", "kind": "tree", "score": 0.22484524548053741, "crown_m": 2.6}}, {"type": "Feature", "geometry": {"type": "Point", "coordinates": [-119.47947330772877, 49.855708453559146]}, "properties": {"source": "deepforest", "kind": "tree", "score": 0.22484299540519714, "crown_m": 1.83}}, {"type": "Feature", "geometry": {"type": "Point", "coordinates": [-119.4786049425602, 49.854462938204655]}, "properties": {"source": "deepforest", "kind": "tree", "score": 0.22479680180549622, "crown_m": 2.7}}, {"type": "Feature", "geometry": {"type": "Point", "coordinates": [-119.48210388422012, 49.853213499712965]}, "properties": {"source": "deepforest", "kind": "tree", "score": 0.22464044392108917, "crown_m": 2.5}}, {"type": "Feature", "geometry": {"type": "Point", "coordinates": [-119.47646990418434, 49.85574217411166]}, "properties": {"source": "deepforest", "kind": "tree", "score": 0.22463467717170715, "crown_m": 1.64}}, {"type": "Feature", "geometry": {"type": "Point", "coordinates": [-119.47941295802593, 49.85487710480421]}, "properties": {"source": "deepforest", "kind": "tree", "score": 0.2246270626783371, "crown_m": 3.47}}, {"type": "Feature", "geometry": {"type": "Point", "coordinates": [-119.4751113653183, 49.856393667859635]}, "properties": {"source": "deepforest", "kind": "tree", "score": 0.22451356053352356, "crown_m": 1.92}}, {"type": "Feature", "geometry": {"type": "Point", "coordinates": [-119.4799393415451, 49.85682424550251]}, "properties": {"source": "deepforest", "kind": "tree", "score": 0.22442668676376343, "crown_m": 1.73}}, {"type": "Feature", "geometry": {"type": "Point", "coordinates": [-119.47835348546505, 49.85160863720645]}, "properties": {"source": "deepforest", "kind": "tree", "score": 0.22436560690402985, "crown_m": 2.02}}, {"type": "Feature", "geometry": {"type": "Point", "coordinates": [-119.48231108486652, 49.8523743258312]}, "properties": {"source": "deepforest", "kind": "tree", "score": 0.2240992784500122, "crown_m": 2.02}}, {"type": "Feature", "geometry": {"type": "Point", "coordinates": [-119.47588920593262, 49.85623976568303]}, "properties": {"source": "deepforest", "kind": "tree", "score": 0.22408366203308105, "crown_m": 1.54}}, {"type": "Feature", "geometry": {"type": "Point", "coordinates": [-119.47893016040325, 49.8562103685823]}, "properties": {"source": "deepforest", "kind": "tree", "score": 0.22402435541152954, "crown_m": 2.31}}, {"type": "Feature", "geometry": {"type": "Point", "coordinates": [-119.47618961334229, 49.8538542192654]}, "properties": {"source": "deepforest", "kind": "tree", "score": 0.22401851415634155, "crown_m": 1.93}}, {"type": "Feature", "geometry": {"type": "Point", "coordinates": [-119.48042280972004, 49.853877565161575]}, "properties": {"source": "deepforest", "kind": "tree", "score": 0.22385500371456146, "crown_m": 2.31}}, {"type": "Feature", "geometry": {"type": "Point", "coordinates": [-119.47993867099285, 49.85557659732665]}, "properties": {"source": "deepforest", "kind": "tree", "score": 0.22348636388778687, "crown_m": 2.31}}, {"type": "Feature", "geometry": {"type": "Point", "coordinates": [-119.4808130711317, 49.854980862060195]}, "properties": {"source": "deepforest", "kind": "tree", "score": 0.22326397895812988, "crown_m": 5.39}}, {"type": "Feature", "geometry": {"type": "Point", "coordinates": [-119.48123417794704, 49.856995005653786]}, "properties": {"source": "deepforest", "kind": "tree", "score": 0.2232528030872345, "crown_m": 1.44}}, {"type": "Feature", "geometry": {"type": "Point", "coordinates": [-119.47686351835728, 49.85484986848759]}, "properties": {"source": "deepforest", "kind": "tree", "score": 0.22317370772361755, "crown_m": 3.18}}, {"type": "Feature", "geometry": {"type": "Point", "coordinates": [-119.48049120604992, 49.854081625107206]}, "properties": {"source": "deepforest", "kind": "tree", "score": 0.22309242188930511, "crown_m": 2.02}}, {"type": "Feature", "geometry": {"type": "Point", "coordinates": [-119.48020488023758, 49.85201936948468]}, "properties": {"source": "deepforest", "kind": "tree", "score": 0.22302478551864624, "crown_m": 3.66}}, {"type": "Feature", "geometry": {"type": "Point", "coordinates": [-119.47506844997406, 49.855561898576795]}, "properties": {"source": "deepforest", "kind": "tree", "score": 0.22299928963184357, "crown_m": 3.08}}, {"type": "Feature", "geometry": {"type": "Point", "coordinates": [-119.47679713368416, 49.85689773728715]}, "properties": {"source": "deepforest", "kind": "tree", "score": 0.22296062111854553, "crown_m": 1.92}}, {"type": "Feature", "geometry": {"type": "Point", "coordinates": [-119.4762097299099, 49.85514730552634]}, "properties": {"source": "deepforest", "kind": "tree", "score": 0.22294004261493683, "crown_m": 2.02}}, {"type": "Feature", "geometry": {"type": "Point", "coordinates": [-119.48006674647331, 49.85712253499339]}, "properties": {"source": "deepforest", "kind": "tree", "score": 0.2228771150112152, "crown_m": 1.92}}, {"type": "Feature", "geometry": {"type": "Point", "coordinates": [-119.47482772171497, 49.85383606133836]}, "properties": {"source": "deepforest", "kind": "tree", "score": 0.22277100384235382, "crown_m": 1.83}}, {"type": "Feature", "geometry": {"type": "Point", "coordinates": [-119.48192551732063, 49.8538429786447]}, "properties": {"source": "deepforest", "kind": "tree", "score": 0.22276243567466736, "crown_m": 2.89}}, {"type": "Feature", "geometry": {"type": "Point", "coordinates": [-119.48281869292259, 49.852862872933876]}, "properties": {"source": "deepforest", "kind": "tree", "score": 0.22271162271499634, "crown_m": 2.89}}, {"type": "Feature", "geometry": {"type": "Point", "coordinates": [-119.47540640830994, 49.85292902096729]}, "properties": {"source": "deepforest", "kind": "tree", "score": 0.22252023220062256, "crown_m": 1.54}}, {"type": "Feature", "geometry": {"type": "Point", "coordinates": [-119.48022365570068, 49.85527786597389]}, "properties": {"source": "deepforest", "kind": "tree", "score": 0.2223992943763733, "crown_m": 4.62}}, {"type": "Feature", "geometry": {"type": "Point", "coordinates": [-119.48058441281319, 49.8545904742268]}, "properties": {"source": "deepforest", "kind": "tree", "score": 0.22208482027053833, "crown_m": 1.83}}, {"type": "Feature", "geometry": {"type": "Point", "coordinates": [-119.47493501007557, 49.85457880145232]}, "properties": {"source": "deepforest", "kind": "tree", "score": 0.2220291644334793, "crown_m": 3.08}}, {"type": "Feature", "geometry": {"type": "Point", "coordinates": [-119.47860896587372, 49.85499123777354]}, "properties": {"source": "deepforest", "kind": "tree", "score": 0.22192688286304474, "crown_m": 1.93}}, {"type": "Feature", "geometry": {"type": "Point", "coordinates": [-119.47614200413227, 49.85497351259522]}, "properties": {"source": "deepforest", "kind": "tree", "score": 0.22192026674747467, "crown_m": 2.41}}, {"type": "Feature", "geometry": {"type": "Point", "coordinates": [-119.47680182754993, 49.85506040913891]}, "properties": {"source": "deepforest", "kind": "tree", "score": 0.22182513773441315, "crown_m": 1.83}}, {"type": "Feature", "geometry": {"type": "Point", "coordinates": [-119.47497859597206, 49.85665607858655]}, "properties": {"source": "deepforest", "kind": "tree", "score": 0.22178243100643158, "crown_m": 2.41}}, {"type": "Feature", "geometry": {"type": "Point", "coordinates": [-119.47982802987099, 49.8562116655136]}, "properties": {"source": "deepforest", "kind": "tree", "score": 0.22174200415611267, "crown_m": 2.02}}, {"type": "Feature", "geometry": {"type": "Point", "coordinates": [-119.48238015174866, 49.854117508440766]}, "properties": {"source": "deepforest", "kind": "tree", "score": 0.22167709469795227, "crown_m": 5.2}}, {"type": "Feature", "geometry": {"type": "Point", "coordinates": [-119.48264501988888, 49.85479582813142]}, "properties": {"source": "deepforest", "kind": "tree", "score": 0.22155052423477173, "crown_m": 2.5}}, {"type": "Feature", "geometry": {"type": "Point", "coordinates": [-119.4812348484993, 49.85516113976265]}, "properties": {"source": "deepforest", "kind": "tree", "score": 0.2215118557214737, "crown_m": 1.83}}, {"type": "Feature", "geometry": {"type": "Point", "coordinates": [-119.47669319808483, 49.8526423788353]}, "properties": {"source": "deepforest", "kind": "tree", "score": 0.22148661315441132, "crown_m": 1.44}}, {"type": "Feature", "geometry": {"type": "Point", "coordinates": [-119.4816941767931, 49.85492120166521]}, "properties": {"source": "deepforest", "kind": "tree", "score": 0.22141288220882416, "crown_m": 2.31}}, {"type": "Feature", "geometry": {"type": "Point", "coordinates": [-119.4765168428421, 49.85297830767841]}, "properties": {"source": "deepforest", "kind": "tree", "score": 0.2213505655527115, "crown_m": 2.31}}, {"type": "Feature", "geometry": {"type": "Point", "coordinates": [-119.48125965893269, 49.85699846408098]}, "properties": {"source": "deepforest", "kind": "tree", "score": 0.22090086340904236, "crown_m": 2.02}}, {"type": "Feature", "geometry": {"type": "Point", "coordinates": [-119.47864182293415, 49.85514773784628]}, "properties": {"source": "deepforest", "kind": "tree", "score": 0.22072385251522064, "crown_m": 1.93}}, {"type": "Feature", "geometry": {"type": "Point", "coordinates": [-119.47556264698505, 49.85599421288071]}, "properties": {"source": "deepforest", "kind": "tree", "score": 0.22065000236034393, "crown_m": 2.21}}, {"type": "Feature", "geometry": {"type": "Point", "coordinates": [-119.4803785532713, 49.85248803236774]}, "properties": {"source": "deepforest", "kind": "tree", "score": 0.22054043412208557, "crown_m": 2.31}}, {"type": "Feature", "geometry": {"type": "Point", "coordinates": [-119.4823258370161, 49.85326840651213]}, "properties": {"source": "deepforest", "kind": "tree", "score": 0.22037534415721893, "crown_m": 4.72}}, {"type": "Feature", "geometry": {"type": "Point", "coordinates": [-119.47603538632393, 49.852156423583956]}, "properties": {"source": "deepforest", "kind": "tree", "score": 0.22022032737731934, "crown_m": 1.64}}, {"type": "Feature", "geometry": {"type": "Point", "coordinates": [-119.48243983089924, 49.855112719918225]}, "properties": {"source": "deepforest", "kind": "tree", "score": 0.22021102905273438, "crown_m": 2.21}}, {"type": "Feature", "geometry": {"type": "Point", "coordinates": [-119.47888322174549, 49.856964312101454]}, "properties": {"source": "deepforest", "kind": "tree", "score": 0.22014763951301575, "crown_m": 2.41}}, {"type": "Feature", "geometry": {"type": "Point", "coordinates": [-119.47588920593262, 49.8543483716605]}, "properties": {"source": "deepforest", "kind": "tree", "score": 0.21999511122703552, "crown_m": 2.02}}, {"type": "Feature", "geometry": {"type": "Point", "coordinates": [-119.47606019675732, 49.854433972349334]}, "properties": {"source": "deepforest", "kind": "tree", "score": 0.2198098748922348, "crown_m": 2.6}}, {"type": "Feature", "geometry": {"type": "Point", "coordinates": [-119.47607696056366, 49.85718046346359]}, "properties": {"source": "deepforest", "kind": "tree", "score": 0.2197967916727066, "crown_m": 2.5}}, {"type": "Feature", "geometry": {"type": "Point", "coordinates": [-119.47550766170025, 49.852896595472025]}, "properties": {"source": "deepforest", "kind": "tree", "score": 0.21975849568843842, "crown_m": 2.79}}, {"type": "Feature", "geometry": {"type": "Point", "coordinates": [-119.47956316173077, 49.85397094863345]}, "properties": {"source": "deepforest", "kind": "tree", "score": 0.21967767179012299, "crown_m": 1.64}}, {"type": "Feature", "geometry": {"type": "Point", "coordinates": [-119.47969190776348, 49.85539545653864]}, "properties": {"source": "deepforest", "kind": "tree", "score": 0.219649076461792, "crown_m": 2.02}}, {"type": "Feature", "geometry": {"type": "Point", "coordinates": [-119.48113292455673, 49.855884405413946]}, "properties": {"source": "deepforest", "kind": "tree", "score": 0.2195589691400528, "crown_m": 3.27}}, {"type": "Feature", "geometry": {"type": "Point", "coordinates": [-119.47590060532093, 49.85506127378034]}, "properties": {"source": "deepforest", "kind": "tree", "score": 0.219436913728714, "crown_m": 2.02}}, {"type": "Feature", "geometry": {"type": "Point", "coordinates": [-119.47615876793861, 49.8564122571343]}, "properties": {"source": "deepforest", "kind": "tree", "score": 0.21936146914958954, "crown_m": 1.64}}, {"type": "Feature", "geometry": {"type": "Point", "coordinates": [-119.47749987244606, 49.85690076341706]}, "properties": {"source": "deepforest", "kind": "tree", "score": 0.21930789947509766, "crown_m": 3.08}}, {"type": "Feature", "geometry": {"type": "Point", "coordinates": [-119.48187120258808, 49.855135632886366]}, "properties": {"source": "deepforest", "kind": "tree", "score": 0.21928739547729492, "crown_m": 2.7}}, {"type": "Feature", "geometry": {"type": "Point", "coordinates": [-119.4780296087265, 49.856917623280246]}, "properties": {"source": "deepforest", "kind": "tree", "score": 0.21924830973148346, "crown_m": 1.54}}, {"type": "Feature", "geometry": {"type": "Point", "coordinates": [-119.47939284145832, 49.85506127378034]}, "properties": {"source": "deepforest", "kind": "tree", "score": 0.21916703879833221, "crown_m": 2.5}}, {"type": "Feature", "geometry": {"type": "Point", "coordinates": [-119.47629757225513, 49.85297874001776]}, "properties": {"source": "deepforest", "kind": "tree", "score": 0.21915096044540405, "crown_m": 2.41}}, {"type": "Feature", "geometry": {"type": "Point", "coordinates": [-119.47718672454357, 49.854435269328306]}, "properties": {"source": "deepforest", "kind": "tree", "score": 0.21913978457450867, "crown_m": 2.98}}, {"type": "Feature", "geometry": {"type": "Point", "coordinates": [-119.47718672454357, 49.85357406763172]}, "properties": {"source": "deepforest", "kind": "tree", "score": 0.2191380262374878, "crown_m": 1.93}}, {"type": "Feature", "geometry": {"type": "Point", "coordinates": [-119.47702042758465, 49.85331812521344]}, "properties": {"source": "deepforest", "kind": "tree", "score": 0.21902655065059662, "crown_m": 1.93}}, {"type": "Feature", "geometry": {"type": "Point", "coordinates": [-119.47840109467506, 49.855015880083805]}, "properties": {"source": "deepforest", "kind": "tree", "score": 0.2189880758523941, "crown_m": 1.54}}, {"type": "Feature", "geometry": {"type": "Point", "coordinates": [-119.47800815105438, 49.85523333711916]}, "properties": {"source": "deepforest", "kind": "tree", "score": 0.21895582973957062, "crown_m": 2.12}}, {"type": "Feature", "geometry": {"type": "Point", "coordinates": [-119.47478950023651, 49.85717354663499]}, "properties": {"source": "deepforest", "kind": "tree", "score": 0.21891827881336212, "crown_m": 2.12}}, {"type": "Feature", "geometry": {"type": "Point", "coordinates": [-119.47868004441261, 49.85617102831658]}, "properties": {"source": "deepforest", "kind": "tree", "score": 0.2188723385334015, "crown_m": 3.18}}, {"type": "Feature", "geometry": {"type": "Point", "coordinates": [-119.4802176207304, 49.8559034271977]}, "properties": {"source": "deepforest", "kind": "tree", "score": 0.2187909483909607, "crown_m": 6.54}}, {"type": "Feature", "geometry": {"type": "Point", "coordinates": [-119.47562634944916, 49.85515465496487]}, "properties": {"source": "deepforest", "kind": "tree", "score": 0.21878951787948608, "crown_m": 3.27}}, {"type": "Feature", "geometry": {"type": "Point", "coordinates": [-119.47732284665108, 49.85641917407189]}, "properties": {"source": "deepforest", "kind": "tree", "score": 0.2187536209821701, "crown_m": 2.21}}, {"type": "Feature", "geometry": {"type": "Point", "coordinates": [-119.47640620172024, 49.85535741256371]}, "properties": {"source": "deepforest", "kind": "tree", "score": 0.2186834067106247, "crown_m": 3.37}}, {"type": "Feature", "geometry": {"type": "Point", "coordinates": [-119.48190875351429, 49.85225153976509]}, "properties": {"source": "deepforest", "kind": "tree", "score": 0.2186334729194641, "crown_m": 2.41}}, {"type": "Feature", "geometry": {"type": "Point", "coordinates": [-119.47905488312244, 49.854384687122774]}, "properties": {"source": "deepforest", "kind": "tree", "score": 0.21834854781627655, "crown_m": 2.41}}, {"type": "Feature", "geometry": {"type": "Point", "coordinates": [-119.47676427662373, 49.85435183027713]}, "properties": {"source": "deepforest", "kind": "tree", "score": 0.21829091012477875, "crown_m": 1.44}}, {"type": "Feature", "geometry": {"type": "Point", "coordinates": [-119.47863042354584, 49.854490607065166]}, "properties": {"source": "deepforest", "kind": "tree", "score": 0.21828263998031616, "crown_m": 2.31}}, {"type": "Feature", "geometry": {"type": "Point", "coordinates": [-119.47510667145252, 49.85371630531536]}, "properties": {"source": "deepforest", "kind": "tree", "score": 0.21823950111865997, "crown_m": 2.02}}, {"type": "Feature", "geometry": {"type": "Point", "coordinates": [-119.48179945349693, 49.85714242089397]}, "properties": {"source": "deepforest", "kind": "tree", "score": 0.21823932230472565, "crown_m": 1.92}}, {"type": "Feature", "geometry": {"type": "Point", "coordinates": [-119.48045901954174, 49.85641182482567]}, "properties": {"source": "deepforest", "kind": "tree", "score": 0.21819563210010529, "crown_m": 1.92}}, {"type": "Feature", "geometry": {"type": "Point", "coordinates": [-119.47581477463245, 49.855126986484564]}, "properties": {"source": "deepforest", "kind": "tree", "score": 0.2180599570274353, "crown_m": 4.91}}, {"type": "Feature", "geometry": {"type": "Point", "coordinates": [-119.4768936932087, 49.85338297561656]}, "properties": {"source": "deepforest", "kind": "tree", "score": 0.21804043650627136, "crown_m": 1.73}}, {"type": "Feature", "geometry": {"type": "Point", "coordinates": [-119.47491355240345, 49.853615571679924]}, "properties": {"source": "deepforest", "kind": "tree", "score": 0.2179930955171585, "crown_m": 1.93}}, {"type": "Feature", "geometry": {"type": "Point", "coordinates": [-119.47632372379303, 49.8518386477123]}, "properties": {"source": "deepforest", "kind": "tree", "score": 0.21789129078388214, "crown_m": 4.04}}, {"type": "Feature", "geometry": {"type": "Point", "coordinates": [-119.48141723871231, 49.853772508540004]}, "properties": {"source": "deepforest", "kind": "tree", "score": 0.21779409050941467, "crown_m": 2.98}}, {"type": "Feature", "geometry": {"type": "Point", "coordinates": [-119.48235265910625, 49.855336661292036]}, "properties": {"source": "deepforest", "kind": "tree", "score": 0.21773408353328705, "crown_m": 2.21}}, {"type": "Feature", "geometry": {"type": "Point", "coordinates": [-119.47468154132366, 49.856078946030955]}, "properties": {"source": "deepforest", "kind": "tree", "score": 0.2176773101091385, "crown_m": 6.54}}, {"type": "Feature", "geometry": {"type": "Point", "coordinates": [-119.47655975818634, 49.85290653929289]}, "properties": {"source": "deepforest", "kind": "tree", "score": 0.2176448106765747, "crown_m": 1.73}}, {"type": "Feature", "geometry": {"type": "Point", "coordinates": [-119.47655975818634, 49.85391950128007]}, "properties": {"source": "deepforest", "kind": "tree", "score": 0.21755124628543854, "crown_m": 2.21}}, {"type": "Feature", "geometry": {"type": "Point", "coordinates": [-119.47902604937553, 49.85427919927593]}, "properties": {"source": "deepforest", "kind": "tree", "score": 0.2174597680568695, "crown_m": 2.02}}, {"type": "Feature", "geometry": {"type": "Point", "coordinates": [-119.4772356748581, 49.85643127871029]}, "properties": {"source": "deepforest", "kind": "tree", "score": 0.2174370437860489, "crown_m": 1.92}}, {"type": "Feature", "geometry": {"type": "Point", "coordinates": [-119.48042213916779, 49.85318626245874]}, "properties": {"source": "deepforest", "kind": "tree", "score": 0.21742640435695648, "crown_m": 2.02}}, {"type": "Feature", "geometry": {"type": "Point", "coordinates": [-119.47704188525677, 49.85689384654841]}, "properties": {"source": "deepforest", "kind": "tree", "score": 0.21733680367469788, "crown_m": 1.44}}, {"type": "Feature", "geometry": {"type": "Point", "coordinates": [-119.47491824626923, 49.857035642157854]}, "properties": {"source": "deepforest", "kind": "tree", "score": 0.21721233427524567, "crown_m": 2.41}}, {"type": "Feature", "geometry": {"type": "Point", "coordinates": [-119.47648867964745, 49.85374310993834]}, "properties": {"source": "deepforest", "kind": "tree", "score": 0.21710897982120514, "crown_m": 1.35}}, {"type": "Feature", "geometry": {"type": "Point", "coordinates": [-119.47945654392242, 49.85347290136487]}, "properties": {"source": "deepforest", "kind": "tree", "score": 0.21710200607776642, "crown_m": 2.5}}, {"type": "Feature", "geometry": {"type": "Point", "coordinates": [-119.47476267814636, 49.85519529301661]}, "properties": {"source": "deepforest", "kind": "tree", "score": 0.21689710021018982, "crown_m": 2.7}}, {"type": "Feature", "geometry": {"type": "Point", "coordinates": [-119.47509460151196, 49.85368517734742]}, "properties": {"source": "deepforest", "kind": "tree", "score": 0.21679918467998505, "crown_m": 1.83}}, {"type": "Feature", "geometry": {"type": "Point", "coordinates": [-119.4807480275631, 49.852254998531784]}, "properties": {"source": "deepforest", "kind": "tree", "score": 0.21670475602149963, "crown_m": 5.39}}, {"type": "Feature", "geometry": {"type": "Point", "coordinates": [-119.48246866464615, 49.85466958962391]}, "properties": {"source": "deepforest", "kind": "tree", "score": 0.2166939526796341, "crown_m": 3.27}}, {"type": "Feature", "geometry": {"type": "Point", "coordinates": [-119.47560489177704, 49.8566167386837]}, "properties": {"source": "deepforest", "kind": "tree", "score": 0.2165805697441101, "crown_m": 2.12}}, {"type": "Feature", "geometry": {"type": "Point", "coordinates": [-119.48144003748894, 49.85296231111978]}, "properties": {"source": "deepforest", "kind": "tree", "score": 0.2164965718984604, "crown_m": 10.88}}, {"type": "Feature", "geometry": {"type": "Point", "coordinates": [-119.48184169828892, 49.85534401070177]}, "properties": {"source": "deepforest", "kind": "tree", "score": 0.21645419299602509, "crown_m": 2.79}}, {"type": "Feature", "geometry": {"type": "Point", "coordinates": [-119.47990983724594, 49.854113185148975]}, "properties": {"source": "deepforest", "kind": "tree", "score": 0.21630150079727173, "crown_m": 2.98}}, {"type": "Feature", "geometry": {"type": "Point", "coordinates": [-119.4760762900114, 49.852041419224044]}, "properties": {"source": "deepforest", "kind": "tree", "score": 0.21629147231578827, "crown_m": 1.83}}, {"type": "Feature", "geometry": {"type": "Point", "coordinates": [-119.476003870368, 49.853989106509815]}, "properties": {"source": "deepforest", "kind": "tree", "score": 0.2161383181810379, "crown_m": 1.93}}, {"type": "Feature", "geometry": {"type": "Point", "coordinates": [-119.47955377399921, 49.853189288821085]}, "properties": {"source": "deepforest", "kind": "tree", "score": 0.21607132256031036, "crown_m": 1.64}}, {"type": "Feature", "geometry": {"type": "Point", "coordinates": [-119.47709754109383, 49.85334493005728]}, "properties": {"source": "deepforest", "kind": "tree", "score": 0.2159811109304428, "crown_m": 1.93}}, {"type": "Feature", "geometry": {"type": "Point", "coordinates": [-119.47989642620087, 49.854964001521246]}, "properties": {"source": "deepforest", "kind": "tree", "score": 0.2159552276134491, "crown_m": 2.6}}, {"type": "Feature", "geometry": {"type": "Point", "coordinates": [-119.48260746896267, 49.854919904699294]}, "properties": {"source": "deepforest", "kind": "tree", "score": 0.2159501314163208, "crown_m": 1.83}}, {"type": "Feature", "geometry": {"type": "Point", "coordinates": [-119.47655975818634, 49.85345560796474]}, "properties": {"source": "deepforest", "kind": "tree", "score": 0.2159276157617569, "crown_m": 2.89}}, {"type": "Feature", "geometry": {"type": "Point", "coordinates": [-119.47863444685936, 49.856223337893645]}, "properties": {"source": "deepforest", "kind": "tree", "score": 0.2158910185098648, "crown_m": 1.73}}, {"type": "Feature", "geometry": {"type": "Point", "coordinates": [-119.4747519493103, 49.856252734986484]}, "properties": {"source": "deepforest", "kind": "tree", "score": 0.21571235358715057, "crown_m": 1.54}}, {"type": "Feature", "geometry": {"type": "Point", "coordinates": [-119.47562165558338, 49.85665132321539]}, "properties": {"source": "deepforest", "kind": "tree", "score": 0.21569876372814178, "crown_m": 1.92}}, {"type": "Feature", "geometry": {"type": "Point", "coordinates": [-119.48037922382355, 49.85527873061144]}, "properties": {"source": "deepforest", "kind": "tree", "score": 0.21568971872329712, "crown_m": 2.79}}, {"type": "Feature", "geometry": {"type": "Point", "coordinates": [-119.48079496622086, 49.852281371619696]}, "properties": {"source": "deepforest", "kind": "tree", "score": 0.2156582623720169, "crown_m": 3.08}}, {"type": "Feature", "geometry": {"type": "Point", "coordinates": [-119.48231041431427, 49.85491514915727]}, "properties": {"source": "deepforest", "kind": "tree", "score": 0.21563148498535156, "crown_m": 2.12}}, {"type": "Feature", "geometry": {"type": "Point", "coordinates": [-119.48230840265751, 49.855938444552784]}, "properties": {"source": "deepforest", "kind": "tree", "score": 0.2155141532421112, "crown_m": 9.34}}, {"type": "Feature", "geometry": {"type": "Point", "coordinates": [-119.4760662317276, 49.85692497244954]}, "properties": {"source": "deepforest", "kind": "tree", "score": 0.2154742181301117, "crown_m": 1.73}}, {"type": "Feature", "geometry": {"type": "Point", "coordinates": [-119.47844870388508, 49.85620950396142]}, "properties": {"source": "deepforest", "kind": "tree", "score": 0.21540328860282898, "crown_m": 2.5}}, {"type": "Feature", "geometry": {"type": "Point", "coordinates": [-119.48159761726856, 49.85177811873794]}, "properties": {"source": "deepforest", "kind": "tree", "score": 0.21515724062919617, "crown_m": 1.83}}, {"type": "Feature", "geometry": {"type": "Point", "coordinates": [-119.47603337466717, 49.85302024457726]}, "properties": {"source": "deepforest", "kind": "tree", "score": 0.21505938470363617, "crown_m": 2.98}}, {"type": "Feature", "geometry": {"type": "Point", "coordinates": [-119.47996214032173, 49.85478415540655]}, "properties": {"source": "deepforest", "kind": "tree", "score": 0.21499738097190857, "crown_m": 2.02}}, {"type": "Feature", "geometry": {"type": "Point", "coordinates": [-119.48134548962116, 49.85227618347239]}, "properties": {"source": "deepforest", "kind": "tree", "score": 0.21499469876289368, "crown_m": 2.7}}, {"type": "Feature", "geometry": {"type": "Point", "coordinates": [-119.48191411793232, 49.85710826901618]}, "properties": {"source": "deepforest", "kind": "tree", "score": 0.21498693525791168, "crown_m": 1.83}}, {"type": "Feature", "geometry": {"type": "Point", "coordinates": [-119.47797194123268, 49.85440370949687]}, "properties": {"source": "deepforest", "kind": "tree", "score": 0.214986190199852, "crown_m": 2.41}}, {"type": "Feature", "geometry": {"type": "Point", "coordinates": [-119.47930164635181, 49.85471022808355]}, "properties": {"source": "deepforest", "kind": "tree", "score": 0.21489781141281128, "crown_m": 3.27}}, {"type": "Feature", "geometry": {"type": "Point", "coordinates": [-119.48103502392769, 49.85262811153545]}, "properties": {"source": "deepforest", "kind": "tree", "score": 0.21480555832386017, "crown_m": 1.93}}, {"type": "Feature", "geometry": {"type": "Point", "coordinates": [-119.47978511452675, 49.85490866432647]}, "properties": {"source": "deepforest", "kind": "tree", "score": 0.21479451656341553, "crown_m": 1.83}}, {"type": "Feature", "geometry": {"type": "Point", "coordinates": [-119.47613194584846, 49.85500593669696]}, "properties": {"source": "deepforest", "kind": "tree", "score": 0.2147415429353714, "crown_m": 2.7}}, {"type": "Feature", "geometry": {"type": "Point", "coordinates": [-119.4764544814825, 49.85194803202367]}, "properties": {"source": "deepforest", "kind": "tree", "score": 0.21461059153079987, "crown_m": 2.79}}, {"type": "Feature", "geometry": {"type": "Point", "coordinates": [-119.47578191757202, 49.85675161821728]}, "properties": {"source": "deepforest", "kind": "tree", "score": 0.21455763280391693, "crown_m": 2.5}}, {"type": "Feature", "geometry": {"type": "Point", "coordinates": [-119.48176860809326, 49.85716057757867]}, "properties": {"source": "deepforest", "kind": "tree", "score": 0.2143634408712387, "crown_m": 1.92}}, {"type": "Feature", "geometry": {"type": "Point", "coordinates": [-119.47651751339436, 49.85689427885273]}, "properties": {"source": "deepforest", "kind": "tree", "score": 0.21432064473628998, "crown_m": 2.31}}, {"type": "Feature", "geometry": {"type": "Point", "coordinates": [-119.47640419006348, 49.85484122203467]}, "properties": {"source": "deepforest", "kind": "tree", "score": 0.21415401995182037, "crown_m": 1.64}}, {"type": "Feature", "geometry": {"type": "Point", "coordinates": [-119.48056295514107, 49.85723968876807]}, "properties": {"source": "deepforest", "kind": "tree", "score": 0.21414323151111603, "crown_m": 2.12}}, {"type": "Feature", "geometry": {"type": "Point", "coordinates": [-119.47945721447468, 49.85234622341402]}, "properties": {"source": "deepforest", "kind": "tree", "score": 0.21409806609153748, "crown_m": 2.89}}, {"type": "Feature", "geometry": {"type": "Point", "coordinates": [-119.48148027062416, 49.854787613991995]}, "properties": {"source": "deepforest", "kind": "tree", "score": 0.21408571302890778, "crown_m": 1.83}}, {"type": "Feature", "geometry": {"type": "Point", "coordinates": [-119.47458565235138, 49.85333801267965]}, "properties": {"source": "deepforest", "kind": "tree", "score": 0.21398064494132996, "crown_m": 3.08}}, {"type": "Feature", "geometry": {"type": "Point", "coordinates": [-119.47495847940445, 49.85420656816556]}, "properties": {"source": "deepforest", "kind": "tree", "score": 0.21397387981414795, "crown_m": 2.5}}, {"type": "Feature", "geometry": {"type": "Point", "coordinates": [-119.47734832763672, 49.854702013929575]}, "properties": {"source": "deepforest", "kind": "tree", "score": 0.21390503644943237, "crown_m": 1.64}}, {"type": "Feature", "geometry": {"type": "Point", "coordinates": [-119.48148496448994, 49.85421824102994]}, "properties": {"source": "deepforest", "kind": "tree", "score": 0.21389956772327423, "crown_m": 7.51}}, {"type": "Feature", "geometry": {"type": "Point", "coordinates": [-119.47645649313927, 49.85558956680809]}, "properties": {"source": "deepforest", "kind": "tree", "score": 0.21387489140033722, "crown_m": 9.82}}, {"type": "Feature", "geometry": {"type": "Point", "coordinates": [-119.47607763111591, 49.855091968541466]}, "properties": {"source": "deepforest", "kind": "tree", "score": 0.21370670199394226, "crown_m": 2.41}}, {"type": "Feature", "geometry": {"type": "Point", "coordinates": [-119.47683468461037, 49.85506084145964]}, "properties": {"source": "deepforest", "kind": "tree", "score": 0.21370169520378113, "crown_m": 2.12}}, {"type": "Feature", "geometry": {"type": "Point", "coordinates": [-119.4813884049654, 49.85512871576505]}, "properties": {"source": "deepforest", "kind": "tree", "score": 0.2136671394109726, "crown_m": 1.93}}, {"type": "Feature", "geometry": {"type": "Point", "coordinates": [-119.47494104504585, 49.85360865434103]}, "properties": {"source": "deepforest", "kind": "tree", "score": 0.213569775223732, "crown_m": 1.54}}, {"type": "Feature", "geometry": {"type": "Point", "coordinates": [-119.48089756071568, 49.85700840705784]}, "properties": {"source": "deepforest", "kind": "tree", "score": 0.21321792900562286, "crown_m": 5.0}}, {"type": "Feature", "geometry": {"type": "Point", "coordinates": [-119.48024109005928, 49.852491491117505]}, "properties": {"source": "deepforest", "kind": "tree", "score": 0.21315179765224457, "crown_m": 1.54}}, {"type": "Feature", "geometry": {"type": "Point", "coordinates": [-119.48118455708027, 49.854303409621785]}, "properties": {"source": "deepforest", "kind": "tree", "score": 0.21300871670246124, "crown_m": 2.41}}, {"type": "Feature", "geometry": {"type": "Point", "coordinates": [-119.47493970394135, 49.8556068594446]}, "properties": {"source": "deepforest", "kind": "tree", "score": 0.212952122092247, "crown_m": 1.93}}, {"type": "Feature", "geometry": {"type": "Point", "coordinates": [-119.47753675282001, 49.85715625455912]}, "properties": {"source": "deepforest", "kind": "tree", "score": 0.2128857672214508, "crown_m": 2.31}}, {"type": "Feature", "geometry": {"type": "Point", "coordinates": [-119.47559617459774, 49.852836932503905]}, "properties": {"source": "deepforest", "kind": "tree", "score": 0.21287420392036438, "crown_m": 1.64}}, {"type": "Feature", "geometry": {"type": "Point", "coordinates": [-119.47580471634865, 49.855533798013184]}, "properties": {"source": "deepforest", "kind": "tree", "score": 0.2127697616815567, "crown_m": 2.31}}, {"type": "Feature", "geometry": {"type": "Point", "coordinates": [-119.4797670096159, 49.85597432650759]}, "properties": {"source": "deepforest", "kind": "tree", "score": 0.21262185275554657, "crown_m": 2.69}}, {"type": "Feature", "geometry": {"type": "Point", "coordinates": [-119.47702378034592, 49.851661384073324]}, "properties": {"source": "deepforest", "kind": "tree", "score": 0.21251173317432404, "crown_m": 3.47}}, {"type": "Feature", "geometry": {"type": "Point", "coordinates": [-119.47864852845669, 49.85465834919287]}, "properties": {"source": "deepforest", "kind": "tree", "score": 0.21242673695087433, "crown_m": 1.93}}, {"type": "Feature", "geometry": {"type": "Point", "coordinates": [-119.47621710598469, 49.851971811189046]}, "properties": {"source": "deepforest", "kind": "tree", "score": 0.21236762404441833, "crown_m": 1.93}}, {"type": "Feature", "geometry": {"type": "Point", "coordinates": [-119.47621241211891, 49.852906971632876]}, "properties": {"source": "deepforest", "kind": "tree", "score": 0.21233288943767548, "crown_m": 2.98}}, {"type": "Feature", "geometry": {"type": "Point", "coordinates": [-119.482396915555, 49.85408248976616]}, "properties": {"source": "deepforest", "kind": "tree", "score": 0.21227820217609406, "crown_m": 1.54}}, {"type": "Feature", "geometry": {"type": "Point", "coordinates": [-119.48109403252602, 49.85223208419781]}, "properties": {"source": "deepforest", "kind": "tree", "score": 0.21227653324604034, "crown_m": 2.89}}, {"type": "Feature", "geometry": {"type": "Point", "coordinates": [-119.48187790811062, 49.85412658735226]}, "properties": {"source": "deepforest", "kind": "tree", "score": 0.21222752332687378, "crown_m": 1.83}}, {"type": "Feature", "geometry": {"type": "Point", "coordinates": [-119.47836488485336, 49.857197755530805]}, "properties": {"source": "deepforest", "kind": "tree", "score": 0.21222618222236633, "crown_m": 2.31}}, {"type": "Feature", "geometry": {"type": "Point", "coordinates": [-119.47945654392242, 49.856261813496836]}, "properties": {"source": "deepforest", "kind": "tree", "score": 0.21214284002780914, "crown_m": 2.41}}, {"type": "Feature", "geometry": {"type": "Point", "coordinates": [-119.47500944137573, 49.85723277194793]}, "properties": {"source": "deepforest", "kind": "tree", "score": 0.21211159229278564, "crown_m": 2.31}}, {"type": "Feature", "geometry": {"type": "Point", "coordinates": [-119.47484448552132, 49.85645764951914]}, "properties": {"source": "deepforest", "kind": "tree", "score": 0.2120968997478485, "crown_m": 2.31}}, {"type": "Feature", "geometry": {"type": "Point", "coordinates": [-119.47558142244816, 49.85703996518819]}, "properties": {"source": "deepforest", "kind": "tree", "score": 0.21203254163265228, "crown_m": 2.21}}, {"type": "Feature", "geometry": {"type": "Point", "coordinates": [-119.48103837668896, 49.85225240445678]}, "properties": {"source": "deepforest", "kind": "tree", "score": 0.2120324671268463, "crown_m": 2.6}}, {"type": "Feature", "geometry": {"type": "Point", "coordinates": [-119.47603471577168, 49.85508245749081]}, "properties": {"source": "deepforest", "kind": "tree", "score": 0.21202997863292694, "crown_m": 2.21}}, {"type": "Feature", "geometry": {"type": "Point", "coordinates": [-119.4751113653183, 49.85399170049159]}, "properties": {"source": "deepforest", "kind": "tree", "score": 0.2118428647518158, "crown_m": 2.12}}, {"type": "Feature", "geometry": {"type": "Point", "coordinates": [-119.48283679783344, 49.85505695057299]}, "properties": {"source": "deepforest", "kind": "tree", "score": 0.21176889538764954, "crown_m": 1.54}}, {"type": "Feature", "geometry": {"type": "Point", "coordinates": [-119.47694733738899, 49.853394648679874]}, "properties": {"source": "deepforest", "kind": "tree", "score": 0.2117231786251068, "crown_m": 2.41}}, {"type": "Feature", "geometry": {"type": "Point", "coordinates": [-119.47472512722015, 49.85615157432719]}, "properties": {"source": "deepforest", "kind": "tree", "score": 0.21171267330646515, "crown_m": 6.74}}, {"type": "Feature", "geometry": {"type": "Point", "coordinates": [-119.47684675455093, 49.85524414509739]}, "properties": {"source": "deepforest", "kind": "tree", "score": 0.2116900086402893, "crown_m": 3.37}}, {"type": "Feature", "geometry": {"type": "Point", "coordinates": [-119.47607696056366, 49.85688347124358]}, "properties": {"source": "deepforest", "kind": "tree", "score": 0.21165403723716736, "crown_m": 2.41}}, {"type": "Feature", "geometry": {"type": "Point", "coordinates": [-119.4747157394886, 49.85321090568942]}, "properties": {"source": "deepforest", "kind": "tree", "score": 0.21157635748386383, "crown_m": 2.5}}, {"type": "Feature", "geometry": {"type": "Point", "coordinates": [-119.4813870638609, 49.85617189293815]}, "properties": {"source": "deepforest", "kind": "tree", "score": 0.2115514725446701, "crown_m": 2.6}}, {"type": "Feature", "geometry": {"type": "Point", "coordinates": [-119.47576448321342, 49.856257058086854]}, "properties": {"source": "deepforest", "kind": "tree", "score": 0.21153780817985535, "crown_m": 1.92}}, {"type": "Feature", "geometry": {"type": "Point", "coordinates": [-119.47792902588844, 49.85272711786279]}, "properties": {"source": "deepforest", "kind": "tree", "score": 0.21151110529899597, "crown_m": 1.93}}, {"type": "Feature", "geometry": {"type": "Point", "coordinates": [-119.47614267468452, 49.85371198198768]}, "properties": {"source": "deepforest", "kind": "tree", "score": 0.21151001751422882, "crown_m": 2.02}}, {"type": "Feature", "geometry": {"type": "Point", "coordinates": [-119.4805857539177, 49.85452908404799]}, "properties": {"source": "deepforest", "kind": "tree", "score": 0.21145538985729218, "crown_m": 6.45}}, {"type": "Feature", "geometry": {"type": "Point", "coordinates": [-119.48283679783344, 49.85276084049567]}, "properties": {"source": "deepforest", "kind": "tree", "score": 0.21143369376659393, "crown_m": 2.41}}, {"type": "Feature", "geometry": {"type": "Point", "coordinates": [-119.48106653988361, 49.85564749711606]}, "properties": {"source": "deepforest", "kind": "tree", "score": 0.21141962707042694, "crown_m": 1.83}}, {"type": "Feature", "geometry": {"type": "Point", "coordinates": [-119.48174715042114, 49.851849888799194]}, "properties": {"source": "deepforest", "kind": "tree", "score": 0.2113652378320694, "crown_m": 2.7}}, {"type": "Feature", "geometry": {"type": "Point", "coordinates": [-119.4823157787323, 49.854936332931786]}, "properties": {"source": "deepforest", "kind": "tree", "score": 0.2113395631313324, "crown_m": 1.64}}, {"type": "Feature", "geometry": {"type": "Point", "coordinates": [-119.47567261755466, 49.85362508301929]}, "properties": {"source": "deepforest", "kind": "tree", "score": 0.21111182868480682, "crown_m": 4.04}}, {"type": "Feature", "geometry": {"type": "Point", "coordinates": [-119.47891272604465, 49.85620950396142]}, "properties": {"source": "deepforest", "kind": "tree", "score": 0.21096618473529816, "crown_m": 3.27}}, {"type": "Feature", "geometry": {"type": "Point", "coordinates": [-119.47748981416225, 49.85622939023775]}, "properties": {"source": "deepforest", "kind": "tree", "score": 0.2108336240053177, "crown_m": 1.54}}, {"type": "Feature", "geometry": {"type": "Point", "coordinates": [-119.4817491620779, 49.85538637786553]}, "properties": {"source": "deepforest", "kind": "tree", "score": 0.2107885628938675, "crown_m": 1.93}}, {"type": "Feature", "geometry": {"type": "Point", "coordinates": [-119.47539031505585, 49.854361773798566]}, "properties": {"source": "deepforest", "kind": "tree", "score": 0.21075129508972168, "crown_m": 1.93}}, {"type": "Feature", "geometry": {"type": "Point", "coordinates": [-119.48187187314034, 49.853341471368594]}, "properties": {"source": "deepforest", "kind": "tree", "score": 0.2107212245464325, "crown_m": 2.89}}, {"type": "Feature", "geometry": {"type": "Point", "coordinates": [-119.47772920131683, 49.85177855108803]}, "properties": {"source": "deepforest", "kind": "tree", "score": 0.2107040137052536, "crown_m": 1.93}}, {"type": "Feature", "geometry": {"type": "Point", "coordinates": [-119.47516836225986, 49.85370463232973]}, "properties": {"source": "deepforest", "kind": "tree", "score": 0.21062061190605164, "crown_m": 2.31}}, {"type": "Feature", "geometry": {"type": "Point", "coordinates": [-119.48022499680519, 49.854297357036465]}, "properties": {"source": "deepforest", "kind": "tree", "score": 0.21058709919452667, "crown_m": 4.91}}, {"type": "Feature", "geometry": {"type": "Point", "coordinates": [-119.47664089500904, 49.851890961979066]}, "properties": {"source": "deepforest", "kind": "tree", "score": 0.2105458527803421, "crown_m": 2.21}}, {"type": "Feature", "geometry": {"type": "Point", "coordinates": [-119.47808928787708, 49.85690249263407]}, "properties": {"source": "deepforest", "kind": "tree", "score": 0.21036911010742188, "crown_m": 1.83}}, {"type": "Feature", "geometry": {"type": "Point", "coordinates": [-119.47607763111591, 49.85460041769913]}, "properties": {"source": "deepforest", "kind": "tree", "score": 0.21029388904571533, "crown_m": 2.7}}, {"type": "Feature", "geometry": {"type": "Point", "coordinates": [-119.47975695133209, 49.855540715076515]}, "properties": {"source": "deepforest", "kind": "tree", "score": 0.21025502681732178, "crown_m": 2.02}}, {"type": "Feature", "geometry": {"type": "Point", "coordinates": [-119.48023170232773, 49.85503230828366]}, "properties": {"source": "deepforest", "kind": "tree", "score": 0.2100265473127365, "crown_m": 6.55}}, {"type": "Feature", "geometry": {"type": "Point", "coordinates": [-119.4746607542038, 49.8568117086575]}, "properties": {"source": "deepforest", "kind": "tree", "score": 0.21000929176807404, "crown_m": 2.41}}, {"type": "Feature", "geometry": {"type": "Point", "coordinates": [-119.48235265910625, 49.85412183173216]}, "properties": {"source": "deepforest", "kind": "tree", "score": 0.20996306836605072, "crown_m": 1.83}}, {"type": "Feature", "geometry": {"type": "Point", "coordinates": [-119.47599045932293, 49.854818741249815]}, "properties": {"source": "deepforest", "kind": "tree", "score": 0.20990151166915894, "crown_m": 2.02}}, {"type": "Feature", "geometry": {"type": "Point", "coordinates": [-119.48022030293941, 49.85454897101585]}, "properties": {"source": "deepforest", "kind": "tree", "score": 0.2098533660173416, "crown_m": 1.83}}, {"type": "Feature", "geometry": {"type": "Point", "coordinates": [-119.47742812335491, 49.856921946321144]}, "properties": {"source": "deepforest", "kind": "tree", "score": 0.2098434716463089, "crown_m": 1.92}}, {"type": "Feature", "geometry": {"type": "Point", "coordinates": [-119.47829850018024, 49.85371457598433]}, "properties": {"source": "deepforest", "kind": "tree", "score": 0.2098095715045929, "crown_m": 2.41}}, {"type": "Feature", "geometry": {"type": "Point", "coordinates": [-119.4794438034296, 49.85690076341706]}, "properties": {"source": "deepforest", "kind": "tree", "score": 0.20977574586868286, "crown_m": 2.6}}, {"type": "Feature", "geometry": {"type": "Point", "coordinates": [-119.48061525821686, 49.85552774558196]}, "properties": {"source": "deepforest", "kind": "tree", "score": 0.20963677763938904, "crown_m": 2.02}}, {"type": "Feature", "geometry": {"type": "Point", "coordinates": [-119.47756826877594, 49.85713636866423]}, "properties": {"source": "deepforest", "kind": "tree", "score": 0.2096228152513504, "crown_m": 2.12}}, {"type": "Feature", "geometry": {"type": "Point", "coordinates": [-119.47924666106701, 49.85482003821846]}, "properties": {"source": "deepforest", "kind": "tree", "score": 0.2095896601676941, "crown_m": 2.7}}, {"type": "Feature", "geometry": {"type": "Point", "coordinates": [-119.4781918823719, 49.85353472521977]}, "properties": {"source": "deepforest", "kind": "tree", "score": 0.2095738649368286, "crown_m": 1.83}}, {"type": "Feature", "geometry": {"type": "Point", "coordinates": [-119.47650745511055, 49.85225888964401]}, "properties": {"source": "deepforest", "kind": "tree", "score": 0.20920637249946594, "crown_m": 1.93}}, {"type": "Feature", "geometry": {"type": "Point", "coordinates": [-119.47834677994251, 49.851672192850415]}, "properties": {"source": "deepforest", "kind": "tree", "score": 0.20919747650623322, "crown_m": 2.98}}, {"type": "Feature", "geometry": {"type": "Point", "coordinates": [-119.47658121585846, 49.85318626245874]}, "properties": {"source": "deepforest", "kind": "tree", "score": 0.2090812623500824, "crown_m": 2.31}}, {"type": "Feature", "geometry": {"type": "Point", "coordinates": [-119.48241166770458, 49.85486802603371]}, "properties": {"source": "deepforest", "kind": "tree", "score": 0.20894894003868103, "crown_m": 9.91}}, {"type": "Feature", "geometry": {"type": "Point", "coordinates": [-119.4789757579565, 49.85479409883902]}, "properties": {"source": "deepforest", "kind": "tree", "score": 0.20890644192695618, "crown_m": 3.66}}, {"type": "Feature", "geometry": {"type": "Point", "coordinates": [-119.48157146573067, 49.8517271014007]}, "properties": {"source": "deepforest", "kind": "tree", "score": 0.2088617980480194, "crown_m": 1.93}}, {"type": "Feature", "geometry": {"type": "Point", "coordinates": [-119.47701573371887, 49.85511617848015]}, "properties": {"source": "deepforest", "kind": "tree", "score": 0.2087746262550354, "crown_m": 2.7}}, {"type": "Feature", "geometry": {"type": "Point", "coordinates": [-119.47967782616615, 49.856829000856656]}, "properties": {"source": "deepforest", "kind": "tree", "score": 0.2087382674217224, "crown_m": 2.21}}, {"type": "Feature", "geometry": {"type": "Point", "coordinates": [-119.48153391480446, 49.853434423541124]}, "properties": {"source": "deepforest", "kind": "tree", "score": 0.20860596001148224, "crown_m": 2.02}}, {"type": "Feature", "geometry": {"type": "Point", "coordinates": [-119.48196977376938, 49.85474567862682]}, "properties": {"source": "deepforest", "kind": "tree", "score": 0.20852071046829224, "crown_m": 1.54}}, {"type": "Feature", "geometry": {"type": "Point", "coordinates": [-119.48014922440052, 49.85202369296376]}, "properties": {"source": "deepforest", "kind": "tree", "score": 0.20822040736675262, "crown_m": 1.93}}, {"type": "Feature", "geometry": {"type": "Point", "coordinates": [-119.47927214205265, 49.85443051373858]}, "properties": {"source": "deepforest", "kind": "tree", "score": 0.20821282267570496, "crown_m": 3.37}}, {"type": "Feature", "geometry": {"type": "Point", "coordinates": [-119.47952225804329, 49.854238128125736]}, "properties": {"source": "deepforest", "kind": "tree", "score": 0.20817892253398895, "crown_m": 1.73}}, {"type": "Feature", "geometry": {"type": "Point", "coordinates": [-119.47867199778557, 49.857150634633136]}, "properties": {"source": "deepforest", "kind": "tree", "score": 0.20814819633960724, "crown_m": 3.37}}, {"type": "Feature", "geometry": {"type": "Point", "coordinates": [-119.47578258812428, 49.852525213914795]}, "properties": {"source": "deepforest", "kind": "tree", "score": 0.20812566578388214, "crown_m": 1.64}}, {"type": "Feature", "geometry": {"type": "Point", "coordinates": [-119.47541110217571, 49.85316551025475]}, "properties": {"source": "deepforest", "kind": "tree", "score": 0.20812107622623444, "crown_m": 2.41}}, {"type": "Feature", "geometry": {"type": "Point", "coordinates": [-119.47560489177704, 49.85666991239094]}, "properties": {"source": "deepforest", "kind": "tree", "score": 0.20804396271705627, "crown_m": 1.92}}, {"type": "Feature", "geometry": {"type": "Point", "coordinates": [-119.4751127064228, 49.85504700719461]}, "properties": {"source": "deepforest", "kind": "tree", "score": 0.20800617337226868, "crown_m": 2.6}}, {"type": "Feature", "geometry": {"type": "Point", "coordinates": [-119.48028266429901, 49.85391128699168]}, "properties": {"source": "deepforest", "kind": "tree", "score": 0.20799678564071655, "crown_m": 1.73}}, {"type": "Feature", "geometry": {"type": "Point", "coordinates": [-119.47900123894215, 49.85443829561243]}, "properties": {"source": "deepforest", "kind": "tree", "score": 0.20795510709285736, "crown_m": 2.02}}, {"type": "Feature", "geometry": {"type": "Point", "coordinates": [-119.48086068034172, 49.85589867175246]}, "properties": {"source": "deepforest", "kind": "tree", "score": 0.20793259143829346, "crown_m": 1.64}}, {"type": "Feature", "geometry": {"type": "Point", "coordinates": [-119.4750677794218, 49.85428309022519]}, "properties": {"source": "deepforest", "kind": "tree", "score": 0.20790822803974152, "crown_m": 2.5}}, {"type": "Feature", "geometry": {"type": "Point", "coordinates": [-119.47490349411964, 49.85366658702368]}, "properties": {"source": "deepforest", "kind": "tree", "score": 0.20777787268161774, "crown_m": 1.93}}, {"type": "Feature", "geometry": {"type": "Point", "coordinates": [-119.47897374629974, 49.852647134600986]}, "properties": {"source": "deepforest", "kind": "tree", "score": 0.20774494111537933, "crown_m": 2.12}}, {"type": "Feature", "geometry": {"type": "Point", "coordinates": [-119.4801378250122, 49.8566167386837]}, "properties": {"source": "deepforest", "kind": "tree", "score": 0.20764917135238647, "crown_m": 2.12}}, {"type": "Feature", "geometry": {"type": "Point", "coordinates": [-119.48089487850666, 49.85227704816365]}, "properties": {"source": "deepforest", "kind": "tree", "score": 0.20752449333667755, "crown_m": 2.7}}, {"type": "Feature", "geometry": {"type": "Point", "coordinates": [-119.47965770959854, 49.85220916985297]}, "properties": {"source": "deepforest", "kind": "tree", "score": 0.20748667418956757, "crown_m": 11.36}}, {"type": "Feature", "geometry": {"type": "Point", "coordinates": [-119.48184974491596, 49.854064764254524]}, "properties": {"source": "deepforest", "kind": "tree", "score": 0.20744751393795013, "crown_m": 2.6}}, {"type": "Feature", "geometry": {"type": "Point", "coordinates": [-119.4780571013689, 49.856867043673034]}, "properties": {"source": "deepforest", "kind": "tree", "score": 0.20744045078754425, "crown_m": 2.6}}, {"type": "Feature", "geometry": {"type": "Point", "coordinates": [-119.48107928037643, 49.85348803308492]}, "properties": {"source": "deepforest", "kind": "tree", "score": 0.20723865926265717, "crown_m": 5.39}}, {"type": "Feature", "geometry": {"type": "Point", "coordinates": [-119.48160298168659, 49.85172580434904]}, "properties": {"source": "deepforest", "kind": "tree", "score": 0.20723041892051697, "crown_m": 1.44}}, {"type": "Feature", "geometry": {"type": "Point", "coordinates": [-119.48141522705555, 49.85152000504643]}, "properties": {"source": "deepforest", "kind": "tree", "score": 0.20722784101963043, "crown_m": 2.79}}, {"type": "Feature", "geometry": {"type": "Point", "coordinates": [-119.48187187314034, 49.85435485656649]}, "properties": {"source": "deepforest", "kind": "tree", "score": 0.20713771879673004, "crown_m": 2.12}}, {"type": "Feature", "geometry": {"type": "Point", "coordinates": [-119.47566591203213, 49.85537167905782]}, "properties": {"source": "deepforest", "kind": "tree", "score": 0.20707398653030396, "crown_m": 1.83}}, {"type": "Feature", "geometry": {"type": "Point", "coordinates": [-119.48065750300884, 49.8516328488902]}, "properties": {"source": "deepforest", "kind": "tree", "score": 0.20706403255462646, "crown_m": 2.89}}, {"type": "Feature", "geometry": {"type": "Point", "coordinates": [-119.47856739163399, 49.857212453783056]}, "properties": {"source": "deepforest", "kind": "tree", "score": 0.20706145465373993, "crown_m": 1.92}}, {"type": "Feature", "geometry": {"type": "Point", "coordinates": [-119.48001377284527, 49.85350057079223]}, "properties": {"source": "deepforest", "kind": "tree", "score": 0.20704546570777893, "crown_m": 2.21}}, {"type": "Feature", "geometry": {"type": "Point", "coordinates": [-119.47802022099495, 49.85440976206888]}, "properties": {"source": "deepforest", "kind": "tree", "score": 0.2068440318107605, "crown_m": 1.83}}, {"type": "Feature", "geometry": {"type": "Point", "coordinates": [-119.48190875351429, 49.854829549320755]}, "properties": {"source": "deepforest", "kind": "tree", "score": 0.20683889091014862, "crown_m": 3.47}}, {"type": "Feature", "geometry": {"type": "Point", "coordinates": [-119.47796523571014, 49.8569245401455]}, "properties": {"source": "deepforest", "kind": "tree", "score": 0.20676197111606598, "crown_m": 1.54}}, {"type": "Feature", "geometry": {"type": "Point", "coordinates": [-119.47931371629238, 49.85476167459515]}, "properties": {"source": "deepforest", "kind": "tree", "score": 0.20673930644989014, "crown_m": 3.95}}, {"type": "Feature", "geometry": {"type": "Point", "coordinates": [-119.47989642620087, 49.85482609073833]}, "properties": {"source": "deepforest", "kind": "tree", "score": 0.2066456824541092, "crown_m": 1.93}}, {"type": "Feature", "geometry": {"type": "Point", "coordinates": [-119.48182694613934, 49.85335314444193]}, "properties": {"source": "deepforest", "kind": "tree", "score": 0.2065582275390625, "crown_m": 2.98}}, {"type": "Feature", "geometry": {"type": "Point", "coordinates": [-119.48138907551765, 49.855561898576795]}, "properties": {"source": "deepforest", "kind": "tree", "score": 0.2065306454896927, "crown_m": 2.5}}, {"type": "Feature", "geometry": {"type": "Point", "coordinates": [-119.47721622884274, 49.855452090127656]}, "properties": {"source": "deepforest", "kind": "tree", "score": 0.2064741998910904, "crown_m": 2.6}}, {"type": "Feature", "geometry": {"type": "Point", "coordinates": [-119.4815868884325, 49.85618832074502]}, "properties": {"source": "deepforest", "kind": "tree", "score": 0.20645923912525177, "crown_m": 1.44}}, {"type": "Feature", "geometry": {"type": "Point", "coordinates": [-119.47538293898106, 49.85243398937042]}, "properties": {"source": "deepforest", "kind": "tree", "score": 0.20638401806354523, "crown_m": 3.37}}, {"type": "Feature", "geometry": {"type": "Point", "coordinates": [-119.47625532746315, 49.85505608593148]}, "properties": {"source": "deepforest", "kind": "tree", "score": 0.20637144148349762, "crown_m": 2.12}}, {"type": "Feature", "geometry": {"type": "Point", "coordinates": [-119.4813334196806, 49.85229736840371]}, "properties": {"source": "deepforest", "kind": "tree", "score": 0.20623311400413513, "crown_m": 1.64}}, {"type": "Feature", "geometry": {"type": "Point", "coordinates": [-119.48154665529728, 49.85182654192349]}, "properties": {"source": "deepforest", "kind": "tree", "score": 0.20606838166713715, "crown_m": 1.64}}, {"type": "Feature", "geometry": {"type": "Point", "coordinates": [-119.48058977723122, 49.8563028829271]}, "properties": {"source": "deepforest", "kind": "tree", "score": 0.20601892471313477, "crown_m": 1.35}}, {"type": "Feature", "geometry": {"type": "Point", "coordinates": [-119.48091700673103, 49.855316774648315]}, "properties": {"source": "deepforest", "kind": "tree", "score": 0.20590557157993317, "crown_m": 2.41}}, {"type": "Feature", "geometry": {"type": "Point", "coordinates": [-119.48205091059208, 49.8541663616111]}, "properties": {"source": "deepforest", "kind": "tree", "score": 0.2058914601802826, "crown_m": 3.18}}, {"type": "Feature", "geometry": {"type": "Point", "coordinates": [-119.48167338967323, 49.8538429786447]}, "properties": {"source": "deepforest", "kind": "tree", "score": 0.20557983219623566, "crown_m": 1.35}}, {"type": "Feature", "geometry": {"type": "Point", "coordinates": [-119.47503827512264, 49.85721115687863]}, "properties": {"source": "deepforest", "kind": "tree", "score": 0.2054460644721985, "crown_m": 1.64}}, {"type": "Feature", "geometry": {"type": "Point", "coordinates": [-119.48030814528465, 49.85360216933492]}, "properties": {"source": "deepforest", "kind": "tree", "score": 0.20538711547851562, "crown_m": 1.44}}, {"type": "Feature", "geometry": {"type": "Point", "coordinates": [-119.47773590683937, 49.85179584508828]}, "properties": {"source": "deepforest", "kind": "tree", "score": 0.2053116112947464, "crown_m": 2.02}}, {"type": "Feature", "geometry": {"type": "Point", "coordinates": [-119.4746781885624, 49.85655362184957]}, "properties": {"source": "deepforest", "kind": "tree", "score": 0.2052818089723587, "crown_m": 2.31}}, {"type": "Feature", "geometry": {"type": "Point", "coordinates": [-119.47651751339436, 49.85293031798665]}, "properties": {"source": "deepforest", "kind": "tree", "score": 0.20525407791137695, "crown_m": 2.02}}, {"type": "Feature", "geometry": {"type": "Point", "coordinates": [-119.48018610477448, 49.85204833678726]}, "properties": {"source": "deepforest", "kind": "tree", "score": 0.20523999631404877, "crown_m": 2.02}}, {"type": "Feature", "geometry": {"type": "Point", "coordinates": [-119.4765168428421, 49.85303062071155]}, "properties": {"source": "deepforest", "kind": "tree", "score": 0.20518244802951813, "crown_m": 2.6}}, {"type": "Feature", "geometry": {"type": "Point", "coordinates": [-119.48156878352165, 49.855704562724654]}, "properties": {"source": "deepforest", "kind": "tree", "score": 0.2050594538450241, "crown_m": 1.93}}, {"type": "Feature", "geometry": {"type": "Point", "coordinates": [-119.47503224015236, 49.85393376819867]}, "properties": {"source": "deepforest", "kind": "tree", "score": 0.2050422877073288, "crown_m": 2.5}}, {"type": "Feature", "geometry": {"type": "Point", "coordinates": [-119.47645783424377, 49.85150530506271]}, "properties": {"source": "deepforest", "kind": "tree", "score": 0.20499196648597717, "crown_m": 2.5}}, {"type": "Feature", "geometry": {"type": "Point", "coordinates": [-119.47975359857082, 49.857213318385995]}, "properties": {"source": "deepforest", "kind": "tree", "score": 0.2049497663974762, "crown_m": 3.75}}, {"type": "Feature", "geometry": {"type": "Point", "coordinates": [-119.48134414851665, 49.854618575338975]}, "properties": {"source": "deepforest", "kind": "tree", "score": 0.2049374133348465, "crown_m": 3.08}}, {"type": "Feature", "geometry": {"type": "Point", "coordinates": [-119.47510600090027, 49.85723666265938]}, "properties": {"source": "deepforest", "kind": "tree", "score": 0.20489628612995148, "crown_m": 1.54}}, {"type": "Feature", "geometry": {"type": "Point", "coordinates": [-119.48252096772194, 49.85523204016162]}, "properties": {"source": "deepforest", "kind": "tree", "score": 0.2047581523656845, "crown_m": 6.83}}, {"type": "Feature", "geometry": {"type": "Point", "coordinates": [-119.48125630617142, 49.85723450115306]}, "properties": {"source": "deepforest", "kind": "tree", "score": 0.20473317801952362, "crown_m": 2.89}}, {"type": "Feature", "geometry": {"type": "Point", "coordinates": [-119.47511203587055, 49.85360822200732]}, "properties": {"source": "deepforest", "kind": "tree", "score": 0.2046307623386383, "crown_m": 2.02}}, {"type": "Feature", "geometry": {"type": "Point", "coordinates": [-119.4765168428421, 49.85223554296591]}, "properties": {"source": "deepforest", "kind": "tree", "score": 0.2046019583940506, "crown_m": 1.35}}, {"type": "Feature", "geometry": {"type": "Point", "coordinates": [-119.48235265910625, 49.85327705324646]}, "properties": {"source": "deepforest", "kind": "tree", "score": 0.204532191157341, "crown_m": 2.41}}, {"type": "Feature", "geometry": {"type": "Point", "coordinates": [-119.47995074093342, 49.85412615502319]}, "properties": {"source": "deepforest", "kind": "tree", "score": 0.20433154702186584, "crown_m": 1.83}}, {"type": "Feature", "geometry": {"type": "Point", "coordinates": [-119.4773979485035, 49.854683423996995]}, "properties": {"source": "deepforest", "kind": "tree", "score": 0.20429247617721558, "crown_m": 1.54}}, {"type": "Feature", "geometry": {"type": "Point", "coordinates": [-119.48187053203583, 49.85692497244954]}, "properties": {"source": "deepforest", "kind": "tree", "score": 0.204191654920578, "crown_m": 1.44}}, {"type": "Feature", "geometry": {"type": "Point", "coordinates": [-119.48106721043587, 49.85639020938914]}, "properties": {"source": "deepforest", "kind": "tree", "score": 0.2041604369878769, "crown_m": 1.92}}, {"type": "Feature", "geometry": {"type": "Point", "coordinates": [-119.48169484734535, 49.85552255778315]}, "properties": {"source": "deepforest", "kind": "tree", "score": 0.20412927865982056, "crown_m": 4.91}}, {"type": "Feature", "geometry": {"type": "Point", "coordinates": [-119.47821736335754, 49.855812209030155]}, "properties": {"source": "deepforest", "kind": "tree", "score": 0.2040925770998001, "crown_m": 3.75}}, {"type": "Feature", "geometry": {"type": "Point", "coordinates": [-119.47655104100704, 49.85561723502354]}, "properties": {"source": "deepforest", "kind": "tree", "score": 0.2040087878704071, "crown_m": 2.7}}, {"type": "Feature", "geometry": {"type": "Point", "coordinates": [-119.48106721043587, 49.85216334113072]}, "properties": {"source": "deepforest", "kind": "tree", "score": 0.2038435935974121, "crown_m": 1.93}}, {"type": "Feature", "geometry": {"type": "Point", "coordinates": [-119.48119260370731, 49.85361773334812]}, "properties": {"source": "deepforest", "kind": "tree", "score": 0.20370323956012726, "crown_m": 2.79}}, {"type": "Feature", "geometry": {"type": "Point", "coordinates": [-119.47589993476868, 49.85692799857775]}, "properties": {"source": "deepforest", "kind": "tree", "score": 0.20367848873138428, "crown_m": 1.73}}, {"type": "Feature", "geometry": {"type": "Point", "coordinates": [-119.47926007211208, 49.853059155069396]}, "properties": {"source": "deepforest", "kind": "tree", "score": 0.2036484181880951, "crown_m": 2.02}}, {"type": "Feature", "geometry": {"type": "Point", "coordinates": [-119.48270335793495, 49.852053524959025]}, "properties": {"source": "deepforest", "kind": "tree", "score": 0.2036271095275879, "crown_m": 2.41}}, {"type": "Feature", "geometry": {"type": "Point", "coordinates": [-119.47971872985363, 49.854874510869955]}, "properties": {"source": "deepforest", "kind": "tree", "score": 0.20361758768558502, "crown_m": 1.54}}, {"type": "Feature", "geometry": {"type": "Point", "coordinates": [-119.48086135089397, 49.85181313908235]}, "properties": {"source": "deepforest", "kind": "tree", "score": 0.20361384749412537, "crown_m": 2.02}}, {"type": "Feature", "geometry": {"type": "Point", "coordinates": [-119.47597168385983, 49.85397700125967]}, "properties": {"source": "deepforest", "kind": "tree", "score": 0.2035912573337555, "crown_m": 2.31}}, {"type": "Feature", "geometry": {"type": "Point", "coordinates": [-119.4757242500782, 49.85361081600954]}, "properties": {"source": "deepforest", "kind": "tree", "score": 0.20358043909072876, "crown_m": 2.41}}, {"type": "Feature", "geometry": {"type": "Point", "coordinates": [-119.47655104100704, 49.852986522125384]}, "properties": {"source": "deepforest", "kind": "tree", "score": 0.20353257656097412, "crown_m": 2.41}}, {"type": "Feature", "geometry": {"type": "Point", "coordinates": [-119.48280528187752, 49.85435442423944]}, "properties": {"source": "deepforest", "kind": "tree", "score": 0.20353107154369354, "crown_m": 2.02}}, {"type": "Feature", "geometry": {"type": "Point", "coordinates": [-119.47603337466717, 49.85276084049567]}, "properties": {"source": "deepforest", "kind": "tree", "score": 0.20350465178489685, "crown_m": 2.79}}, {"type": "Feature", "geometry": {"type": "Point", "coordinates": [-119.4828374683857, 49.85391993361099]}, "properties": {"source": "deepforest", "kind": "tree", "score": 0.20332379639148712, "crown_m": 2.31}}, {"type": "Feature", "geometry": {"type": "Point", "coordinates": [-119.48184438049793, 49.85720424005441]}, "properties": {"source": "deepforest", "kind": "tree", "score": 0.20321789383888245, "crown_m": 2.79}}, {"type": "Feature", "geometry": {"type": "Point", "coordinates": [-119.47570011019707, 49.85264626991635]}, "properties": {"source": "deepforest", "kind": "tree", "score": 0.20321039855480194, "crown_m": 2.5}}, {"type": "Feature", "geometry": {"type": "Point", "coordinates": [-119.47683468461037, 49.8550712171558]}, "properties": {"source": "deepforest", "kind": "tree", "score": 0.20316216349601746, "crown_m": 2.31}}, {"type": "Feature", "geometry": {"type": "Point", "coordinates": [-119.47994068264961, 49.85511920472163]}, "properties": {"source": "deepforest", "kind": "tree", "score": 0.20306365191936493, "crown_m": 2.31}}, {"type": "Feature", "geometry": {"type": "Point", "coordinates": [-119.48243513703346, 49.85541015533912]}, "properties": {"source": "deepforest", "kind": "tree", "score": 0.20297951996326447, "crown_m": 2.02}}, {"type": "Feature", "geometry": {"type": "Point", "coordinates": [-119.48077887296677, 49.85542917730956]}, "properties": {"source": "deepforest", "kind": "tree", "score": 0.2029695063829422, "crown_m": 2.41}}, {"type": "Feature", "geometry": {"type": "Point", "coordinates": [-119.47655573487282, 49.8520357987032]}, "properties": {"source": "deepforest", "kind": "tree", "score": 0.20283542573451996, "crown_m": 1.73}}, {"type": "Feature", "geometry": {"type": "Point", "coordinates": [-119.47558477520943, 49.853192747520666]}, "properties": {"source": "deepforest", "kind": "tree", "score": 0.20263104140758514, "crown_m": 1.93}}, {"type": "Feature", "geometry": {"type": "Point", "coordinates": [-119.48056630790234, 49.85647407722887]}, "properties": {"source": "deepforest", "kind": "tree", "score": 0.20250801742076874, "crown_m": 1.83}}, {"type": "Feature", "geometry": {"type": "Point", "coordinates": [-119.48086135089397, 49.8559431999941]}, "properties": {"source": "deepforest", "kind": "tree", "score": 0.20234619081020355, "crown_m": 2.5}}, {"type": "Feature", "geometry": {"type": "Point", "coordinates": [-119.48242507874966, 49.85554590287336]}, "properties": {"source": "deepforest", "kind": "tree", "score": 0.20227175951004028, "crown_m": 1.83}}, {"type": "Feature", "geometry": {"type": "Point", "coordinates": [-119.48149032890797, 49.85172277789505]}, "properties": {"source": "deepforest", "kind": "tree", "score": 0.2022201269865036, "crown_m": 1.54}}, {"type": "Feature", "geometry": {"type": "Point", "coordinates": [-119.47894357144833, 49.855765086781346]}, "properties": {"source": "deepforest", "kind": "tree", "score": 0.20221871137619019, "crown_m": 2.31}}, {"type": "Feature", "geometry": {"type": "Point", "coordinates": [-119.48171898722649, 49.85587186832509]}, "properties": {"source": "deepforest", "kind": "tree", "score": 0.2021467387676239, "crown_m": 6.64}}, {"type": "Feature", "geometry": {"type": "Point", "coordinates": [-119.47925336658955, 49.85308250134964]}, "properties": {"source": "deepforest", "kind": "tree", "score": 0.2020857334136963, "crown_m": 2.6}}, {"type": "Feature", "geometry": {"type": "Point", "coordinates": [-119.48163852095604, 49.85150876388281]}, "properties": {"source": "deepforest", "kind": "tree", "score": 0.20205256342887878, "crown_m": 4.81}}, {"type": "Feature", "geometry": {"type": "Point", "coordinates": [-119.47844937443733, 49.856636192485816]}, "properties": {"source": "deepforest", "kind": "tree", "score": 0.20204348862171173, "crown_m": 2.02}}, {"type": "Feature", "geometry": {"type": "Point", "coordinates": [-119.4800741225481, 49.85350446180418]}, "properties": {"source": "deepforest", "kind": "tree", "score": 0.20204173028469086, "crown_m": 1.83}}, {"type": "Feature", "geometry": {"type": "Point", "coordinates": [-119.47649002075195, 49.85685753297175]}, "properties": {"source": "deepforest", "kind": "tree", "score": 0.20201127231121063, "crown_m": 2.41}}, {"type": "Feature", "geometry": {"type": "Point", "coordinates": [-119.47640553116798, 49.85533752592853]}, "properties": {"source": "deepforest", "kind": "tree", "score": 0.20194394886493683, "crown_m": 2.41}}, {"type": "Feature", "geometry": {"type": "Point", "coordinates": [-119.47699896991253, 49.85387367417966]}, "properties": {"source": "deepforest", "kind": "tree", "score": 0.20188574492931366, "crown_m": 2.02}}, {"type": "Feature", "geometry": {"type": "Point", "coordinates": [-119.47468355298042, 49.85630634140385]}, "properties": {"source": "deepforest", "kind": "tree", "score": 0.20188447833061218, "crown_m": 1.73}}, {"type": "Feature", "geometry": {"type": "Point", "coordinates": [-119.47476267814636, 49.85525106220217]}, "properties": {"source": "deepforest", "kind": "tree", "score": 0.2018614560365677, "crown_m": 2.21}}, {"type": "Feature", "geometry": {"type": "Point", "coordinates": [-119.48165595531464, 49.8562851582299]}, "properties": {"source": "deepforest", "kind": "tree", "score": 0.2018565535545349, "crown_m": 1.64}}, {"type": "Feature", "geometry": {"type": "Point", "coordinates": [-119.48187053203583, 49.85358703765061]}, "properties": {"source": "deepforest", "kind": "tree", "score": 0.20180866122245789, "crown_m": 2.31}}, {"type": "Feature", "geometry": {"type": "Point", "coordinates": [-119.47907164692879, 49.85361513934627]}, "properties": {"source": "deepforest", "kind": "tree", "score": 0.20178280770778656, "crown_m": 2.12}}, {"type": "Feature", "geometry": {"type": "Point", "coordinates": [-119.48090493679047, 49.8522394340797]}, "properties": {"source": "deepforest", "kind": "tree", "score": 0.20177976787090302, "crown_m": 2.02}}, {"type": "Feature", "geometry": {"type": "Point", "coordinates": [-119.47535343468189, 49.855371246739885]}, "properties": {"source": "deepforest", "kind": "tree", "score": 0.20165061950683594, "crown_m": 2.41}}, {"type": "Feature", "geometry": {"type": "Point", "coordinates": [-119.4778398424387, 49.85683462082006]}, "properties": {"source": "deepforest", "kind": "tree", "score": 0.20154006779193878, "crown_m": 2.12}}, {"type": "Feature", "geometry": {"type": "Point", "coordinates": [-119.47976231575012, 49.85538681018333]}, "properties": {"source": "deepforest", "kind": "tree", "score": 0.20149485766887665, "crown_m": 2.79}}, {"type": "Feature", "geometry": {"type": "Point", "coordinates": [-119.47722025215626, 49.855023661863385]}, "properties": {"source": "deepforest", "kind": "tree", "score": 0.20146462321281433, "crown_m": 3.18}}, {"type": "Feature", "geometry": {"type": "Point", "coordinates": [-119.48182761669159, 49.85342880318228]}, "properties": {"source": "deepforest", "kind": "tree", "score": 0.20145943760871887, "crown_m": 2.7}}, {"type": "Feature", "geometry": {"type": "Point", "coordinates": [-119.47647459805012, 49.85537211137576]}, "properties": {"source": "deepforest", "kind": "tree", "score": 0.20144373178482056, "crown_m": 2.02}}, {"type": "Feature", "geometry": {"type": "Point", "coordinates": [-119.48187187314034, 49.85718651568782]}, "properties": {"source": "deepforest", "kind": "tree", "score": 0.2014140635728836, "crown_m": 2.12}}, {"type": "Feature", "geometry": {"type": "Point", "coordinates": [-119.47830989956856, 49.85165706056181]}, "properties": {"source": "deepforest", "kind": "tree", "score": 0.2013414055109024, "crown_m": 1.73}}, {"type": "Feature", "geometry": {"type": "Point", "coordinates": [-119.48283612728119, 49.85259179475317]}, "properties": {"source": "deepforest", "kind": "tree", "score": 0.20131616294384003, "crown_m": 2.7}}, {"type": "Feature", "geometry": {"type": "Point", "coordinates": [-119.48095254600048, 49.85534098447437]}, "properties": {"source": "deepforest", "kind": "tree", "score": 0.20125438272953033, "crown_m": 2.02}}, {"type": "Feature", "geometry": {"type": "Point", "coordinates": [-119.47506375610828, 49.85399602379424]}, "properties": {"source": "deepforest", "kind": "tree", "score": 0.20123958587646484, "crown_m": 2.31}}, {"type": "Feature", "geometry": {"type": "Point", "coordinates": [-119.47865523397923, 49.85420310953853]}, "properties": {"source": "deepforest", "kind": "tree", "score": 0.20122426748275757, "crown_m": 2.6}}, {"type": "Feature", "geometry": {"type": "Point", "coordinates": [-119.48145747184753, 49.85480577156149]}, "properties": {"source": "deepforest", "kind": "tree", "score": 0.20103445649147034, "crown_m": 2.41}}, {"type": "Feature", "geometry": {"type": "Point", "coordinates": [-119.48187053203583, 49.85284903803962]}, "properties": {"source": "deepforest", "kind": "tree", "score": 0.20101316273212433, "crown_m": 2.02}}, {"type": "Feature", "geometry": {"type": "Point", "coordinates": [-119.47607897222042, 49.85531374841921]}, "properties": {"source": "deepforest", "kind": "tree", "score": 0.20101113617420197, "crown_m": 2.5}}, {"type": "Feature", "geometry": {"type": "Point", "coordinates": [-119.48038056492805, 49.85222819308342]}, "properties": {"source": "deepforest", "kind": "tree", "score": 0.2009119987487793, "crown_m": 2.02}}, {"type": "Feature", "geometry": {"type": "Point", "coordinates": [-119.47944648563862, 49.855064300025276]}, "properties": {"source": "deepforest", "kind": "tree", "score": 0.20091049373149872, "crown_m": 2.79}}, {"type": "Feature", "geometry": {"type": "Point", "coordinates": [-119.48116846382618, 49.85443829561243]}, "properties": {"source": "deepforest", "kind": "tree", "score": 0.20075006783008575, "crown_m": 2.6}}, {"type": "Feature", "geometry": {"type": "Point", "coordinates": [-119.48042280972004, 49.85461511674143]}, "properties": {"source": "deepforest", "kind": "tree", "score": 0.2007119208574295, "crown_m": 2.12}}, {"type": "Feature", "geometry": {"type": "Point", "coordinates": [-119.47619698941708, 49.854983888310144]}, "properties": {"source": "deepforest", "kind": "tree", "score": 0.20070302486419678, "crown_m": 11.45}}, {"type": "Feature", "geometry": {"type": "Point", "coordinates": [-119.48277913033962, 49.855224258415596]}, "properties": {"source": "deepforest", "kind": "tree", "score": 0.20068858563899994, "crown_m": 6.45}}, {"type": "Feature", "geometry": {"type": "Point", "coordinates": [-119.4815493375063, 49.85180276268665]}, "properties": {"source": "deepforest", "kind": "tree", "score": 0.200607031583786, "crown_m": 1.44}}, {"type": "Feature", "geometry": {"type": "Point", "coordinates": [-119.47605550289154, 49.85414647448577]}, "properties": {"source": "deepforest", "kind": "tree", "score": 0.20055970549583435, "crown_m": 2.12}}, {"type": "Feature", "geometry": {"type": "Point", "coordinates": [-119.47501011192799, 49.85461684604022]}, "properties": {"source": "deepforest", "kind": "tree", "score": 0.20055730640888214, "crown_m": 1.93}}, {"type": "Feature", "geometry": {"type": "Point", "coordinates": [-119.47478882968426, 49.854418408599]}, "properties": {"source": "deepforest", "kind": "tree", "score": 0.20047985017299652, "crown_m": 2.02}}, {"type": "Feature", "geometry": {"type": "Point", "coordinates": [-119.4813884049654, 49.85431075918867]}, "properties": {"source": "deepforest", "kind": "tree", "score": 0.20047050714492798, "crown_m": 1.93}}, {"type": "Feature", "geometry": {"type": "Point", "coordinates": [-119.48099076747894, 49.85437258197172]}, "properties": {"source": "deepforest", "kind": "tree", "score": 0.2004215568304062, "crown_m": 2.02}}, {"type": "Feature", "geometry": {"type": "Point", "coordinates": [-119.47603337466717, 49.85443699863354]}, "properties": {"source": "deepforest", "kind": "tree", "score": 0.2003568708896637, "crown_m": 2.12}}, {"type": "Feature", "geometry": {"type": "Point", "coordinates": [-119.48065213859081, 49.8555281778985]}, "properties": {"source": "deepforest", "kind": "tree", "score": 0.20031601190567017, "crown_m": 2.7}}, {"type": "Feature", "geometry": {"type": "Point", "coordinates": [-119.4746520370245, 49.85659598795281]}, "properties": {"source": "deepforest", "kind": "tree", "score": 0.20030803978443146, "crown_m": 1.54}}, {"type": "Feature", "geometry": {"type": "Point", "coordinates": [-119.48262691497803, 49.8517024574134]}, "properties": {"source": "deepforest", "kind": "tree", "score": 0.20008796453475952, "crown_m": 1.64}}, {"type": "Feature", "geometry": {"type": "Point", "coordinates": [-119.47987966239452, 49.85620561316727]}, "properties": {"source": "deepforest", "kind": "tree", "score": 0.19999603927135468, "crown_m": 3.37}}, {"type": "Feature", "geometry": {"type": "Point", "coordinates": [-119.47708547115326, 49.853360926489266]}, "properties": {"source": "deepforest", "kind": "tree", "score": 0.19991259276866913, "crown_m": 2.41}}, {"type": "Feature", "geometry": {"type": "Point", "coordinates": [-119.47597034275532, 49.855099750308796]}, "properties": {"source": "deepforest", "kind": "tree", "score": 0.19986994564533234, "crown_m": 1.64}}, {"type": "Feature", "geometry": {"type": "Point", "coordinates": [-119.47993867099285, 49.85473227659523]}, "properties": {"source": "deepforest", "kind": "tree", "score": 0.19977864623069763, "crown_m": 2.21}}, {"type": "Feature", "geometry": {"type": "Point", "coordinates": [-119.47974890470505, 49.85686142371341]}, "properties": {"source": "deepforest", "kind": "tree", "score": 0.1997319906949997, "crown_m": 3.08}}, {"type": "Feature", "geometry": {"type": "Point", "coordinates": [-119.47559416294098, 49.853874106511]}, "properties": {"source": "deepforest", "kind": "tree", "score": 0.19962406158447266, "crown_m": 1.93}}, {"type": "Feature", "geometry": {"type": "Point", "coordinates": [-119.47729602456093, 49.85534833388345]}, "properties": {"source": "deepforest", "kind": "tree", "score": 0.1996212750673294, "crown_m": 2.12}}, {"type": "Feature", "geometry": {"type": "Point", "coordinates": [-119.47715185582638, 49.85307904264217]}, "properties": {"source": "deepforest", "kind": "tree", "score": 0.19957877695560455, "crown_m": 2.6}}, {"type": "Feature", "geometry": {"type": "Point", "coordinates": [-119.47799675166607, 49.853245924995605]}, "properties": {"source": "deepforest", "kind": "tree", "score": 0.19953806698322296, "crown_m": 2.79}}, {"type": "Feature", "geometry": {"type": "Point", "coordinates": [-119.48164992034435, 49.85467088659656]}, "properties": {"source": "deepforest", "kind": "tree", "score": 0.19951295852661133, "crown_m": 1.44}}, {"type": "Feature", "geometry": {"type": "Point", "coordinates": [-119.47607696056366, 49.85401245234081]}, "properties": {"source": "deepforest", "kind": "tree", "score": 0.1995033174753189, "crown_m": 1.54}}, {"type": "Feature", "geometry": {"type": "Point", "coordinates": [-119.4785338640213, 49.851674354605535]}, "properties": {"source": "deepforest", "kind": "tree", "score": 0.19950275123119354, "crown_m": 1.35}}, {"type": "Feature", "geometry": {"type": "Point", "coordinates": [-119.47917357087135, 49.85306174910109]}, "properties": {"source": "deepforest", "kind": "tree", "score": 0.19946663081645966, "crown_m": 2.79}}, {"type": "Feature", "geometry": {"type": "Point", "coordinates": [-119.47551436722279, 49.85601799005521]}, "properties": {"source": "deepforest", "kind": "tree", "score": 0.1994432508945465, "crown_m": 1.64}}, {"type": "Feature", "geometry": {"type": "Point", "coordinates": [-119.48187053203583, 49.85678706726299]}, "properties": {"source": "deepforest", "kind": "tree", "score": 0.19942103326320648, "crown_m": 2.31}}, {"type": "Feature", "geometry": {"type": "Point", "coordinates": [-119.47682797908783, 49.85504311630685]}, "properties": {"source": "deepforest", "kind": "tree", "score": 0.1993144303560257, "crown_m": 1.93}}, {"type": "Feature", "geometry": {"type": "Point", "coordinates": [-119.48283679783344, 49.85380190712379]}, "properties": {"source": "deepforest", "kind": "tree", "score": 0.19928298890590668, "crown_m": 2.21}}, {"type": "Feature", "geometry": {"type": "Point", "coordinates": [-119.47844803333282, 49.855618964286485]}, "properties": {"source": "deepforest", "kind": "tree", "score": 0.19927416741847992, "crown_m": 3.08}}, {"type": "Feature", "geometry": {"type": "Point", "coordinates": [-119.48255717754364, 49.851734019008894]}, "properties": {"source": "deepforest", "kind": "tree", "score": 0.1991603821516037, "crown_m": 1.93}}, {"type": "Feature", "geometry": {"type": "Point", "coordinates": [-119.47603337466717, 49.85501631240493]}, "properties": {"source": "deepforest", "kind": "tree", "score": 0.19902253150939941, "crown_m": 1.93}}, {"type": "Feature", "geometry": {"type": "Point", "coordinates": [-119.47559416294098, 49.85328267362295]}, "properties": {"source": "deepforest", "kind": "tree", "score": 0.19896171987056732, "crown_m": 2.12}}, {"type": "Feature", "geometry": {"type": "Point", "coordinates": [-119.47578124701977, 49.856780582683406]}, "properties": {"source": "deepforest", "kind": "tree", "score": 0.19890691339969635, "crown_m": 2.6}}, {"type": "Feature", "geometry": {"type": "Point", "coordinates": [-119.4759052991867, 49.85534487533813]}, "properties": {"source": "deepforest", "kind": "tree", "score": 0.19872182607650757, "crown_m": 2.7}}, {"type": "Feature", "geometry": {"type": "Point", "coordinates": [-119.4758590310812, 49.856897304982866]}, "properties": {"source": "deepforest", "kind": "tree", "score": 0.198710098862648, "crown_m": 1.64}}, {"type": "Feature", "geometry": {"type": "Point", "coordinates": [-119.47607092559338, 49.85285379378497]}, "properties": {"source": "deepforest", "kind": "tree", "score": 0.19867144525051117, "crown_m": 1.64}}, {"type": "Feature", "geometry": {"type": "Point", "coordinates": [-119.48055490851402, 49.8533107754956]}, "properties": {"source": "deepforest", "kind": "tree", "score": 0.19864121079444885, "crown_m": 2.41}}, {"type": "Feature", "geometry": {"type": "Point", "coordinates": [-119.48027729988098, 49.85680565638633]}, "properties": {"source": "deepforest", "kind": "tree", "score": 0.1986260712146759, "crown_m": 2.31}}, {"type": "Feature", "geometry": {"type": "Point", "coordinates": [-119.4761648029089, 49.85191344412589]}, "properties": {"source": "deepforest", "kind": "tree", "score": 0.19860416650772095, "crown_m": 2.02}}, {"type": "Feature", "geometry": {"type": "Point", "coordinates": [-119.47655841708183, 49.85705293427688]}, "properties": {"source": "deepforest", "kind": "tree", "score": 0.19850200414657593, "crown_m": 2.6}}, {"type": "Feature", "geometry": {"type": "Point", "coordinates": [-119.47663620114326, 49.85394371180613]}, "properties": {"source": "deepforest", "kind": "tree", "score": 0.19850163161754608, "crown_m": 2.02}}, {"type": "Feature", "geometry": {"type": "Point", "coordinates": [-119.4774267822504, 49.85642954947642]}, "properties": {"source": "deepforest", "kind": "tree", "score": 0.19845731556415558, "crown_m": 2.41}}, {"type": "Feature", "geometry": {"type": "Point", "coordinates": [-119.4828374683857, 49.85602879785794]}, "properties": {"source": "deepforest", "kind": "tree", "score": 0.19842341542243958, "crown_m": 3.27}}, {"type": "Feature", "geometry": {"type": "Point", "coordinates": [-119.47935461997986, 49.85506040913891]}, "properties": {"source": "deepforest", "kind": "tree", "score": 0.19840854406356812, "crown_m": 1.73}}, {"type": "Feature", "geometry": {"type": "Point", "coordinates": [-119.48220513761044, 49.85571018281883]}, "properties": {"source": "deepforest", "kind": "tree", "score": 0.19835634529590607, "crown_m": 8.37}}, {"type": "Feature", "geometry": {"type": "Point", "coordinates": [-119.48175854980946, 49.85361600401357]}, "properties": {"source": "deepforest", "kind": "tree", "score": 0.1981966495513916, "crown_m": 3.18}}, {"type": "Feature", "geometry": {"type": "Point", "coordinates": [-119.48230974376202, 49.85331034315922]}, "properties": {"source": "deepforest", "kind": "tree", "score": 0.19819410145282745, "crown_m": 2.7}}, {"type": "Feature", "geometry": {"type": "Point", "coordinates": [-119.48015995323658, 49.85702872530851]}, "properties": {"source": "deepforest", "kind": "tree", "score": 0.1981653869152069, "crown_m": 2.02}}, {"type": "Feature", "geometry": {"type": "Point", "coordinates": [-119.47667241096497, 49.85395019676641]}, "properties": {"source": "deepforest", "kind": "tree", "score": 0.19799427688121796, "crown_m": 1.73}}, {"type": "Feature", "geometry": {"type": "Point", "coordinates": [-119.4815868884325, 49.85171629263588]}, "properties": {"source": "deepforest", "kind": "tree", "score": 0.1979561299085617, "crown_m": 2.21}}, {"type": "Feature", "geometry": {"type": "Point", "coordinates": [-119.48231644928455, 49.851491037427174]}, "properties": {"source": "deepforest", "kind": "tree", "score": 0.19792765378952026, "crown_m": 1.44}}, {"type": "Feature", "geometry": {"type": "Point", "coordinates": [-119.47615206241608, 49.85644165411222]}, "properties": {"source": "deepforest", "kind": "tree", "score": 0.1979072242975235, "crown_m": 1.64}}, {"type": "Feature", "geometry": {"type": "Point", "coordinates": [-119.48217831552029, 49.85474870489151]}, "properties": {"source": "deepforest", "kind": "tree", "score": 0.19790297746658325, "crown_m": 2.02}}, {"type": "Feature", "geometry": {"type": "Point", "coordinates": [-119.48046371340752, 49.85527051655409]}, "properties": {"source": "deepforest", "kind": "tree", "score": 0.19778810441493988, "crown_m": 7.51}}, {"type": "Feature", "geometry": {"type": "Point", "coordinates": [-119.47962149977684, 49.856423929465905]}, "properties": {"source": "deepforest", "kind": "tree", "score": 0.19766061007976532, "crown_m": 1.54}}, {"type": "Feature", "geometry": {"type": "Point", "coordinates": [-119.47704389691353, 49.851947167326536]}, "properties": {"source": "deepforest", "kind": "tree", "score": 0.19761982560157776, "crown_m": 2.21}}, {"type": "Feature", "geometry": {"type": "Point", "coordinates": [-119.48017604649067, 49.8521058389932]}, "properties": {"source": "deepforest", "kind": "tree", "score": 0.19761218130588531, "crown_m": 2.5}}, {"type": "Feature", "geometry": {"type": "Point", "coordinates": [-119.48187053203583, 49.8523233091233]}, "properties": {"source": "deepforest", "kind": "tree", "score": 0.1975787729024887, "crown_m": 1.83}}, {"type": "Feature", "geometry": {"type": "Point", "coordinates": [-119.48150776326656, 49.85470287857743]}, "properties": {"source": "deepforest", "kind": "tree", "score": 0.19756270945072174, "crown_m": 2.6}}, {"type": "Feature", "geometry": {"type": "Point", "coordinates": [-119.47568468749523, 49.85367134268858]}, "properties": {"source": "deepforest", "kind": "tree", "score": 0.19744442403316498, "crown_m": 1.83}}, {"type": "Feature", "geometry": {"type": "Point", "coordinates": [-119.48235467076302, 49.855936282988395]}, "properties": {"source": "deepforest", "kind": "tree", "score": 0.1973337084054947, "crown_m": 2.5}}, {"type": "Feature", "geometry": {"type": "Point", "coordinates": [-119.4813884049654, 49.85602144855235]}, "properties": {"source": "deepforest", "kind": "tree", "score": 0.19729338586330414, "crown_m": 2.6}}, {"type": "Feature", "geometry": {"type": "Point", "coordinates": [-119.47809934616089, 49.85674124288192]}, "properties": {"source": "deepforest", "kind": "tree", "score": 0.1972028613090515, "crown_m": 1.54}}, {"type": "Feature", "geometry": {"type": "Point", "coordinates": [-119.47546675801277, 49.853175454020274]}, "properties": {"source": "deepforest", "kind": "tree", "score": 0.19717374444007874, "crown_m": 1.93}}, {"type": "Feature", "geometry": {"type": "Point", "coordinates": [-119.47639279067516, 49.85299300721411]}, "properties": {"source": "deepforest", "kind": "tree", "score": 0.19712205231189728, "crown_m": 2.12}}, {"type": "Feature", "geometry": {"type": "Point", "coordinates": [-119.48235265910625, 49.85336568218424]}, "properties": {"source": "deepforest", "kind": "tree", "score": 0.19694456458091736, "crown_m": 2.31}}, {"type": "Feature", "geometry": {"type": "Point", "coordinates": [-119.47646990418434, 49.853220417108425]}, "properties": {"source": "deepforest", "kind": "tree", "score": 0.1968652606010437, "crown_m": 1.54}}, {"type": "Feature", "geometry": {"type": "Point", "coordinates": [-119.4750677794218, 49.853709820323694]}, "properties": {"source": "deepforest", "kind": "tree", "score": 0.19669386744499207, "crown_m": 2.7}}, {"type": "Feature", "geometry": {"type": "Point", "coordinates": [-119.48234729468822, 49.85505003344041]}, "properties": {"source": "deepforest", "kind": "tree", "score": 0.1966792792081833, "crown_m": 3.47}}, {"type": "Feature", "geometry": {"type": "Point", "coordinates": [-119.48231041431427, 49.85703996518819]}, "properties": {"source": "deepforest", "kind": "tree", "score": 0.1966489553451538, "crown_m": 3.37}}, {"type": "Feature", "geometry": {"type": "Point", "coordinates": [-119.47607092559338, 49.855344443019966]}, "properties": {"source": "deepforest", "kind": "tree", "score": 0.19652733206748962, "crown_m": 1.64}}, {"type": "Feature", "geometry": {"type": "Point", "coordinates": [-119.47605147957802, 49.853995159133746]}, "properties": {"source": "deepforest", "kind": "tree", "score": 0.19639025628566742, "crown_m": 1.54}}, {"type": "Feature", "geometry": {"type": "Point", "coordinates": [-119.48175184428692, 49.85381574174526]}, "properties": {"source": "deepforest", "kind": "tree", "score": 0.19637912511825562, "crown_m": 2.21}}, {"type": "Feature", "geometry": {"type": "Point", "coordinates": [-119.47683334350586, 49.85509542710488]}, "properties": {"source": "deepforest", "kind": "tree", "score": 0.1962013840675354, "crown_m": 2.02}}, {"type": "Feature", "geometry": {"type": "Point", "coordinates": [-119.48014385998249, 49.85391258398467]}, "properties": {"source": "deepforest", "kind": "tree", "score": 0.1961216926574707, "crown_m": 2.02}}, {"type": "Feature", "geometry": {"type": "Point", "coordinates": [-119.47514355182648, 49.853964463675965]}, "properties": {"source": "deepforest", "kind": "tree", "score": 0.1961187720298767, "crown_m": 2.02}}, {"type": "Feature", "geometry": {"type": "Point", "coordinates": [-119.47651617228985, 49.85560383323367]}, "properties": {"source": "deepforest", "kind": "tree", "score": 0.19601136445999146, "crown_m": 3.37}}, {"type": "Feature", "geometry": {"type": "Point", "coordinates": [-119.47623319923878, 49.851923388149046]}, "properties": {"source": "deepforest", "kind": "tree", "score": 0.19594694674015045, "crown_m": 1.54}}, {"type": "Feature", "geometry": {"type": "Point", "coordinates": [-119.4776963442564, 49.85438252548887]}, "properties": {"source": "deepforest", "kind": "tree", "score": 0.19594648480415344, "crown_m": 1.73}}, {"type": "Feature", "geometry": {"type": "Point", "coordinates": [-119.47647795081139, 49.85300770674532]}, "properties": {"source": "deepforest", "kind": "tree", "score": 0.19576357305049896, "crown_m": 4.24}}, {"type": "Feature", "geometry": {"type": "Point", "coordinates": [-119.48193155229092, 49.85184470060557]}, "properties": {"source": "deepforest", "kind": "tree", "score": 0.19574110209941864, "crown_m": 1.54}}, {"type": "Feature", "geometry": {"type": "Point", "coordinates": [-119.48077149689198, 49.853614274678954]}, "properties": {"source": "deepforest", "kind": "tree", "score": 0.19571377336978912, "crown_m": 1.44}}, {"type": "Feature", "geometry": {"type": "Point", "coordinates": [-119.47625264525414, 49.85177552463735]}, "properties": {"source": "deepforest", "kind": "tree", "score": 0.19570709764957428, "crown_m": 1.35}}, {"type": "Feature", "geometry": {"type": "Point", "coordinates": [-119.48169685900211, 49.85709011231183]}, "properties": {"source": "deepforest", "kind": "tree", "score": 0.1956079602241516, "crown_m": 3.18}}, {"type": "Feature", "geometry": {"type": "Point", "coordinates": [-119.48208443820477, 49.855053924327606]}, "properties": {"source": "deepforest", "kind": "tree", "score": 0.19560401141643524, "crown_m": 2.79}}, {"type": "Feature", "geometry": {"type": "Point", "coordinates": [-119.47628147900105, 49.852796724809934]}, "properties": {"source": "deepforest", "kind": "tree", "score": 0.1955767273902893, "crown_m": 2.12}}, {"type": "Feature", "geometry": {"type": "Point", "coordinates": [-119.4754459708929, 49.85294026180056]}, "properties": {"source": "deepforest", "kind": "tree", "score": 0.19548892974853516, "crown_m": 2.31}}, {"type": "Feature", "geometry": {"type": "Point", "coordinates": [-119.47934858500957, 49.85669887690603]}, "properties": {"source": "deepforest", "kind": "tree", "score": 0.19524246454238892, "crown_m": 2.41}}, {"type": "Feature", "geometry": {"type": "Point", "coordinates": [-119.48226548731327, 49.852690368813]}, "properties": {"source": "deepforest", "kind": "tree", "score": 0.19521349668502808, "crown_m": 3.08}}, {"type": "Feature", "geometry": {"type": "Point", "coordinates": [-119.47681322693825, 49.85247895314841]}, "properties": {"source": "deepforest", "kind": "tree", "score": 0.19511766731739044, "crown_m": 2.98}}, {"type": "Feature", "geometry": {"type": "Point", "coordinates": [-119.48247134685516, 49.85510104726989]}, "properties": {"source": "deepforest", "kind": "tree", "score": 0.19508694112300873, "crown_m": 1.73}}, {"type": "Feature", "geometry": {"type": "Point", "coordinates": [-119.47655975818634, 49.85300381569338]}, "properties": {"source": "deepforest", "kind": "tree", "score": 0.19507543742656708, "crown_m": 2.02}}, {"type": "Feature", "geometry": {"type": "Point", "coordinates": [-119.4817565381527, 49.85559302533589]}, "properties": {"source": "deepforest", "kind": "tree", "score": 0.19500282406806946, "crown_m": 7.32}}, {"type": "Feature", "geometry": {"type": "Point", "coordinates": [-119.47730541229248, 49.85645764951914]}, "properties": {"source": "deepforest", "kind": "tree", "score": 0.19496062397956848, "crown_m": 1.54}}, {"type": "Feature", "geometry": {"type": "Point", "coordinates": [-119.48127843439579, 49.85354380424076]}, "properties": {"source": "deepforest", "kind": "tree", "score": 0.19495399296283722, "crown_m": 5.01}}, {"type": "Feature", "geometry": {"type": "Point", "coordinates": [-119.47587914764881, 49.85692799857775]}, "properties": {"source": "deepforest", "kind": "tree", "score": 0.1949174404144287, "crown_m": 1.64}}, {"type": "Feature", "geometry": {"type": "Point", "coordinates": [-119.47945721447468, 49.852318120980506]}, "properties": {"source": "deepforest", "kind": "tree", "score": 0.19486884772777557, "crown_m": 2.6}}, {"type": "Feature", "geometry": {"type": "Point", "coordinates": [-119.4765604287386, 49.85348587141092]}, "properties": {"source": "deepforest", "kind": "tree", "score": 0.1948614865541458, "crown_m": 2.12}}, {"type": "Feature", "geometry": {"type": "Point", "coordinates": [-119.4816941767931, 49.85599507750543]}, "properties": {"source": "deepforest", "kind": "tree", "score": 0.19473899900913239, "crown_m": 1.83}}, {"type": "Feature", "geometry": {"type": "Point", "coordinates": [-119.47653025388718, 49.85580269812125]}, "properties": {"source": "deepforest", "kind": "tree", "score": 0.19472351670265198, "crown_m": 2.21}}, {"type": "Feature", "geometry": {"type": "Point", "coordinates": [-119.47642631828785, 49.85421953801471]}, "properties": {"source": "deepforest", "kind": "tree", "score": 0.1946852058172226, "crown_m": 2.21}}, {"type": "Feature", "geometry": {"type": "Point", "coordinates": [-119.47940826416016, 49.85432243202789]}, "properties": {"source": "deepforest", "kind": "tree", "score": 0.19467909634113312, "crown_m": 2.31}}, {"type": "Feature", "geometry": {"type": "Point", "coordinates": [-119.48090560734272, 49.85230082716713]}, "properties": {"source": "deepforest", "kind": "tree", "score": 0.194646418094635, "crown_m": 2.6}}, {"type": "Feature", "geometry": {"type": "Point", "coordinates": [-119.47714515030384, 49.856910274109836]}, "properties": {"source": "deepforest", "kind": "tree", "score": 0.19455985724925995, "crown_m": 2.41}}, {"type": "Feature", "geometry": {"type": "Point", "coordinates": [-119.4802089035511, 49.854528219397025]}, "properties": {"source": "deepforest", "kind": "tree", "score": 0.1945038139820099, "crown_m": 1.83}}, {"type": "Feature", "geometry": {"type": "Point", "coordinates": [-119.47694197297096, 49.85496875705847]}, "properties": {"source": "deepforest", "kind": "tree", "score": 0.1944953054189682, "crown_m": 3.27}}, {"type": "Feature", "geometry": {"type": "Point", "coordinates": [-119.48109872639179, 49.85419921858284]}, "properties": {"source": "deepforest", "kind": "tree", "score": 0.19448095560073853, "crown_m": 1.93}}, {"type": "Feature", "geometry": {"type": "Point", "coordinates": [-119.48155470192432, 49.85178200988858]}, "properties": {"source": "deepforest", "kind": "tree", "score": 0.19446910917758942, "crown_m": 2.02}}, {"type": "Feature", "geometry": {"type": "Point", "coordinates": [-119.48231041431427, 49.852200522927575]}, "properties": {"source": "deepforest", "kind": "tree", "score": 0.1944609135389328, "crown_m": 2.02}}, {"type": "Feature", "geometry": {"type": "Point", "coordinates": [-119.4779846817255, 49.8537137113188]}, "properties": {"source": "deepforest", "kind": "tree", "score": 0.19443342089653015, "crown_m": 2.41}}, {"type": "Feature", "geometry": {"type": "Point", "coordinates": [-119.47545602917671, 49.85520653332275]}, "properties": {"source": "deepforest", "kind": "tree", "score": 0.19442710280418396, "crown_m": 1.93}}, {"type": "Feature", "geometry": {"type": "Point", "coordinates": [-119.48134481906891, 49.854206135837195]}, "properties": {"source": "deepforest", "kind": "tree", "score": 0.19433055818080902, "crown_m": 1.73}}, {"type": "Feature", "geometry": {"type": "Point", "coordinates": [-119.4746346026659, 49.8564299817849]}, "properties": {"source": "deepforest", "kind": "tree", "score": 0.19432641565799713, "crown_m": 1.54}}, {"type": "Feature", "geometry": {"type": "Point", "coordinates": [-119.47635658085346, 49.85296533749615]}, "properties": {"source": "deepforest", "kind": "tree", "score": 0.19430974125862122, "crown_m": 2.31}}, {"type": "Feature", "geometry": {"type": "Point", "coordinates": [-119.48058307170868, 49.85544560536892]}, "properties": {"source": "deepforest", "kind": "tree", "score": 0.19429117441177368, "crown_m": 2.21}}, {"type": "Feature", "geometry": {"type": "Point", "coordinates": [-119.48144741356373, 49.85154248736582]}, "properties": {"source": "deepforest", "kind": "tree", "score": 0.19417360424995422, "crown_m": 2.41}}, {"type": "Feature", "geometry": {"type": "Point", "coordinates": [-119.47501480579376, 49.85601928699167]}, "properties": {"source": "deepforest", "kind": "tree", "score": 0.19412504136562347, "crown_m": 2.31}}, {"type": "Feature", "geometry": {"type": "Point", "coordinates": [-119.47566658258438, 49.85516546296069]}, "properties": {"source": "deepforest", "kind": "tree", "score": 0.19407473504543304, "crown_m": 2.6}}, {"type": "Feature", "geometry": {"type": "Point", "coordinates": [-119.47704188525677, 49.85223900173374]}, "properties": {"source": "deepforest", "kind": "tree", "score": 0.19406622648239136, "crown_m": 1.93}}, {"type": "Feature", "geometry": {"type": "Point", "coordinates": [-119.47984479367733, 49.85724012106929]}, "properties": {"source": "deepforest", "kind": "tree", "score": 0.19405902922153473, "crown_m": 2.79}}, {"type": "Feature", "geometry": {"type": "Point", "coordinates": [-119.4766154140234, 49.85301808288232]}, "properties": {"source": "deepforest", "kind": "tree", "score": 0.19385679066181183, "crown_m": 8.18}}, {"type": "Feature", "geometry": {"type": "Point", "coordinates": [-119.47689302265644, 49.856233281029986]}, "properties": {"source": "deepforest", "kind": "tree", "score": 0.19376379251480103, "crown_m": 1.83}}, {"type": "Feature", "geometry": {"type": "Point", "coordinates": [-119.47654031217098, 49.851830433070226]}, "properties": {"source": "deepforest", "kind": "tree", "score": 0.1936924010515213, "crown_m": 2.41}}, {"type": "Feature", "geometry": {"type": "Point", "coordinates": [-119.48247067630291, 49.8555018065824]}, "properties": {"source": "deepforest", "kind": "tree", "score": 0.1936902403831482, "crown_m": 2.79}}, {"type": "Feature", "geometry": {"type": "Point", "coordinates": [-119.48181219398975, 49.85710135217724]}, "properties": {"source": "deepforest", "kind": "tree", "score": 0.19355572760105133, "crown_m": 2.41}}, {"type": "Feature", "geometry": {"type": "Point", "coordinates": [-119.48231041431427, 49.856856236057794]}, "properties": {"source": "deepforest", "kind": "tree", "score": 0.19345074892044067, "crown_m": 2.31}}, {"type": "Feature", "geometry": {"type": "Point", "coordinates": [-119.47883024811745, 49.856212530134435]}, "properties": {"source": "deepforest", "kind": "tree", "score": 0.1934269517660141, "crown_m": 1.54}}, {"type": "Feature", "geometry": {"type": "Point", "coordinates": [-119.47959870100021, 49.854199650911255]}, "properties": {"source": "deepforest", "kind": "tree", "score": 0.193376362323761, "crown_m": 2.7}}, {"type": "Feature", "geometry": {"type": "Point", "coordinates": [-119.47798199951649, 49.85686963750034]}, "properties": {"source": "deepforest", "kind": "tree", "score": 0.19335037469863892, "crown_m": 2.02}}, {"type": "Feature", "geometry": {"type": "Point", "coordinates": [-119.4826751947403, 49.85170937502514]}, "properties": {"source": "deepforest", "kind": "tree", "score": 0.1933431476354599, "crown_m": 2.02}}, {"type": "Feature", "geometry": {"type": "Point", "coordinates": [-119.47865054011345, 49.85242145138641]}, "properties": {"source": "deepforest", "kind": "tree", "score": 0.19333545863628387, "crown_m": 1.35}}, {"type": "Feature", "geometry": {"type": "Point", "coordinates": [-119.4757604598999, 49.852625085137966]}, "properties": {"source": "deepforest", "kind": "tree", "score": 0.19330835342407227, "crown_m": 1.83}}, {"type": "Feature", "geometry": {"type": "Point", "coordinates": [-119.48255181312561, 49.85640534019573]}, "properties": {"source": "deepforest", "kind": "tree", "score": 0.19329734146595, "crown_m": 1.64}}, {"type": "Feature", "geometry": {"type": "Point", "coordinates": [-119.4756256788969, 49.852844282293816]}, "properties": {"source": "deepforest", "kind": "tree", "score": 0.1932409107685089, "crown_m": 1.54}}, {"type": "Feature", "geometry": {"type": "Point", "coordinates": [-119.48283612728119, 49.851851185847515]}, "properties": {"source": "deepforest", "kind": "tree", "score": 0.19323471188545227, "crown_m": 3.37}}, {"type": "Feature", "geometry": {"type": "Point", "coordinates": [-119.48279857635498, 49.85196835240208]}, "properties": {"source": "deepforest", "kind": "tree", "score": 0.19316934049129486, "crown_m": 2.12}}, {"type": "Feature", "geometry": {"type": "Point", "coordinates": [-119.48169954121113, 49.85382827936755]}, "properties": {"source": "deepforest", "kind": "tree", "score": 0.19314581155776978, "crown_m": 2.41}}, {"type": "Feature", "geometry": {"type": "Point", "coordinates": [-119.47735838592052, 49.8562730535549]}, "properties": {"source": "deepforest", "kind": "tree", "score": 0.19314336776733398, "crown_m": 2.6}}, {"type": "Feature", "geometry": {"type": "Point", "coordinates": [-119.48187053203583, 49.8556639251012]}, "properties": {"source": "deepforest", "kind": "tree", "score": 0.19311556220054626, "crown_m": 2.12}}, {"type": "Feature", "geometry": {"type": "Point", "coordinates": [-119.47574034333229, 49.85318972115855]}, "properties": {"source": "deepforest", "kind": "tree", "score": 0.19311481714248657, "crown_m": 1.73}}, {"type": "Feature", "geometry": {"type": "Point", "coordinates": [-119.4760762900114, 49.856940967696495]}, "properties": {"source": "deepforest", "kind": "tree", "score": 0.19309598207473755, "crown_m": 1.73}}, {"type": "Feature", "geometry": {"type": "Point", "coordinates": [-119.47465069591999, 49.85630201830788]}, "properties": {"source": "deepforest", "kind": "tree", "score": 0.19307322800159454, "crown_m": 1.44}}, {"type": "Feature", "geometry": {"type": "Point", "coordinates": [-119.47728864848614, 49.853708090992434]}, "properties": {"source": "deepforest", "kind": "tree", "score": 0.19292457401752472, "crown_m": 1.93}}, {"type": "Feature", "geometry": {"type": "Point", "coordinates": [-119.47486124932766, 49.854433107696664]}, "properties": {"source": "deepforest", "kind": "tree", "score": 0.19269853830337524, "crown_m": 5.1}}, {"type": "Feature", "geometry": {"type": "Point", "coordinates": [-119.47603337466717, 49.85529256481014]}, "properties": {"source": "deepforest", "kind": "tree", "score": 0.19265525043010712, "crown_m": 2.02}}, {"type": "Feature", "geometry": {"type": "Point", "coordinates": [-119.47587311267853, 49.85350057079223]}, "properties": {"source": "deepforest", "kind": "tree", "score": 0.19264502823352814, "crown_m": 1.73}}, {"type": "Feature", "geometry": {"type": "Point", "coordinates": [-119.48277242481709, 49.85506084145964]}, "properties": {"source": "deepforest", "kind": "tree", "score": 0.19263537228107452, "crown_m": 1.83}}, {"type": "Feature", "geometry": {"type": "Point", "coordinates": [-119.48124557733536, 49.85450962939758]}, "properties": {"source": "deepforest", "kind": "tree", "score": 0.19260188937187195, "crown_m": 3.08}}, {"type": "Feature", "geometry": {"type": "Point", "coordinates": [-119.47842188179493, 49.853504029469526]}, "properties": {"source": "deepforest", "kind": "tree", "score": 0.1923082172870636, "crown_m": 2.79}}, {"type": "Feature", "geometry": {"type": "Point", "coordinates": [-119.48266379535198, 49.855614641129016]}, "properties": {"source": "deepforest", "kind": "tree", "score": 0.19225406646728516, "crown_m": 2.5}}, {"type": "Feature", "geometry": {"type": "Point", "coordinates": [-119.47765879333019, 49.85641485098602]}, "properties": {"source": "deepforest", "kind": "tree", "score": 0.1922394037246704, "crown_m": 3.75}}, {"type": "Feature", "geometry": {"type": "Point", "coordinates": [-119.4785077124834, 49.8572353657556]}, "properties": {"source": "deepforest", "kind": "tree", "score": 0.19223661720752716, "crown_m": 1.44}}, {"type": "Feature", "geometry": {"type": "Point", "coordinates": [-119.4761299341917, 49.854618575338975]}, "properties": {"source": "deepforest", "kind": "tree", "score": 0.19212332367897034, "crown_m": 2.41}}, {"type": "Feature", "geometry": {"type": "Point", "coordinates": [-119.47800882160664, 49.85596654488109]}, "properties": {"source": "deepforest", "kind": "tree", "score": 0.19200971722602844, "crown_m": 2.89}}, {"type": "Feature", "geometry": {"type": "Point", "coordinates": [-119.48047176003456, 49.85461511674143]}, "properties": {"source": "deepforest", "kind": "tree", "score": 0.19198600947856903, "crown_m": 1.73}}, {"type": "Feature", "geometry": {"type": "Point", "coordinates": [-119.47745762765408, 49.856918487888464]}, "properties": {"source": "deepforest", "kind": "tree", "score": 0.19195681810379028, "crown_m": 2.31}}, {"type": "Feature", "geometry": {"type": "Point", "coordinates": [-119.48046505451202, 49.8538680538719]}, "properties": {"source": "deepforest", "kind": "tree", "score": 0.1918485313653946, "crown_m": 1.93}}, {"type": "Feature", "geometry": {"type": "Point", "coordinates": [-119.474967867136, 49.853777696526684]}, "properties": {"source": "deepforest", "kind": "tree", "score": 0.19179467856884003, "crown_m": 2.21}}, {"type": "Feature", "geometry": {"type": "Point", "coordinates": [-119.47872631251812, 49.856278241273124]}, "properties": {"source": "deepforest", "kind": "tree", "score": 0.19169498980045319, "crown_m": 1.44}}, {"type": "Feature", "geometry": {"type": "Point", "coordinates": [-119.47588115930557, 49.85443483700198]}, "properties": {"source": "deepforest", "kind": "tree", "score": 0.1916716992855072, "crown_m": 3.47}}, {"type": "Feature", "geometry": {"type": "Point", "coordinates": [-119.47710156440735, 49.85692886318578]}, "properties": {"source": "deepforest", "kind": "tree", "score": 0.191615492105484, "crown_m": 2.12}}, {"type": "Feature", "geometry": {"type": "Point", "coordinates": [-119.47646051645279, 49.85354250723786]}, "properties": {"source": "deepforest", "kind": "tree", "score": 0.1915866583585739, "crown_m": 1.44}}, {"type": "Feature", "geometry": {"type": "Point", "coordinates": [-119.4816955178976, 49.85224159580947]}, "properties": {"source": "deepforest", "kind": "tree", "score": 0.19158382713794708, "crown_m": 6.06}}, {"type": "Feature", "geometry": {"type": "Point", "coordinates": [-119.48031283915043, 49.85175736592929]}, "properties": {"source": "deepforest", "kind": "tree", "score": 0.1915777623653412, "crown_m": 4.24}}, {"type": "Feature", "geometry": {"type": "Point", "coordinates": [-119.4752635806799, 49.856268298146034]}, "properties": {"source": "deepforest", "kind": "tree", "score": 0.19151140749454498, "crown_m": 1.54}}, {"type": "Feature", "geometry": {"type": "Point", "coordinates": [-119.48030680418015, 49.855636256912476]}, "properties": {"source": "deepforest", "kind": "tree", "score": 0.19148428738117218, "crown_m": 4.62}}, {"type": "Feature", "geometry": {"type": "Point", "coordinates": [-119.48074199259281, 49.852437448124064]}, "properties": {"source": "deepforest", "kind": "tree", "score": 0.1914834976196289, "crown_m": 10.49}}, {"type": "Feature", "geometry": {"type": "Point", "coordinates": [-119.47698421776295, 49.8541257226941]}, "properties": {"source": "deepforest", "kind": "tree", "score": 0.1914275884628296, "crown_m": 1.83}}, {"type": "Feature", "geometry": {"type": "Point", "coordinates": [-119.47748109698296, 49.85372235797346]}, "properties": {"source": "deepforest", "kind": "tree", "score": 0.1913343220949173, "crown_m": 2.21}}, {"type": "Feature", "geometry": {"type": "Point", "coordinates": [-119.47571888566017, 49.85267221044866]}, "properties": {"source": "deepforest", "kind": "tree", "score": 0.19133391976356506, "crown_m": 2.12}}, {"type": "Feature", "geometry": {"type": "Point", "coordinates": [-119.47669990360737, 49.85630634140385]}, "properties": {"source": "deepforest", "kind": "tree", "score": 0.19131118059158325, "crown_m": 2.21}}, {"type": "Feature", "geometry": {"type": "Point", "coordinates": [-119.48140852153301, 49.85359265799105]}, "properties": {"source": "deepforest", "kind": "tree", "score": 0.19117707014083862, "crown_m": 7.41}}, {"type": "Feature", "geometry": {"type": "Point", "coordinates": [-119.48012240231037, 49.85203061052953]}, "properties": {"source": "deepforest", "kind": "tree", "score": 0.19111314415931702, "crown_m": 1.83}}, {"type": "Feature", "geometry": {"type": "Point", "coordinates": [-119.48109336197376, 49.85447201705126]}, "properties": {"source": "deepforest", "kind": "tree", "score": 0.19108937680721283, "crown_m": 2.41}}, {"type": "Feature", "geometry": {"type": "Point", "coordinates": [-119.47963424026966, 49.85159653136004]}, "properties": {"source": "deepforest", "kind": "tree", "score": 0.1910858005285263, "crown_m": 1.44}}, {"type": "Feature", "geometry": {"type": "Point", "coordinates": [-119.47615943849087, 49.853693824007195]}, "properties": {"source": "deepforest", "kind": "tree", "score": 0.1910267323255539, "crown_m": 2.6}}, {"type": "Feature", "geometry": {"type": "Point", "coordinates": [-119.47800278663635, 49.85565571110932]}, "properties": {"source": "deepforest", "kind": "tree", "score": 0.19091762602329254, "crown_m": 1.54}}, {"type": "Feature", "geometry": {"type": "Point", "coordinates": [-119.47652354836464, 49.85305483168292]}, "properties": {"source": "deepforest", "kind": "tree", "score": 0.19089649617671967, "crown_m": 1.54}}, {"type": "Feature", "geometry": {"type": "Point", "coordinates": [-119.47706334292889, 49.85437820222079]}, "properties": {"source": "deepforest", "kind": "tree", "score": 0.1908532828092575, "crown_m": 3.27}}, {"type": "Feature", "geometry": {"type": "Point", "coordinates": [-119.48076076805592, 49.85445904726988]}, "properties": {"source": "deepforest", "kind": "tree", "score": 0.190794438123703, "crown_m": 1.64}}, {"type": "Feature", "geometry": {"type": "Point", "coordinates": [-119.4780296087265, 49.853449555273215]}, "properties": {"source": "deepforest", "kind": "tree", "score": 0.19073554873466492, "crown_m": 1.93}}, {"type": "Feature", "geometry": {"type": "Point", "coordinates": [-119.47495110332966, 49.85399645612449]}, "properties": {"source": "deepforest", "kind": "tree", "score": 0.1907278448343277, "crown_m": 2.6}}, {"type": "Feature", "geometry": {"type": "Point", "coordinates": [-119.48135554790497, 49.85429951867417]}, "properties": {"source": "deepforest", "kind": "tree", "score": 0.19062574207782745, "crown_m": 3.47}}, {"type": "Feature", "geometry": {"type": "Point", "coordinates": [-119.48135890066624, 49.85536087110813]}, "properties": {"source": "deepforest", "kind": "tree", "score": 0.19054940342903137, "crown_m": 3.75}}, {"type": "Feature", "geometry": {"type": "Point", "coordinates": [-119.47660937905312, 49.8531421640146]}, "properties": {"source": "deepforest", "kind": "tree", "score": 0.19051316380500793, "crown_m": 2.02}}, {"type": "Feature", "geometry": {"type": "Point", "coordinates": [-119.48191344738007, 49.8556833792869]}, "properties": {"source": "deepforest", "kind": "tree", "score": 0.19035865366458893, "crown_m": 2.12}}, {"type": "Feature", "geometry": {"type": "Point", "coordinates": [-119.48230974376202, 49.85421045912067]}, "properties": {"source": "deepforest", "kind": "tree", "score": 0.1903529167175293, "crown_m": 2.7}}, {"type": "Feature", "geometry": {"type": "Point", "coordinates": [-119.47603337466717, 49.85527527206114]}, "properties": {"source": "deepforest", "kind": "tree", "score": 0.19011540710926056, "crown_m": 2.02}}, {"type": "Feature", "geometry": {"type": "Point", "coordinates": [-119.475641772151, 49.85308941876385]}, "properties": {"source": "deepforest", "kind": "tree", "score": 0.1898227483034134, "crown_m": 1.64}}, {"type": "Feature", "geometry": {"type": "Point", "coordinates": [-119.47972007095814, 49.85619523771466]}, "properties": {"source": "deepforest", "kind": "tree", "score": 0.18981657922267914, "crown_m": 2.41}}, {"type": "Feature", "geometry": {"type": "Point", "coordinates": [-119.47573699057102, 49.85547932610485]}, "properties": {"source": "deepforest", "kind": "tree", "score": 0.1898152381181717, "crown_m": 2.6}}, {"type": "Feature", "geometry": {"type": "Point", "coordinates": [-119.47478882968426, 49.856319310689436]}, "properties": {"source": "deepforest", "kind": "tree", "score": 0.18981334567070007, "crown_m": 2.31}}, {"type": "Feature", "geometry": {"type": "Point", "coordinates": [-119.47496250271797, 49.85387583583632]}, "properties": {"source": "deepforest", "kind": "tree", "score": 0.189780592918396, "crown_m": 2.89}}, {"type": "Feature", "geometry": {"type": "Point", "coordinates": [-119.475551918149, 49.85545165781044]}, "properties": {"source": "deepforest", "kind": "tree", "score": 0.18968792259693146, "crown_m": 2.6}}, {"type": "Feature", "geometry": {"type": "Point", "coordinates": [-119.48170222342014, 49.851851185847515]}, "properties": {"source": "deepforest", "kind": "tree", "score": 0.18957379460334778, "crown_m": 2.02}}, {"type": "Feature", "geometry": {"type": "Point", "coordinates": [-119.47717733681202, 49.85312011477743]}, "properties": {"source": "deepforest", "kind": "tree", "score": 0.18955332040786743, "crown_m": 1.54}}, {"type": "Feature", "geometry": {"type": "Point", "coordinates": [-119.48210053145885, 49.85182654192349]}, "properties": {"source": "deepforest", "kind": "tree", "score": 0.18952779471874237, "crown_m": 2.41}}, {"type": "Feature", "geometry": {"type": "Point", "coordinates": [-119.4791628420353, 49.856376375504674]}, "properties": {"source": "deepforest", "kind": "tree", "score": 0.1894727647304535, "crown_m": 3.66}}, {"type": "Feature", "geometry": {"type": "Point", "coordinates": [-119.47886310517788, 49.85622506713491]}, "properties": {"source": "deepforest", "kind": "tree", "score": 0.1894349753856659, "crown_m": 1.83}}, {"type": "Feature", "geometry": {"type": "Point", "coordinates": [-119.47796456515789, 49.85220657577552]}, "properties": {"source": "deepforest", "kind": "tree", "score": 0.18929988145828247, "crown_m": 2.21}}, {"type": "Feature", "geometry": {"type": "Point", "coordinates": [-119.47511203587055, 49.853652752359515]}, "properties": {"source": "deepforest", "kind": "tree", "score": 0.18924474716186523, "crown_m": 2.5}}, {"type": "Feature", "geometry": {"type": "Point", "coordinates": [-119.475914016366, 49.85704774664182]}, "properties": {"source": "deepforest", "kind": "tree", "score": 0.18922393023967743, "crown_m": 3.56}}, {"type": "Feature", "geometry": {"type": "Point", "coordinates": [-119.47655908763409, 49.85622290558333]}, "properties": {"source": "deepforest", "kind": "tree", "score": 0.18920506536960602, "crown_m": 1.83}}, {"type": "Feature", "geometry": {"type": "Point", "coordinates": [-119.48225744068623, 49.854397656924114]}, "properties": {"source": "deepforest", "kind": "tree", "score": 0.18910746276378632, "crown_m": 1.44}}, {"type": "Feature", "geometry": {"type": "Point", "coordinates": [-119.47621241211891, 49.85401331700101]}, "properties": {"source": "deepforest", "kind": "tree", "score": 0.18909965455532074, "crown_m": 2.12}}, {"type": "Feature", "geometry": {"type": "Point", "coordinates": [-119.47903878986835, 49.85663532787256]}, "properties": {"source": "deepforest", "kind": "tree", "score": 0.18900208175182343, "crown_m": 2.02}}, {"type": "Feature", "geometry": {"type": "Point", "coordinates": [-119.47778284549713, 49.85416549695364]}, "properties": {"source": "deepforest", "kind": "tree", "score": 0.1888289600610733, "crown_m": 2.5}}, {"type": "Feature", "geometry": {"type": "Point", "coordinates": [-119.47678573429585, 49.856236739511715]}, "properties": {"source": "deepforest", "kind": "tree", "score": 0.18870048224925995, "crown_m": 1.44}}, {"type": "Feature", "geometry": {"type": "Point", "coordinates": [-119.48182761669159, 49.853549856920466]}, "properties": {"source": "deepforest", "kind": "tree", "score": 0.18862920999526978, "crown_m": 2.5}}, {"type": "Feature", "geometry": {"type": "Point", "coordinates": [-119.4751113653183, 49.85339378400861]}, "properties": {"source": "deepforest", "kind": "tree", "score": 0.18858027458190918, "crown_m": 1.64}}, {"type": "Feature", "geometry": {"type": "Point", "coordinates": [-119.47644911706448, 49.85510147959025]}, "properties": {"source": "deepforest", "kind": "tree", "score": 0.18853460252285004, "crown_m": 2.41}}, {"type": "Feature", "geometry": {"type": "Point", "coordinates": [-119.47752602398396, 49.85683764695393]}, "properties": {"source": "deepforest", "kind": "tree", "score": 0.18825805187225342, "crown_m": 2.6}}, {"type": "Feature", "geometry": {"type": "Point", "coordinates": [-119.47989642620087, 49.854155553391834]}, "properties": {"source": "deepforest", "kind": "tree", "score": 0.18819551169872284, "crown_m": 2.21}}, {"type": "Feature", "geometry": {"type": "Point", "coordinates": [-119.47848692536354, 49.853812283090264]}, "properties": {"source": "deepforest", "kind": "tree", "score": 0.18810679018497467, "crown_m": 1.44}}, {"type": "Feature", "geometry": {"type": "Point", "coordinates": [-119.47800278663635, 49.85220268465907]}, "properties": {"source": "deepforest", "kind": "tree", "score": 0.1879669427871704, "crown_m": 2.31}}, {"type": "Feature", "geometry": {"type": "Point", "coordinates": [-119.47470434010029, 49.85630590909428]}, "properties": {"source": "deepforest", "kind": "tree", "score": 0.18795514106750488, "crown_m": 1.64}}, {"type": "Feature", "geometry": {"type": "Point", "coordinates": [-119.47751931846142, 49.85350057079223]}, "properties": {"source": "deepforest", "kind": "tree", "score": 0.18794585764408112, "crown_m": 1.54}}, {"type": "Feature", "geometry": {"type": "Point", "coordinates": [-119.47503760457039, 49.8566167386837]}, "properties": {"source": "deepforest", "kind": "tree", "score": 0.18794317543506622, "crown_m": 1.92}}, {"type": "Feature", "geometry": {"type": "Point", "coordinates": [-119.47976768016815, 49.852868493358535]}, "properties": {"source": "deepforest", "kind": "tree", "score": 0.18782123923301697, "crown_m": 1.93}}, {"type": "Feature", "geometry": {"type": "Point", "coordinates": [-119.48221050202847, 49.855658737317015]}, "properties": {"source": "deepforest", "kind": "tree", "score": 0.18781347572803497, "crown_m": 2.21}}, {"type": "Feature", "geometry": {"type": "Point", "coordinates": [-119.47607696056366, 49.85355158625739]}, "properties": {"source": "deepforest", "kind": "tree", "score": 0.1876932829618454, "crown_m": 2.89}}, {"type": "Feature", "geometry": {"type": "Point", "coordinates": [-119.48283612728119, 49.85325500407084]}, "properties": {"source": "deepforest", "kind": "tree", "score": 0.18758730590343475, "crown_m": 2.89}}, {"type": "Feature", "geometry": {"type": "Point", "coordinates": [-119.4750563800335, 49.85342793851163]}, "properties": {"source": "deepforest", "kind": "tree", "score": 0.18746623396873474, "crown_m": 1.93}}, {"type": "Feature", "geometry": {"type": "Point", "coordinates": [-119.47966039180756, 49.856170596005796]}, "properties": {"source": "deepforest", "kind": "tree", "score": 0.18740983307361603, "crown_m": 1.92}}, {"type": "Feature", "geometry": {"type": "Point", "coordinates": [-119.47676964104176, 49.85510969367633]}, "properties": {"source": "deepforest", "kind": "tree", "score": 0.18740533292293549, "crown_m": 1.93}}, {"type": "Feature", "geometry": {"type": "Point", "coordinates": [-119.47989709675312, 49.85360476333747]}, "properties": {"source": "deepforest", "kind": "tree", "score": 0.18730394542217255, "crown_m": 2.02}}, {"type": "Feature", "geometry": {"type": "Point", "coordinates": [-119.47795048356056, 49.85692799857775]}, "properties": {"source": "deepforest", "kind": "tree", "score": 0.1872623711824417, "crown_m": 1.73}}, {"type": "Feature", "geometry": {"type": "Point", "coordinates": [-119.48084861040115, 49.85642782024249]}, "properties": {"source": "deepforest", "kind": "tree", "score": 0.18725253641605377, "crown_m": 2.21}}, {"type": "Feature", "geometry": {"type": "Point", "coordinates": [-119.48194697499275, 49.85225888964401]}, "properties": {"source": "deepforest", "kind": "tree", "score": 0.18711331486701965, "crown_m": 1.93}}, {"type": "Feature", "geometry": {"type": "Point", "coordinates": [-119.47501547634602, 49.8539782982509]}, "properties": {"source": "deepforest", "kind": "tree", "score": 0.1870814710855484, "crown_m": 2.79}}, {"type": "Feature", "geometry": {"type": "Point", "coordinates": [-119.47615809738636, 49.85200294026057]}, "properties": {"source": "deepforest", "kind": "tree", "score": 0.18695209920406342, "crown_m": 1.44}}, {"type": "Feature", "geometry": {"type": "Point", "coordinates": [-119.48135487735271, 49.854170684898136]}, "properties": {"source": "deepforest", "kind": "tree", "score": 0.18693771958351135, "crown_m": 3.08}}, {"type": "Feature", "geometry": {"type": "Point", "coordinates": [-119.47796523571014, 49.85576162826587]}, "properties": {"source": "deepforest", "kind": "tree", "score": 0.18693441152572632, "crown_m": 1.73}}, {"type": "Feature", "geometry": {"type": "Point", "coordinates": [-119.47962619364262, 49.851852482895794]}, "properties": {"source": "deepforest", "kind": "tree", "score": 0.18682943284511566, "crown_m": 2.6}}, {"type": "Feature", "geometry": {"type": "Point", "coordinates": [-119.47941362857819, 49.85529515872195]}, "properties": {"source": "deepforest", "kind": "tree", "score": 0.18678045272827148, "crown_m": 2.02}}, {"type": "Feature", "geometry": {"type": "Point", "coordinates": [-119.48109671473503, 49.85646413414207]}, "properties": {"source": "deepforest", "kind": "tree", "score": 0.1867080181837082, "crown_m": 2.5}}, {"type": "Feature", "geometry": {"type": "Point", "coordinates": [-119.48206096887589, 49.85409502731924]}, "properties": {"source": "deepforest", "kind": "tree", "score": 0.1866319328546524, "crown_m": 3.37}}, {"type": "Feature", "geometry": {"type": "Point", "coordinates": [-119.47619028389454, 49.85599378056834]}, "properties": {"source": "deepforest", "kind": "tree", "score": 0.186604842543602, "crown_m": 2.21}}, {"type": "Feature", "geometry": {"type": "Point", "coordinates": [-119.48090493679047, 49.85598037888288]}, "properties": {"source": "deepforest", "kind": "tree", "score": 0.18644635379314423, "crown_m": 2.5}}, {"type": "Feature", "geometry": {"type": "Point", "coordinates": [-119.47622179985046, 49.85280623631046]}, "properties": {"source": "deepforest", "kind": "tree", "score": 0.18643395602703094, "crown_m": 1.54}}, {"type": "Feature", "geometry": {"type": "Point", "coordinates": [-119.47546742856503, 49.855181458790064]}, "properties": {"source": "deepforest", "kind": "tree", "score": 0.1864086091518402, "crown_m": 2.12}}, {"type": "Feature", "geometry": {"type": "Point", "coordinates": [-119.47801016271114, 49.85204790443959]}, "properties": {"source": "deepforest", "kind": "tree", "score": 0.18640512228012085, "crown_m": 3.47}}, {"type": "Feature", "geometry": {"type": "Point", "coordinates": [-119.48184102773666, 49.85183086541984]}, "properties": {"source": "deepforest", "kind": "tree", "score": 0.1863565742969513, "crown_m": 2.5}}, {"type": "Feature", "geometry": {"type": "Point", "coordinates": [-119.47656109929085, 49.854802312977355]}, "properties": {"source": "deepforest", "kind": "tree", "score": 0.18635232746601105, "crown_m": 2.21}}, {"type": "Feature", "geometry": {"type": "Point", "coordinates": [-119.47800077497959, 49.85455891449673]}, "properties": {"source": "deepforest", "kind": "tree", "score": 0.18625575304031372, "crown_m": 4.62}}, {"type": "Feature", "geometry": {"type": "Point", "coordinates": [-119.47555661201477, 49.85327359455291]}, "properties": {"source": "deepforest", "kind": "tree", "score": 0.18613138794898987, "crown_m": 6.26}}, {"type": "Feature", "geometry": {"type": "Point", "coordinates": [-119.48106050491333, 49.85225888964401]}, "properties": {"source": "deepforest", "kind": "tree", "score": 0.18599465489387512, "crown_m": 1.93}}, {"type": "Feature", "geometry": {"type": "Point", "coordinates": [-119.476677775383, 49.854439160265]}, "properties": {"source": "deepforest", "kind": "tree", "score": 0.18598957359790802, "crown_m": 2.12}}, {"type": "Feature", "geometry": {"type": "Point", "coordinates": [-119.47667375206947, 49.853044455553814]}, "properties": {"source": "deepforest", "kind": "tree", "score": 0.18596188724040985, "crown_m": 2.6}}, {"type": "Feature", "geometry": {"type": "Point", "coordinates": [-119.48110945522785, 49.85596222175473]}, "properties": {"source": "deepforest", "kind": "tree", "score": 0.18573753535747528, "crown_m": 1.54}}, {"type": "Feature", "geometry": {"type": "Point", "coordinates": [-119.48131799697876, 49.85354207490355]}, "properties": {"source": "deepforest", "kind": "tree", "score": 0.18572348356246948, "crown_m": 2.12}}, {"type": "Feature", "geometry": {"type": "Point", "coordinates": [-119.48201201856136, 49.85692497244954]}, "properties": {"source": "deepforest", "kind": "tree", "score": 0.1856924593448639, "crown_m": 3.37}}, {"type": "Feature", "geometry": {"type": "Point", "coordinates": [-119.47992257773876, 49.856828136246854]}, "properties": {"source": "deepforest", "kind": "tree", "score": 0.18565285205841064, "crown_m": 1.44}}, {"type": "Feature", "geometry": {"type": "Point", "coordinates": [-119.48260612785816, 49.85432027039121]}, "properties": {"source": "deepforest", "kind": "tree", "score": 0.1856410652399063, "crown_m": 1.54}}, {"type": "Feature", "geometry": {"type": "Point", "coordinates": [-119.48220983147621, 49.85443829561243]}, "properties": {"source": "deepforest", "kind": "tree", "score": 0.1855519413948059, "crown_m": 1.93}}, {"type": "Feature", "geometry": {"type": "Point", "coordinates": [-119.47993464767933, 49.85614725121738]}, "properties": {"source": "deepforest", "kind": "tree", "score": 0.18552254140377045, "crown_m": 1.73}}, {"type": "Feature", "geometry": {"type": "Point", "coordinates": [-119.478974416852, 49.85627478279437]}, "properties": {"source": "deepforest", "kind": "tree", "score": 0.1854511946439743, "crown_m": 2.6}}, {"type": "Feature", "geometry": {"type": "Point", "coordinates": [-119.48282539844513, 49.85475000186202]}, "properties": {"source": "deepforest", "kind": "tree", "score": 0.18541917204856873, "crown_m": 1.73}}, {"type": "Feature", "geometry": {"type": "Point", "coordinates": [-119.48169015347958, 49.855434365118384]}, "properties": {"source": "deepforest", "kind": "tree", "score": 0.18541482090950012, "crown_m": 2.02}}, {"type": "Feature", "geometry": {"type": "Point", "coordinates": [-119.47786465287209, 49.85689903419999]}, "properties": {"source": "deepforest", "kind": "tree", "score": 0.18535223603248596, "crown_m": 2.41}}, {"type": "Feature", "geometry": {"type": "Point", "coordinates": [-119.47728529572487, 49.85646888953167]}, "properties": {"source": "deepforest", "kind": "tree", "score": 0.18534933030605316, "crown_m": 2.31}}, {"type": "Feature", "geometry": {"type": "Point", "coordinates": [-119.47722427546978, 49.854829549320755]}, "properties": {"source": "deepforest", "kind": "tree", "score": 0.18515413999557495, "crown_m": 2.5}}, {"type": "Feature", "geometry": {"type": "Point", "coordinates": [-119.4760762900114, 49.8531300585523]}, "properties": {"source": "deepforest", "kind": "tree", "score": 0.18512603640556335, "crown_m": 1.83}}, {"type": "Feature", "geometry": {"type": "Point", "coordinates": [-119.47601862251759, 49.85215210011673]}, "properties": {"source": "deepforest", "kind": "tree", "score": 0.18500842154026031, "crown_m": 2.41}}, {"type": "Feature", "geometry": {"type": "Point", "coordinates": [-119.47667375206947, 49.8562047485463]}, "properties": {"source": "deepforest", "kind": "tree", "score": 0.1849587857723236, "crown_m": 2.21}}, {"type": "Feature", "geometry": {"type": "Point", "coordinates": [-119.48161840438843, 49.85333152763722]}, "properties": {"source": "deepforest", "kind": "tree", "score": 0.1849520355463028, "crown_m": 1.64}}, {"type": "Feature", "geometry": {"type": "Point", "coordinates": [-119.47479017078876, 49.85492638952858]}, "properties": {"source": "deepforest", "kind": "tree", "score": 0.1849392056465149, "crown_m": 2.5}}, {"type": "Feature", "geometry": {"type": "Point", "coordinates": [-119.48163986206055, 49.85171845438904]}, "properties": {"source": "deepforest", "kind": "tree", "score": 0.18480849266052246, "crown_m": 1.93}}, {"type": "Feature", "geometry": {"type": "Point", "coordinates": [-119.47680652141571, 49.851829136021344]}, "properties": {"source": "deepforest", "kind": "tree", "score": 0.18477210402488708, "crown_m": 1.93}}, {"type": "Feature", "geometry": {"type": "Point", "coordinates": [-119.48004998266697, 49.8566171709905]}, "properties": {"source": "deepforest", "kind": "tree", "score": 0.18473748862743378, "crown_m": 1.83}}, {"type": "Feature", "geometry": {"type": "Point", "coordinates": [-119.47951085865498, 49.853916474963455]}, "properties": {"source": "deepforest", "kind": "tree", "score": 0.18472743034362793, "crown_m": 2.21}}, {"type": "Feature", "geometry": {"type": "Point", "coordinates": [-119.47814896702766, 49.85194803202367]}, "properties": {"source": "deepforest", "kind": "tree", "score": 0.1847032755613327, "crown_m": 2.31}}, {"type": "Feature", "geometry": {"type": "Point", "coordinates": [-119.47559483349323, 49.85378158751633]}, "properties": {"source": "deepforest", "kind": "tree", "score": 0.18463918566703796, "crown_m": 1.93}}, {"type": "Feature", "geometry": {"type": "Point", "coordinates": [-119.48058374226093, 49.856278241273124]}, "properties": {"source": "deepforest", "kind": "tree", "score": 0.18445762991905212, "crown_m": 1.64}}, {"type": "Feature", "geometry": {"type": "Point", "coordinates": [-119.47971470654011, 49.85578367629783]}, "properties": {"source": "deepforest", "kind": "tree", "score": 0.18425430357456207, "crown_m": 2.41}}, {"type": "Feature", "geometry": {"type": "Point", "coordinates": [-119.47856202721596, 49.856246682645306]}, "properties": {"source": "deepforest", "kind": "tree", "score": 0.18417634069919586, "crown_m": 2.89}}, {"type": "Feature", "geometry": {"type": "Point", "coordinates": [-119.48039531707764, 49.85592850135577]}, "properties": {"source": "deepforest", "kind": "tree", "score": 0.18416014313697815, "crown_m": 1.54}}, {"type": "Feature", "geometry": {"type": "Point", "coordinates": [-119.47951085865498, 49.85524544205461]}, "properties": {"source": "deepforest", "kind": "tree", "score": 0.18414591252803802, "crown_m": 7.99}}, {"type": "Feature", "geometry": {"type": "Point", "coordinates": [-119.47832867503166, 49.85159134313921]}, "properties": {"source": "deepforest", "kind": "tree", "score": 0.18408440053462982, "crown_m": 2.5}}, {"type": "Feature", "geometry": {"type": "Point", "coordinates": [-119.476453140378, 49.85154940500045]}, "properties": {"source": "deepforest", "kind": "tree", "score": 0.18406975269317627, "crown_m": 1.64}}, {"type": "Feature", "geometry": {"type": "Point", "coordinates": [-119.47677500545979, 49.85506040913891]}, "properties": {"source": "deepforest", "kind": "tree", "score": 0.18397273123264313, "crown_m": 1.83}}, {"type": "Feature", "geometry": {"type": "Point", "coordinates": [-119.48183834552765, 49.851532110912025]}, "properties": {"source": "deepforest", "kind": "tree", "score": 0.18390104174613953, "crown_m": 2.41}}, {"type": "Feature", "geometry": {"type": "Point", "coordinates": [-119.47596296668053, 49.855976488070276]}, "properties": {"source": "deepforest", "kind": "tree", "score": 0.18386973440647125, "crown_m": 2.79}}, {"type": "Feature", "geometry": {"type": "Point", "coordinates": [-119.48081038892269, 49.8569781458176]}, "properties": {"source": "deepforest", "kind": "tree", "score": 0.1838596761226654, "crown_m": 2.6}}, {"type": "Feature", "geometry": {"type": "Point", "coordinates": [-119.4797046482563, 49.85416549695364]}, "properties": {"source": "deepforest", "kind": "tree", "score": 0.18382811546325684, "crown_m": 2.31}}, {"type": "Feature", "geometry": {"type": "Point", "coordinates": [-119.47596497833729, 49.85441754394607]}, "properties": {"source": "deepforest", "kind": "tree", "score": 0.1837579607963562, "crown_m": 2.21}}, {"type": "Feature", "geometry": {"type": "Point", "coordinates": [-119.47652287781239, 49.85599464519308]}, "properties": {"source": "deepforest", "kind": "tree", "score": 0.18371795117855072, "crown_m": 1.64}}, {"type": "Feature", "geometry": {"type": "Point", "coordinates": [-119.47722025215626, 49.8566171709905]}, "properties": {"source": "deepforest", "kind": "tree", "score": 0.183664932847023, "crown_m": 2.02}}, {"type": "Feature", "geometry": {"type": "Point", "coordinates": [-119.47782710194588, 49.85687958050369]}, "properties": {"source": "deepforest", "kind": "tree", "score": 0.1836140751838684, "crown_m": 2.31}}, {"type": "Feature", "geometry": {"type": "Point", "coordinates": [-119.47797127068043, 49.85693318622566]}, "properties": {"source": "deepforest", "kind": "tree", "score": 0.18358168005943298, "crown_m": 1.92}}, {"type": "Feature", "geometry": {"type": "Point", "coordinates": [-119.48224872350693, 49.85641182482567]}, "properties": {"source": "deepforest", "kind": "tree", "score": 0.18354570865631104, "crown_m": 2.5}}, {"type": "Feature", "geometry": {"type": "Point", "coordinates": [-119.48257930576801, 49.85434102209935]}, "properties": {"source": "deepforest", "kind": "tree", "score": 0.18344254791736603, "crown_m": 2.5}}, {"type": "Feature", "geometry": {"type": "Point", "coordinates": [-119.48283679783344, 49.85284644399651]}, "properties": {"source": "deepforest", "kind": "tree", "score": 0.18336708843708038, "crown_m": 2.02}}, {"type": "Feature", "geometry": {"type": "Point", "coordinates": [-119.48086135089397, 49.85643084640183]}, "properties": {"source": "deepforest", "kind": "tree", "score": 0.183364138007164, "crown_m": 2.89}}, {"type": "Feature", "geometry": {"type": "Point", "coordinates": [-119.48240965604782, 49.856735190601924]}, "properties": {"source": "deepforest", "kind": "tree", "score": 0.18336012959480286, "crown_m": 2.5}}, {"type": "Feature", "geometry": {"type": "Point", "coordinates": [-119.48235400021076, 49.85479409883902]}, "properties": {"source": "deepforest", "kind": "tree", "score": 0.18335644900798798, "crown_m": 2.89}}, {"type": "Feature", "geometry": {"type": "Point", "coordinates": [-119.48252096772194, 49.855332338109314]}, "properties": {"source": "deepforest", "kind": "tree", "score": 0.18332572281360626, "crown_m": 1.93}}, {"type": "Feature", "geometry": {"type": "Point", "coordinates": [-119.47506308555603, 49.857225855126806]}, "properties": {"source": "deepforest", "kind": "tree", "score": 0.18324893712997437, "crown_m": 1.35}}, {"type": "Feature", "geometry": {"type": "Point", "coordinates": [-119.48069103062153, 49.85525970858178]}, "properties": {"source": "deepforest", "kind": "tree", "score": 0.1831527054309845, "crown_m": 3.95}}, {"type": "Feature", "geometry": {"type": "Point", "coordinates": [-119.47805508971214, 49.85381617407711]}, "properties": {"source": "deepforest", "kind": "tree", "score": 0.1830863356590271, "crown_m": 2.5}}, {"type": "Feature", "geometry": {"type": "Point", "coordinates": [-119.47998695075512, 49.854762971565314]}, "properties": {"source": "deepforest", "kind": "tree", "score": 0.1830463856458664, "crown_m": 2.5}}, {"type": "Feature", "geometry": {"type": "Point", "coordinates": [-119.4751113653183, 49.8535182965108]}, "properties": {"source": "deepforest", "kind": "tree", "score": 0.18292774260044098, "crown_m": 2.02}}, {"type": "Feature", "geometry": {"type": "Point", "coordinates": [-119.48196776211262, 49.85381660640897]}, "properties": {"source": "deepforest", "kind": "tree", "score": 0.18277668952941895, "crown_m": 2.41}}, {"type": "Feature", "geometry": {"type": "Point", "coordinates": [-119.48235332965851, 49.85464105621694]}, "properties": {"source": "deepforest", "kind": "tree", "score": 0.18261370062828064, "crown_m": 2.5}}, {"type": "Feature", "geometry": {"type": "Point", "coordinates": [-119.47836823761463, 49.85522036754211]}, "properties": {"source": "deepforest", "kind": "tree", "score": 0.18256467580795288, "crown_m": 1.73}}, {"type": "Feature", "geometry": {"type": "Point", "coordinates": [-119.47501547634602, 49.85655880953768]}, "properties": {"source": "deepforest", "kind": "tree", "score": 0.18253974616527557, "crown_m": 2.5}}, {"type": "Feature", "geometry": {"type": "Point", "coordinates": [-119.4765604287386, 49.854005535058725]}, "properties": {"source": "deepforest", "kind": "tree", "score": 0.18253834545612335, "crown_m": 2.7}}, {"type": "Feature", "geometry": {"type": "Point", "coordinates": [-119.47484984993935, 49.85457274890149]}, "properties": {"source": "deepforest", "kind": "tree", "score": 0.18253298103809357, "crown_m": 3.85}}, {"type": "Feature", "geometry": {"type": "Point", "coordinates": [-119.48042280972004, 49.85587705608639]}, "properties": {"source": "deepforest", "kind": "tree", "score": 0.18244433403015137, "crown_m": 1.64}}, {"type": "Feature", "geometry": {"type": "Point", "coordinates": [-119.47519719600677, 49.854397224597456]}, "properties": {"source": "deepforest", "kind": "tree", "score": 0.18238940834999084, "crown_m": 2.12}}, {"type": "Feature", "geometry": {"type": "Point", "coordinates": [-119.48106117546558, 49.85223165185178]}, "properties": {"source": "deepforest", "kind": "tree", "score": 0.1823754608631134, "crown_m": 2.21}}, {"type": "Feature", "geometry": {"type": "Point", "coordinates": [-119.47426311671734, 49.85634784310548]}, "properties": {"source": "deepforest", "kind": "tree", "score": 0.18230977654457092, "crown_m": 3.66}}, {"type": "Feature", "geometry": {"type": "Point", "coordinates": [-119.47477407753468, 49.85625100574622]}, "properties": {"source": "deepforest", "kind": "tree", "score": 0.18229833245277405, "crown_m": 1.54}}, {"type": "Feature", "geometry": {"type": "Point", "coordinates": [-119.47931841015816, 49.852259321989806]}, "properties": {"source": "deepforest", "kind": "tree", "score": 0.18220101296901703, "crown_m": 1.73}}, {"type": "Feature", "geometry": {"type": "Point", "coordinates": [-119.47985149919987, 49.85496573080757]}, "properties": {"source": "deepforest", "kind": "tree", "score": 0.182060107588768, "crown_m": 3.18}}, {"type": "Feature", "geometry": {"type": "Point", "coordinates": [-119.47624996304512, 49.85193679095961]}, "properties": {"source": "deepforest", "kind": "tree", "score": 0.18202537298202515, "crown_m": 2.6}}, {"type": "Feature", "geometry": {"type": "Point", "coordinates": [-119.47974756360054, 49.85620518085678]}, "properties": {"source": "deepforest", "kind": "tree", "score": 0.18190699815750122, "crown_m": 1.92}}, {"type": "Feature", "geometry": {"type": "Point", "coordinates": [-119.47941429913044, 49.855529042531565]}, "properties": {"source": "deepforest", "kind": "tree", "score": 0.18190692365169525, "crown_m": 2.31}}, {"type": "Feature", "geometry": {"type": "Point", "coordinates": [-119.47487533092499, 49.85376688822049]}, "properties": {"source": "deepforest", "kind": "tree", "score": 0.1818123310804367, "crown_m": 2.5}}, {"type": "Feature", "geometry": {"type": "Point", "coordinates": [-119.48230974376202, 49.85455934682194]}, "properties": {"source": "deepforest", "kind": "tree", "score": 0.1818002313375473, "crown_m": 2.6}}, {"type": "Feature", "geometry": {"type": "Point", "coordinates": [-119.47511203587055, 49.85542701572239]}, "properties": {"source": "deepforest", "kind": "tree", "score": 0.18166260421276093, "crown_m": 2.31}}, {"type": "Feature", "geometry": {"type": "Point", "coordinates": [-119.48163315653801, 49.853806230443425]}, "properties": {"source": "deepforest", "kind": "tree", "score": 0.18160584568977356, "crown_m": 6.74}}, {"type": "Feature", "geometry": {"type": "Point", "coordinates": [-119.47506912052631, 49.85398175689402]}, "properties": {"source": "deepforest", "kind": "tree", "score": 0.1815793514251709, "crown_m": 1.83}}, {"type": "Feature", "geometry": {"type": "Point", "coordinates": [-119.47654902935028, 49.85466267243589]}, "properties": {"source": "deepforest", "kind": "tree", "score": 0.181560680270195, "crown_m": 1.93}}, {"type": "Feature", "geometry": {"type": "Point", "coordinates": [-119.47725377976894, 49.85713766557066]}, "properties": {"source": "deepforest", "kind": "tree", "score": 0.18153277039527893, "crown_m": 2.79}}, {"type": "Feature", "geometry": {"type": "Point", "coordinates": [-119.47614267468452, 49.85420094789652]}, "properties": {"source": "deepforest", "kind": "tree", "score": 0.1814957857131958, "crown_m": 1.93}}, {"type": "Feature", "geometry": {"type": "Point", "coordinates": [-119.47933316230774, 49.8552467390118]}, "properties": {"source": "deepforest", "kind": "tree", "score": 0.1814848780632019, "crown_m": 1.64}}, {"type": "Feature", "geometry": {"type": "Point", "coordinates": [-119.47610981762409, 49.85515811352381]}, "properties": {"source": "deepforest", "kind": "tree", "score": 0.18147549033164978, "crown_m": 1.54}}, {"type": "Feature", "geometry": {"type": "Point", "coordinates": [-119.48283679783344, 49.8550400900606]}, "properties": {"source": "deepforest", "kind": "tree", "score": 0.18144384026527405, "crown_m": 1.83}}, {"type": "Feature", "geometry": {"type": "Point", "coordinates": [-119.47976231575012, 49.853501867796254]}, "properties": {"source": "deepforest", "kind": "tree", "score": 0.1813661903142929, "crown_m": 2.89}}, {"type": "Feature", "geometry": {"type": "Point", "coordinates": [-119.47427049279213, 49.85378764016624]}, "properties": {"source": "deepforest", "kind": "tree", "score": 0.18134276568889618, "crown_m": 1.54}}, {"type": "Feature", "geometry": {"type": "Point", "coordinates": [-119.48230907320976, 49.85333455399046]}, "properties": {"source": "deepforest", "kind": "tree", "score": 0.1812322437763214, "crown_m": 2.31}}, {"type": "Feature", "geometry": {"type": "Point", "coordinates": [-119.47487197816372, 49.854230346219666]}, "properties": {"source": "deepforest", "kind": "tree", "score": 0.18121126294136047, "crown_m": 1.93}}, {"type": "Feature", "geometry": {"type": "Point", "coordinates": [-119.48087342083454, 49.85373532795256]}, "properties": {"source": "deepforest", "kind": "tree", "score": 0.18117551505565643, "crown_m": 2.21}}, {"type": "Feature", "geometry": {"type": "Point", "coordinates": [-119.48274090886116, 49.853809689098846]}, "properties": {"source": "deepforest", "kind": "tree", "score": 0.18117214739322662, "crown_m": 2.6}}, {"type": "Feature", "geometry": {"type": "Point", "coordinates": [-119.4822520762682, 49.852180202646785]}, "properties": {"source": "deepforest", "kind": "tree", "score": 0.18116723001003265, "crown_m": 1.54}}, {"type": "Feature", "geometry": {"type": "Point", "coordinates": [-119.48095925152302, 49.85599464519308]}, "properties": {"source": "deepforest", "kind": "tree", "score": 0.18112564086914062, "crown_m": 2.41}}, {"type": "Feature", "geometry": {"type": "Point", "coordinates": [-119.48187187314034, 49.85681127635244]}, "properties": {"source": "deepforest", "kind": "tree", "score": 0.18110822141170502, "crown_m": 3.08}}, {"type": "Feature", "geometry": {"type": "Point", "coordinates": [-119.47563171386719, 49.85667250622882]}, "properties": {"source": "deepforest", "kind": "tree", "score": 0.18107381463050842, "crown_m": 1.64}}, {"type": "Feature", "geometry": {"type": "Point", "coordinates": [-119.47948202490807, 49.85664181247164]}, "properties": {"source": "deepforest", "kind": "tree", "score": 0.18100890517234802, "crown_m": 2.5}}, {"type": "Feature", "geometry": {"type": "Point", "coordinates": [-119.4825853407383, 49.854749137215016]}, "properties": {"source": "deepforest", "kind": "tree", "score": 0.18095692992210388, "crown_m": 1.73}}, {"type": "Feature", "geometry": {"type": "Point", "coordinates": [-119.47472646832466, 49.85533752592853]}, "properties": {"source": "deepforest", "kind": "tree", "score": 0.18091031908988953, "crown_m": 1.64}}, {"type": "Feature", "geometry": {"type": "Point", "coordinates": [-119.48019817471504, 49.85454897101585]}, "properties": {"source": "deepforest", "kind": "tree", "score": 0.18089501559734344, "crown_m": 1.64}}, {"type": "Feature", "geometry": {"type": "Point", "coordinates": [-119.47634652256966, 49.85178892748893]}, "properties": {"source": "deepforest", "kind": "tree", "score": 0.1808823049068451, "crown_m": 1.64}}, {"type": "Feature", "geometry": {"type": "Point", "coordinates": [-119.48155403137207, 49.85168473102881]}, "properties": {"source": "deepforest", "kind": "tree", "score": 0.18083518743515015, "crown_m": 2.7}}, {"type": "Feature", "geometry": {"type": "Point", "coordinates": [-119.47748176753521, 49.85687568976349]}, "properties": {"source": "deepforest", "kind": "tree", "score": 0.18077649176120758, "crown_m": 2.02}}, {"type": "Feature", "geometry": {"type": "Point", "coordinates": [-119.4824767112732, 49.85536562660629]}, "properties": {"source": "deepforest", "kind": "tree", "score": 0.18068282306194305, "crown_m": 2.5}}, {"type": "Feature", "geometry": {"type": "Point", "coordinates": [-119.48283679783344, 49.85322517281722]}, "properties": {"source": "deepforest", "kind": "tree", "score": 0.18065260350704193, "crown_m": 2.41}}, {"type": "Feature", "geometry": {"type": "Point", "coordinates": [-119.48027662932873, 49.85248111486745]}, "properties": {"source": "deepforest", "kind": "tree", "score": 0.1805998831987381, "crown_m": 1.54}}, {"type": "Feature", "geometry": {"type": "Point", "coordinates": [-119.47951085865498, 49.85404703873639]}, "properties": {"source": "deepforest", "kind": "tree", "score": 0.18053413927555084, "crown_m": 1.64}}, {"type": "Feature", "geometry": {"type": "Point", "coordinates": [-119.47642028331757, 49.853217390748036]}, "properties": {"source": "deepforest", "kind": "tree", "score": 0.18035246431827545, "crown_m": 2.5}}, {"type": "Feature", "geometry": {"type": "Point", "coordinates": [-119.47989776730537, 49.854421434884195]}, "properties": {"source": "deepforest", "kind": "tree", "score": 0.18031644821166992, "crown_m": 2.7}}, {"type": "Feature", "geometry": {"type": "Point", "coordinates": [-119.47549022734165, 49.85617880991015]}, "properties": {"source": "deepforest", "kind": "tree", "score": 0.1802932322025299, "crown_m": 3.18}}, {"type": "Feature", "geometry": {"type": "Point", "coordinates": [-119.47473585605621, 49.85323122553684]}, "properties": {"source": "deepforest", "kind": "tree", "score": 0.1802872121334076, "crown_m": 1.64}}, {"type": "Feature", "geometry": {"type": "Point", "coordinates": [-119.47714447975159, 49.8560322563543]}, "properties": {"source": "deepforest", "kind": "tree", "score": 0.18021036684513092, "crown_m": 1.92}}, {"type": "Feature", "geometry": {"type": "Point", "coordinates": [-119.47539702057838, 49.85303840281081]}, "properties": {"source": "deepforest", "kind": "tree", "score": 0.18018895387649536, "crown_m": 2.79}}, {"type": "Feature", "geometry": {"type": "Point", "coordinates": [-119.47806715965271, 49.85347592770927]}, "properties": {"source": "deepforest", "kind": "tree", "score": 0.1801774650812149, "crown_m": 2.7}}, {"type": "Feature", "geometry": {"type": "Point", "coordinates": [-119.48102496564388, 49.85584506488286]}, "properties": {"source": "deepforest", "kind": "tree", "score": 0.1800658255815506, "crown_m": 2.21}}, {"type": "Feature", "geometry": {"type": "Point", "coordinates": [-119.48104575276375, 49.85167911046648]}, "properties": {"source": "deepforest", "kind": "tree", "score": 0.18006455898284912, "crown_m": 1.64}}, {"type": "Feature", "geometry": {"type": "Point", "coordinates": [-119.48235332965851, 49.85514341464666]}, "properties": {"source": "deepforest", "kind": "tree", "score": 0.17999987304210663, "crown_m": 3.08}}, {"type": "Feature", "geometry": {"type": "Point", "coordinates": [-119.48276236653328, 49.854477637288774]}, "properties": {"source": "deepforest", "kind": "tree", "score": 0.1798993945121765, "crown_m": 2.31}}, {"type": "Feature", "geometry": {"type": "Point", "coordinates": [-119.47834141552448, 49.85412788433948]}, "properties": {"source": "deepforest", "kind": "tree", "score": 0.17987293004989624, "crown_m": 2.98}}, {"type": "Feature", "geometry": {"type": "Point", "coordinates": [-119.48086805641651, 49.85362638001996]}, "properties": {"source": "deepforest", "kind": "tree", "score": 0.17982444167137146, "crown_m": 3.56}}, {"type": "Feature", "geometry": {"type": "Point", "coordinates": [-119.48046304285526, 49.85431681177232]}, "properties": {"source": "deepforest", "kind": "tree", "score": 0.17981019616127014, "crown_m": 6.26}}, {"type": "Feature", "geometry": {"type": "Point", "coordinates": [-119.4773268699646, 49.8529169154516]}, "properties": {"source": "deepforest", "kind": "tree", "score": 0.17980563640594482, "crown_m": 1.35}}, {"type": "Feature", "geometry": {"type": "Point", "coordinates": [-119.4803785532713, 49.85454464776267]}, "properties": {"source": "deepforest", "kind": "tree", "score": 0.17963829636573792, "crown_m": 2.41}}, {"type": "Feature", "geometry": {"type": "Point", "coordinates": [-119.48254510760307, 49.85497783581004]}, "properties": {"source": "deepforest", "kind": "tree", "score": 0.17950884997844696, "crown_m": 10.97}}, {"type": "Feature", "geometry": {"type": "Point", "coordinates": [-119.4804234802723, 49.85531331610075]}, "properties": {"source": "deepforest", "kind": "tree", "score": 0.1794978231191635, "crown_m": 2.6}}, {"type": "Feature", "geometry": {"type": "Point", "coordinates": [-119.47775065898895, 49.85180319503651]}, "properties": {"source": "deepforest", "kind": "tree", "score": 0.17944428324699402, "crown_m": 1.93}}, {"type": "Feature", "geometry": {"type": "Point", "coordinates": [-119.47956584393978, 49.853504029469526]}, "properties": {"source": "deepforest", "kind": "tree", "score": 0.17943841218948364, "crown_m": 2.02}}, {"type": "Feature", "geometry": {"type": "Point", "coordinates": [-119.48135152459145, 49.85225888964401]}, "properties": {"source": "deepforest", "kind": "tree", "score": 0.1793840527534485, "crown_m": 1.54}}, {"type": "Feature", "geometry": {"type": "Point", "coordinates": [-119.48124423623085, 49.85385465159692]}, "properties": {"source": "deepforest", "kind": "tree", "score": 0.17936542630195618, "crown_m": 2.6}}, {"type": "Feature", "geometry": {"type": "Point", "coordinates": [-119.47506375610828, 49.85636081237993]}, "properties": {"source": "deepforest", "kind": "tree", "score": 0.1793123334646225, "crown_m": 1.92}}, {"type": "Feature", "geometry": {"type": "Point", "coordinates": [-119.47603471577168, 49.852141723793814]}, "properties": {"source": "deepforest", "kind": "tree", "score": 0.17918440699577332, "crown_m": 1.83}}, {"type": "Feature", "geometry": {"type": "Point", "coordinates": [-119.4781818240881, 49.85582215225108]}, "properties": {"source": "deepforest", "kind": "tree", "score": 0.17915372550487518, "crown_m": 1.73}}, {"type": "Feature", "geometry": {"type": "Point", "coordinates": [-119.48138371109962, 49.8556833792869]}, "properties": {"source": "deepforest", "kind": "tree", "score": 0.1791134774684906, "crown_m": 1.35}}, {"type": "Feature", "geometry": {"type": "Point", "coordinates": [-119.48041073977947, 49.85595357550083]}, "properties": {"source": "deepforest", "kind": "tree", "score": 0.17910873889923096, "crown_m": 1.73}}, {"type": "Feature", "geometry": {"type": "Point", "coordinates": [-119.48235467076302, 49.85475086650902]}, "properties": {"source": "deepforest", "kind": "tree", "score": 0.17900146543979645, "crown_m": 2.5}}, {"type": "Feature", "geometry": {"type": "Point", "coordinates": [-119.47704255580902, 49.85583209546998]}, "properties": {"source": "deepforest", "kind": "tree", "score": 0.17895062267780304, "crown_m": 2.79}}, {"type": "Feature", "geometry": {"type": "Point", "coordinates": [-119.47594217956066, 49.85682727163702]}, "properties": {"source": "deepforest", "kind": "tree", "score": 0.17892909049987793, "crown_m": 2.41}}, {"type": "Feature", "geometry": {"type": "Point", "coordinates": [-119.47945788502693, 49.85651298494014]}, "properties": {"source": "deepforest", "kind": "tree", "score": 0.17888426780700684, "crown_m": 2.31}}, {"type": "Feature", "geometry": {"type": "Point", "coordinates": [-119.47993464767933, 49.856229822548016]}, "properties": {"source": "deepforest", "kind": "tree", "score": 0.17882627248764038, "crown_m": 2.98}}, {"type": "Feature", "geometry": {"type": "Point", "coordinates": [-119.47740867733955, 49.85648402031361]}, "properties": {"source": "deepforest", "kind": "tree", "score": 0.17878864705562592, "crown_m": 2.02}}, {"type": "Feature", "geometry": {"type": "Point", "coordinates": [-119.48107458651066, 49.85150876388281]}, "properties": {"source": "deepforest", "kind": "tree", "score": 0.17874456942081451, "crown_m": 2.6}}, {"type": "Feature", "geometry": {"type": "Point", "coordinates": [-119.47607159614563, 49.85690076341706]}, "properties": {"source": "deepforest", "kind": "tree", "score": 0.1787271350622177, "crown_m": 1.92}}, {"type": "Feature", "geometry": {"type": "Point", "coordinates": [-119.47528436779976, 49.8570382359761]}, "properties": {"source": "deepforest", "kind": "tree", "score": 0.17866899073123932, "crown_m": 1.44}}, {"type": "Feature", "geometry": {"type": "Point", "coordinates": [-119.47644978761673, 49.852914753752046]}, "properties": {"source": "deepforest", "kind": "tree", "score": 0.17866790294647217, "crown_m": 5.39}}, {"type": "Feature", "geometry": {"type": "Point", "coordinates": [-119.48117449879646, 49.85537254369369]}, "properties": {"source": "deepforest", "kind": "tree", "score": 0.1785808652639389, "crown_m": 2.7}}, {"type": "Feature", "geometry": {"type": "Point", "coordinates": [-119.47843194007874, 49.85522598769259]}, "properties": {"source": "deepforest", "kind": "tree", "score": 0.1785672903060913, "crown_m": 1.64}}, {"type": "Feature", "geometry": {"type": "Point", "coordinates": [-119.47526626288891, 49.853952790750284]}, "properties": {"source": "deepforest", "kind": "tree", "score": 0.1785353124141693, "crown_m": 3.47}}, {"type": "Feature", "geometry": {"type": "Point", "coordinates": [-119.475551918149, 49.852844714634365]}, "properties": {"source": "deepforest", "kind": "tree", "score": 0.17844660580158234, "crown_m": 2.02}}, {"type": "Feature", "geometry": {"type": "Point", "coordinates": [-119.47678104043007, 49.852256295569234]}, "properties": {"source": "deepforest", "kind": "tree", "score": 0.17838147282600403, "crown_m": 1.73}}, {"type": "Feature", "geometry": {"type": "Point", "coordinates": [-119.47786264121532, 49.853707658659616]}, "properties": {"source": "deepforest", "kind": "tree", "score": 0.17833200097084045, "crown_m": 1.64}}, {"type": "Feature", "geometry": {"type": "Point", "coordinates": [-119.47775602340698, 49.85436609706812]}, "properties": {"source": "deepforest", "kind": "tree", "score": 0.17822298407554626, "crown_m": 2.5}}, {"type": "Feature", "geometry": {"type": "Point", "coordinates": [-119.47644308209419, 49.85152821974127]}, "properties": {"source": "deepforest", "kind": "tree", "score": 0.17820757627487183, "crown_m": 2.5}}, {"type": "Feature", "geometry": {"type": "Point", "coordinates": [-119.4794250279665, 49.8549436824024]}, "properties": {"source": "deepforest", "kind": "tree", "score": 0.17820720374584198, "crown_m": 2.12}}, {"type": "Feature", "geometry": {"type": "Point", "coordinates": [-119.48231108486652, 49.855299481908]}, "properties": {"source": "deepforest", "kind": "tree", "score": 0.1781299114227295, "crown_m": 2.98}}, {"type": "Feature", "geometry": {"type": "Point", "coordinates": [-119.47606220841408, 49.8550344698885]}, "properties": {"source": "deepforest", "kind": "tree", "score": 0.17794963717460632, "crown_m": 1.54}}, {"type": "Feature", "geometry": {"type": "Point", "coordinates": [-119.47653092443943, 49.85415857969347]}, "properties": {"source": "deepforest", "kind": "tree", "score": 0.17793984711170197, "crown_m": 1.54}}, {"type": "Feature", "geometry": {"type": "Point", "coordinates": [-119.47999767959118, 49.85451524963073]}, "properties": {"source": "deepforest", "kind": "tree", "score": 0.1778479516506195, "crown_m": 2.41}}, {"type": "Feature", "geometry": {"type": "Point", "coordinates": [-119.48231644928455, 49.85451179102579]}, "properties": {"source": "deepforest", "kind": "tree", "score": 0.177750363945961, "crown_m": 2.21}}, {"type": "Feature", "geometry": {"type": "Point", "coordinates": [-119.47678036987782, 49.85687871589479]}, "properties": {"source": "deepforest", "kind": "tree", "score": 0.17774660885334015, "crown_m": 1.92}}, {"type": "Feature", "geometry": {"type": "Point", "coordinates": [-119.4825417548418, 49.8522554308776]}, "properties": {"source": "deepforest", "kind": "tree", "score": 0.17761816084384918, "crown_m": 1.64}}, {"type": "Feature", "geometry": {"type": "Point", "coordinates": [-119.47945788502693, 49.85587705608639]}, "properties": {"source": "deepforest", "kind": "tree", "score": 0.17746999859809875, "crown_m": 2.21}}, {"type": "Feature", "geometry": {"type": "Point", "coordinates": [-119.4820549339056, 49.85257017760791]}, "properties": {"source": "deepforest", "kind": "tree", "score": 0.17742516100406647, "crown_m": 1.64}}, {"type": "Feature", "geometry": {"type": "Point", "coordinates": [-119.48225140571594, 49.8564299817849]}, "properties": {"source": "deepforest", "kind": "tree", "score": 0.1773902326822281, "crown_m": 1.73}}, {"type": "Feature", "geometry": {"type": "Point", "coordinates": [-119.47979047894478, 49.852882760587434]}, "properties": {"source": "deepforest", "kind": "tree", "score": 0.17735664546489716, "crown_m": 1.93}}, {"type": "Feature", "geometry": {"type": "Point", "coordinates": [-119.47967916727066, 49.855857601978656]}, "properties": {"source": "deepforest", "kind": "tree", "score": 0.1772966831922531, "crown_m": 2.31}}, {"type": "Feature", "geometry": {"type": "Point", "coordinates": [-119.47944648563862, 49.85442359651634]}, "properties": {"source": "deepforest", "kind": "tree", "score": 0.17722564935684204, "crown_m": 2.6}}, {"type": "Feature", "geometry": {"type": "Point", "coordinates": [-119.47869010269642, 49.856198263888565]}, "properties": {"source": "deepforest", "kind": "tree", "score": 0.17715507745742798, "crown_m": 2.41}}, {"type": "Feature", "geometry": {"type": "Point", "coordinates": [-119.48034167289734, 49.85248414127395]}, "properties": {"source": "deepforest", "kind": "tree", "score": 0.17713673412799835, "crown_m": 2.41}}, {"type": "Feature", "geometry": {"type": "Point", "coordinates": [-119.48112018406391, 49.85447979891841]}, "properties": {"source": "deepforest", "kind": "tree", "score": 0.17707672715187073, "crown_m": 1.64}}, {"type": "Feature", "geometry": {"type": "Point", "coordinates": [-119.47800882160664, 49.85499123777354]}, "properties": {"source": "deepforest", "kind": "tree", "score": 0.17685750126838684, "crown_m": 2.89}}, {"type": "Feature", "geometry": {"type": "Point", "coordinates": [-119.47945721447468, 49.85427098504868]}, "properties": {"source": "deepforest", "kind": "tree", "score": 0.17685452103614807, "crown_m": 2.31}}, {"type": "Feature", "geometry": {"type": "Point", "coordinates": [-119.48095053434372, 49.85527916293021]}, "properties": {"source": "deepforest", "kind": "tree", "score": 0.17683835327625275, "crown_m": 7.7}}, {"type": "Feature", "geometry": {"type": "Point", "coordinates": [-119.47797194123268, 49.853476792379055]}, "properties": {"source": "deepforest", "kind": "tree", "score": 0.1768261045217514, "crown_m": 1.54}}, {"type": "Feature", "geometry": {"type": "Point", "coordinates": [-119.48059312999249, 49.85554892908793]}, "properties": {"source": "deepforest", "kind": "tree", "score": 0.1768193393945694, "crown_m": 2.5}}, {"type": "Feature", "geometry": {"type": "Point", "coordinates": [-119.48097601532936, 49.855845497196555]}, "properties": {"source": "deepforest", "kind": "tree", "score": 0.1768055409193039, "crown_m": 1.92}}, {"type": "Feature", "geometry": {"type": "Point", "coordinates": [-119.47832733392715, 49.85534098447437]}, "properties": {"source": "deepforest", "kind": "tree", "score": 0.17678453028202057, "crown_m": 2.6}}, {"type": "Feature", "geometry": {"type": "Point", "coordinates": [-119.47509527206421, 49.85719862013401]}, "properties": {"source": "deepforest", "kind": "tree", "score": 0.17666740715503693, "crown_m": 1.92}}, {"type": "Feature", "geometry": {"type": "Point", "coordinates": [-119.47959870100021, 49.851599125470244]}, "properties": {"source": "deepforest", "kind": "tree", "score": 0.17646443843841553, "crown_m": 2.31}}, {"type": "Feature", "geometry": {"type": "Point", "coordinates": [-119.48126301169395, 49.85589175474038]}, "properties": {"source": "deepforest", "kind": "tree", "score": 0.17629767954349518, "crown_m": 3.18}}, {"type": "Feature", "geometry": {"type": "Point", "coordinates": [-119.48039062321186, 49.8559051564504]}, "properties": {"source": "deepforest", "kind": "tree", "score": 0.1762654185295105, "crown_m": 1.54}}, {"type": "Feature", "geometry": {"type": "Point", "coordinates": [-119.47587914764881, 49.85511963704182]}, "properties": {"source": "deepforest", "kind": "tree", "score": 0.17625169456005096, "crown_m": 2.41}}, {"type": "Feature", "geometry": {"type": "Point", "coordinates": [-119.47505369782448, 49.85537167905782]}, "properties": {"source": "deepforest", "kind": "tree", "score": 0.176240012049675, "crown_m": 1.73}}, {"type": "Feature", "geometry": {"type": "Point", "coordinates": [-119.48106855154037, 49.851830000720604]}, "properties": {"source": "deepforest", "kind": "tree", "score": 0.17621338367462158, "crown_m": 2.12}}, {"type": "Feature", "geometry": {"type": "Point", "coordinates": [-119.48247738182545, 49.85460430862253]}, "properties": {"source": "deepforest", "kind": "tree", "score": 0.17618192732334137, "crown_m": 1.44}}, {"type": "Feature", "geometry": {"type": "Point", "coordinates": [-119.47647526860237, 49.85152303151312]}, "properties": {"source": "deepforest", "kind": "tree", "score": 0.17617511749267578, "crown_m": 2.12}}, {"type": "Feature", "geometry": {"type": "Point", "coordinates": [-119.47961278259754, 49.85688606506999]}, "properties": {"source": "deepforest", "kind": "tree", "score": 0.17611701786518097, "crown_m": 2.21}}, {"type": "Feature", "geometry": {"type": "Point", "coordinates": [-119.47608970105648, 49.8539886741795]}, "properties": {"source": "deepforest", "kind": "tree", "score": 0.1760830581188202, "crown_m": 2.41}}, {"type": "Feature", "geometry": {"type": "Point", "coordinates": [-119.47871290147305, 49.854490607065166]}, "properties": {"source": "deepforest", "kind": "tree", "score": 0.17602433264255524, "crown_m": 2.02}}, {"type": "Feature", "geometry": {"type": "Point", "coordinates": [-119.47605080902576, 49.85684975148748]}, "properties": {"source": "deepforest", "kind": "tree", "score": 0.1759694367647171, "crown_m": 5.1}}, {"type": "Feature", "geometry": {"type": "Point", "coordinates": [-119.47564445436001, 49.85640577250442]}, "properties": {"source": "deepforest", "kind": "tree", "score": 0.17592690885066986, "crown_m": 2.69}}, {"type": "Feature", "geometry": {"type": "Point", "coordinates": [-119.48144473135471, 49.856042631841895]}, "properties": {"source": "deepforest", "kind": "tree", "score": 0.1759122759103775, "crown_m": 1.54}}, {"type": "Feature", "geometry": {"type": "Point", "coordinates": [-119.47506912052631, 49.85542744803983]}, "properties": {"source": "deepforest", "kind": "tree", "score": 0.1759118139743805, "crown_m": 2.79}}, {"type": "Feature", "geometry": {"type": "Point", "coordinates": [-119.48213338851929, 49.853504894138815]}, "properties": {"source": "deepforest", "kind": "tree", "score": 0.17590802907943726, "crown_m": 2.7}}, {"type": "Feature", "geometry": {"type": "Point", "coordinates": [-119.4821809977293, 49.85691286793482]}, "properties": {"source": "deepforest", "kind": "tree", "score": 0.1758856624364853, "crown_m": 5.49}}, {"type": "Feature", "geometry": {"type": "Point", "coordinates": [-119.48281668126583, 49.85289270441113]}, "properties": {"source": "deepforest", "kind": "tree", "score": 0.17582088708877563, "crown_m": 1.64}}, {"type": "Feature", "geometry": {"type": "Point", "coordinates": [-119.47473250329494, 49.856278673582956]}, "properties": {"source": "deepforest", "kind": "tree", "score": 0.17572876811027527, "crown_m": 1.83}}, {"type": "Feature", "geometry": {"type": "Point", "coordinates": [-119.48033832013607, 49.855299481908]}, "properties": {"source": "deepforest", "kind": "tree", "score": 0.17563526332378387, "crown_m": 2.41}}, {"type": "Feature", "geometry": {"type": "Point", "coordinates": [-119.4755720347166, 49.85328656465245]}, "properties": {"source": "deepforest", "kind": "tree", "score": 0.17563432455062866, "crown_m": 2.02}}, {"type": "Feature", "geometry": {"type": "Point", "coordinates": [-119.48144808411598, 49.854698123014046]}, "properties": {"source": "deepforest", "kind": "tree", "score": 0.1756155639886856, "crown_m": 3.08}}, {"type": "Feature", "geometry": {"type": "Point", "coordinates": [-119.47908505797386, 49.85256066606094]}, "properties": {"source": "deepforest", "kind": "tree", "score": 0.1755853146314621, "crown_m": 4.62}}, {"type": "Feature", "geometry": {"type": "Point", "coordinates": [-119.475192502141, 49.856256625776844]}, "properties": {"source": "deepforest", "kind": "tree", "score": 0.17555968463420868, "crown_m": 2.02}}, {"type": "Feature", "geometry": {"type": "Point", "coordinates": [-119.48043420910835, 49.85180578913563]}, "properties": {"source": "deepforest", "kind": "tree", "score": 0.17553465068340302, "crown_m": 1.54}}, {"type": "Feature", "geometry": {"type": "Point", "coordinates": [-119.47615206241608, 49.85193852035425]}, "properties": {"source": "deepforest", "kind": "tree", "score": 0.17549081146717072, "crown_m": 1.73}}, {"type": "Feature", "geometry": {"type": "Point", "coordinates": [-119.48087811470032, 49.85644554488736]}, "properties": {"source": "deepforest", "kind": "tree", "score": 0.17546670138835907, "crown_m": 2.5}}, {"type": "Feature", "geometry": {"type": "Point", "coordinates": [-119.47774864733219, 49.85595962787872]}, "properties": {"source": "deepforest", "kind": "tree", "score": 0.1754612773656845, "crown_m": 3.27}}, {"type": "Feature", "geometry": {"type": "Point", "coordinates": [-119.47928622364998, 49.8522489456899]}, "properties": {"source": "deepforest", "kind": "tree", "score": 0.1754339337348938, "crown_m": 1.54}}, {"type": "Feature", "geometry": {"type": "Point", "coordinates": [-119.47800278663635, 49.85514255000668]}, "properties": {"source": "deepforest", "kind": "tree", "score": 0.17539560794830322, "crown_m": 3.27}}, {"type": "Feature", "geometry": {"type": "Point", "coordinates": [-119.47979383170605, 49.85206217191073]}, "properties": {"source": "deepforest", "kind": "tree", "score": 0.1753528118133545, "crown_m": 5.1}}, {"type": "Feature", "geometry": {"type": "Point", "coordinates": [-119.48110409080982, 49.85573785096521]}, "properties": {"source": "deepforest", "kind": "tree", "score": 0.1752704381942749, "crown_m": 2.98}}, {"type": "Feature", "geometry": {"type": "Point", "coordinates": [-119.47992391884327, 49.854156850378274]}, "properties": {"source": "deepforest", "kind": "tree", "score": 0.17515140771865845, "crown_m": 3.27}}, {"type": "Feature", "geometry": {"type": "Point", "coordinates": [-119.4759763777256, 49.85273317064478]}, "properties": {"source": "deepforest", "kind": "tree", "score": 0.1751357465982437, "crown_m": 1.64}}, {"type": "Feature", "geometry": {"type": "Point", "coordinates": [-119.47801016271114, 49.85520523636448]}, "properties": {"source": "deepforest", "kind": "tree", "score": 0.17488093674182892, "crown_m": 2.21}}, {"type": "Feature", "geometry": {"type": "Point", "coordinates": [-119.48086135089397, 49.85229045087613]}, "properties": {"source": "deepforest", "kind": "tree", "score": 0.1748751848936081, "crown_m": 2.02}}, {"type": "Feature", "geometry": {"type": "Point", "coordinates": [-119.48138236999512, 49.85298133405377]}, "properties": {"source": "deepforest", "kind": "tree", "score": 0.17486070096492767, "crown_m": 3.75}}, {"type": "Feature", "geometry": {"type": "Point", "coordinates": [-119.47965033352375, 49.85409935061266]}, "properties": {"source": "deepforest", "kind": "tree", "score": 0.17485062777996063, "crown_m": 1.83}}, {"type": "Feature", "geometry": {"type": "Point", "coordinates": [-119.48265373706818, 49.85168948688873]}, "properties": {"source": "deepforest", "kind": "tree", "score": 0.1747698336839676, "crown_m": 2.02}}, {"type": "Feature", "geometry": {"type": "Point", "coordinates": [-119.4789308309555, 49.85316940129368]}, "properties": {"source": "deepforest", "kind": "tree", "score": 0.1747039407491684, "crown_m": 1.35}}, {"type": "Feature", "geometry": {"type": "Point", "coordinates": [-119.47845406830311, 49.8548390604212]}, "properties": {"source": "deepforest", "kind": "tree", "score": 0.17469869554042816, "crown_m": 2.5}}, {"type": "Feature", "geometry": {"type": "Point", "coordinates": [-119.47685144841671, 49.856909841805674]}, "properties": {"source": "deepforest", "kind": "tree", "score": 0.17467141151428223, "crown_m": 2.98}}, {"type": "Feature", "geometry": {"type": "Point", "coordinates": [-119.4789308309555, 49.851730992555424]}, "properties": {"source": "deepforest", "kind": "tree", "score": 0.17462345957756042, "crown_m": 2.98}}, {"type": "Feature", "geometry": {"type": "Point", "coordinates": [-119.47800278663635, 49.85534530765632]}, "properties": {"source": "deepforest", "kind": "tree", "score": 0.17457422614097595, "crown_m": 1.54}}, {"type": "Feature", "geometry": {"type": "Point", "coordinates": [-119.48263294994831, 49.853633729689804]}, "properties": {"source": "deepforest", "kind": "tree", "score": 0.1745629906654358, "crown_m": 6.74}}, {"type": "Feature", "geometry": {"type": "Point", "coordinates": [-119.47445221245289, 49.85667553237284]}, "properties": {"source": "deepforest", "kind": "tree", "score": 0.17455530166625977, "crown_m": 1.35}}, {"type": "Feature", "geometry": {"type": "Point", "coordinates": [-119.47975695133209, 49.85618745612374]}, "properties": {"source": "deepforest", "kind": "tree", "score": 0.17447130382061005, "crown_m": 1.92}}, {"type": "Feature", "geometry": {"type": "Point", "coordinates": [-119.47687961161137, 49.85497740348859]}, "properties": {"source": "deepforest", "kind": "tree", "score": 0.17432257533073425, "crown_m": 2.5}}, {"type": "Feature", "geometry": {"type": "Point", "coordinates": [-119.47725780308247, 49.8566167386837]}, "properties": {"source": "deepforest", "kind": "tree", "score": 0.17428508400917053, "crown_m": 1.83}}, {"type": "Feature", "geometry": {"type": "Point", "coordinates": [-119.4768762588501, 49.85506040913891]}, "properties": {"source": "deepforest", "kind": "tree", "score": 0.17426994442939758, "crown_m": 1.73}}, {"type": "Feature", "geometry": {"type": "Point", "coordinates": [-119.47738252580166, 49.856401881726065]}, "properties": {"source": "deepforest", "kind": "tree", "score": 0.17419172823429108, "crown_m": 1.64}}, {"type": "Feature", "geometry": {"type": "Point", "coordinates": [-119.47555057704449, 49.853283105959584]}, "properties": {"source": "deepforest", "kind": "tree", "score": 0.17418158054351807, "crown_m": 2.21}}, {"type": "Feature", "geometry": {"type": "Point", "coordinates": [-119.47704389691353, 49.85152562562726]}, "properties": {"source": "deepforest", "kind": "tree", "score": 0.1741122603416443, "crown_m": 2.7}}, {"type": "Feature", "geometry": {"type": "Point", "coordinates": [-119.48042213916779, 49.85459739142515]}, "properties": {"source": "deepforest", "kind": "tree", "score": 0.17406392097473145, "crown_m": 2.21}}, {"type": "Feature", "geometry": {"type": "Point", "coordinates": [-119.48187053203583, 49.852234245927896]}, "properties": {"source": "deepforest", "kind": "tree", "score": 0.17396190762519836, "crown_m": 2.41}}, {"type": "Feature", "geometry": {"type": "Point", "coordinates": [-119.477713778615, 49.853175454020274]}, "properties": {"source": "deepforest", "kind": "tree", "score": 0.17391695082187653, "crown_m": 2.41}}, {"type": "Feature", "geometry": {"type": "Point", "coordinates": [-119.47705864906311, 49.853144758041836]}, "properties": {"source": "deepforest", "kind": "tree", "score": 0.17387636005878448, "crown_m": 1.54}}, {"type": "Feature", "geometry": {"type": "Point", "coordinates": [-119.48187120258808, 49.856873095936514]}, "properties": {"source": "deepforest", "kind": "tree", "score": 0.17385564744472504, "crown_m": 3.56}}, {"type": "Feature", "geometry": {"type": "Point", "coordinates": [-119.47555124759674, 49.85393376819867]}, "properties": {"source": "deepforest", "kind": "tree", "score": 0.17385517060756683, "crown_m": 2.5}}, {"type": "Feature", "geometry": {"type": "Point", "coordinates": [-119.47868943214417, 49.856356921597964]}, "properties": {"source": "deepforest", "kind": "tree", "score": 0.17381778359413147, "crown_m": 1.54}}, {"type": "Feature", "geometry": {"type": "Point", "coordinates": [-119.4760561734438, 49.85215166776998]}, "properties": {"source": "deepforest", "kind": "tree", "score": 0.173807293176651, "crown_m": 1.64}}, {"type": "Feature", "geometry": {"type": "Point", "coordinates": [-119.47881281375885, 49.85367047802227]}, "properties": {"source": "deepforest", "kind": "tree", "score": 0.1738029569387436, "crown_m": 2.6}}, {"type": "Feature", "geometry": {"type": "Point", "coordinates": [-119.48244787752628, 49.85572661078265]}, "properties": {"source": "deepforest", "kind": "tree", "score": 0.17372897267341614, "crown_m": 2.6}}, {"type": "Feature", "geometry": {"type": "Point", "coordinates": [-119.48237478733063, 49.85513649752646]}, "properties": {"source": "deepforest", "kind": "tree", "score": 0.17370463907718658, "crown_m": 6.74}}, {"type": "Feature", "geometry": {"type": "Point", "coordinates": [-119.4822520762682, 49.85350446180418]}, "properties": {"source": "deepforest", "kind": "tree", "score": 0.17367488145828247, "crown_m": 2.02}}, {"type": "Feature", "geometry": {"type": "Point", "coordinates": [-119.48099009692669, 49.85580658894784]}, "properties": {"source": "deepforest", "kind": "tree", "score": 0.17365147173404694, "crown_m": 10.78}}, {"type": "Feature", "geometry": {"type": "Point", "coordinates": [-119.47694130241871, 49.85581566754201]}, "properties": {"source": "deepforest", "kind": "tree", "score": 0.17364874482154846, "crown_m": 2.02}}, {"type": "Feature", "geometry": {"type": "Point", "coordinates": [-119.47791025042534, 49.853342768376876]}, "properties": {"source": "deepforest", "kind": "tree", "score": 0.1736115664243698, "crown_m": 1.83}}, {"type": "Feature", "geometry": {"type": "Point", "coordinates": [-119.478974416852, 49.85526100553859]}, "properties": {"source": "deepforest", "kind": "tree", "score": 0.17347313463687897, "crown_m": 3.47}}, {"type": "Feature", "geometry": {"type": "Point", "coordinates": [-119.48110342025757, 49.85410842952757]}, "properties": {"source": "deepforest", "kind": "tree", "score": 0.1734258234500885, "crown_m": 1.93}}, {"type": "Feature", "geometry": {"type": "Point", "coordinates": [-119.47979517281055, 49.85413782790699]}, "properties": {"source": "deepforest", "kind": "tree", "score": 0.17340733110904694, "crown_m": 2.31}}, {"type": "Feature", "geometry": {"type": "Point", "coordinates": [-119.47692520916462, 49.85622939023775]}, "properties": {"source": "deepforest", "kind": "tree", "score": 0.17320901155471802, "crown_m": 1.35}}, {"type": "Feature", "geometry": {"type": "Point", "coordinates": [-119.48002584278584, 49.85483257558019]}, "properties": {"source": "deepforest", "kind": "tree", "score": 0.17317846417427063, "crown_m": 1.83}}, {"type": "Feature", "geometry": {"type": "Point", "coordinates": [-119.4764444231987, 49.85524111886373]}, "properties": {"source": "deepforest", "kind": "tree", "score": 0.17309331893920898, "crown_m": 6.74}}, {"type": "Feature", "geometry": {"type": "Point", "coordinates": [-119.47883427143097, 49.853598278330836]}, "properties": {"source": "deepforest", "kind": "tree", "score": 0.1730479747056961, "crown_m": 2.31}}, {"type": "Feature", "geometry": {"type": "Point", "coordinates": [-119.4813884049654, 49.85352867253817]}, "properties": {"source": "deepforest", "kind": "tree", "score": 0.1729905605316162, "crown_m": 2.6}}, {"type": "Feature", "geometry": {"type": "Point", "coordinates": [-119.47704322636127, 49.85643084640183]}, "properties": {"source": "deepforest", "kind": "tree", "score": 0.1729760617017746, "crown_m": 1.73}}, {"type": "Feature", "geometry": {"type": "Point", "coordinates": [-119.47579130530357, 49.85326494781795]}, "properties": {"source": "deepforest", "kind": "tree", "score": 0.17288756370544434, "crown_m": 2.6}}, {"type": "Feature", "geometry": {"type": "Point", "coordinates": [-119.48164388537407, 49.853370437878745]}, "properties": {"source": "deepforest", "kind": "tree", "score": 0.17286968231201172, "crown_m": 2.98}}, {"type": "Feature", "geometry": {"type": "Point", "coordinates": [-119.47708077728748, 49.85412226406129]}, "properties": {"source": "deepforest", "kind": "tree", "score": 0.17286941409111023, "crown_m": 4.91}}, {"type": "Feature", "geometry": {"type": "Point", "coordinates": [-119.48037788271904, 49.854912122903]}, "properties": {"source": "deepforest", "kind": "tree", "score": 0.17277884483337402, "crown_m": 3.18}}, {"type": "Feature", "geometry": {"type": "Point", "coordinates": [-119.47559483349323, 49.857051205065254]}, "properties": {"source": "deepforest", "kind": "tree", "score": 0.17273704707622528, "crown_m": 2.41}}, {"type": "Feature", "geometry": {"type": "Point", "coordinates": [-119.48002517223358, 49.85712123808654]}, "properties": {"source": "deepforest", "kind": "tree", "score": 0.17270676791667938, "crown_m": 2.02}}, {"type": "Feature", "geometry": {"type": "Point", "coordinates": [-119.47942569851875, 49.85723968876807]}, "properties": {"source": "deepforest", "kind": "tree", "score": 0.17262160778045654, "crown_m": 2.12}}, {"type": "Feature", "geometry": {"type": "Point", "coordinates": [-119.47808526456356, 49.85350446180418]}, "properties": {"source": "deepforest", "kind": "tree", "score": 0.17258046567440033, "crown_m": 2.6}}, {"type": "Feature", "geometry": {"type": "Point", "coordinates": [-119.48093175888062, 49.85701532391009]}, "properties": {"source": "deepforest", "kind": "tree", "score": 0.1725236475467682, "crown_m": 2.69}}, {"type": "Feature", "geometry": {"type": "Point", "coordinates": [-119.48198921978474, 49.853504894138815]}, "properties": {"source": "deepforest", "kind": "tree", "score": 0.17231622338294983, "crown_m": 2.21}}, {"type": "Feature", "geometry": {"type": "Point", "coordinates": [-119.48079898953438, 49.85563495996574]}, "properties": {"source": "deepforest", "kind": "tree", "score": 0.17231138050556183, "crown_m": 1.73}}, {"type": "Feature", "geometry": {"type": "Point", "coordinates": [-119.4746446609497, 49.85689773728715]}, "properties": {"source": "deepforest", "kind": "tree", "score": 0.1722482591867447, "crown_m": 2.12}}, {"type": "Feature", "geometry": {"type": "Point", "coordinates": [-119.48149032890797, 49.85723925646684]}, "properties": {"source": "deepforest", "kind": "tree", "score": 0.1721145659685135, "crown_m": 1.64}}, {"type": "Feature", "geometry": {"type": "Point", "coordinates": [-119.4751113653183, 49.85645721721092]}, "properties": {"source": "deepforest", "kind": "tree", "score": 0.17199592292308807, "crown_m": 2.21}}, {"type": "Feature", "geometry": {"type": "Point", "coordinates": [-119.47603404521942, 49.85486067655158]}, "properties": {"source": "deepforest", "kind": "tree", "score": 0.17189723253250122, "crown_m": 3.27}}, {"type": "Feature", "geometry": {"type": "Point", "coordinates": [-119.48220245540142, 49.85583382472523]}, "properties": {"source": "deepforest", "kind": "tree", "score": 0.17186754941940308, "crown_m": 2.79}}, {"type": "Feature", "geometry": {"type": "Point", "coordinates": [-119.48250085115433, 49.85462116928696]}, "properties": {"source": "deepforest", "kind": "tree", "score": 0.17181874811649323, "crown_m": 1.93}}, {"type": "Feature", "geometry": {"type": "Point", "coordinates": [-119.4757879525423, 49.852654052077504]}, "properties": {"source": "deepforest", "kind": "tree", "score": 0.17179161310195923, "crown_m": 1.64}}, {"type": "Feature", "geometry": {"type": "Point", "coordinates": [-119.48251090943813, 49.85576984223973]}, "properties": {"source": "deepforest", "kind": "tree", "score": 0.17175725102424622, "crown_m": 2.02}}, {"type": "Feature", "geometry": {"type": "Point", "coordinates": [-119.47827637195587, 49.85579707803783]}, "properties": {"source": "deepforest", "kind": "tree", "score": 0.17165327072143555, "crown_m": 2.12}}, {"type": "Feature", "geometry": {"type": "Point", "coordinates": [-119.47688095271587, 49.856874392850024]}, "properties": {"source": "deepforest", "kind": "tree", "score": 0.17157036066055298, "crown_m": 3.46}}, {"type": "Feature", "geometry": {"type": "Point", "coordinates": [-119.4803785532713, 49.854940656149935]}, "properties": {"source": "deepforest", "kind": "tree", "score": 0.17156924307346344, "crown_m": 3.18}}, {"type": "Feature", "geometry": {"type": "Point", "coordinates": [-119.47550766170025, 49.85276473156717]}, "properties": {"source": "deepforest", "kind": "tree", "score": 0.1714559942483902, "crown_m": 1.93}}, {"type": "Feature", "geometry": {"type": "Point", "coordinates": [-119.47557806968689, 49.85660204025024]}, "properties": {"source": "deepforest", "kind": "tree", "score": 0.17142774164676666, "crown_m": 3.08}}, {"type": "Feature", "geometry": {"type": "Point", "coordinates": [-119.48113292455673, 49.85528953857951]}, "properties": {"source": "deepforest", "kind": "tree", "score": 0.1713258922100067, "crown_m": 9.24}}, {"type": "Feature", "geometry": {"type": "Point", "coordinates": [-119.48190741240978, 49.85554806445521]}, "properties": {"source": "deepforest", "kind": "tree", "score": 0.17128095030784607, "crown_m": 6.45}}, {"type": "Feature", "geometry": {"type": "Point", "coordinates": [-119.47945855557919, 49.85499469634416]}, "properties": {"source": "deepforest", "kind": "tree", "score": 0.17127807438373566, "crown_m": 2.7}}, {"type": "Feature", "geometry": {"type": "Point", "coordinates": [-119.48239021003246, 49.853504029469526]}, "properties": {"source": "deepforest", "kind": "tree", "score": 0.17125709354877472, "crown_m": 2.41}}, {"type": "Feature", "geometry": {"type": "Point", "coordinates": [-119.47511337697506, 49.85616108516743]}, "properties": {"source": "deepforest", "kind": "tree", "score": 0.17124366760253906, "crown_m": 2.12}}, {"type": "Feature", "geometry": {"type": "Point", "coordinates": [-119.47807922959328, 49.855779785469394]}, "properties": {"source": "deepforest", "kind": "tree", "score": 0.17123794555664062, "crown_m": 1.93}}, {"type": "Feature", "geometry": {"type": "Point", "coordinates": [-119.4769312441349, 49.85539243031447]}, "properties": {"source": "deepforest", "kind": "tree", "score": 0.17115144431591034, "crown_m": 1.54}}, {"type": "Feature", "geometry": {"type": "Point", "coordinates": [-119.48092840611935, 49.854936765253626]}, "properties": {"source": "deepforest", "kind": "tree", "score": 0.17110984027385712, "crown_m": 9.14}}, {"type": "Feature", "geometry": {"type": "Point", "coordinates": [-119.47585768997669, 49.852715012296535]}, "properties": {"source": "deepforest", "kind": "tree", "score": 0.1711091697216034, "crown_m": 2.02}}, {"type": "Feature", "geometry": {"type": "Point", "coordinates": [-119.47904482483864, 49.854867593711255]}, "properties": {"source": "deepforest", "kind": "tree", "score": 0.17107965052127838, "crown_m": 2.5}}, {"type": "Feature", "geometry": {"type": "Point", "coordinates": [-119.48096796870232, 49.85619221154056]}, "properties": {"source": "deepforest", "kind": "tree", "score": 0.171079620718956, "crown_m": 1.92}}, {"type": "Feature", "geometry": {"type": "Point", "coordinates": [-119.47552844882011, 49.856241927233846]}, "properties": {"source": "deepforest", "kind": "tree", "score": 0.17096807062625885, "crown_m": 3.95}}, {"type": "Feature", "geometry": {"type": "Point", "coordinates": [-119.47532191872597, 49.854002508747506]}, "properties": {"source": "deepforest", "kind": "tree", "score": 0.17093555629253387, "crown_m": 1.83}}, {"type": "Feature", "geometry": {"type": "Point", "coordinates": [-119.48037922382355, 49.85591207346058]}, "properties": {"source": "deepforest", "kind": "tree", "score": 0.17088903486728668, "crown_m": 2.31}}, {"type": "Feature", "geometry": {"type": "Point", "coordinates": [-119.47491958737373, 49.853652752359515]}, "properties": {"source": "deepforest", "kind": "tree", "score": 0.1708618849515915, "crown_m": 1.73}}, {"type": "Feature", "geometry": {"type": "Point", "coordinates": [-119.47935931384563, 49.85478502005293]}, "properties": {"source": "deepforest", "kind": "tree", "score": 0.17086121439933777, "crown_m": 4.91}}, {"type": "Feature", "geometry": {"type": "Point", "coordinates": [-119.48000505566597, 49.854670454272345]}, "properties": {"source": "deepforest", "kind": "tree", "score": 0.1708148568868637, "crown_m": 1.93}}, {"type": "Feature", "geometry": {"type": "Point", "coordinates": [-119.47752468287945, 49.85579578109541]}, "properties": {"source": "deepforest", "kind": "tree", "score": 0.17078833281993866, "crown_m": 2.98}}, {"type": "Feature", "geometry": {"type": "Point", "coordinates": [-119.48182828724384, 49.853758241573786]}, "properties": {"source": "deepforest", "kind": "tree", "score": 0.17076615989208221, "crown_m": 2.89}}, {"type": "Feature", "geometry": {"type": "Point", "coordinates": [-119.48235332965851, 49.853877565161575]}, "properties": {"source": "deepforest", "kind": "tree", "score": 0.17063456773757935, "crown_m": 2.12}}, {"type": "Feature", "geometry": {"type": "Point", "coordinates": [-119.47942569851875, 49.85443829561243]}, "properties": {"source": "deepforest", "kind": "tree", "score": 0.17062969505786896, "crown_m": 2.12}}, {"type": "Feature", "geometry": {"type": "Point", "coordinates": [-119.47979383170605, 49.85570067188985]}, "properties": {"source": "deepforest", "kind": "tree", "score": 0.1705576330423355, "crown_m": 1.44}}, {"type": "Feature", "geometry": {"type": "Point", "coordinates": [-119.47580203413963, 49.85643387256098]}, "properties": {"source": "deepforest", "kind": "tree", "score": 0.17055019736289978, "crown_m": 3.18}}, {"type": "Feature", "geometry": {"type": "Point", "coordinates": [-119.48053009808064, 49.85621209782401]}, "properties": {"source": "deepforest", "kind": "tree", "score": 0.17050732672214508, "crown_m": 1.92}}, {"type": "Feature", "geometry": {"type": "Point", "coordinates": [-119.48205895721912, 49.85659728487375]}, "properties": {"source": "deepforest", "kind": "tree", "score": 0.17050398886203766, "crown_m": 1.44}}, {"type": "Feature", "geometry": {"type": "Point", "coordinates": [-119.48283143341541, 49.8555087236503]}, "properties": {"source": "deepforest", "kind": "tree", "score": 0.1704569011926651, "crown_m": 3.18}}, {"type": "Feature", "geometry": {"type": "Point", "coordinates": [-119.47860360145569, 49.851651872347496]}, "properties": {"source": "deepforest", "kind": "tree", "score": 0.17034956812858582, "crown_m": 1.35}}, {"type": "Feature", "geometry": {"type": "Point", "coordinates": [-119.47758369147778, 49.85466267243589]}, "properties": {"source": "deepforest", "kind": "tree", "score": 0.17019414901733398, "crown_m": 1.93}}, {"type": "Feature", "geometry": {"type": "Point", "coordinates": [-119.47481229901314, 49.85626743352619]}, "properties": {"source": "deepforest", "kind": "tree", "score": 0.17013758420944214, "crown_m": 1.54}}, {"type": "Feature", "geometry": {"type": "Point", "coordinates": [-119.48235265910625, 49.853726248967554]}, "properties": {"source": "deepforest", "kind": "tree", "score": 0.17009754478931427, "crown_m": 3.08}}, {"type": "Feature", "geometry": {"type": "Point", "coordinates": [-119.47940289974213, 49.855462898056956]}, "properties": {"source": "deepforest", "kind": "tree", "score": 0.1700708568096161, "crown_m": 1.64}}, {"type": "Feature", "geometry": {"type": "Point", "coordinates": [-119.47599649429321, 49.85436134147159]}, "properties": {"source": "deepforest", "kind": "tree", "score": 0.17006836831569672, "crown_m": 1.73}}, {"type": "Feature", "geometry": {"type": "Point", "coordinates": [-119.47945721447468, 49.854698123014046]}, "properties": {"source": "deepforest", "kind": "tree", "score": 0.17003470659255981, "crown_m": 2.31}}, {"type": "Feature", "geometry": {"type": "Point", "coordinates": [-119.4752997905016, 49.85257406869477]}, "properties": {"source": "deepforest", "kind": "tree", "score": 0.17002029716968536, "crown_m": 2.6}}, {"type": "Feature", "geometry": {"type": "Point", "coordinates": [-119.4802900403738, 49.856026636297585]}, "properties": {"source": "deepforest", "kind": "tree", "score": 0.1700044721364975, "crown_m": 2.41}}, {"type": "Feature", "geometry": {"type": "Point", "coordinates": [-119.47733223438263, 49.85371889931178]}, "properties": {"source": "deepforest", "kind": "tree", "score": 0.16999974846839905, "crown_m": 1.54}}, {"type": "Feature", "geometry": {"type": "Point", "coordinates": [-119.47978779673576, 49.856873528241024]}, "properties": {"source": "deepforest", "kind": "tree", "score": 0.169996440410614, "crown_m": 1.92}}, {"type": "Feature", "geometry": {"type": "Point", "coordinates": [-119.47742342948914, 49.85689125272241]}, "properties": {"source": "deepforest", "kind": "tree", "score": 0.16999131441116333, "crown_m": 3.95}}, {"type": "Feature", "geometry": {"type": "Point", "coordinates": [-119.48182694613934, 49.85425585357379]}, "properties": {"source": "deepforest", "kind": "tree", "score": 0.16998976469039917, "crown_m": 2.79}}, {"type": "Feature", "geometry": {"type": "Point", "coordinates": [-119.47932913899422, 49.85189009728091]}, "properties": {"source": "deepforest", "kind": "tree", "score": 0.1699536293745041, "crown_m": 2.21}}, {"type": "Feature", "geometry": {"type": "Point", "coordinates": [-119.47885170578957, 49.85357363529769]}, "properties": {"source": "deepforest", "kind": "tree", "score": 0.1699264645576477, "crown_m": 1.44}}, {"type": "Feature", "geometry": {"type": "Point", "coordinates": [-119.47657585144043, 49.85188663848809]}, "properties": {"source": "deepforest", "kind": "tree", "score": 0.16990457475185394, "crown_m": 1.64}}, {"type": "Feature", "geometry": {"type": "Point", "coordinates": [-119.48187187314034, 49.85372279030615]}, "properties": {"source": "deepforest", "kind": "tree", "score": 0.1698921024799347, "crown_m": 1.73}}, {"type": "Feature", "geometry": {"type": "Point", "coordinates": [-119.47752669453621, 49.85395408774215]}, "properties": {"source": "deepforest", "kind": "tree", "score": 0.1698615998029709, "crown_m": 3.56}}, {"type": "Feature", "geometry": {"type": "Point", "coordinates": [-119.47858415544033, 49.85690422185102]}, "properties": {"source": "deepforest", "kind": "tree", "score": 0.1698548048734665, "crown_m": 4.91}}, {"type": "Feature", "geometry": {"type": "Point", "coordinates": [-119.48132336139679, 49.85222776073735]}, "properties": {"source": "deepforest", "kind": "tree", "score": 0.16974446177482605, "crown_m": 1.93}}, {"type": "Feature", "geometry": {"type": "Point", "coordinates": [-119.47806313633919, 49.857169655918455]}, "properties": {"source": "deepforest", "kind": "tree", "score": 0.16969862580299377, "crown_m": 2.02}}, {"type": "Feature", "geometry": {"type": "Point", "coordinates": [-119.47748243808746, 49.85209330092405]}, "properties": {"source": "deepforest", "kind": "tree", "score": 0.16958795487880707, "crown_m": 2.79}}, {"type": "Feature", "geometry": {"type": "Point", "coordinates": [-119.47576649487019, 49.85375435058227]}, "properties": {"source": "deepforest", "kind": "tree", "score": 0.16949798166751862, "crown_m": 1.64}}, {"type": "Feature", "geometry": {"type": "Point", "coordinates": [-119.47471037507057, 49.855189240542984]}, "properties": {"source": "deepforest", "kind": "tree", "score": 0.16949371993541718, "crown_m": 2.7}}, {"type": "Feature", "geometry": {"type": "Point", "coordinates": [-119.47979584336281, 49.855765086781346]}, "properties": {"source": "deepforest", "kind": "tree", "score": 0.16948631405830383, "crown_m": 4.81}}, {"type": "Feature", "geometry": {"type": "Point", "coordinates": [-119.47487533092499, 49.85512958040527]}, "properties": {"source": "deepforest", "kind": "tree", "score": 0.1694750338792801, "crown_m": 1.93}}, {"type": "Feature", "geometry": {"type": "Point", "coordinates": [-119.47966173291206, 49.85612260948404]}, "properties": {"source": "deepforest", "kind": "tree", "score": 0.16943137347698212, "crown_m": 1.54}}, {"type": "Feature", "geometry": {"type": "Point", "coordinates": [-119.47620570659637, 49.85434058977218]}, "properties": {"source": "deepforest", "kind": "tree", "score": 0.1693839728832245, "crown_m": 3.75}}, {"type": "Feature", "geometry": {"type": "Point", "coordinates": [-119.47748310863972, 49.853504894138815]}, "properties": {"source": "deepforest", "kind": "tree", "score": 0.16936099529266357, "crown_m": 2.41}}, {"type": "Feature", "geometry": {"type": "Point", "coordinates": [-119.47566591203213, 49.85389010276782]}, "properties": {"source": "deepforest", "kind": "tree", "score": 0.16934873163700104, "crown_m": 3.18}}, {"type": "Feature", "geometry": {"type": "Point", "coordinates": [-119.48086068034172, 49.85418581639969]}, "properties": {"source": "deepforest", "kind": "tree", "score": 0.16922982037067413, "crown_m": 2.21}}, {"type": "Feature", "geometry": {"type": "Point", "coordinates": [-119.48164254426956, 49.85511920472163]}, "properties": {"source": "deepforest", "kind": "tree", "score": 0.16915830969810486, "crown_m": 3.47}}, {"type": "Feature", "geometry": {"type": "Point", "coordinates": [-119.47511203587055, 49.85397483960754]}, "properties": {"source": "deepforest", "kind": "tree", "score": 0.16911302506923676, "crown_m": 2.02}}, {"type": "Feature", "geometry": {"type": "Point", "coordinates": [-119.47586841881275, 49.8552476036499]}, "properties": {"source": "deepforest", "kind": "tree", "score": 0.1690385490655899, "crown_m": 1.44}}, {"type": "Feature", "geometry": {"type": "Point", "coordinates": [-119.48138773441315, 49.854912122903]}, "properties": {"source": "deepforest", "kind": "tree", "score": 0.16894282400608063, "crown_m": 2.98}}, {"type": "Feature", "geometry": {"type": "Point", "coordinates": [-119.47472713887691, 49.85661241561551]}, "properties": {"source": "deepforest", "kind": "tree", "score": 0.16893436014652252, "crown_m": 3.18}}, {"type": "Feature", "geometry": {"type": "Point", "coordinates": [-119.47477474808693, 49.85522987856562]}, "properties": {"source": "deepforest", "kind": "tree", "score": 0.1689247339963913, "crown_m": 1.54}}, {"type": "Feature", "geometry": {"type": "Point", "coordinates": [-119.48138304054737, 49.85438728108332]}, "properties": {"source": "deepforest", "kind": "tree", "score": 0.1688576340675354, "crown_m": 3.56}}, {"type": "Feature", "geometry": {"type": "Point", "coordinates": [-119.48223531246185, 49.8566171709905]}, "properties": {"source": "deepforest", "kind": "tree", "score": 0.16882680356502533, "crown_m": 1.73}}, {"type": "Feature", "geometry": {"type": "Point", "coordinates": [-119.48005333542824, 49.854934603644416]}, "properties": {"source": "deepforest", "kind": "tree", "score": 0.16881944239139557, "crown_m": 2.98}}, {"type": "Feature", "geometry": {"type": "Point", "coordinates": [-119.4773443043232, 49.85350359713489]}, "properties": {"source": "deepforest", "kind": "tree", "score": 0.1686941385269165, "crown_m": 2.31}}, {"type": "Feature", "geometry": {"type": "Point", "coordinates": [-119.4812811166048, 49.85534401070177]}, "properties": {"source": "deepforest", "kind": "tree", "score": 0.16867369413375854, "crown_m": 2.41}}, {"type": "Feature", "geometry": {"type": "Point", "coordinates": [-119.48253236711025, 49.8546942320982]}, "properties": {"source": "deepforest", "kind": "tree", "score": 0.16864530742168427, "crown_m": 1.64}}, {"type": "Feature", "geometry": {"type": "Point", "coordinates": [-119.48132403194904, 49.85618745612374]}, "properties": {"source": "deepforest", "kind": "tree", "score": 0.16862988471984863, "crown_m": 1.64}}, {"type": "Feature", "geometry": {"type": "Point", "coordinates": [-119.47646990418434, 49.8563050444751]}, "properties": {"source": "deepforest", "kind": "tree", "score": 0.16861611604690552, "crown_m": 1.73}}, {"type": "Feature", "geometry": {"type": "Point", "coordinates": [-119.48091767728329, 49.85371889931178]}, "properties": {"source": "deepforest", "kind": "tree", "score": 0.1686008721590042, "crown_m": 2.21}}, {"type": "Feature", "geometry": {"type": "Point", "coordinates": [-119.47699964046478, 49.85578065009796]}, "properties": {"source": "deepforest", "kind": "tree", "score": 0.16853934526443481, "crown_m": 2.7}}, {"type": "Feature", "geometry": {"type": "Point", "coordinates": [-119.47973012924194, 49.85412701968134]}, "properties": {"source": "deepforest", "kind": "tree", "score": 0.16851839423179626, "crown_m": 2.12}}, {"type": "Feature", "geometry": {"type": "Point", "coordinates": [-119.47676360607147, 49.855087213016375]}, "properties": {"source": "deepforest", "kind": "tree", "score": 0.16846886277198792, "crown_m": 1.54}}, {"type": "Feature", "geometry": {"type": "Point", "coordinates": [-119.47533197700977, 49.85459263585139]}, "properties": {"source": "deepforest", "kind": "tree", "score": 0.16845113039016724, "crown_m": 3.85}}, {"type": "Feature", "geometry": {"type": "Point", "coordinates": [-119.47844870388508, 49.85232157974242]}, "properties": {"source": "deepforest", "kind": "tree", "score": 0.168440580368042, "crown_m": 3.18}}, {"type": "Feature", "geometry": {"type": "Point", "coordinates": [-119.48165528476238, 49.85416895558337]}, "properties": {"source": "deepforest", "kind": "tree", "score": 0.16843807697296143, "crown_m": 2.7}}, {"type": "Feature", "geometry": {"type": "Point", "coordinates": [-119.48192350566387, 49.85467348054174]}, "properties": {"source": "deepforest", "kind": "tree", "score": 0.16840042173862457, "crown_m": 1.83}}, {"type": "Feature", "geometry": {"type": "Point", "coordinates": [-119.47700031101704, 49.85381271542215]}, "properties": {"source": "deepforest", "kind": "tree", "score": 0.16836178302764893, "crown_m": 2.7}}, {"type": "Feature", "geometry": {"type": "Point", "coordinates": [-119.47483576834202, 49.85622377020397]}, "properties": {"source": "deepforest", "kind": "tree", "score": 0.16835877299308777, "crown_m": 2.98}}, {"type": "Feature", "geometry": {"type": "Point", "coordinates": [-119.48042817413807, 49.855683811602056]}, "properties": {"source": "deepforest", "kind": "tree", "score": 0.16832983493804932, "crown_m": 2.41}}, {"type": "Feature", "geometry": {"type": "Point", "coordinates": [-119.4768138974905, 49.85487710480421]}, "properties": {"source": "deepforest", "kind": "tree", "score": 0.16828487813472748, "crown_m": 2.12}}, {"type": "Feature", "geometry": {"type": "Point", "coordinates": [-119.47912193834782, 49.852193605386134]}, "properties": {"source": "deepforest", "kind": "tree", "score": 0.16825485229492188, "crown_m": 2.21}}, {"type": "Feature", "geometry": {"type": "Point", "coordinates": [-119.48283612728119, 49.854563237748636]}, "properties": {"source": "deepforest", "kind": "tree", "score": 0.16820773482322693, "crown_m": 2.89}}, {"type": "Feature", "geometry": {"type": "Point", "coordinates": [-119.48038592934608, 49.852192308347]}, "properties": {"source": "deepforest", "kind": "tree", "score": 0.1681777983903885, "crown_m": 1.73}}, {"type": "Feature", "geometry": {"type": "Point", "coordinates": [-119.47945654392242, 49.85431075918867]}, "properties": {"source": "deepforest", "kind": "tree", "score": 0.16817034780979156, "crown_m": 2.12}}, {"type": "Feature", "geometry": {"type": "Point", "coordinates": [-119.47590194642544, 49.85519529301661]}, "properties": {"source": "deepforest", "kind": "tree", "score": 0.1681596338748932, "crown_m": 5.2}}, {"type": "Feature", "geometry": {"type": "Point", "coordinates": [-119.47897307574749, 49.85597519113268]}, "properties": {"source": "deepforest", "kind": "tree", "score": 0.16814447939395905, "crown_m": 1.92}}, {"type": "Feature", "geometry": {"type": "Point", "coordinates": [-119.48151044547558, 49.85170461916718]}, "properties": {"source": "deepforest", "kind": "tree", "score": 0.16811636090278625, "crown_m": 2.7}}, {"type": "Feature", "geometry": {"type": "Point", "coordinates": [-119.47720885276794, 49.853092012793915]}, "properties": {"source": "deepforest", "kind": "tree", "score": 0.1681017428636551, "crown_m": 2.41}}, {"type": "Feature", "geometry": {"type": "Point", "coordinates": [-119.47609573602676, 49.85569418716447]}, "properties": {"source": "deepforest", "kind": "tree", "score": 0.16808128356933594, "crown_m": 3.27}}, {"type": "Feature", "geometry": {"type": "Point", "coordinates": [-119.47501480579376, 49.85720510465749]}, "properties": {"source": "deepforest", "kind": "tree", "score": 0.16807805001735687, "crown_m": 2.02}}, {"type": "Feature", "geometry": {"type": "Point", "coordinates": [-119.4818289577961, 49.854601282348796]}, "properties": {"source": "deepforest", "kind": "tree", "score": 0.167972132563591, "crown_m": 2.31}}, {"type": "Feature", "geometry": {"type": "Point", "coordinates": [-119.47941295802593, 49.856254896536726]}, "properties": {"source": "deepforest", "kind": "tree", "score": 0.16794857382774353, "crown_m": 1.83}}, {"type": "Feature", "geometry": {"type": "Point", "coordinates": [-119.4765517115593, 49.85350359713489]}, "properties": {"source": "deepforest", "kind": "tree", "score": 0.16794031858444214, "crown_m": 1.93}}, {"type": "Feature", "geometry": {"type": "Point", "coordinates": [-119.47508990764618, 49.85338384028801]}, "properties": {"source": "deepforest", "kind": "tree", "score": 0.16793569922447205, "crown_m": 1.93}}, {"type": "Feature", "geometry": {"type": "Point", "coordinates": [-119.47505302727222, 49.85345560796474]}, "properties": {"source": "deepforest", "kind": "tree", "score": 0.16779963672161102, "crown_m": 1.93}}, {"type": "Feature", "geometry": {"type": "Point", "coordinates": [-119.48270335793495, 49.855765086781346]}, "properties": {"source": "deepforest", "kind": "tree", "score": 0.1677962988615036, "crown_m": 2.5}}, {"type": "Feature", "geometry": {"type": "Point", "coordinates": [-119.47606556117535, 49.854172846541495]}, "properties": {"source": "deepforest", "kind": "tree", "score": 0.1677839159965515, "crown_m": 2.02}}, {"type": "Feature", "geometry": {"type": "Point", "coordinates": [-119.47835616767406, 49.853798016135784]}, "properties": {"source": "deepforest", "kind": "tree", "score": 0.16774162650108337, "crown_m": 2.89}}, {"type": "Feature", "geometry": {"type": "Point", "coordinates": [-119.48234394192696, 49.853386866637976]}, "properties": {"source": "deepforest", "kind": "tree", "score": 0.16771651804447174, "crown_m": 2.02}}, {"type": "Feature", "geometry": {"type": "Point", "coordinates": [-119.47933852672577, 49.857231475044046]}, "properties": {"source": "deepforest", "kind": "tree", "score": 0.16769148409366608, "crown_m": 6.54}}, {"type": "Feature", "geometry": {"type": "Point", "coordinates": [-119.48134414851665, 49.853570608959416]}, "properties": {"source": "deepforest", "kind": "tree", "score": 0.16758356988430023, "crown_m": 2.31}}, {"type": "Feature", "geometry": {"type": "Point", "coordinates": [-119.47979718446732, 49.85723579805686]}, "properties": {"source": "deepforest", "kind": "tree", "score": 0.16757790744304657, "crown_m": 2.31}}, {"type": "Feature", "geometry": {"type": "Point", "coordinates": [-119.48137633502483, 49.856144225040275]}, "properties": {"source": "deepforest", "kind": "tree", "score": 0.16741132736206055, "crown_m": 3.56}}, {"type": "Feature", "geometry": {"type": "Point", "coordinates": [-119.47804637253284, 49.853504894138815]}, "properties": {"source": "deepforest", "kind": "tree", "score": 0.16740363836288452, "crown_m": 2.21}}, {"type": "Feature", "geometry": {"type": "Point", "coordinates": [-119.48230974376202, 49.85397570426839]}, "properties": {"source": "deepforest", "kind": "tree", "score": 0.16738680005073547, "crown_m": 2.6}}, {"type": "Feature", "geometry": {"type": "Point", "coordinates": [-119.48184303939342, 49.85661198330866]}, "properties": {"source": "deepforest", "kind": "tree", "score": 0.16737793385982513, "crown_m": 2.79}}, {"type": "Feature", "geometry": {"type": "Point", "coordinates": [-119.47669252753258, 49.85306607248694]}, "properties": {"source": "deepforest", "kind": "tree", "score": 0.1673765778541565, "crown_m": 1.83}}, {"type": "Feature", "geometry": {"type": "Point", "coordinates": [-119.47946861386299, 49.85650736493933]}, "properties": {"source": "deepforest", "kind": "tree", "score": 0.16709336638450623, "crown_m": 1.64}}, {"type": "Feature", "geometry": {"type": "Point", "coordinates": [-119.47998158633709, 49.85723579805686]}, "properties": {"source": "deepforest", "kind": "tree", "score": 0.16708719730377197, "crown_m": 2.21}}, {"type": "Feature", "geometry": {"type": "Point", "coordinates": [-119.48209181427956, 49.85485203010059]}, "properties": {"source": "deepforest", "kind": "tree", "score": 0.16705064475536346, "crown_m": 1.54}}, {"type": "Feature", "geometry": {"type": "Point", "coordinates": [-119.47702713310719, 49.85415641804946]}, "properties": {"source": "deepforest", "kind": "tree", "score": 0.16702492535114288, "crown_m": 1.44}}, {"type": "Feature", "geometry": {"type": "Point", "coordinates": [-119.4760836660862, 49.85395711405641]}, "properties": {"source": "deepforest", "kind": "tree", "score": 0.16695518791675568, "crown_m": 2.31}}, {"type": "Feature", "geometry": {"type": "Point", "coordinates": [-119.481136277318, 49.85537211137576]}, "properties": {"source": "deepforest", "kind": "tree", "score": 0.16692568361759186, "crown_m": 2.02}}, {"type": "Feature", "geometry": {"type": "Point", "coordinates": [-119.48192551732063, 49.85334190370469]}, "properties": {"source": "deepforest", "kind": "tree", "score": 0.16691026091575623, "crown_m": 2.41}}, {"type": "Feature", "geometry": {"type": "Point", "coordinates": [-119.47609841823578, 49.85418927502796]}, "properties": {"source": "deepforest", "kind": "tree", "score": 0.16689778864383698, "crown_m": 1.64}}, {"type": "Feature", "geometry": {"type": "Point", "coordinates": [-119.47604142129421, 49.855070352514545]}, "properties": {"source": "deepforest", "kind": "tree", "score": 0.16673405468463898, "crown_m": 2.02}}, {"type": "Feature", "geometry": {"type": "Point", "coordinates": [-119.47824954986572, 49.85599464519308]}, "properties": {"source": "deepforest", "kind": "tree", "score": 0.16671669483184814, "crown_m": 2.12}}, {"type": "Feature", "geometry": {"type": "Point", "coordinates": [-119.47562702000141, 49.853109306324164]}, "properties": {"source": "deepforest", "kind": "tree", "score": 0.16664473712444305, "crown_m": 1.44}}, {"type": "Feature", "geometry": {"type": "Point", "coordinates": [-119.47655908763409, 49.85684542844013]}, "properties": {"source": "deepforest", "kind": "tree", "score": 0.16662703454494476, "crown_m": 2.98}}, {"type": "Feature", "geometry": {"type": "Point", "coordinates": [-119.47670996189117, 49.855115746159925]}, "properties": {"source": "deepforest", "kind": "tree", "score": 0.16659663617610931, "crown_m": 1.73}}, {"type": "Feature", "geometry": {"type": "Point", "coordinates": [-119.47651751339436, 49.856921514017074]}, "properties": {"source": "deepforest", "kind": "tree", "score": 0.16655652225017548, "crown_m": 2.02}}, {"type": "Feature", "geometry": {"type": "Point", "coordinates": [-119.48042280972004, 49.85223121950575]}, "properties": {"source": "deepforest", "kind": "tree", "score": 0.16652460396289825, "crown_m": 1.93}}, {"type": "Feature", "geometry": {"type": "Point", "coordinates": [-119.48090560734272, 49.85378201984848]}, "properties": {"source": "deepforest", "kind": "tree", "score": 0.16646939516067505, "crown_m": 2.41}}, {"type": "Feature", "geometry": {"type": "Point", "coordinates": [-119.47756826877594, 49.85475000186202]}, "properties": {"source": "deepforest", "kind": "tree", "score": 0.1664610356092453, "crown_m": 2.31}}, {"type": "Feature", "geometry": {"type": "Point", "coordinates": [-119.48216624557972, 49.85562415207494]}, "properties": {"source": "deepforest", "kind": "tree", "score": 0.16645510494709015, "crown_m": 2.5}}, {"type": "Feature", "geometry": {"type": "Point", "coordinates": [-119.47933450341225, 49.854345345370746]}, "properties": {"source": "deepforest", "kind": "tree", "score": 0.16640916466712952, "crown_m": 1.35}}, {"type": "Feature", "geometry": {"type": "Point", "coordinates": [-119.48259137570858, 49.85540280593944]}, "properties": {"source": "deepforest", "kind": "tree", "score": 0.16637304425239563, "crown_m": 2.12}}, {"type": "Feature", "geometry": {"type": "Point", "coordinates": [-119.47495445609093, 49.853597413663216]}, "properties": {"source": "deepforest", "kind": "tree", "score": 0.16635948419570923, "crown_m": 1.54}}, {"type": "Feature", "geometry": {"type": "Point", "coordinates": [-119.4822245836258, 49.856084998393136]}, "properties": {"source": "deepforest", "kind": "tree", "score": 0.16634716093540192, "crown_m": 2.31}}, {"type": "Feature", "geometry": {"type": "Point", "coordinates": [-119.48234528303146, 49.85491039361477]}, "properties": {"source": "deepforest", "kind": "tree", "score": 0.16634483635425568, "crown_m": 2.98}}, {"type": "Feature", "geometry": {"type": "Point", "coordinates": [-119.4817578792572, 49.852259754335584]}, "properties": {"source": "deepforest", "kind": "tree", "score": 0.1663433015346527, "crown_m": 1.93}}, {"type": "Feature", "geometry": {"type": "Point", "coordinates": [-119.4750852137804, 49.85723968876807]}, "properties": {"source": "deepforest", "kind": "tree", "score": 0.16620589792728424, "crown_m": 1.83}}, {"type": "Feature", "geometry": {"type": "Point", "coordinates": [-119.4746969640255, 49.855867112876744]}, "properties": {"source": "deepforest", "kind": "tree", "score": 0.16619567573070526, "crown_m": 1.54}}, {"type": "Feature", "geometry": {"type": "Point", "coordinates": [-119.47969928383827, 49.85506084145964]}, "properties": {"source": "deepforest", "kind": "tree", "score": 0.16616833209991455, "crown_m": 1.93}}, {"type": "Feature", "geometry": {"type": "Point", "coordinates": [-119.47690978646278, 49.856306773713435]}, "properties": {"source": "deepforest", "kind": "tree", "score": 0.16611498594284058, "crown_m": 2.89}}, {"type": "Feature", "geometry": {"type": "Point", "coordinates": [-119.47509057819843, 49.85339637802235]}, "properties": {"source": "deepforest", "kind": "tree", "score": 0.16607876121997833, "crown_m": 1.64}}, {"type": "Feature", "geometry": {"type": "Point", "coordinates": [-119.47965435683727, 49.85448368985153]}, "properties": {"source": "deepforest", "kind": "tree", "score": 0.16607242822647095, "crown_m": 1.73}}, {"type": "Feature", "geometry": {"type": "Point", "coordinates": [-119.481405839324, 49.85473400588984]}, "properties": {"source": "deepforest", "kind": "tree", "score": 0.16593438386917114, "crown_m": 5.49}}, {"type": "Feature", "geometry": {"type": "Point", "coordinates": [-119.47935059666634, 49.851851185847515]}, "properties": {"source": "deepforest", "kind": "tree", "score": 0.16589881479740143, "crown_m": 1.93}}, {"type": "Feature", "geometry": {"type": "Point", "coordinates": [-119.47482839226723, 49.856254896536726]}, "properties": {"source": "deepforest", "kind": "tree", "score": 0.16579186916351318, "crown_m": 1.44}}, {"type": "Feature", "geometry": {"type": "Point", "coordinates": [-119.47976231575012, 49.85202499000742]}, "properties": {"source": "deepforest", "kind": "tree", "score": 0.16577473282814026, "crown_m": 2.5}}, {"type": "Feature", "geometry": {"type": "Point", "coordinates": [-119.48096059262753, 49.855934986049704]}, "properties": {"source": "deepforest", "kind": "tree", "score": 0.1657600700855255, "crown_m": 2.6}}, {"type": "Feature", "geometry": {"type": "Point", "coordinates": [-119.48187120258808, 49.85594968468607]}, "properties": {"source": "deepforest", "kind": "tree", "score": 0.16566124558448792, "crown_m": 2.98}}, {"type": "Feature", "geometry": {"type": "Point", "coordinates": [-119.4753997027874, 49.8550344698885]}, "properties": {"source": "deepforest", "kind": "tree", "score": 0.16561610996723175, "crown_m": 1.54}}, {"type": "Feature", "geometry": {"type": "Point", "coordinates": [-119.47815500199795, 49.85599421288071]}, "properties": {"source": "deepforest", "kind": "tree", "score": 0.1656120866537094, "crown_m": 1.64}}, {"type": "Feature", "geometry": {"type": "Point", "coordinates": [-119.47607159614563, 49.85441019439543]}, "properties": {"source": "deepforest", "kind": "tree", "score": 0.16559183597564697, "crown_m": 1.54}}, {"type": "Feature", "geometry": {"type": "Point", "coordinates": [-119.47753675282001, 49.85443829561243]}, "properties": {"source": "deepforest", "kind": "tree", "score": 0.165442556142807, "crown_m": 2.21}}, {"type": "Feature", "geometry": {"type": "Point", "coordinates": [-119.47945721447468, 49.85571493828262]}, "properties": {"source": "deepforest", "kind": "tree", "score": 0.16542567312717438, "crown_m": 2.12}}, {"type": "Feature", "geometry": {"type": "Point", "coordinates": [-119.48230504989624, 49.85492509256279]}, "properties": {"source": "deepforest", "kind": "tree", "score": 0.16539815068244934, "crown_m": 2.79}}, {"type": "Feature", "geometry": {"type": "Point", "coordinates": [-119.4812536239624, 49.852265374830374]}, "properties": {"source": "deepforest", "kind": "tree", "score": 0.165365532040596, "crown_m": 1.93}}, {"type": "Feature", "geometry": {"type": "Point", "coordinates": [-119.48097601532936, 49.85531331610075]}, "properties": {"source": "deepforest", "kind": "tree", "score": 0.16531512141227722, "crown_m": 2.6}}, {"type": "Feature", "geometry": {"type": "Point", "coordinates": [-119.48078691959381, 49.85167089579729]}, "properties": {"source": "deepforest", "kind": "tree", "score": 0.16529279947280884, "crown_m": 1.54}}, {"type": "Feature", "geometry": {"type": "Point", "coordinates": [-119.47925269603729, 49.855613344181705]}, "properties": {"source": "deepforest", "kind": "tree", "score": 0.16522406041622162, "crown_m": 2.02}}, {"type": "Feature", "geometry": {"type": "Point", "coordinates": [-119.48061659932137, 49.85455891449673]}, "properties": {"source": "deepforest", "kind": "tree", "score": 0.16509591042995453, "crown_m": 2.31}}, {"type": "Feature", "geometry": {"type": "Point", "coordinates": [-119.47959534823895, 49.85540237362178]}, "properties": {"source": "deepforest", "kind": "tree", "score": 0.16508685052394867, "crown_m": 1.44}}, {"type": "Feature", "geometry": {"type": "Point", "coordinates": [-119.4747143983841, 49.85599421288071]}, "properties": {"source": "deepforest", "kind": "tree", "score": 0.16489367187023163, "crown_m": 1.73}}, {"type": "Feature", "geometry": {"type": "Point", "coordinates": [-119.47785928845406, 49.85454983566645]}, "properties": {"source": "deepforest", "kind": "tree", "score": 0.16478243470191956, "crown_m": 1.64}}, {"type": "Feature", "geometry": {"type": "Point", "coordinates": [-119.47983741760254, 49.854119237757374]}, "properties": {"source": "deepforest", "kind": "tree", "score": 0.1646982580423355, "crown_m": 2.5}}, {"type": "Feature", "geometry": {"type": "Point", "coordinates": [-119.47559483349323, 49.855455116348104]}, "properties": {"source": "deepforest", "kind": "tree", "score": 0.16460692882537842, "crown_m": 2.79}}, {"type": "Feature", "geometry": {"type": "Point", "coordinates": [-119.47974018752575, 49.854744813979735]}, "properties": {"source": "deepforest", "kind": "tree", "score": 0.16444851458072662, "crown_m": 5.29}}, {"type": "Feature", "geometry": {"type": "Point", "coordinates": [-119.47928622364998, 49.855532068747195]}, "properties": {"source": "deepforest", "kind": "tree", "score": 0.16440004110336304, "crown_m": 1.64}}, {"type": "Feature", "geometry": {"type": "Point", "coordinates": [-119.47939686477184, 49.85526014090071]}, "properties": {"source": "deepforest", "kind": "tree", "score": 0.16439826786518097, "crown_m": 2.31}}, {"type": "Feature", "geometry": {"type": "Point", "coordinates": [-119.48210053145885, 49.85313092322828]}, "properties": {"source": "deepforest", "kind": "tree", "score": 0.16438987851142883, "crown_m": 2.41}}, {"type": "Feature", "geometry": {"type": "Point", "coordinates": [-119.4812811166048, 49.854693799774196]}, "properties": {"source": "deepforest", "kind": "tree", "score": 0.16437892615795135, "crown_m": 1.83}}, {"type": "Feature", "geometry": {"type": "Point", "coordinates": [-119.4742751866579, 49.85505349200683]}, "properties": {"source": "deepforest", "kind": "tree", "score": 0.1642613708972931, "crown_m": 2.41}}, {"type": "Feature", "geometry": {"type": "Point", "coordinates": [-119.48263563215733, 49.85587273295201]}, "properties": {"source": "deepforest", "kind": "tree", "score": 0.16424962878227234, "crown_m": 5.49}}, {"type": "Feature", "geometry": {"type": "Point", "coordinates": [-119.47716124355793, 49.85197267588575]}, "properties": {"source": "deepforest", "kind": "tree", "score": 0.1642208695411682, "crown_m": 2.31}}, {"type": "Feature", "geometry": {"type": "Point", "coordinates": [-119.48182694613934, 49.85283044739424]}, "properties": {"source": "deepforest", "kind": "tree", "score": 0.1641951948404312, "crown_m": 2.5}}, {"type": "Feature", "geometry": {"type": "Point", "coordinates": [-119.47756759822369, 49.856904654155244]}, "properties": {"source": "deepforest", "kind": "tree", "score": 0.16409216821193695, "crown_m": 1.54}}, {"type": "Feature", "geometry": {"type": "Point", "coordinates": [-119.48176860809326, 49.85350446180418]}, "properties": {"source": "deepforest", "kind": "tree", "score": 0.16405537724494934, "crown_m": 1.93}}, {"type": "Feature", "geometry": {"type": "Point", "coordinates": [-119.47905354201794, 49.85697036435275]}, "properties": {"source": "deepforest", "kind": "tree", "score": 0.16398528218269348, "crown_m": 1.54}}, {"type": "Feature", "geometry": {"type": "Point", "coordinates": [-119.47877459228039, 49.85597475882014]}, "properties": {"source": "deepforest", "kind": "tree", "score": 0.16390302777290344, "crown_m": 2.6}}, {"type": "Feature", "geometry": {"type": "Point", "coordinates": [-119.47906091809273, 49.854497091952055]}, "properties": {"source": "deepforest", "kind": "tree", "score": 0.16389858722686768, "crown_m": 1.64}}, {"type": "Feature", "geometry": {"type": "Point", "coordinates": [-119.47724372148514, 49.85690940950148]}, "properties": {"source": "deepforest", "kind": "tree", "score": 0.1638716608285904, "crown_m": 4.62}}, {"type": "Feature", "geometry": {"type": "Point", "coordinates": [-119.47980657219887, 49.8566171709905]}, "properties": {"source": "deepforest", "kind": "tree", "score": 0.16375640034675598, "crown_m": 2.12}}, {"type": "Feature", "geometry": {"type": "Point", "coordinates": [-119.47619564831257, 49.85443786328614]}, "properties": {"source": "deepforest", "kind": "tree", "score": 0.16371119022369385, "crown_m": 1.64}}, {"type": "Feature", "geometry": {"type": "Point", "coordinates": [-119.48174849152565, 49.852183229072125]}, "properties": {"source": "deepforest", "kind": "tree", "score": 0.16363732516765594, "crown_m": 1.54}}, {"type": "Feature", "geometry": {"type": "Point", "coordinates": [-119.47864718735218, 49.85578454092633]}, "properties": {"source": "deepforest", "kind": "tree", "score": 0.1636268049478531, "crown_m": 2.6}}, {"type": "Feature", "geometry": {"type": "Point", "coordinates": [-119.47618760168552, 49.85295107029163]}, "properties": {"source": "deepforest", "kind": "tree", "score": 0.16362543404102325, "crown_m": 1.44}}, {"type": "Feature", "geometry": {"type": "Point", "coordinates": [-119.47761185467243, 49.85444607748501]}, "properties": {"source": "deepforest", "kind": "tree", "score": 0.16357070207595825, "crown_m": 1.83}}, {"type": "Feature", "geometry": {"type": "Point", "coordinates": [-119.4790119677782, 49.85450271218666]}, "properties": {"source": "deepforest", "kind": "tree", "score": 0.16354277729988098, "crown_m": 1.93}}, {"type": "Feature", "geometry": {"type": "Point", "coordinates": [-119.48089890182018, 49.855049601119596]}, "properties": {"source": "deepforest", "kind": "tree", "score": 0.1633928269147873, "crown_m": 3.18}}, {"type": "Feature", "geometry": {"type": "Point", "coordinates": [-119.48060117661953, 49.85557270648154]}, "properties": {"source": "deepforest", "kind": "tree", "score": 0.1633388102054596, "crown_m": 2.41}}, {"type": "Feature", "geometry": {"type": "Point", "coordinates": [-119.48073461651802, 49.85403666282031]}, "properties": {"source": "deepforest", "kind": "tree", "score": 0.16330993175506592, "crown_m": 1.93}}, {"type": "Feature", "geometry": {"type": "Point", "coordinates": [-119.47625935077667, 49.85194759967511]}, "properties": {"source": "deepforest", "kind": "tree", "score": 0.16325925290584564, "crown_m": 1.73}}, {"type": "Feature", "geometry": {"type": "Point", "coordinates": [-119.47636730968952, 49.85314821674461]}, "properties": {"source": "deepforest", "kind": "tree", "score": 0.16320964694023132, "crown_m": 1.64}}, {"type": "Feature", "geometry": {"type": "Point", "coordinates": [-119.47793707251549, 49.85564490322315]}, "properties": {"source": "deepforest", "kind": "tree", "score": 0.16316302120685577, "crown_m": 3.08}}, {"type": "Feature", "geometry": {"type": "Point", "coordinates": [-119.48103033006191, 49.85591337039987]}, "properties": {"source": "deepforest", "kind": "tree", "score": 0.16313377022743225, "crown_m": 5.68}}, {"type": "Feature", "geometry": {"type": "Point", "coordinates": [-119.48220983147621, 49.853902208039734]}, "properties": {"source": "deepforest", "kind": "tree", "score": 0.16311697661876678, "crown_m": 2.6}}, {"type": "Feature", "geometry": {"type": "Point", "coordinates": [-119.47704389691353, 49.85444175422261]}, "properties": {"source": "deepforest", "kind": "tree", "score": 0.1631147861480713, "crown_m": 2.41}}, {"type": "Feature", "geometry": {"type": "Point", "coordinates": [-119.48227621614933, 49.853368276199475]}, "properties": {"source": "deepforest", "kind": "tree", "score": 0.16307668387889862, "crown_m": 3.27}}, {"type": "Feature", "geometry": {"type": "Point", "coordinates": [-119.47604611515999, 49.85692843088177]}, "properties": {"source": "deepforest", "kind": "tree", "score": 0.163054957985878, "crown_m": 1.73}}, {"type": "Feature", "geometry": {"type": "Point", "coordinates": [-119.4775253534317, 49.853744839268344]}, "properties": {"source": "deepforest", "kind": "tree", "score": 0.16287653148174286, "crown_m": 2.21}}, {"type": "Feature", "geometry": {"type": "Point", "coordinates": [-119.47946391999722, 49.85724012106929]}, "properties": {"source": "deepforest", "kind": "tree", "score": 0.1628585010766983, "crown_m": 2.6}}, {"type": "Feature", "geometry": {"type": "Point", "coordinates": [-119.48004797101021, 49.85350446180418]}, "properties": {"source": "deepforest", "kind": "tree", "score": 0.1628456562757492, "crown_m": 1.93}}, {"type": "Feature", "geometry": {"type": "Point", "coordinates": [-119.48101758956909, 49.8554460376862]}, "properties": {"source": "deepforest", "kind": "tree", "score": 0.16282060742378235, "crown_m": 1.93}}, {"type": "Feature", "geometry": {"type": "Point", "coordinates": [-119.4767689704895, 49.85297268726652]}, "properties": {"source": "deepforest", "kind": "tree", "score": 0.16270743310451508, "crown_m": 1.54}}, {"type": "Feature", "geometry": {"type": "Point", "coordinates": [-119.47597101330757, 49.855344443019966]}, "properties": {"source": "deepforest", "kind": "tree", "score": 0.16268378496170044, "crown_m": 3.08}}, {"type": "Feature", "geometry": {"type": "Point", "coordinates": [-119.47544127702713, 49.855112287597954]}, "properties": {"source": "deepforest", "kind": "tree", "score": 0.16262710094451904, "crown_m": 2.31}}, {"type": "Feature", "geometry": {"type": "Point", "coordinates": [-119.47598576545715, 49.855288673942155]}, "properties": {"source": "deepforest", "kind": "tree", "score": 0.16260044276714325, "crown_m": 1.93}}, {"type": "Feature", "geometry": {"type": "Point", "coordinates": [-119.47657182812691, 49.85401634331155]}, "properties": {"source": "deepforest", "kind": "tree", "score": 0.16258761286735535, "crown_m": 1.83}}, {"type": "Feature", "geometry": {"type": "Point", "coordinates": [-119.48050931096077, 49.85622160865234]}, "properties": {"source": "deepforest", "kind": "tree", "score": 0.1625673919916153, "crown_m": 1.54}}, {"type": "Feature", "geometry": {"type": "Point", "coordinates": [-119.48086805641651, 49.85223165185178]}, "properties": {"source": "deepforest", "kind": "tree", "score": 0.1625591218471527, "crown_m": 1.83}}, {"type": "Feature", "geometry": {"type": "Point", "coordinates": [-119.4793713837862, 49.85180146563704]}, "properties": {"source": "deepforest", "kind": "tree", "score": 0.16246511042118073, "crown_m": 1.44}}, {"type": "Feature", "geometry": {"type": "Point", "coordinates": [-119.47583422064781, 49.85496616312914]}, "properties": {"source": "deepforest", "kind": "tree", "score": 0.16243204474449158, "crown_m": 2.89}}, {"type": "Feature", "geometry": {"type": "Point", "coordinates": [-119.48147892951965, 49.85366485769087]}, "properties": {"source": "deepforest", "kind": "tree", "score": 0.16242186725139618, "crown_m": 2.5}}, {"type": "Feature", "geometry": {"type": "Point", "coordinates": [-119.47479084134102, 49.85569418716447]}, "properties": {"source": "deepforest", "kind": "tree", "score": 0.16237375140190125, "crown_m": 1.93}}, {"type": "Feature", "geometry": {"type": "Point", "coordinates": [-119.4749128818512, 49.85370463232973]}, "properties": {"source": "deepforest", "kind": "tree", "score": 0.16235536336898804, "crown_m": 1.93}}, {"type": "Feature", "geometry": {"type": "Point", "coordinates": [-119.48113091289997, 49.854433972349334]}, "properties": {"source": "deepforest", "kind": "tree", "score": 0.16234061121940613, "crown_m": 3.56}}, {"type": "Feature", "geometry": {"type": "Point", "coordinates": [-119.47612658143044, 49.853544668909336]}, "properties": {"source": "deepforest", "kind": "tree", "score": 0.1622253805398941, "crown_m": 2.7}}, {"type": "Feature", "geometry": {"type": "Point", "coordinates": [-119.48123954236507, 49.857030022217835]}, "properties": {"source": "deepforest", "kind": "tree", "score": 0.16221915185451508, "crown_m": 1.73}}, {"type": "Feature", "geometry": {"type": "Point", "coordinates": [-119.48182694613934, 49.85575211734701]}, "properties": {"source": "deepforest", "kind": "tree", "score": 0.16214804351329803, "crown_m": 2.89}}, {"type": "Feature", "geometry": {"type": "Point", "coordinates": [-119.47807185351849, 49.8566772615979]}, "properties": {"source": "deepforest", "kind": "tree", "score": 0.16195473074913025, "crown_m": 2.5}}, {"type": "Feature", "geometry": {"type": "Point", "coordinates": [-119.4804348796606, 49.85594579387099]}, "properties": {"source": "deepforest", "kind": "tree", "score": 0.1619543433189392, "crown_m": 1.54}}, {"type": "Feature", "geometry": {"type": "Point", "coordinates": [-119.47857543826103, 49.85712426420246]}, "properties": {"source": "deepforest", "kind": "tree", "score": 0.1618470400571823, "crown_m": 4.81}}, {"type": "Feature", "geometry": {"type": "Point", "coordinates": [-119.47692587971687, 49.8550400900606]}, "properties": {"source": "deepforest", "kind": "tree", "score": 0.1617591828107834, "crown_m": 2.31}}, {"type": "Feature", "geometry": {"type": "Point", "coordinates": [-119.48247537016869, 49.855538985810774]}, "properties": {"source": "deepforest", "kind": "tree", "score": 0.1616997867822647, "crown_m": 1.93}}, {"type": "Feature", "geometry": {"type": "Point", "coordinates": [-119.47523407638073, 49.853995159133746]}, "properties": {"source": "deepforest", "kind": "tree", "score": 0.16169686615467072, "crown_m": 1.54}}, {"type": "Feature", "geometry": {"type": "Point", "coordinates": [-119.47898916900158, 49.85266702234331]}, "properties": {"source": "deepforest", "kind": "tree", "score": 0.1616555154323578, "crown_m": 2.31}}, {"type": "Feature", "geometry": {"type": "Point", "coordinates": [-119.47873167693615, 49.85257104229391]}, "properties": {"source": "deepforest", "kind": "tree", "score": 0.161624938249588, "crown_m": 2.02}}, {"type": "Feature", "geometry": {"type": "Point", "coordinates": [-119.48115840554237, 49.85162204010432]}, "properties": {"source": "deepforest", "kind": "tree", "score": 0.16161203384399414, "crown_m": 6.74}}, {"type": "Feature", "geometry": {"type": "Point", "coordinates": [-119.47796456515789, 49.852223437276514]}, "properties": {"source": "deepforest", "kind": "tree", "score": 0.16155463457107544, "crown_m": 1.93}}, {"type": "Feature", "geometry": {"type": "Point", "coordinates": [-119.48024712502956, 49.85514644088643]}, "properties": {"source": "deepforest", "kind": "tree", "score": 0.16154788434505463, "crown_m": 2.79}}, {"type": "Feature", "geometry": {"type": "Point", "coordinates": [-119.47665765881538, 49.853476792379055]}, "properties": {"source": "deepforest", "kind": "tree", "score": 0.1615256518125534, "crown_m": 3.08}}, {"type": "Feature", "geometry": {"type": "Point", "coordinates": [-119.47685614228249, 49.8562259317555]}, "properties": {"source": "deepforest", "kind": "tree", "score": 0.16148972511291504, "crown_m": 1.54}}, {"type": "Feature", "geometry": {"type": "Point", "coordinates": [-119.47829984128475, 49.85350446180418]}, "properties": {"source": "deepforest", "kind": "tree", "score": 0.161453515291214, "crown_m": 2.41}}, {"type": "Feature", "geometry": {"type": "Point", "coordinates": [-119.48024779558182, 49.85511358455873]}, "properties": {"source": "deepforest", "kind": "tree", "score": 0.16142913699150085, "crown_m": 4.14}}, {"type": "Feature", "geometry": {"type": "Point", "coordinates": [-119.47544798254967, 49.8523397382385]}, "properties": {"source": "deepforest", "kind": "tree", "score": 0.16141484677791595, "crown_m": 3.18}}, {"type": "Feature", "geometry": {"type": "Point", "coordinates": [-119.48032356798649, 49.85473227659523]}, "properties": {"source": "deepforest", "kind": "tree", "score": 0.16135191917419434, "crown_m": 2.98}}, {"type": "Feature", "geometry": {"type": "Point", "coordinates": [-119.48235467076302, 49.852656646130946]}, "properties": {"source": "deepforest", "kind": "tree", "score": 0.16134992241859436, "crown_m": 2.5}}, {"type": "Feature", "geometry": {"type": "Point", "coordinates": [-119.47882421314716, 49.85613990192981]}, "properties": {"source": "deepforest", "kind": "tree", "score": 0.1613425314426422, "crown_m": 2.6}}, {"type": "Feature", "geometry": {"type": "Point", "coordinates": [-119.47800882160664, 49.85318842414615]}, "properties": {"source": "deepforest", "kind": "tree", "score": 0.16121646761894226, "crown_m": 1.73}}, {"type": "Feature", "geometry": {"type": "Point", "coordinates": [-119.48269128799438, 49.85380882443502]}, "properties": {"source": "deepforest", "kind": "tree", "score": 0.1611563265323639, "crown_m": 2.5}}, {"type": "Feature", "geometry": {"type": "Point", "coordinates": [-119.48268055915833, 49.856961285975515]}, "properties": {"source": "deepforest", "kind": "tree", "score": 0.16107545793056488, "crown_m": 2.98}}, {"type": "Feature", "geometry": {"type": "Point", "coordinates": [-119.47844937443733, 49.85694269691206]}, "properties": {"source": "deepforest", "kind": "tree", "score": 0.1610640287399292, "crown_m": 2.31}}, {"type": "Feature", "geometry": {"type": "Point", "coordinates": [-119.47478950023651, 49.85610445240933]}, "properties": {"source": "deepforest", "kind": "tree", "score": 0.1610499918460846, "crown_m": 1.83}}, {"type": "Feature", "geometry": {"type": "Point", "coordinates": [-119.47907567024231, 49.85483430487121]}, "properties": {"source": "deepforest", "kind": "tree", "score": 0.16102468967437744, "crown_m": 3.47}}, {"type": "Feature", "geometry": {"type": "Point", "coordinates": [-119.47954371571541, 49.85534401070177]}, "properties": {"source": "deepforest", "kind": "tree", "score": 0.16088822484016418, "crown_m": 3.27}}, {"type": "Feature", "geometry": {"type": "Point", "coordinates": [-119.4758040457964, 49.85677280118676]}, "properties": {"source": "deepforest", "kind": "tree", "score": 0.1608843356370926, "crown_m": 1.64}}, {"type": "Feature", "geometry": {"type": "Point", "coordinates": [-119.47498463094234, 49.85655232492746]}, "properties": {"source": "deepforest", "kind": "tree", "score": 0.16088396310806274, "crown_m": 2.41}}, {"type": "Feature", "geometry": {"type": "Point", "coordinates": [-119.47796523571014, 49.853560232941064]}, "properties": {"source": "deepforest", "kind": "tree", "score": 0.16085532307624817, "crown_m": 1.93}}, {"type": "Feature", "geometry": {"type": "Point", "coordinates": [-119.47617754340172, 49.85421737637342]}, "properties": {"source": "deepforest", "kind": "tree", "score": 0.1608324646949768, "crown_m": 1.93}}, {"type": "Feature", "geometry": {"type": "Point", "coordinates": [-119.47497323155403, 49.8545939328261]}, "properties": {"source": "deepforest", "kind": "tree", "score": 0.16076061129570007, "crown_m": 2.6}}, {"type": "Feature", "geometry": {"type": "Point", "coordinates": [-119.47961211204529, 49.8566171709905]}, "properties": {"source": "deepforest", "kind": "tree", "score": 0.16075997054576874, "crown_m": 1.73}}, {"type": "Feature", "geometry": {"type": "Point", "coordinates": [-119.47857074439526, 49.85253472546876]}, "properties": {"source": "deepforest", "kind": "tree", "score": 0.16074980795383453, "crown_m": 3.47}}, {"type": "Feature", "geometry": {"type": "Point", "coordinates": [-119.48235332965851, 49.856447706428966]}, "properties": {"source": "deepforest", "kind": "tree", "score": 0.16067852079868317, "crown_m": 2.02}}, {"type": "Feature", "geometry": {"type": "Point", "coordinates": [-119.48138773441315, 49.85153902854814]}, "properties": {"source": "deepforest", "kind": "tree", "score": 0.16061599552631378, "crown_m": 2.6}}, {"type": "Feature", "geometry": {"type": "Point", "coordinates": [-119.47571352124214, 49.853239872277825]}, "properties": {"source": "deepforest", "kind": "tree", "score": 0.16057027876377106, "crown_m": 2.21}}, {"type": "Feature", "geometry": {"type": "Point", "coordinates": [-119.47699829936028, 49.85443786328614]}, "properties": {"source": "deepforest", "kind": "tree", "score": 0.16045129299163818, "crown_m": 2.89}}, {"type": "Feature", "geometry": {"type": "Point", "coordinates": [-119.4750040769577, 49.855683811602056]}, "properties": {"source": "deepforest", "kind": "tree", "score": 0.16040857136249542, "crown_m": 2.7}}, {"type": "Feature", "geometry": {"type": "Point", "coordinates": [-119.47559416294098, 49.8547011492817]}, "properties": {"source": "deepforest", "kind": "tree", "score": 0.1604081243276596, "crown_m": 2.41}}, {"type": "Feature", "geometry": {"type": "Point", "coordinates": [-119.47722494602203, 49.853600872333594]}, "properties": {"source": "deepforest", "kind": "tree", "score": 0.1603337526321411, "crown_m": 1.54}}, {"type": "Feature", "geometry": {"type": "Point", "coordinates": [-119.47554990649223, 49.853307749140875]}, "properties": {"source": "deepforest", "kind": "tree", "score": 0.16026324033737183, "crown_m": 2.12}}, {"type": "Feature", "geometry": {"type": "Point", "coordinates": [-119.47653897106647, 49.85225586322342]}, "properties": {"source": "deepforest", "kind": "tree", "score": 0.16024106740951538, "crown_m": 3.37}}, {"type": "Feature", "geometry": {"type": "Point", "coordinates": [-119.47628147900105, 49.85160950190965]}, "properties": {"source": "deepforest", "kind": "tree", "score": 0.16024091839790344, "crown_m": 1.83}}, {"type": "Feature", "geometry": {"type": "Point", "coordinates": [-119.48232918977737, 49.85378807249836]}, "properties": {"source": "deepforest", "kind": "tree", "score": 0.16015876829624176, "crown_m": 2.12}}, {"type": "Feature", "geometry": {"type": "Point", "coordinates": [-119.47683736681938, 49.855789728697005]}, "properties": {"source": "deepforest", "kind": "tree", "score": 0.16015559434890747, "crown_m": 2.6}}, {"type": "Feature", "geometry": {"type": "Point", "coordinates": [-119.47552978992462, 49.85630590909428]}, "properties": {"source": "deepforest", "kind": "tree", "score": 0.16004082560539246, "crown_m": 2.31}}, {"type": "Feature", "geometry": {"type": "Point", "coordinates": [-119.48184035718441, 49.85556276320927]}, "properties": {"source": "deepforest", "kind": "tree", "score": 0.15999147295951843, "crown_m": 5.39}}, {"type": "Feature", "geometry": {"type": "Point", "coordinates": [-119.47607696056366, 49.85370376766402]}, "properties": {"source": "deepforest", "kind": "tree", "score": 0.15997518599033356, "crown_m": 2.7}}, {"type": "Feature", "geometry": {"type": "Point", "coordinates": [-119.48187120258808, 49.855887431607314]}, "properties": {"source": "deepforest", "kind": "tree", "score": 0.15988047420978546, "crown_m": 2.98}}, {"type": "Feature", "geometry": {"type": "Point", "coordinates": [-119.4797670096159, 49.855696781054725]}, "properties": {"source": "deepforest", "kind": "tree", "score": 0.15984566509723663, "crown_m": 2.02}}, {"type": "Feature", "geometry": {"type": "Point", "coordinates": [-119.48182828724384, 49.85598772819472]}, "properties": {"source": "deepforest", "kind": "tree", "score": 0.15981295704841614, "crown_m": 2.21}}, {"type": "Feature", "geometry": {"type": "Point", "coordinates": [-119.48030546307564, 49.85325327472331]}, "properties": {"source": "deepforest", "kind": "tree", "score": 0.15979982912540436, "crown_m": 1.93}}, {"type": "Feature", "geometry": {"type": "Point", "coordinates": [-119.4746895879507, 49.856004156064195]}, "properties": {"source": "deepforest", "kind": "tree", "score": 0.15977725386619568, "crown_m": 7.03}}, {"type": "Feature", "geometry": {"type": "Point", "coordinates": [-119.47789549827576, 49.85371414365157]}, "properties": {"source": "deepforest", "kind": "tree", "score": 0.1596158742904663, "crown_m": 2.12}}, {"type": "Feature", "geometry": {"type": "Point", "coordinates": [-119.48212869465351, 49.85424461304651]}, "properties": {"source": "deepforest", "kind": "tree", "score": 0.15949073433876038, "crown_m": 2.6}}, {"type": "Feature", "geometry": {"type": "Point", "coordinates": [-119.4750490039587, 49.85723968876807]}, "properties": {"source": "deepforest", "kind": "tree", "score": 0.15948520600795746, "crown_m": 1.64}}, {"type": "Feature", "geometry": {"type": "Point", "coordinates": [-119.47999097406864, 49.851674354605535]}, "properties": {"source": "deepforest", "kind": "tree", "score": 0.15946424007415771, "crown_m": 2.89}}, {"type": "Feature", "geometry": {"type": "Point", "coordinates": [-119.47614066302776, 49.85480490691548]}, "properties": {"source": "deepforest", "kind": "tree", "score": 0.15944860875606537, "crown_m": 11.45}}, {"type": "Feature", "geometry": {"type": "Point", "coordinates": [-119.47748310863972, 49.851616851886234]}, "properties": {"source": "deepforest", "kind": "tree", "score": 0.1593671441078186, "crown_m": 2.41}}, {"type": "Feature", "geometry": {"type": "Point", "coordinates": [-119.48187120258808, 49.85460733489605]}, "properties": {"source": "deepforest", "kind": "tree", "score": 0.1593363881111145, "crown_m": 1.93}}, {"type": "Feature", "geometry": {"type": "Point", "coordinates": [-119.48094919323921, 49.85231120345589]}, "properties": {"source": "deepforest", "kind": "tree", "score": 0.159322127699852, "crown_m": 2.21}}, {"type": "Feature", "geometry": {"type": "Point", "coordinates": [-119.48103569447994, 49.85525452075421]}, "properties": {"source": "deepforest", "kind": "tree", "score": 0.15931065380573273, "crown_m": 2.98}}, {"type": "Feature", "geometry": {"type": "Point", "coordinates": [-119.47977237403393, 49.85361470701262]}, "properties": {"source": "deepforest", "kind": "tree", "score": 0.15928389132022858, "crown_m": 2.31}}, {"type": "Feature", "geometry": {"type": "Point", "coordinates": [-119.47924196720123, 49.85380493344757]}, "properties": {"source": "deepforest", "kind": "tree", "score": 0.15922583639621735, "crown_m": 2.89}}, {"type": "Feature", "geometry": {"type": "Point", "coordinates": [-119.48194496333599, 49.85150789917781]}, "properties": {"source": "deepforest", "kind": "tree", "score": 0.15921661257743835, "crown_m": 2.02}}, {"type": "Feature", "geometry": {"type": "Point", "coordinates": [-119.4783528149128, 49.85156496967476]}, "properties": {"source": "deepforest", "kind": "tree", "score": 0.1592046022415161, "crown_m": 2.41}}, {"type": "Feature", "geometry": {"type": "Point", "coordinates": [-119.48114365339279, 49.852258457298234]}, "properties": {"source": "deepforest", "kind": "tree", "score": 0.15916934609413147, "crown_m": 1.93}}, {"type": "Feature", "geometry": {"type": "Point", "coordinates": [-119.47951555252075, 49.856033553290374]}, "properties": {"source": "deepforest", "kind": "tree", "score": 0.15914911031723022, "crown_m": 2.6}}, {"type": "Feature", "geometry": {"type": "Point", "coordinates": [-119.47853520512581, 49.857215047591815]}, "properties": {"source": "deepforest", "kind": "tree", "score": 0.1590544730424881, "crown_m": 1.54}}, {"type": "Feature", "geometry": {"type": "Point", "coordinates": [-119.47981528937817, 49.85210108317424]}, "properties": {"source": "deepforest", "kind": "tree", "score": 0.15903231501579285, "crown_m": 2.41}}, {"type": "Feature", "geometry": {"type": "Point", "coordinates": [-119.4780644774437, 49.85529818495222]}, "properties": {"source": "deepforest", "kind": "tree", "score": 0.1589841991662979, "crown_m": 1.93}}, {"type": "Feature", "geometry": {"type": "Point", "coordinates": [-119.48104575276375, 49.854100215271295]}, "properties": {"source": "deepforest", "kind": "tree", "score": 0.15892711281776428, "crown_m": 2.21}}, {"type": "Feature", "geometry": {"type": "Point", "coordinates": [-119.47464868426323, 49.85604738727297]}, "properties": {"source": "deepforest", "kind": "tree", "score": 0.15890787541866302, "crown_m": 2.21}}, {"type": "Feature", "geometry": {"type": "Point", "coordinates": [-119.48261886835098, 49.85552990716462]}, "properties": {"source": "deepforest", "kind": "tree", "score": 0.15885163843631744, "crown_m": 2.5}}, {"type": "Feature", "geometry": {"type": "Point", "coordinates": [-119.4813421368599, 49.855486243175974]}, "properties": {"source": "deepforest", "kind": "tree", "score": 0.15884491801261902, "crown_m": 2.41}}, {"type": "Feature", "geometry": {"type": "Point", "coordinates": [-119.47983540594578, 49.85593930917851]}, "properties": {"source": "deepforest", "kind": "tree", "score": 0.1587834358215332, "crown_m": 2.6}}, {"type": "Feature", "geometry": {"type": "Point", "coordinates": [-119.47649203240871, 49.85257104229391]}, "properties": {"source": "deepforest", "kind": "tree", "score": 0.15878088772296906, "crown_m": 2.6}}, {"type": "Feature", "geometry": {"type": "Point", "coordinates": [-119.47844736278057, 49.85349149176312]}, "properties": {"source": "deepforest", "kind": "tree", "score": 0.15875442326068878, "crown_m": 3.18}}, {"type": "Feature", "geometry": {"type": "Point", "coordinates": [-119.47795517742634, 49.85443829561243]}, "properties": {"source": "deepforest", "kind": "tree", "score": 0.15875141322612762, "crown_m": 1.64}}, {"type": "Feature", "geometry": {"type": "Point", "coordinates": [-119.47716124355793, 49.85600761456232]}, "properties": {"source": "deepforest", "kind": "tree", "score": 0.15867933630943298, "crown_m": 2.79}}, {"type": "Feature", "geometry": {"type": "Point", "coordinates": [-119.48147691786289, 49.85339681035796]}, "properties": {"source": "deepforest", "kind": "tree", "score": 0.1586657464504242, "crown_m": 5.01}}, {"type": "Feature", "geometry": {"type": "Point", "coordinates": [-119.48020353913307, 49.85450357683808]}, "properties": {"source": "deepforest", "kind": "tree", "score": 0.1586153656244278, "crown_m": 1.54}}, {"type": "Feature", "geometry": {"type": "Point", "coordinates": [-119.47974555194378, 49.85549445719666]}, "properties": {"source": "deepforest", "kind": "tree", "score": 0.15861472487449646, "crown_m": 7.12}}, {"type": "Feature", "geometry": {"type": "Point", "coordinates": [-119.48121942579746, 49.85363243268933]}, "properties": {"source": "deepforest", "kind": "tree", "score": 0.15857914090156555, "crown_m": 2.02}}, {"type": "Feature", "geometry": {"type": "Point", "coordinates": [-119.47990581393242, 49.85398953884012]}, "properties": {"source": "deepforest", "kind": "tree", "score": 0.1585627794265747, "crown_m": 2.41}}, {"type": "Feature", "geometry": {"type": "Point", "coordinates": [-119.4815319031477, 49.85186977686959]}, "properties": {"source": "deepforest", "kind": "tree", "score": 0.15855896472930908, "crown_m": 1.93}}, {"type": "Feature", "geometry": {"type": "Point", "coordinates": [-119.48164120316505, 49.85569937494484]}, "properties": {"source": "deepforest", "kind": "tree", "score": 0.15853485465049744, "crown_m": 2.7}}, {"type": "Feature", "geometry": {"type": "Point", "coordinates": [-119.47844803333282, 49.851885773789846]}, "properties": {"source": "deepforest", "kind": "tree", "score": 0.1585000902414322, "crown_m": 2.79}}, {"type": "Feature", "geometry": {"type": "Point", "coordinates": [-119.4765604287386, 49.856115260192716]}, "properties": {"source": "deepforest", "kind": "tree", "score": 0.15841823816299438, "crown_m": 2.31}}, {"type": "Feature", "geometry": {"type": "Point", "coordinates": [-119.47965703904629, 49.85643344025254]}, "properties": {"source": "deepforest", "kind": "tree", "score": 0.1583656519651413, "crown_m": 1.92}}, {"type": "Feature", "geometry": {"type": "Point", "coordinates": [-119.4800741225481, 49.85343399120585]}, "properties": {"source": "deepforest", "kind": "tree", "score": 0.1582961529493332, "crown_m": 1.93}}, {"type": "Feature", "geometry": {"type": "Point", "coordinates": [-119.48169887065887, 49.856277808963306]}, "properties": {"source": "deepforest", "kind": "tree", "score": 0.1582484096288681, "crown_m": 2.5}}, {"type": "Feature", "geometry": {"type": "Point", "coordinates": [-119.4804234802723, 49.85507770196478]}, "properties": {"source": "deepforest", "kind": "tree", "score": 0.15817159414291382, "crown_m": 3.27}}, {"type": "Feature", "geometry": {"type": "Point", "coordinates": [-119.48002114892006, 49.85356758262096]}, "properties": {"source": "deepforest", "kind": "tree", "score": 0.15814898908138275, "crown_m": 1.83}}, {"type": "Feature", "geometry": {"type": "Point", "coordinates": [-119.48215082287788, 49.85475000186202]}, "properties": {"source": "deepforest", "kind": "tree", "score": 0.15810222923755646, "crown_m": 1.93}}, {"type": "Feature", "geometry": {"type": "Point", "coordinates": [-119.48021963238716, 49.85451524963073]}, "properties": {"source": "deepforest", "kind": "tree", "score": 0.15808412432670593, "crown_m": 1.64}}, {"type": "Feature", "geometry": {"type": "Point", "coordinates": [-119.474967867136, 49.85723968876807]}, "properties": {"source": "deepforest", "kind": "tree", "score": 0.15805794298648834, "crown_m": 2.5}}, {"type": "Feature", "geometry": {"type": "Point", "coordinates": [-119.47606019675732, 49.85664051555189]}, "properties": {"source": "deepforest", "kind": "tree", "score": 0.15804138779640198, "crown_m": 1.64}}, {"type": "Feature", "geometry": {"type": "Point", "coordinates": [-119.48235400021076, 49.85674210749328]}, "properties": {"source": "deepforest", "kind": "tree", "score": 0.15799909830093384, "crown_m": 3.08}}, {"type": "Feature", "geometry": {"type": "Point", "coordinates": [-119.48078490793705, 49.855667383623675]}, "properties": {"source": "deepforest", "kind": "tree", "score": 0.15797610580921173, "crown_m": 5.1}}, {"type": "Feature", "geometry": {"type": "Point", "coordinates": [-119.4797683507204, 49.85200423730477]}, "properties": {"source": "deepforest", "kind": "tree", "score": 0.15793706476688385, "crown_m": 1.64}}, {"type": "Feature", "geometry": {"type": "Point", "coordinates": [-119.48067426681519, 49.85359438732644]}, "properties": {"source": "deepforest", "kind": "tree", "score": 0.15789556503295898, "crown_m": 2.02}}, {"type": "Feature", "geometry": {"type": "Point", "coordinates": [-119.47528101503849, 49.85629034594683]}, "properties": {"source": "deepforest", "kind": "tree", "score": 0.15788215398788452, "crown_m": 3.18}}, {"type": "Feature", "geometry": {"type": "Point", "coordinates": [-119.48168009519577, 49.85622852561721]}, "properties": {"source": "deepforest", "kind": "tree", "score": 0.1578635424375534, "crown_m": 2.69}}, {"type": "Feature", "geometry": {"type": "Point", "coordinates": [-119.47687156498432, 49.856182700706455]}, "properties": {"source": "deepforest", "kind": "tree", "score": 0.157788947224617, "crown_m": 2.6}}, {"type": "Feature", "geometry": {"type": "Point", "coordinates": [-119.48107995092869, 49.85619394078292]}, "properties": {"source": "deepforest", "kind": "tree", "score": 0.1577887237071991, "crown_m": 2.89}}, {"type": "Feature", "geometry": {"type": "Point", "coordinates": [-119.48086939752102, 49.85551564071723]}, "properties": {"source": "deepforest", "kind": "tree", "score": 0.15777377784252167, "crown_m": 3.56}}, {"type": "Feature", "geometry": {"type": "Point", "coordinates": [-119.48086269199848, 49.85226623952184]}, "properties": {"source": "deepforest", "kind": "tree", "score": 0.15769974887371063, "crown_m": 2.41}}, {"type": "Feature", "geometry": {"type": "Point", "coordinates": [-119.47555124759674, 49.85600761456232]}, "properties": {"source": "deepforest", "kind": "tree", "score": 0.15767379105091095, "crown_m": 1.54}}, {"type": "Feature", "geometry": {"type": "Point", "coordinates": [-119.47964496910572, 49.855736121706535]}, "properties": {"source": "deepforest", "kind": "tree", "score": 0.15766966342926025, "crown_m": 2.02}}, {"type": "Feature", "geometry": {"type": "Point", "coordinates": [-119.47948068380356, 49.85153686678695]}, "properties": {"source": "deepforest", "kind": "tree", "score": 0.1576579511165619, "crown_m": 1.54}}, {"type": "Feature", "geometry": {"type": "Point", "coordinates": [-119.47662077844143, 49.85317588635786]}, "properties": {"source": "deepforest", "kind": "tree", "score": 0.15754032135009766, "crown_m": 1.64}}, {"type": "Feature", "geometry": {"type": "Point", "coordinates": [-119.4750040769577, 49.856606363319365]}, "properties": {"source": "deepforest", "kind": "tree", "score": 0.1574711948633194, "crown_m": 2.69}}, {"type": "Feature", "geometry": {"type": "Point", "coordinates": [-119.48090560734272, 49.852328497265546]}, "properties": {"source": "deepforest", "kind": "tree", "score": 0.15745200216770172, "crown_m": 2.6}}, {"type": "Feature", "geometry": {"type": "Point", "coordinates": [-119.48138773441315, 49.851584857862406]}, "properties": {"source": "deepforest", "kind": "tree", "score": 0.1573956459760666, "crown_m": 1.83}}, {"type": "Feature", "geometry": {"type": "Point", "coordinates": [-119.4775528460741, 49.85689038811372]}, "properties": {"source": "deepforest", "kind": "tree", "score": 0.1573687046766281, "crown_m": 2.21}}, {"type": "Feature", "geometry": {"type": "Point", "coordinates": [-119.47469897568226, 49.856369026251954]}, "properties": {"source": "deepforest", "kind": "tree", "score": 0.15732568502426147, "crown_m": 1.64}}, {"type": "Feature", "geometry": {"type": "Point", "coordinates": [-119.48283679783344, 49.856084566081584]}, "properties": {"source": "deepforest", "kind": "tree", "score": 0.15730682015419006, "crown_m": 2.6}}, {"type": "Feature", "geometry": {"type": "Point", "coordinates": [-119.47844870388508, 49.85170591621939]}, "properties": {"source": "deepforest", "kind": "tree", "score": 0.15725742280483246, "crown_m": 2.02}}, {"type": "Feature", "geometry": {"type": "Point", "coordinates": [-119.47866328060627, 49.851599125470244]}, "properties": {"source": "deepforest", "kind": "tree", "score": 0.1572265625, "crown_m": 2.5}}, {"type": "Feature", "geometry": {"type": "Point", "coordinates": [-119.48199324309826, 49.85676415507788]}, "properties": {"source": "deepforest", "kind": "tree", "score": 0.15718874335289001, "crown_m": 2.98}}, {"type": "Feature", "geometry": {"type": "Point", "coordinates": [-119.48264703154564, 49.85208940979848]}, "properties": {"source": "deepforest", "kind": "tree", "score": 0.15714600682258606, "crown_m": 3.08}}, {"type": "Feature", "geometry": {"type": "Point", "coordinates": [-119.48181286454201, 49.852259321989806]}, "properties": {"source": "deepforest", "kind": "tree", "score": 0.15714070200920105, "crown_m": 1.54}}, {"type": "Feature", "geometry": {"type": "Point", "coordinates": [-119.48036447167397, 49.852173285102445]}, "properties": {"source": "deepforest", "kind": "tree", "score": 0.1571260243654251, "crown_m": 1.73}}, {"type": "Feature", "geometry": {"type": "Point", "coordinates": [-119.47540238499641, 49.85399170049159]}, "properties": {"source": "deepforest", "kind": "tree", "score": 0.15700478851795197, "crown_m": 1.54}}, {"type": "Feature", "geometry": {"type": "Point", "coordinates": [-119.48018878698349, 49.85446423518285]}, "properties": {"source": "deepforest", "kind": "tree", "score": 0.15698376297950745, "crown_m": 11.17}}, {"type": "Feature", "geometry": {"type": "Point", "coordinates": [-119.4813884049654, 49.8542696880653]}, "properties": {"source": "deepforest", "kind": "tree", "score": 0.1569644957780838, "crown_m": 2.21}}, {"type": "Feature", "geometry": {"type": "Point", "coordinates": [-119.47927482426167, 49.85622074403167]}, "properties": {"source": "deepforest", "kind": "tree", "score": 0.15693843364715576, "crown_m": 2.6}}, {"type": "Feature", "geometry": {"type": "Point", "coordinates": [-119.48235467076302, 49.854079895789255]}, "properties": {"source": "deepforest", "kind": "tree", "score": 0.1567227989435196, "crown_m": 3.08}}, {"type": "Feature", "geometry": {"type": "Point", "coordinates": [-119.47553113102913, 49.85398218922439]}, "properties": {"source": "deepforest", "kind": "tree", "score": 0.15670333802700043, "crown_m": 2.12}}, {"type": "Feature", "geometry": {"type": "Point", "coordinates": [-119.47744958102703, 49.85644122180384]}, "properties": {"source": "deepforest", "kind": "tree", "score": 0.1567005068063736, "crown_m": 1.44}}, {"type": "Feature", "geometry": {"type": "Point", "coordinates": [-119.47645716369152, 49.853207446991135]}, "properties": {"source": "deepforest", "kind": "tree", "score": 0.15665583312511444, "crown_m": 1.93}}, {"type": "Feature", "geometry": {"type": "Point", "coordinates": [-119.47704188525677, 49.85385378693389]}, "properties": {"source": "deepforest", "kind": "tree", "score": 0.15654952824115753, "crown_m": 2.02}}, {"type": "Feature", "geometry": {"type": "Point", "coordinates": [-119.47695203125477, 49.85500982758771]}, "properties": {"source": "deepforest", "kind": "tree", "score": 0.15654127299785614, "crown_m": 2.6}}, {"type": "Feature", "geometry": {"type": "Point", "coordinates": [-119.4764169305563, 49.85297311960592]}, "properties": {"source": "deepforest", "kind": "tree", "score": 0.15654022991657257, "crown_m": 3.08}}, {"type": "Feature", "geometry": {"type": "Point", "coordinates": [-119.47612188756466, 49.854145177499056]}, "properties": {"source": "deepforest", "kind": "tree", "score": 0.15653640031814575, "crown_m": 1.83}}, {"type": "Feature", "geometry": {"type": "Point", "coordinates": [-119.48142394423485, 49.854749137215016]}, "properties": {"source": "deepforest", "kind": "tree", "score": 0.15651766955852509, "crown_m": 2.12}}, {"type": "Feature", "geometry": {"type": "Point", "coordinates": [-119.48128513991833, 49.85533752592853]}, "properties": {"source": "deepforest", "kind": "tree", "score": 0.15648575127124786, "crown_m": 1.44}}, {"type": "Feature", "geometry": {"type": "Point", "coordinates": [-119.47683870792389, 49.85494281775887]}, "properties": {"source": "deepforest", "kind": "tree", "score": 0.15644408762454987, "crown_m": 1.54}}, {"type": "Feature", "geometry": {"type": "Point", "coordinates": [-119.47464600205421, 49.85705596039707]}, "properties": {"source": "deepforest", "kind": "tree", "score": 0.15643423795700073, "crown_m": 1.54}}, {"type": "Feature", "geometry": {"type": "Point", "coordinates": [-119.47844333946705, 49.85503274060465]}, "properties": {"source": "deepforest", "kind": "tree", "score": 0.15641939640045166, "crown_m": 1.73}}, {"type": "Feature", "geometry": {"type": "Point", "coordinates": [-119.48142729699612, 49.853445664256846]}, "properties": {"source": "deepforest", "kind": "tree", "score": 0.15641719102859497, "crown_m": 3.37}}, {"type": "Feature", "geometry": {"type": "Point", "coordinates": [-119.48187053203583, 49.85437214964483]}, "properties": {"source": "deepforest", "kind": "tree", "score": 0.15639689564704895, "crown_m": 1.93}}, {"type": "Feature", "geometry": {"type": "Point", "coordinates": [-119.48263227939606, 49.85537254369369]}, "properties": {"source": "deepforest", "kind": "tree", "score": 0.1563953459262848, "crown_m": 2.31}}, {"type": "Feature", "geometry": {"type": "Point", "coordinates": [-119.48090493679047, 49.8560322563543]}, "properties": {"source": "deepforest", "kind": "tree", "score": 0.15637192130088806, "crown_m": 3.08}}, {"type": "Feature", "geometry": {"type": "Point", "coordinates": [-119.47800882160664, 49.855811776716145]}, "properties": {"source": "deepforest", "kind": "tree", "score": 0.1563548743724823, "crown_m": 2.12}}, {"type": "Feature", "geometry": {"type": "Point", "coordinates": [-119.48126368224621, 49.856069435174554]}, "properties": {"source": "deepforest", "kind": "tree", "score": 0.15632639825344086, "crown_m": 1.64}}, {"type": "Feature", "geometry": {"type": "Point", "coordinates": [-119.47923190891743, 49.855168056879336]}, "properties": {"source": "deepforest", "kind": "tree", "score": 0.15627224743366241, "crown_m": 2.98}}, {"type": "Feature", "geometry": {"type": "Point", "coordinates": [-119.47644308209419, 49.85563150144095]}, "properties": {"source": "deepforest", "kind": "tree", "score": 0.1562585085630417, "crown_m": 1.64}}, {"type": "Feature", "geometry": {"type": "Point", "coordinates": [-119.47935059666634, 49.85182956837098]}, "properties": {"source": "deepforest", "kind": "tree", "score": 0.1562517136335373, "crown_m": 1.54}}, {"type": "Feature", "geometry": {"type": "Point", "coordinates": [-119.47893686592579, 49.85318972115855]}, "properties": {"source": "deepforest", "kind": "tree", "score": 0.15619400143623352, "crown_m": 1.44}}, {"type": "Feature", "geometry": {"type": "Point", "coordinates": [-119.48124893009663, 49.85383000869451]}, "properties": {"source": "deepforest", "kind": "tree", "score": 0.15611690282821655, "crown_m": 2.7}}, {"type": "Feature", "geometry": {"type": "Point", "coordinates": [-119.47836689651012, 49.85593282448516]}, "properties": {"source": "deepforest", "kind": "tree", "score": 0.15609146654605865, "crown_m": 1.73}}, {"type": "Feature", "geometry": {"type": "Point", "coordinates": [-119.47745092213154, 49.85692843088177]}, "properties": {"source": "deepforest", "kind": "tree", "score": 0.1560702919960022, "crown_m": 1.64}}, {"type": "Feature", "geometry": {"type": "Point", "coordinates": [-119.47567597031593, 49.85520091317]}, "properties": {"source": "deepforest", "kind": "tree", "score": 0.15605728328227997, "crown_m": 2.98}}, {"type": "Feature", "geometry": {"type": "Point", "coordinates": [-119.48087476193905, 49.85443786328614]}, "properties": {"source": "deepforest", "kind": "tree", "score": 0.15600678324699402, "crown_m": 2.21}}, {"type": "Feature", "geometry": {"type": "Point", "coordinates": [-119.48235400021076, 49.85352564619709]}, "properties": {"source": "deepforest", "kind": "tree", "score": 0.15595899522304535, "crown_m": 2.5}}, {"type": "Feature", "geometry": {"type": "Point", "coordinates": [-119.47952561080456, 49.85514773784628]}, "properties": {"source": "deepforest", "kind": "tree", "score": 0.1559559851884842, "crown_m": 3.08}}, {"type": "Feature", "geometry": {"type": "Point", "coordinates": [-119.47648532688618, 49.85320701465383]}, "properties": {"source": "deepforest", "kind": "tree", "score": 0.15594272315502167, "crown_m": 1.64}}, {"type": "Feature", "geometry": {"type": "Point", "coordinates": [-119.47704255580902, 49.8533021287673]}, "properties": {"source": "deepforest", "kind": "tree", "score": 0.15592330694198608, "crown_m": 2.21}}, {"type": "Feature", "geometry": {"type": "Point", "coordinates": [-119.47513081133366, 49.85641096020839]}, "properties": {"source": "deepforest", "kind": "tree", "score": 0.15591497719287872, "crown_m": 4.33}}, {"type": "Feature", "geometry": {"type": "Point", "coordinates": [-119.47955846786499, 49.854206135837195]}, "properties": {"source": "deepforest", "kind": "tree", "score": 0.15584802627563477, "crown_m": 1.93}}, {"type": "Feature", "geometry": {"type": "Point", "coordinates": [-119.48283612728119, 49.8538909674302]}, "properties": {"source": "deepforest", "kind": "tree", "score": 0.155816912651062, "crown_m": 2.21}}, {"type": "Feature", "geometry": {"type": "Point", "coordinates": [-119.48090694844723, 49.854693799774196]}, "properties": {"source": "deepforest", "kind": "tree", "score": 0.15570253133773804, "crown_m": 2.31}}, {"type": "Feature", "geometry": {"type": "Point", "coordinates": [-119.4771558791399, 49.853009436101644]}, "properties": {"source": "deepforest", "kind": "tree", "score": 0.15569180250167847, "crown_m": 1.54}}, {"type": "Feature", "geometry": {"type": "Point", "coordinates": [-119.47572693228722, 49.85440803276267]}, "properties": {"source": "deepforest", "kind": "tree", "score": 0.155636265873909, "crown_m": 3.18}}, {"type": "Feature", "geometry": {"type": "Point", "coordinates": [-119.47998359799385, 49.85414171886764]}, "properties": {"source": "deepforest", "kind": "tree", "score": 0.15555404126644135, "crown_m": 1.44}}, {"type": "Feature", "geometry": {"type": "Point", "coordinates": [-119.48090560734272, 49.85314648739325]}, "properties": {"source": "deepforest", "kind": "tree", "score": 0.1555313915014267, "crown_m": 2.21}}, {"type": "Feature", "geometry": {"type": "Point", "coordinates": [-119.4803899526596, 49.8547054725209]}, "properties": {"source": "deepforest", "kind": "tree", "score": 0.15552178025245667, "crown_m": 1.64}}, {"type": "Feature", "geometry": {"type": "Point", "coordinates": [-119.4793452322483, 49.85503360524658]}, "properties": {"source": "deepforest", "kind": "tree", "score": 0.15548552572727203, "crown_m": 2.5}}, {"type": "Feature", "geometry": {"type": "Point", "coordinates": [-119.47979047894478, 49.85571450596775]}, "properties": {"source": "deepforest", "kind": "tree", "score": 0.15543588995933533, "crown_m": 1.83}}, {"type": "Feature", "geometry": {"type": "Point", "coordinates": [-119.47930701076984, 49.85186069753412]}, "properties": {"source": "deepforest", "kind": "tree", "score": 0.1554173231124878, "crown_m": 2.41}}, {"type": "Feature", "geometry": {"type": "Point", "coordinates": [-119.4812610000372, 49.85565614342472]}, "properties": {"source": "deepforest", "kind": "tree", "score": 0.15541419386863708, "crown_m": 1.93}}, {"type": "Feature", "geometry": {"type": "Point", "coordinates": [-119.47850167751312, 49.85721980290751]}, "properties": {"source": "deepforest", "kind": "tree", "score": 0.15540342032909393, "crown_m": 2.02}}, {"type": "Feature", "geometry": {"type": "Point", "coordinates": [-119.47783581912518, 49.85451049404888]}, "properties": {"source": "deepforest", "kind": "tree", "score": 0.15537945926189423, "crown_m": 2.5}}, {"type": "Feature", "geometry": {"type": "Point", "coordinates": [-119.47848089039326, 49.85596740950632]}, "properties": {"source": "deepforest", "kind": "tree", "score": 0.15536564588546753, "crown_m": 2.98}}, {"type": "Feature", "geometry": {"type": "Point", "coordinates": [-119.47805106639862, 49.85710135217724]}, "properties": {"source": "deepforest", "kind": "tree", "score": 0.1553284078836441, "crown_m": 1.64}}, {"type": "Feature", "geometry": {"type": "Point", "coordinates": [-119.48144875466824, 49.85364064702511]}, "properties": {"source": "deepforest", "kind": "tree", "score": 0.15531598031520844, "crown_m": 4.04}}, {"type": "Feature", "geometry": {"type": "Point", "coordinates": [-119.47841718792915, 49.85483862809849]}, "properties": {"source": "deepforest", "kind": "tree", "score": 0.15528549253940582, "crown_m": 2.79}}, {"type": "Feature", "geometry": {"type": "Point", "coordinates": [-119.47975695133209, 49.85612001561664]}, "properties": {"source": "deepforest", "kind": "tree", "score": 0.15524928271770477, "crown_m": 1.92}}, {"type": "Feature", "geometry": {"type": "Point", "coordinates": [-119.47535410523415, 49.85705725730567]}, "properties": {"source": "deepforest", "kind": "tree", "score": 0.15523067116737366, "crown_m": 2.98}}, {"type": "Feature", "geometry": {"type": "Point", "coordinates": [-119.4747693836689, 49.85623371334023]}, "properties": {"source": "deepforest", "kind": "tree", "score": 0.1551804393529892, "crown_m": 1.54}}, {"type": "Feature", "geometry": {"type": "Point", "coordinates": [-119.47485990822315, 49.853788504830455]}, "properties": {"source": "deepforest", "kind": "tree", "score": 0.1551552712917328, "crown_m": 1.83}}, {"type": "Feature", "geometry": {"type": "Point", "coordinates": [-119.48276706039906, 49.852259321989806]}, "properties": {"source": "deepforest", "kind": "tree", "score": 0.15504342317581177, "crown_m": 2.41}}, {"type": "Feature", "geometry": {"type": "Point", "coordinates": [-119.47792768478394, 49.856244088784564]}, "properties": {"source": "deepforest", "kind": "tree", "score": 0.15501825511455536, "crown_m": 2.5}}, {"type": "Feature", "geometry": {"type": "Point", "coordinates": [-119.48167473077774, 49.8559462261838]}, "properties": {"source": "deepforest", "kind": "tree", "score": 0.1550111025571823, "crown_m": 10.39}}, {"type": "Feature", "geometry": {"type": "Point", "coordinates": [-119.48110073804855, 49.85599118669401]}, "properties": {"source": "deepforest", "kind": "tree", "score": 0.15497934818267822, "crown_m": 3.27}}, {"type": "Feature", "geometry": {"type": "Point", "coordinates": [-119.48214210569859, 49.85346771334548]}, "properties": {"source": "deepforest", "kind": "tree", "score": 0.15492211282253265, "crown_m": 7.99}}, {"type": "Feature", "geometry": {"type": "Point", "coordinates": [-119.47722025215626, 49.85692886318578]}, "properties": {"source": "deepforest", "kind": "tree", "score": 0.15488629043102264, "crown_m": 2.02}}, {"type": "Feature", "geometry": {"type": "Point", "coordinates": [-119.48090627789497, 49.85573223087427]}, "properties": {"source": "deepforest", "kind": "tree", "score": 0.15485282242298126, "crown_m": 1.93}}, {"type": "Feature", "geometry": {"type": "Point", "coordinates": [-119.48220916092396, 49.85641355406018]}, "properties": {"source": "deepforest", "kind": "tree", "score": 0.15482525527477264, "crown_m": 1.92}}, {"type": "Feature", "geometry": {"type": "Point", "coordinates": [-119.47885774075985, 49.853527375534874]}, "properties": {"source": "deepforest", "kind": "tree", "score": 0.15475346148014069, "crown_m": 2.31}}, {"type": "Feature", "geometry": {"type": "Point", "coordinates": [-119.4746795296669, 49.854750434185526]}, "properties": {"source": "deepforest", "kind": "tree", "score": 0.15475210547447205, "crown_m": 6.74}}, {"type": "Feature", "geometry": {"type": "Point", "coordinates": [-119.48025114834309, 49.85644900335389]}, "properties": {"source": "deepforest", "kind": "tree", "score": 0.15471360087394714, "crown_m": 1.73}}, {"type": "Feature", "geometry": {"type": "Point", "coordinates": [-119.47701640427113, 49.85561161491856]}, "properties": {"source": "deepforest", "kind": "tree", "score": 0.15466858446598053, "crown_m": 3.37}}, {"type": "Feature", "geometry": {"type": "Point", "coordinates": [-119.47982668876648, 49.851619878346845]}, "properties": {"source": "deepforest", "kind": "tree", "score": 0.15465916693210602, "crown_m": 1.93}}, {"type": "Feature", "geometry": {"type": "Point", "coordinates": [-119.48193624615669, 49.85149190213247]}, "properties": {"source": "deepforest", "kind": "tree", "score": 0.15463560819625854, "crown_m": 1.93}}, {"type": "Feature", "geometry": {"type": "Point", "coordinates": [-119.48201537132263, 49.85659080026869]}, "properties": {"source": "deepforest", "kind": "tree", "score": 0.15462715923786163, "crown_m": 2.31}}, {"type": "Feature", "geometry": {"type": "Point", "coordinates": [-119.4789308309555, 49.85395711405641]}, "properties": {"source": "deepforest", "kind": "tree", "score": 0.15460780262947083, "crown_m": 2.89}}, {"type": "Feature", "geometry": {"type": "Point", "coordinates": [-119.4792815297842, 49.85392771556705]}, "properties": {"source": "deepforest", "kind": "tree", "score": 0.1545979529619217, "crown_m": 2.31}}, {"type": "Feature", "geometry": {"type": "Point", "coordinates": [-119.47867400944233, 49.85564792943152]}, "properties": {"source": "deepforest", "kind": "tree", "score": 0.15456856787204742, "crown_m": 1.44}}, {"type": "Feature", "geometry": {"type": "Point", "coordinates": [-119.47941228747368, 49.85689038811372]}, "properties": {"source": "deepforest", "kind": "tree", "score": 0.15450872480869293, "crown_m": 2.21}}, {"type": "Feature", "geometry": {"type": "Point", "coordinates": [-119.47800949215889, 49.85440716810954]}, "properties": {"source": "deepforest", "kind": "tree", "score": 0.15448017418384552, "crown_m": 1.83}}, {"type": "Feature", "geometry": {"type": "Point", "coordinates": [-119.4817317277193, 49.85594709080939]}, "properties": {"source": "deepforest", "kind": "tree", "score": 0.1543968915939331, "crown_m": 1.44}}, {"type": "Feature", "geometry": {"type": "Point", "coordinates": [-119.48134481906891, 49.854331510900884]}, "properties": {"source": "deepforest", "kind": "tree", "score": 0.1543576717376709, "crown_m": 2.5}}, {"type": "Feature", "geometry": {"type": "Point", "coordinates": [-119.47645917534828, 49.85565441416311]}, "properties": {"source": "deepforest", "kind": "tree", "score": 0.15434516966342926, "crown_m": 2.31}}, {"type": "Feature", "geometry": {"type": "Point", "coordinates": [-119.4750302284956, 49.85523160784243]}, "properties": {"source": "deepforest", "kind": "tree", "score": 0.15431806445121765, "crown_m": 5.1}}, {"type": "Feature", "geometry": {"type": "Point", "coordinates": [-119.47519853711128, 49.853705064662584]}, "properties": {"source": "deepforest", "kind": "tree", "score": 0.1542850136756897, "crown_m": 1.64}}, {"type": "Feature", "geometry": {"type": "Point", "coordinates": [-119.48235400021076, 49.85324160162584]}, "properties": {"source": "deepforest", "kind": "tree", "score": 0.15427473187446594, "crown_m": 2.6}}, {"type": "Feature", "geometry": {"type": "Point", "coordinates": [-119.48110945522785, 49.85350446180418]}, "properties": {"source": "deepforest", "kind": "tree", "score": 0.15417689085006714, "crown_m": 2.21}}, {"type": "Feature", "geometry": {"type": "Point", "coordinates": [-119.48133006691933, 49.852598712237615]}, "properties": {"source": "deepforest", "kind": "tree", "score": 0.15416790544986725, "crown_m": 1.54}}, {"type": "Feature", "geometry": {"type": "Point", "coordinates": [-119.47860963642597, 49.85470763414035]}, "properties": {"source": "deepforest", "kind": "tree", "score": 0.15416531264781952, "crown_m": 1.93}}, {"type": "Feature", "geometry": {"type": "Point", "coordinates": [-119.47528637945652, 49.854563237748636]}, "properties": {"source": "deepforest", "kind": "tree", "score": 0.15415522456169128, "crown_m": 2.7}}, {"type": "Feature", "geometry": {"type": "Point", "coordinates": [-119.47952628135681, 49.85313567894589]}, "properties": {"source": "deepforest", "kind": "tree", "score": 0.1541116088628769, "crown_m": 2.31}}, {"type": "Feature", "geometry": {"type": "Point", "coordinates": [-119.47977438569069, 49.85506040913891]}, "properties": {"source": "deepforest", "kind": "tree", "score": 0.1539861410856247, "crown_m": 1.73}}, {"type": "Feature", "geometry": {"type": "Point", "coordinates": [-119.47474390268326, 49.856852777620404]}, "properties": {"source": "deepforest", "kind": "tree", "score": 0.15392015874385834, "crown_m": 2.89}}, {"type": "Feature", "geometry": {"type": "Point", "coordinates": [-119.47584494948387, 49.854933306678845]}, "properties": {"source": "deepforest", "kind": "tree", "score": 0.15391385555267334, "crown_m": 3.08}}, {"type": "Feature", "geometry": {"type": "Point", "coordinates": [-119.47910517454147, 49.855774165383316]}, "properties": {"source": "deepforest", "kind": "tree", "score": 0.15386545658111572, "crown_m": 2.41}}, {"type": "Feature", "geometry": {"type": "Point", "coordinates": [-119.47655372321606, 49.85692497244954]}, "properties": {"source": "deepforest", "kind": "tree", "score": 0.15371555089950562, "crown_m": 1.44}}, {"type": "Feature", "geometry": {"type": "Point", "coordinates": [-119.4754982739687, 49.852804939287765]}, "properties": {"source": "deepforest", "kind": "tree", "score": 0.15363867580890656, "crown_m": 1.44}}, {"type": "Feature", "geometry": {"type": "Point", "coordinates": [-119.47479017078876, 49.85314129933882]}, "properties": {"source": "deepforest", "kind": "tree", "score": 0.1536252647638321, "crown_m": 2.79}}, {"type": "Feature", "geometry": {"type": "Point", "coordinates": [-119.47490885853767, 49.855133038965995]}, "properties": {"source": "deepforest", "kind": "tree", "score": 0.1535315066576004, "crown_m": 1.93}}, {"type": "Feature", "geometry": {"type": "Point", "coordinates": [-119.48230974376202, 49.8559358506755]}, "properties": {"source": "deepforest", "kind": "tree", "score": 0.15349790453910828, "crown_m": 2.79}}, {"type": "Feature", "geometry": {"type": "Point", "coordinates": [-119.4751127064228, 49.855015880083805]}, "properties": {"source": "deepforest", "kind": "tree", "score": 0.15343976020812988, "crown_m": 2.98}}, {"type": "Feature", "geometry": {"type": "Point", "coordinates": [-119.48090560734272, 49.85495103187191]}, "properties": {"source": "deepforest", "kind": "tree", "score": 0.15342625975608826, "crown_m": 2.41}}, {"type": "Feature", "geometry": {"type": "Point", "coordinates": [-119.48167406022549, 49.85509240086191]}, "properties": {"source": "deepforest", "kind": "tree", "score": 0.15337690711021423, "crown_m": 2.7}}, {"type": "Feature", "geometry": {"type": "Point", "coordinates": [-119.48230974376202, 49.85495794901866]}, "properties": {"source": "deepforest", "kind": "tree", "score": 0.1533607691526413, "crown_m": 3.18}}, {"type": "Feature", "geometry": {"type": "Point", "coordinates": [-119.47943039238453, 49.855679056135195]}, "properties": {"source": "deepforest", "kind": "tree", "score": 0.1532270461320877, "crown_m": 2.98}}, {"type": "Feature", "geometry": {"type": "Point", "coordinates": [-119.48283612728119, 49.85487321390278]}, "properties": {"source": "deepforest", "kind": "tree", "score": 0.1531810462474823, "crown_m": 2.21}}, {"type": "Feature", "geometry": {"type": "Point", "coordinates": [-119.4779920578003, 49.855125689524165]}, "properties": {"source": "deepforest", "kind": "tree", "score": 0.1531246304512024, "crown_m": 1.64}}, {"type": "Feature", "geometry": {"type": "Point", "coordinates": [-119.47991453111172, 49.855114881519455]}, "properties": {"source": "deepforest", "kind": "tree", "score": 0.15311451256275177, "crown_m": 4.81}}, {"type": "Feature", "geometry": {"type": "Point", "coordinates": [-119.47732016444206, 49.85449320102003]}, "properties": {"source": "deepforest", "kind": "tree", "score": 0.1531025469303131, "crown_m": 11.94}}, {"type": "Feature", "geometry": {"type": "Point", "coordinates": [-119.4821186363697, 49.85599118669401]}, "properties": {"source": "deepforest", "kind": "tree", "score": 0.15305720269680023, "crown_m": 1.54}}, {"type": "Feature", "geometry": {"type": "Point", "coordinates": [-119.4812536239624, 49.85381574174526]}, "properties": {"source": "deepforest", "kind": "tree", "score": 0.15305590629577637, "crown_m": 2.7}}, {"type": "Feature", "geometry": {"type": "Point", "coordinates": [-119.47817377746105, 49.85597346188248]}, "properties": {"source": "deepforest", "kind": "tree", "score": 0.1529942899942398, "crown_m": 1.54}}, {"type": "Feature", "geometry": {"type": "Point", "coordinates": [-119.48207035660744, 49.85182783897244]}, "properties": {"source": "deepforest", "kind": "tree", "score": 0.15296457707881927, "crown_m": 1.93}}, {"type": "Feature", "geometry": {"type": "Point", "coordinates": [-119.4813870638609, 49.855102776551306]}, "properties": {"source": "deepforest", "kind": "tree", "score": 0.1529136747121811, "crown_m": 2.5}}, {"type": "Feature", "geometry": {"type": "Point", "coordinates": [-119.47800815105438, 49.85598988975681]}, "properties": {"source": "deepforest", "kind": "tree", "score": 0.15288245677947998, "crown_m": 1.73}}, {"type": "Feature", "geometry": {"type": "Point", "coordinates": [-119.48243983089924, 49.85412745201042]}, "properties": {"source": "deepforest", "kind": "tree", "score": 0.15282882750034332, "crown_m": 1.64}}, {"type": "Feature", "geometry": {"type": "Point", "coordinates": [-119.47769299149513, 49.85183086541984]}, "properties": {"source": "deepforest", "kind": "tree", "score": 0.1528034657239914, "crown_m": 2.31}}, {"type": "Feature", "geometry": {"type": "Point", "coordinates": [-119.47478950023651, 49.854900882528376]}, "properties": {"source": "deepforest", "kind": "tree", "score": 0.15278302133083344, "crown_m": 2.21}}, {"type": "Feature", "geometry": {"type": "Point", "coordinates": [-119.48141992092133, 49.854787181668826]}, "properties": {"source": "deepforest", "kind": "tree", "score": 0.15278102457523346, "crown_m": 1.54}}, {"type": "Feature", "geometry": {"type": "Point", "coordinates": [-119.47687692940235, 49.854871916935565]}, "properties": {"source": "deepforest", "kind": "tree", "score": 0.15277205407619476, "crown_m": 1.83}}, {"type": "Feature", "geometry": {"type": "Point", "coordinates": [-119.48243916034698, 49.85450487381518]}, "properties": {"source": "deepforest", "kind": "tree", "score": 0.15276719629764557, "crown_m": 1.64}}, {"type": "Feature", "geometry": {"type": "Point", "coordinates": [-119.48230974376202, 49.855690296328824]}, "properties": {"source": "deepforest", "kind": "tree", "score": 0.15274377167224884, "crown_m": 3.37}}, {"type": "Feature", "geometry": {"type": "Point", "coordinates": [-119.47559349238873, 49.85194414088641]}, "properties": {"source": "deepforest", "kind": "tree", "score": 0.15273457765579224, "crown_m": 1.54}}, {"type": "Feature", "geometry": {"type": "Point", "coordinates": [-119.48227353394032, 49.8566171709905]}, "properties": {"source": "deepforest", "kind": "tree", "score": 0.15265247225761414, "crown_m": 2.21}}, {"type": "Feature", "geometry": {"type": "Point", "coordinates": [-119.47694800794125, 49.855447766955265]}, "properties": {"source": "deepforest", "kind": "tree", "score": 0.15263372659683228, "crown_m": 2.02}}, {"type": "Feature", "geometry": {"type": "Point", "coordinates": [-119.47796523571014, 49.8551736770359]}, "properties": {"source": "deepforest", "kind": "tree", "score": 0.1525915414094925, "crown_m": 2.12}}, {"type": "Feature", "geometry": {"type": "Point", "coordinates": [-119.47800949215889, 49.852173285102445]}, "properties": {"source": "deepforest", "kind": "tree", "score": 0.15255063772201538, "crown_m": 2.12}}, {"type": "Feature", "geometry": {"type": "Point", "coordinates": [-119.47945654392242, 49.8550846190934]}, "properties": {"source": "deepforest", "kind": "tree", "score": 0.15254490077495575, "crown_m": 2.7}}, {"type": "Feature", "geometry": {"type": "Point", "coordinates": [-119.48121808469296, 49.853856813254424]}, "properties": {"source": "deepforest", "kind": "tree", "score": 0.15237756073474884, "crown_m": 1.54}}, {"type": "Feature", "geometry": {"type": "Point", "coordinates": [-119.48169954121113, 49.8572012139435]}, "properties": {"source": "deepforest", "kind": "tree", "score": 0.1523670256137848, "crown_m": 2.31}}, {"type": "Feature", "geometry": {"type": "Point", "coordinates": [-119.47626605629921, 49.852921238850406]}, "properties": {"source": "deepforest", "kind": "tree", "score": 0.15236032009124756, "crown_m": 4.04}}, {"type": "Feature", "geometry": {"type": "Point", "coordinates": [-119.47582349181175, 49.854671751244965]}, "properties": {"source": "deepforest", "kind": "tree", "score": 0.15235622227191925, "crown_m": 2.89}}, {"type": "Feature", "geometry": {"type": "Point", "coordinates": [-119.47572827339172, 49.856226796376085]}, "properties": {"source": "deepforest", "kind": "tree", "score": 0.15235215425491333, "crown_m": 3.27}}, {"type": "Feature", "geometry": {"type": "Point", "coordinates": [-119.47528772056103, 49.85599464519308]}, "properties": {"source": "deepforest", "kind": "tree", "score": 0.15226826071739197, "crown_m": 2.21}}, {"type": "Feature", "geometry": {"type": "Point", "coordinates": [-119.48274090886116, 49.854814850343686]}, "properties": {"source": "deepforest", "kind": "tree", "score": 0.15223850309848785, "crown_m": 2.31}}, {"type": "Feature", "geometry": {"type": "Point", "coordinates": [-119.47974018752575, 49.85714587931063]}, "properties": {"source": "deepforest", "kind": "tree", "score": 0.1522364616394043, "crown_m": 2.31}}, {"type": "Feature", "geometry": {"type": "Point", "coordinates": [-119.47831995785236, 49.85151438446494]}, "properties": {"source": "deepforest", "kind": "tree", "score": 0.1522243320941925, "crown_m": 2.6}}, {"type": "Feature", "geometry": {"type": "Point", "coordinates": [-119.4779022037983, 49.855734392447786]}, "properties": {"source": "deepforest", "kind": "tree", "score": 0.15220466256141663, "crown_m": 1.64}}, {"type": "Feature", "geometry": {"type": "Point", "coordinates": [-119.47731614112854, 49.85644338334565]}, "properties": {"source": "deepforest", "kind": "tree", "score": 0.152203768491745, "crown_m": 1.64}}, {"type": "Feature", "geometry": {"type": "Point", "coordinates": [-119.48004260659218, 49.85352564619709]}, "properties": {"source": "deepforest", "kind": "tree", "score": 0.15217863023281097, "crown_m": 1.93}}, {"type": "Feature", "geometry": {"type": "Point", "coordinates": [-119.47983272373676, 49.85574909114517]}, "properties": {"source": "deepforest", "kind": "tree", "score": 0.15210244059562683, "crown_m": 1.83}}, {"type": "Feature", "geometry": {"type": "Point", "coordinates": [-119.47938680648804, 49.85539243031447]}, "properties": {"source": "deepforest", "kind": "tree", "score": 0.1520819216966629, "crown_m": 1.54}}, {"type": "Feature", "geometry": {"type": "Point", "coordinates": [-119.4763083010912, 49.85195884073665]}, "properties": {"source": "deepforest", "kind": "tree", "score": 0.1520623415708542, "crown_m": 1.93}}, {"type": "Feature", "geometry": {"type": "Point", "coordinates": [-119.47694599628448, 49.85583901249061]}, "properties": {"source": "deepforest", "kind": "tree", "score": 0.1520235687494278, "crown_m": 2.21}}, {"type": "Feature", "geometry": {"type": "Point", "coordinates": [-119.47467416524887, 49.856287752088434]}, "properties": {"source": "deepforest", "kind": "tree", "score": 0.15202173590660095, "crown_m": 3.08}}, {"type": "Feature", "geometry": {"type": "Point", "coordinates": [-119.47947196662426, 49.853916474963455]}, "properties": {"source": "deepforest", "kind": "tree", "score": 0.15193600952625275, "crown_m": 1.93}}, {"type": "Feature", "geometry": {"type": "Point", "coordinates": [-119.48171027004719, 49.85381574174526]}, "properties": {"source": "deepforest", "kind": "tree", "score": 0.15186956524848938, "crown_m": 2.41}}, {"type": "Feature", "geometry": {"type": "Point", "coordinates": [-119.47479017078876, 49.856236739511715]}, "properties": {"source": "deepforest", "kind": "tree", "score": 0.1518532782793045, "crown_m": 1.64}}, {"type": "Feature", "geometry": {"type": "Point", "coordinates": [-119.4771196693182, 49.85567775918962]}, "properties": {"source": "deepforest", "kind": "tree", "score": 0.1518465131521225, "crown_m": 3.95}}, {"type": "Feature", "geometry": {"type": "Point", "coordinates": [-119.47943173348904, 49.856278241273124]}, "properties": {"source": "deepforest", "kind": "tree", "score": 0.1518203467130661, "crown_m": 2.79}}, {"type": "Feature", "geometry": {"type": "Point", "coordinates": [-119.4797482341528, 49.85609796773814]}, "properties": {"source": "deepforest", "kind": "tree", "score": 0.15178829431533813, "crown_m": 2.02}}, {"type": "Feature", "geometry": {"type": "Point", "coordinates": [-119.47651617228985, 49.85623630720152]}, "properties": {"source": "deepforest", "kind": "tree", "score": 0.15176460146903992, "crown_m": 1.92}}, {"type": "Feature", "geometry": {"type": "Point", "coordinates": [-119.48280528187752, 49.853798016135784]}, "properties": {"source": "deepforest", "kind": "tree", "score": 0.15170255303382874, "crown_m": 1.54}}, {"type": "Feature", "geometry": {"type": "Point", "coordinates": [-119.48075942695141, 49.85515292568531]}, "properties": {"source": "deepforest", "kind": "tree", "score": 0.1516943722963333, "crown_m": 1.64}}, {"type": "Feature", "geometry": {"type": "Point", "coordinates": [-119.48038056492805, 49.852161611744116]}, "properties": {"source": "deepforest", "kind": "tree", "score": 0.15165601670742035, "crown_m": 1.83}}, {"type": "Feature", "geometry": {"type": "Point", "coordinates": [-119.47938680648804, 49.85617751297797]}, "properties": {"source": "deepforest", "kind": "tree", "score": 0.15153540670871735, "crown_m": 1.54}}, {"type": "Feature", "geometry": {"type": "Point", "coordinates": [-119.48271073400974, 49.85556016931182]}, "properties": {"source": "deepforest", "kind": "tree", "score": 0.15145587921142578, "crown_m": 4.72}}, {"type": "Feature", "geometry": {"type": "Point", "coordinates": [-119.47521328926086, 49.85321047335215]}, "properties": {"source": "deepforest", "kind": "tree", "score": 0.15140186250209808, "crown_m": 2.02}}, {"type": "Feature", "geometry": {"type": "Point", "coordinates": [-119.47750926017761, 49.85686963750034]}, "properties": {"source": "deepforest", "kind": "tree", "score": 0.1513969600200653, "crown_m": 2.79}}, {"type": "Feature", "geometry": {"type": "Point", "coordinates": [-119.47890132665634, 49.853541642569255]}, "properties": {"source": "deepforest", "kind": "tree", "score": 0.1513315737247467, "crown_m": 1.93}}, {"type": "Feature", "geometry": {"type": "Point", "coordinates": [-119.47771310806274, 49.85692843088177]}, "properties": {"source": "deepforest", "kind": "tree", "score": 0.15132857859134674, "crown_m": 1.54}}, {"type": "Feature", "geometry": {"type": "Point", "coordinates": [-119.48283679783344, 49.85619869619911]}, "properties": {"source": "deepforest", "kind": "tree", "score": 0.1513112187385559, "crown_m": 2.02}}, {"type": "Feature", "geometry": {"type": "Point", "coordinates": [-119.47844870388508, 49.85378807249836]}, "properties": {"source": "deepforest", "kind": "tree", "score": 0.1512107104063034, "crown_m": 2.21}}, {"type": "Feature", "geometry": {"type": "Point", "coordinates": [-119.47918832302094, 49.856219447100614]}, "properties": {"source": "deepforest", "kind": "tree", "score": 0.15117783844470978, "crown_m": 1.64}}, {"type": "Feature", "geometry": {"type": "Point", "coordinates": [-119.48261015117168, 49.85172018379149]}, "properties": {"source": "deepforest", "kind": "tree", "score": 0.1511397510766983, "crown_m": 2.5}}, {"type": "Feature", "geometry": {"type": "Point", "coordinates": [-119.48181822896004, 49.85662711404581]}, "properties": {"source": "deepforest", "kind": "tree", "score": 0.1511363834142685, "crown_m": 1.92}}, {"type": "Feature", "geometry": {"type": "Point", "coordinates": [-119.47607830166817, 49.85577286844028]}, "properties": {"source": "deepforest", "kind": "tree", "score": 0.1511019766330719, "crown_m": 2.7}}, {"type": "Feature", "geometry": {"type": "Point", "coordinates": [-119.47559416294098, 49.85379498981156]}, "properties": {"source": "deepforest", "kind": "tree", "score": 0.1510186344385147, "crown_m": 1.83}}, {"type": "Feature", "geometry": {"type": "Point", "coordinates": [-119.47715118527412, 49.855830798528494]}, "properties": {"source": "deepforest", "kind": "tree", "score": 0.1509687602519989, "crown_m": 1.54}}, {"type": "Feature", "geometry": {"type": "Point", "coordinates": [-119.47862170636654, 49.85722282901725]}, "properties": {"source": "deepforest", "kind": "tree", "score": 0.15094898641109467, "crown_m": 1.54}}, {"type": "Feature", "geometry": {"type": "Point", "coordinates": [-119.47844803333282, 49.85622852561721]}, "properties": {"source": "deepforest", "kind": "tree", "score": 0.15093807876110077, "crown_m": 1.73}}, {"type": "Feature", "geometry": {"type": "Point", "coordinates": [-119.4792801886797, 49.85390869300557]}, "properties": {"source": "deepforest", "kind": "tree", "score": 0.15093787014484406, "crown_m": 1.54}}, {"type": "Feature", "geometry": {"type": "Point", "coordinates": [-119.47800949215889, 49.854669157299696]}, "properties": {"source": "deepforest", "kind": "tree", "score": 0.15079839527606964, "crown_m": 2.79}}, {"type": "Feature", "geometry": {"type": "Point", "coordinates": [-119.48230974376202, 49.855352224746625]}, "properties": {"source": "deepforest", "kind": "tree", "score": 0.15077650547027588, "crown_m": 2.6}}, {"type": "Feature", "geometry": {"type": "Point", "coordinates": [-119.47666704654694, 49.85708406007553]}, "properties": {"source": "deepforest", "kind": "tree", "score": 0.15075388550758362, "crown_m": 2.02}}, {"type": "Feature", "geometry": {"type": "Point", "coordinates": [-119.4803785532713, 49.8538680538719]}, "properties": {"source": "deepforest", "kind": "tree", "score": 0.1507319062948227, "crown_m": 2.31}}, {"type": "Feature", "geometry": {"type": "Point", "coordinates": [-119.48163516819477, 49.853928580228754]}, "properties": {"source": "deepforest", "kind": "tree", "score": 0.15072613954544067, "crown_m": 2.31}}, {"type": "Feature", "geometry": {"type": "Point", "coordinates": [-119.47775602340698, 49.85692886318578]}, "properties": {"source": "deepforest", "kind": "tree", "score": 0.15070389211177826, "crown_m": 1.73}}, {"type": "Feature", "geometry": {"type": "Point", "coordinates": [-119.48283612728119, 49.85196186717585]}, "properties": {"source": "deepforest", "kind": "tree", "score": 0.15069404244422913, "crown_m": 2.6}}, {"type": "Feature", "geometry": {"type": "Point", "coordinates": [-119.47565786540508, 49.853193179858096]}, "properties": {"source": "deepforest", "kind": "tree", "score": 0.15067771077156067, "crown_m": 1.64}}, {"type": "Feature", "geometry": {"type": "Point", "coordinates": [-119.48152787983418, 49.85409632430731]}, "properties": {"source": "deepforest", "kind": "tree", "score": 0.1506349891424179, "crown_m": 1.54}}, {"type": "Feature", "geometry": {"type": "Point", "coordinates": [-119.47682932019234, 49.85692886318578]}, "properties": {"source": "deepforest", "kind": "tree", "score": 0.1506195068359375, "crown_m": 1.73}}, {"type": "Feature", "geometry": {"type": "Point", "coordinates": [-119.48278851807117, 49.85446812611722]}, "properties": {"source": "deepforest", "kind": "tree", "score": 0.1506042331457138, "crown_m": 2.31}}, {"type": "Feature", "geometry": {"type": "Point", "coordinates": [-119.48090560734272, 49.85515465496487]}, "properties": {"source": "deepforest", "kind": "tree", "score": 0.15039850771427155, "crown_m": 1.93}}, {"type": "Feature", "geometry": {"type": "Point", "coordinates": [-119.48279522359371, 49.85461079349415]}, "properties": {"source": "deepforest", "kind": "tree", "score": 0.15022370219230652, "crown_m": 6.55}}, {"type": "Feature", "geometry": {"type": "Point", "coordinates": [-119.47536885738373, 49.853520458183354]}, "properties": {"source": "deepforest", "kind": "tree", "score": 0.15012699365615845, "crown_m": 1.54}}, {"type": "Feature", "geometry": {"type": "Point", "coordinates": [-119.4751214236021, 49.85719170330798]}, "properties": {"source": "deepforest", "kind": "tree", "score": 0.1500752866268158, "crown_m": 2.21}}, {"type": "Feature", "geometry": {"type": "Point", "coordinates": [-119.48182694613934, 49.857140259383435]}, "properties": {"source": "deepforest", "kind": "tree", "score": 0.15005144476890564, "crown_m": 2.41}}, {"type": "Feature", "geometry": {"type": "Point", "coordinates": [-119.4805770367384, 49.85663489556592]}, "properties": {"source": "deepforest", "kind": "tree", "score": 0.15004412829875946, "crown_m": 3.08}}, {"type": "Feature", "geometry": {"type": "Point", "coordinates": [-119.48276773095131, 49.852005966697]}, "properties": {"source": "deepforest", "kind": "tree", "score": 0.1499326527118683, "crown_m": 1.54}}, {"type": "Feature", "geometry": {"type": "Point", "coordinates": [-119.4772095233202, 49.85242750420668]}, "properties": {"source": "deepforest", "kind": "tree", "score": 0.14990921318531036, "crown_m": 1.54}}, {"type": "Feature", "geometry": {"type": "Point", "coordinates": [-119.4813884049654, 49.853580120307626]}, "properties": {"source": "deepforest", "kind": "tree", "score": 0.14989642798900604, "crown_m": 1.93}}, {"type": "Feature", "geometry": {"type": "Point", "coordinates": [-119.4767327606678, 49.85418192544261]}, "properties": {"source": "deepforest", "kind": "tree", "score": 0.14975605905056, "crown_m": 1.54}}, {"type": "Feature", "geometry": {"type": "Point", "coordinates": [-119.48027595877647, 49.851735748410796]}, "properties": {"source": "deepforest", "kind": "tree", "score": 0.14957295358181, "crown_m": 2.5}}, {"type": "Feature", "geometry": {"type": "Point", "coordinates": [-119.47661407291889, 49.853445664256846]}, "properties": {"source": "deepforest", "kind": "tree", "score": 0.14956766366958618, "crown_m": 1.44}}, {"type": "Feature", "geometry": {"type": "Point", "coordinates": [-119.48245525360107, 49.85175823062983]}, "properties": {"source": "deepforest", "kind": "tree", "score": 0.14954762160778046, "crown_m": 1.54}}, {"type": "Feature", "geometry": {"type": "Point", "coordinates": [-119.47474792599678, 49.85480533923849]}, "properties": {"source": "deepforest", "kind": "tree", "score": 0.1495114266872406, "crown_m": 2.31}}, {"type": "Feature", "geometry": {"type": "Point", "coordinates": [-119.48121204972267, 49.85429303376077]}, "properties": {"source": "deepforest", "kind": "tree", "score": 0.1494302749633789, "crown_m": 1.64}}, {"type": "Feature", "geometry": {"type": "Point", "coordinates": [-119.47559349238873, 49.853265380154745]}, "properties": {"source": "deepforest", "kind": "tree", "score": 0.14942948520183563, "crown_m": 1.73}}, {"type": "Feature", "geometry": {"type": "Point", "coordinates": [-119.47796992957592, 49.85683418851521]}, "properties": {"source": "deepforest", "kind": "tree", "score": 0.14929397404193878, "crown_m": 2.02}}, {"type": "Feature", "geometry": {"type": "Point", "coordinates": [-119.48186986148357, 49.85701835003264]}, "properties": {"source": "deepforest", "kind": "tree", "score": 0.1492520421743393, "crown_m": 2.6}}, {"type": "Feature", "geometry": {"type": "Point", "coordinates": [-119.47804570198059, 49.85688606506999]}, "properties": {"source": "deepforest", "kind": "tree", "score": 0.14924335479736328, "crown_m": 2.31}}, {"type": "Feature", "geometry": {"type": "Point", "coordinates": [-119.47592206299305, 49.85622852561721]}, "properties": {"source": "deepforest", "kind": "tree", "score": 0.1492336094379425, "crown_m": 2.21}}, {"type": "Feature", "geometry": {"type": "Point", "coordinates": [-119.47989709675312, 49.85612952646309]}, "properties": {"source": "deepforest", "kind": "tree", "score": 0.14923317730426788, "crown_m": 2.6}}, {"type": "Feature", "geometry": {"type": "Point", "coordinates": [-119.48054015636444, 49.85701489160685]}, "properties": {"source": "deepforest", "kind": "tree", "score": 0.14921903610229492, "crown_m": 1.44}}, {"type": "Feature", "geometry": {"type": "Point", "coordinates": [-119.48047645390034, 49.855924610539]}, "properties": {"source": "deepforest", "kind": "tree", "score": 0.14921022951602936, "crown_m": 1.44}}, {"type": "Feature", "geometry": {"type": "Point", "coordinates": [-119.47470434010029, 49.85499080545219]}, "properties": {"source": "deepforest", "kind": "tree", "score": 0.14918753504753113, "crown_m": 1.64}}, {"type": "Feature", "geometry": {"type": "Point", "coordinates": [-119.48076076805592, 49.85713291024689]}, "properties": {"source": "deepforest", "kind": "tree", "score": 0.1491609364748001, "crown_m": 1.73}}, {"type": "Feature", "geometry": {"type": "Point", "coordinates": [-119.47543926537037, 49.85316464557939]}, "properties": {"source": "deepforest", "kind": "tree", "score": 0.14912305772304535, "crown_m": 2.02}}, {"type": "Feature", "geometry": {"type": "Point", "coordinates": [-119.48084726929665, 49.85597778500785]}, "properties": {"source": "deepforest", "kind": "tree", "score": 0.14912131428718567, "crown_m": 3.66}}, {"type": "Feature", "geometry": {"type": "Point", "coordinates": [-119.48236875236034, 49.85178200988858]}, "properties": {"source": "deepforest", "kind": "tree", "score": 0.14911609888076782, "crown_m": 1.44}}, {"type": "Feature", "geometry": {"type": "Point", "coordinates": [-119.47845473885536, 49.85381574174526]}, "properties": {"source": "deepforest", "kind": "tree", "score": 0.14909525215625763, "crown_m": 1.54}}, {"type": "Feature", "geometry": {"type": "Point", "coordinates": [-119.4771008938551, 49.85310714463323]}, "properties": {"source": "deepforest", "kind": "tree", "score": 0.14908134937286377, "crown_m": 1.93}}, {"type": "Feature", "geometry": {"type": "Point", "coordinates": [-119.47893217206001, 49.85722628742816]}, "properties": {"source": "deepforest", "kind": "tree", "score": 0.1490677297115326, "crown_m": 3.27}}, {"type": "Feature", "geometry": {"type": "Point", "coordinates": [-119.48086202144623, 49.85445818261766]}, "properties": {"source": "deepforest", "kind": "tree", "score": 0.14901722967624664, "crown_m": 2.21}}, {"type": "Feature", "geometry": {"type": "Point", "coordinates": [-119.47927884757519, 49.85214950603621]}, "properties": {"source": "deepforest", "kind": "tree", "score": 0.1489650011062622, "crown_m": 2.6}}, {"type": "Feature", "geometry": {"type": "Point", "coordinates": [-119.48016464710236, 49.855791890267945]}, "properties": {"source": "deepforest", "kind": "tree", "score": 0.14895379543304443, "crown_m": 7.51}}, {"type": "Feature", "geometry": {"type": "Point", "coordinates": [-119.47652891278267, 49.85419705694064]}, "properties": {"source": "deepforest", "kind": "tree", "score": 0.14892429113388062, "crown_m": 1.64}}, {"type": "Feature", "geometry": {"type": "Point", "coordinates": [-119.4748766720295, 49.854593500501196]}, "properties": {"source": "deepforest", "kind": "tree", "score": 0.1488824486732483, "crown_m": 1.54}}, {"type": "Feature", "geometry": {"type": "Point", "coordinates": [-119.47989575564861, 49.85413350461702]}, "properties": {"source": "deepforest", "kind": "tree", "score": 0.1487537920475006, "crown_m": 2.31}}, {"type": "Feature", "geometry": {"type": "Point", "coordinates": [-119.48235332965851, 49.85667855851666]}, "properties": {"source": "deepforest", "kind": "tree", "score": 0.14865608513355255, "crown_m": 2.41}}, {"type": "Feature", "geometry": {"type": "Point", "coordinates": [-119.47586640715599, 49.85482349680133]}, "properties": {"source": "deepforest", "kind": "tree", "score": 0.1486484706401825, "crown_m": 2.89}}, {"type": "Feature", "geometry": {"type": "Point", "coordinates": [-119.48230907320976, 49.85520264244784]}, "properties": {"source": "deepforest", "kind": "tree", "score": 0.14855840802192688, "crown_m": 3.75}}, {"type": "Feature", "geometry": {"type": "Point", "coordinates": [-119.476048797369, 49.85440976206888]}, "properties": {"source": "deepforest", "kind": "tree", "score": 0.14846715331077576, "crown_m": 2.31}}, {"type": "Feature", "geometry": {"type": "Point", "coordinates": [-119.47666369378567, 49.85316594259242]}, "properties": {"source": "deepforest", "kind": "tree", "score": 0.14845480024814606, "crown_m": 2.21}}, {"type": "Feature", "geometry": {"type": "Point", "coordinates": [-119.47730138897896, 49.85207384529307]}, "properties": {"source": "deepforest", "kind": "tree", "score": 0.14842572808265686, "crown_m": 1.73}}, {"type": "Feature", "geometry": {"type": "Point", "coordinates": [-119.48138773441315, 49.85559129607203]}, "properties": {"source": "deepforest", "kind": "tree", "score": 0.14832782745361328, "crown_m": 1.73}}, {"type": "Feature", "geometry": {"type": "Point", "coordinates": [-119.47575509548187, 49.85564490322315]}, "properties": {"source": "deepforest", "kind": "tree", "score": 0.14831921458244324, "crown_m": 2.7}}, {"type": "Feature", "geometry": {"type": "Point", "coordinates": [-119.47800882160664, 49.85624279185414]}, "properties": {"source": "deepforest", "kind": "tree", "score": 0.14828051626682281, "crown_m": 2.21}}, {"type": "Feature", "geometry": {"type": "Point", "coordinates": [-119.47649136185646, 49.85394241481397]}, "properties": {"source": "deepforest", "kind": "tree", "score": 0.14827542006969452, "crown_m": 3.08}}, {"type": "Feature", "geometry": {"type": "Point", "coordinates": [-119.48229968547821, 49.85443786328614]}, "properties": {"source": "deepforest", "kind": "tree", "score": 0.14827340841293335, "crown_m": 2.5}}, {"type": "Feature", "geometry": {"type": "Point", "coordinates": [-119.4770023226738, 49.8519398174002]}, "properties": {"source": "deepforest", "kind": "tree", "score": 0.1482594758272171, "crown_m": 5.2}}, {"type": "Feature", "geometry": {"type": "Point", "coordinates": [-119.4818289577961, 49.85709097691696]}, "properties": {"source": "deepforest", "kind": "tree", "score": 0.14819031953811646, "crown_m": 2.41}}, {"type": "Feature", "geometry": {"type": "Point", "coordinates": [-119.48143199086189, 49.85606035662807]}, "properties": {"source": "deepforest", "kind": "tree", "score": 0.1481870412826538, "crown_m": 2.02}}, {"type": "Feature", "geometry": {"type": "Point", "coordinates": [-119.47575576603413, 49.85436004449063]}, "properties": {"source": "deepforest", "kind": "tree", "score": 0.14815521240234375, "crown_m": 2.7}}, {"type": "Feature", "geometry": {"type": "Point", "coordinates": [-119.48124825954437, 49.853659669692085]}, "properties": {"source": "deepforest", "kind": "tree", "score": 0.14813703298568726, "crown_m": 1.54}}, {"type": "Feature", "geometry": {"type": "Point", "coordinates": [-119.48042213916779, 49.85218625549728]}, "properties": {"source": "deepforest", "kind": "tree", "score": 0.14810875058174133, "crown_m": 1.93}}, {"type": "Feature", "geometry": {"type": "Point", "coordinates": [-119.47507984936237, 49.85658863873348]}, "properties": {"source": "deepforest", "kind": "tree", "score": 0.1481022983789444, "crown_m": 1.83}}, {"type": "Feature", "geometry": {"type": "Point", "coordinates": [-119.4807393103838, 49.85407124919856]}, "properties": {"source": "deepforest", "kind": "tree", "score": 0.14805029332637787, "crown_m": 1.54}}, {"type": "Feature", "geometry": {"type": "Point", "coordinates": [-119.47934322059155, 49.852224301968704]}, "properties": {"source": "deepforest", "kind": "tree", "score": 0.14804057776927948, "crown_m": 1.54}}, {"type": "Feature", "geometry": {"type": "Point", "coordinates": [-119.47774663567543, 49.853839952323305]}, "properties": {"source": "deepforest", "kind": "tree", "score": 0.14803314208984375, "crown_m": 2.5}}, {"type": "Feature", "geometry": {"type": "Point", "coordinates": [-119.47653360664845, 49.85223121950575]}, "properties": {"source": "deepforest", "kind": "tree", "score": 0.1479584127664566, "crown_m": 2.02}}, {"type": "Feature", "geometry": {"type": "Point", "coordinates": [-119.48025651276112, 49.856852345315716]}, "properties": {"source": "deepforest", "kind": "tree", "score": 0.1479528397321701, "crown_m": 1.44}}, {"type": "Feature", "geometry": {"type": "Point", "coordinates": [-119.47710759937763, 49.857177437351204]}, "properties": {"source": "deepforest", "kind": "tree", "score": 0.1479244828224182, "crown_m": 1.64}}, {"type": "Feature", "geometry": {"type": "Point", "coordinates": [-119.474833086133, 49.8544110590485]}, "properties": {"source": "deepforest", "kind": "tree", "score": 0.147891104221344, "crown_m": 2.6}}, {"type": "Feature", "geometry": {"type": "Point", "coordinates": [-119.47619564831257, 49.85509802102728]}, "properties": {"source": "deepforest", "kind": "tree", "score": 0.1478404849767685, "crown_m": 2.41}}, {"type": "Feature", "geometry": {"type": "Point", "coordinates": [-119.47748176753521, 49.85157188730617]}, "properties": {"source": "deepforest", "kind": "tree", "score": 0.1477246731519699, "crown_m": 2.98}}, {"type": "Feature", "geometry": {"type": "Point", "coordinates": [-119.48256857693195, 49.85230298889414]}, "properties": {"source": "deepforest", "kind": "tree", "score": 0.14772003889083862, "crown_m": 1.93}}, {"type": "Feature", "geometry": {"type": "Point", "coordinates": [-119.4780933111906, 49.85694701995071]}, "properties": {"source": "deepforest", "kind": "tree", "score": 0.1476799100637436, "crown_m": 2.41}}, {"type": "Feature", "geometry": {"type": "Point", "coordinates": [-119.48042213916779, 49.85448974241352]}, "properties": {"source": "deepforest", "kind": "tree", "score": 0.14767751097679138, "crown_m": 2.31}}, {"type": "Feature", "geometry": {"type": "Point", "coordinates": [-119.47600118815899, 49.85297484896349]}, "properties": {"source": "deepforest", "kind": "tree", "score": 0.14764639735221863, "crown_m": 1.54}}, {"type": "Feature", "geometry": {"type": "Point", "coordinates": [-119.47973012924194, 49.854812688729034]}, "properties": {"source": "deepforest", "kind": "tree", "score": 0.14761388301849365, "crown_m": 2.31}}, {"type": "Feature", "geometry": {"type": "Point", "coordinates": [-119.47925202548504, 49.8555355272791]}, "properties": {"source": "deepforest", "kind": "tree", "score": 0.1476023942232132, "crown_m": 2.41}}, {"type": "Feature", "geometry": {"type": "Point", "coordinates": [-119.47618089616299, 49.85512223096292]}, "properties": {"source": "deepforest", "kind": "tree", "score": 0.1475975215435028, "crown_m": 2.41}}, {"type": "Feature", "geometry": {"type": "Point", "coordinates": [-119.48045030236244, 49.85447072007328]}, "properties": {"source": "deepforest", "kind": "tree", "score": 0.1475263386964798, "crown_m": 5.58}}, {"type": "Feature", "geometry": {"type": "Point", "coordinates": [-119.47550967335701, 49.85596697719371]}, "properties": {"source": "deepforest", "kind": "tree", "score": 0.14749875664710999, "crown_m": 2.5}}, {"type": "Feature", "geometry": {"type": "Point", "coordinates": [-119.47789750993252, 49.85692843088177]}, "properties": {"source": "deepforest", "kind": "tree", "score": 0.1474597454071045, "crown_m": 2.02}}, {"type": "Feature", "geometry": {"type": "Point", "coordinates": [-119.47627544403076, 49.85161901364383]}, "properties": {"source": "deepforest", "kind": "tree", "score": 0.14731577038764954, "crown_m": 1.93}}, {"type": "Feature", "geometry": {"type": "Point", "coordinates": [-119.47967648506165, 49.85614336041821]}, "properties": {"source": "deepforest", "kind": "tree", "score": 0.14724206924438477, "crown_m": 1.64}}, {"type": "Feature", "geometry": {"type": "Point", "coordinates": [-119.47707943618298, 49.85641312175156]}, "properties": {"source": "deepforest", "kind": "tree", "score": 0.14718131721019745, "crown_m": 2.98}}, {"type": "Feature", "geometry": {"type": "Point", "coordinates": [-119.4813884049654, 49.855462033422704]}, "properties": {"source": "deepforest", "kind": "tree", "score": 0.14714522659778595, "crown_m": 1.64}}, {"type": "Feature", "geometry": {"type": "Point", "coordinates": [-119.4789757579565, 49.85636124468903]}, "properties": {"source": "deepforest", "kind": "tree", "score": 0.14707890152931213, "crown_m": 2.79}}, {"type": "Feature", "geometry": {"type": "Point", "coordinates": [-119.47866328060627, 49.85257060995092]}, "properties": {"source": "deepforest", "kind": "tree", "score": 0.14703185856342316, "crown_m": 2.02}}, {"type": "Feature", "geometry": {"type": "Point", "coordinates": [-119.48225677013397, 49.85474394933264]}, "properties": {"source": "deepforest", "kind": "tree", "score": 0.14694902300834656, "crown_m": 2.7}}, {"type": "Feature", "geometry": {"type": "Point", "coordinates": [-119.47739727795124, 49.85163587534982]}, "properties": {"source": "deepforest", "kind": "tree", "score": 0.1468922644853592, "crown_m": 2.41}}, {"type": "Feature", "geometry": {"type": "Point", "coordinates": [-119.47799943387508, 49.85615805899119]}, "properties": {"source": "deepforest", "kind": "tree", "score": 0.14687304198741913, "crown_m": 1.64}}, {"type": "Feature", "geometry": {"type": "Point", "coordinates": [-119.47535946965218, 49.85334493005728]}, "properties": {"source": "deepforest", "kind": "tree", "score": 0.14677973091602325, "crown_m": 2.31}}, {"type": "Feature", "geometry": {"type": "Point", "coordinates": [-119.48231108486652, 49.85395365541154]}, "properties": {"source": "deepforest", "kind": "tree", "score": 0.1467447727918625, "crown_m": 2.31}}, {"type": "Feature", "geometry": {"type": "Point", "coordinates": [-119.47687692940235, 49.855811776716145]}, "properties": {"source": "deepforest", "kind": "tree", "score": 0.14674432575702667, "crown_m": 2.69}}, {"type": "Feature", "geometry": {"type": "Point", "coordinates": [-119.4813783466816, 49.85475000186202]}, "properties": {"source": "deepforest", "kind": "tree", "score": 0.14670737087726593, "crown_m": 1.93}}, {"type": "Feature", "geometry": {"type": "Point", "coordinates": [-119.478974416852, 49.85711518585414]}, "properties": {"source": "deepforest", "kind": "tree", "score": 0.14666733145713806, "crown_m": 2.21}}, {"type": "Feature", "geometry": {"type": "Point", "coordinates": [-119.48234863579273, 49.8524063193324]}, "properties": {"source": "deepforest", "kind": "tree", "score": 0.1466372013092041, "crown_m": 3.95}}, {"type": "Feature", "geometry": {"type": "Point", "coordinates": [-119.48267854750156, 49.85537297601162]}, "properties": {"source": "deepforest", "kind": "tree", "score": 0.1466016322374344, "crown_m": 2.79}}, {"type": "Feature", "geometry": {"type": "Point", "coordinates": [-119.47613529860973, 49.85647926492551]}, "properties": {"source": "deepforest", "kind": "tree", "score": 0.14657528698444366, "crown_m": 2.31}}, {"type": "Feature", "geometry": {"type": "Point", "coordinates": [-119.4747593253851, 49.85459695910028]}, "properties": {"source": "deepforest", "kind": "tree", "score": 0.14651738107204437, "crown_m": 1.54}}, {"type": "Feature", "geometry": {"type": "Point", "coordinates": [-119.47672672569752, 49.854401980190445]}, "properties": {"source": "deepforest", "kind": "tree", "score": 0.14649684727191925, "crown_m": 3.37}}, {"type": "Feature", "geometry": {"type": "Point", "coordinates": [-119.47795048356056, 49.85573828327988]}, "properties": {"source": "deepforest", "kind": "tree", "score": 0.14648835361003876, "crown_m": 1.73}}, {"type": "Feature", "geometry": {"type": "Point", "coordinates": [-119.47861969470978, 49.854593500501196]}, "properties": {"source": "deepforest", "kind": "tree", "score": 0.14644894003868103, "crown_m": 1.54}}, {"type": "Feature", "geometry": {"type": "Point", "coordinates": [-119.477129727602, 49.85309244513225]}, "properties": {"source": "deepforest", "kind": "tree", "score": 0.1464451253414154, "crown_m": 1.54}}, {"type": "Feature", "geometry": {"type": "Point", "coordinates": [-119.48187053203583, 49.85227618347239]}, "properties": {"source": "deepforest", "kind": "tree", "score": 0.14643412828445435, "crown_m": 2.31}}, {"type": "Feature", "geometry": {"type": "Point", "coordinates": [-119.47874307632446, 49.85443483700198]}, "properties": {"source": "deepforest", "kind": "tree", "score": 0.14637748897075653, "crown_m": 3.47}}, {"type": "Feature", "geometry": {"type": "Point", "coordinates": [-119.47642631828785, 49.85471628061717]}, "properties": {"source": "deepforest", "kind": "tree", "score": 0.1463589072227478, "crown_m": 1.93}}, {"type": "Feature", "geometry": {"type": "Point", "coordinates": [-119.47942972183228, 49.85615676205847]}, "properties": {"source": "deepforest", "kind": "tree", "score": 0.14631031453609467, "crown_m": 1.92}}, {"type": "Feature", "geometry": {"type": "Point", "coordinates": [-119.47426378726959, 49.853874106511]}, "properties": {"source": "deepforest", "kind": "tree", "score": 0.1460215300321579, "crown_m": 2.7}}, {"type": "Feature", "geometry": {"type": "Point", "coordinates": [-119.47555057704449, 49.854591338876645]}, "properties": {"source": "deepforest", "kind": "tree", "score": 0.14600107073783875, "crown_m": 3.18}}, {"type": "Feature", "geometry": {"type": "Point", "coordinates": [-119.47873301804066, 49.855732663188974]}, "properties": {"source": "deepforest", "kind": "tree", "score": 0.14597393572330475, "crown_m": 2.41}}, {"type": "Feature", "geometry": {"type": "Point", "coordinates": [-119.48006339371204, 49.856668183165596]}, "properties": {"source": "deepforest", "kind": "tree", "score": 0.14597167074680328, "crown_m": 1.44}}, {"type": "Feature", "geometry": {"type": "Point", "coordinates": [-119.47554990649223, 49.856324066093286]}, "properties": {"source": "deepforest", "kind": "tree", "score": 0.14587977528572083, "crown_m": 3.37}}, {"type": "Feature", "geometry": {"type": "Point", "coordinates": [-119.47644710540771, 49.854229913891515]}, "properties": {"source": "deepforest", "kind": "tree", "score": 0.14587454497814178, "crown_m": 1.35}}, {"type": "Feature", "geometry": {"type": "Point", "coordinates": [-119.47647325694561, 49.85498475295295]}, "properties": {"source": "deepforest", "kind": "tree", "score": 0.1458701491355896, "crown_m": 2.21}}, {"type": "Feature", "geometry": {"type": "Point", "coordinates": [-119.47657383978367, 49.85344912293809]}, "properties": {"source": "deepforest", "kind": "tree", "score": 0.1458459049463272, "crown_m": 1.64}}, {"type": "Feature", "geometry": {"type": "Point", "coordinates": [-119.4745709002018, 49.851948896720806]}, "properties": {"source": "deepforest", "kind": "tree", "score": 0.14583519101142883, "crown_m": 2.5}}, {"type": "Feature", "geometry": {"type": "Point", "coordinates": [-119.48020286858082, 49.854940656149935]}, "properties": {"source": "deepforest", "kind": "tree", "score": 0.1458229124546051, "crown_m": 4.91}}, {"type": "Feature", "geometry": {"type": "Point", "coordinates": [-119.4822534173727, 49.85215469419712]}, "properties": {"source": "deepforest", "kind": "tree", "score": 0.14580191671848297, "crown_m": 1.64}}, {"type": "Feature", "geometry": {"type": "Point", "coordinates": [-119.47674348950386, 49.85443786328614]}, "properties": {"source": "deepforest", "kind": "tree", "score": 0.14577151834964752, "crown_m": 1.73}}, {"type": "Feature", "geometry": {"type": "Point", "coordinates": [-119.47607696056366, 49.854144745170146]}, "properties": {"source": "deepforest", "kind": "tree", "score": 0.14570769667625427, "crown_m": 2.12}}, {"type": "Feature", "geometry": {"type": "Point", "coordinates": [-119.47989039123058, 49.8524413392216]}, "properties": {"source": "deepforest", "kind": "tree", "score": 0.14568111300468445, "crown_m": 1.64}}, {"type": "Feature", "geometry": {"type": "Point", "coordinates": [-119.4761024415493, 49.85365664335921]}, "properties": {"source": "deepforest", "kind": "tree", "score": 0.14567573368549347, "crown_m": 2.41}}, {"type": "Feature", "geometry": {"type": "Point", "coordinates": [-119.48027662932873, 49.852040554528564]}, "properties": {"source": "deepforest", "kind": "tree", "score": 0.14559003710746765, "crown_m": 1.64}}, {"type": "Feature", "geometry": {"type": "Point", "coordinates": [-119.48234796524048, 49.85250143502172]}, "properties": {"source": "deepforest", "kind": "tree", "score": 0.14553402364253998, "crown_m": 1.83}}, {"type": "Feature", "geometry": {"type": "Point", "coordinates": [-119.47504967451096, 49.85396100503161]}, "properties": {"source": "deepforest", "kind": "tree", "score": 0.1455068439245224, "crown_m": 2.02}}, {"type": "Feature", "geometry": {"type": "Point", "coordinates": [-119.48239959776402, 49.85621987941096]}, "properties": {"source": "deepforest", "kind": "tree", "score": 0.1454986035823822, "crown_m": 2.89}}, {"type": "Feature", "geometry": {"type": "Point", "coordinates": [-119.48230974376202, 49.8539298772213]}, "properties": {"source": "deepforest", "kind": "tree", "score": 0.14548295736312866, "crown_m": 2.79}}, {"type": "Feature", "geometry": {"type": "Point", "coordinates": [-119.4812073558569, 49.85591423502605]}, "properties": {"source": "deepforest", "kind": "tree", "score": 0.14541064202785492, "crown_m": 1.64}}, {"type": "Feature", "geometry": {"type": "Point", "coordinates": [-119.47476603090763, 49.854531245675325]}, "properties": {"source": "deepforest", "kind": "tree", "score": 0.1452988088130951, "crown_m": 1.73}}, {"type": "Feature", "geometry": {"type": "Point", "coordinates": [-119.48033027350903, 49.85498561759575]}, "properties": {"source": "deepforest", "kind": "tree", "score": 0.14529447257518768, "crown_m": 3.75}}, {"type": "Feature", "geometry": {"type": "Point", "coordinates": [-119.48165662586689, 49.855988592819564]}, "properties": {"source": "deepforest", "kind": "tree", "score": 0.14527858793735504, "crown_m": 1.83}}, {"type": "Feature", "geometry": {"type": "Point", "coordinates": [-119.47844803333282, 49.8572353657556]}, "properties": {"source": "deepforest", "kind": "tree", "score": 0.14527586102485657, "crown_m": 1.44}}, {"type": "Feature", "geometry": {"type": "Point", "coordinates": [-119.47920575737953, 49.85626700121627]}, "properties": {"source": "deepforest", "kind": "tree", "score": 0.14527547359466553, "crown_m": 3.18}}, {"type": "Feature", "geometry": {"type": "Point", "coordinates": [-119.48027797043324, 49.852454741888536]}, "properties": {"source": "deepforest", "kind": "tree", "score": 0.145154669880867, "crown_m": 1.83}}, {"type": "Feature", "geometry": {"type": "Point", "coordinates": [-119.47806112468243, 49.857138530174936]}, "properties": {"source": "deepforest", "kind": "tree", "score": 0.1451437771320343, "crown_m": 2.6}}, {"type": "Feature", "geometry": {"type": "Point", "coordinates": [-119.47754748165607, 49.855434797435755]}, "properties": {"source": "deepforest", "kind": "tree", "score": 0.14510969817638397, "crown_m": 1.73}}, {"type": "Feature", "geometry": {"type": "Point", "coordinates": [-119.48034569621086, 49.854498388929336]}, "properties": {"source": "deepforest", "kind": "tree", "score": 0.14510440826416016, "crown_m": 2.89}}, {"type": "Feature", "geometry": {"type": "Point", "coordinates": [-119.47861634194851, 49.854671318920765]}, "properties": {"source": "deepforest", "kind": "tree", "score": 0.14506235718727112, "crown_m": 1.73}}, {"type": "Feature", "geometry": {"type": "Point", "coordinates": [-119.47530247271061, 49.8530729899035]}, "properties": {"source": "deepforest", "kind": "tree", "score": 0.14505305886268616, "crown_m": 2.79}}, {"type": "Feature", "geometry": {"type": "Point", "coordinates": [-119.47946324944496, 49.85722455822273]}, "properties": {"source": "deepforest", "kind": "tree", "score": 0.14501239359378815, "crown_m": 5.97}}, {"type": "Feature", "geometry": {"type": "Point", "coordinates": [-119.48178604245186, 49.85378115518415]}, "properties": {"source": "deepforest", "kind": "tree", "score": 0.14495447278022766, "crown_m": 2.02}}, {"type": "Feature", "geometry": {"type": "Point", "coordinates": [-119.48112085461617, 49.854451265399376]}, "properties": {"source": "deepforest", "kind": "tree", "score": 0.1448785811662674, "crown_m": 2.02}}, {"type": "Feature", "geometry": {"type": "Point", "coordinates": [-119.4813434779644, 49.85354596591217]}, "properties": {"source": "deepforest", "kind": "tree", "score": 0.14485639333724976, "crown_m": 3.18}}, {"type": "Feature", "geometry": {"type": "Point", "coordinates": [-119.47617217898369, 49.852912592052405]}, "properties": {"source": "deepforest", "kind": "tree", "score": 0.1448202133178711, "crown_m": 3.08}}, {"type": "Feature", "geometry": {"type": "Point", "coordinates": [-119.47935730218887, 49.855021067937]}, "properties": {"source": "deepforest", "kind": "tree", "score": 0.14481154084205627, "crown_m": 4.14}}, {"type": "Feature", "geometry": {"type": "Point", "coordinates": [-119.47898581624031, 49.852647134600986]}, "properties": {"source": "deepforest", "kind": "tree", "score": 0.1447889506816864, "crown_m": 1.35}}, {"type": "Feature", "geometry": {"type": "Point", "coordinates": [-119.4794149696827, 49.85517194775703]}, "properties": {"source": "deepforest", "kind": "tree", "score": 0.14472177624702454, "crown_m": 2.31}}, {"type": "Feature", "geometry": {"type": "Point", "coordinates": [-119.48248274624348, 49.8545904742268]}, "properties": {"source": "deepforest", "kind": "tree", "score": 0.1446891725063324, "crown_m": 1.64}}, {"type": "Feature", "geometry": {"type": "Point", "coordinates": [-119.47477474808693, 49.854946708654694]}, "properties": {"source": "deepforest", "kind": "tree", "score": 0.14468415081501007, "crown_m": 1.44}}, {"type": "Feature", "geometry": {"type": "Point", "coordinates": [-119.48002986609936, 49.85692064940892]}, "properties": {"source": "deepforest", "kind": "tree", "score": 0.1446569263935089, "crown_m": 2.02}}, {"type": "Feature", "geometry": {"type": "Point", "coordinates": [-119.47897508740425, 49.85355331559424]}, "properties": {"source": "deepforest", "kind": "tree", "score": 0.14463913440704346, "crown_m": 2.12}}, {"type": "Feature", "geometry": {"type": "Point", "coordinates": [-119.48235332965851, 49.85565571110932]}, "properties": {"source": "deepforest", "kind": "tree", "score": 0.14463229477405548, "crown_m": 2.41}}, {"type": "Feature", "geometry": {"type": "Point", "coordinates": [-119.47785660624504, 49.856807817911836]}, "properties": {"source": "deepforest", "kind": "tree", "score": 0.14455877244472504, "crown_m": 3.08}}, {"type": "Feature", "geometry": {"type": "Point", "coordinates": [-119.48187120258808, 49.853621192017044]}, "properties": {"source": "deepforest", "kind": "tree", "score": 0.14452385902404785, "crown_m": 2.6}}, {"type": "Feature", "geometry": {"type": "Point", "coordinates": [-119.4822346419096, 49.85318972115855]}, "properties": {"source": "deepforest", "kind": "tree", "score": 0.14447376132011414, "crown_m": 1.64}}, {"type": "Feature", "geometry": {"type": "Point", "coordinates": [-119.48231041431427, 49.856950046077536]}, "properties": {"source": "deepforest", "kind": "tree", "score": 0.14446444809436798, "crown_m": 3.37}}, {"type": "Feature", "geometry": {"type": "Point", "coordinates": [-119.48086202144623, 49.85566219583987]}, "properties": {"source": "deepforest", "kind": "tree", "score": 0.14440208673477173, "crown_m": 2.5}}, {"type": "Feature", "geometry": {"type": "Point", "coordinates": [-119.47472244501114, 49.85490866432647]}, "properties": {"source": "deepforest", "kind": "tree", "score": 0.14436449110507965, "crown_m": 11.36}}, {"type": "Feature", "geometry": {"type": "Point", "coordinates": [-119.48113024234772, 49.85222084319982]}, "properties": {"source": "deepforest", "kind": "tree", "score": 0.1443232297897339, "crown_m": 1.93}}, {"type": "Feature", "geometry": {"type": "Point", "coordinates": [-119.48130860924721, 49.85350575880809]}, "properties": {"source": "deepforest", "kind": "tree", "score": 0.14430992305278778, "crown_m": 2.89}}, {"type": "Feature", "geometry": {"type": "Point", "coordinates": [-119.47615943849087, 49.853951061427715]}, "properties": {"source": "deepforest", "kind": "tree", "score": 0.14429233968257904, "crown_m": 5.87}}, {"type": "Feature", "geometry": {"type": "Point", "coordinates": [-119.47808794677258, 49.851515681522265]}, "properties": {"source": "deepforest", "kind": "tree", "score": 0.14427366852760315, "crown_m": 1.64}}, {"type": "Feature", "geometry": {"type": "Point", "coordinates": [-119.47989508509636, 49.8547314119479]}, "properties": {"source": "deepforest", "kind": "tree", "score": 0.14426085352897644, "crown_m": 2.6}}, {"type": "Feature", "geometry": {"type": "Point", "coordinates": [-119.4828374683857, 49.85458701562724]}, "properties": {"source": "deepforest", "kind": "tree", "score": 0.14418356120586395, "crown_m": 2.79}}, {"type": "Feature", "geometry": {"type": "Point", "coordinates": [-119.4749578088522, 49.85549402487982]}, "properties": {"source": "deepforest", "kind": "tree", "score": 0.1441604197025299, "crown_m": 2.41}}, {"type": "Feature", "geometry": {"type": "Point", "coordinates": [-119.47651751339436, 49.85290956567274]}, "properties": {"source": "deepforest", "kind": "tree", "score": 0.14413399994373322, "crown_m": 2.21}}, {"type": "Feature", "geometry": {"type": "Point", "coordinates": [-119.47960272431374, 49.8562445210947]}, "properties": {"source": "deepforest", "kind": "tree", "score": 0.1441328525543213, "crown_m": 1.64}}, {"type": "Feature", "geometry": {"type": "Point", "coordinates": [-119.4793988764286, 49.85443872793871]}, "properties": {"source": "deepforest", "kind": "tree", "score": 0.14410720765590668, "crown_m": 2.12}}, {"type": "Feature", "geometry": {"type": "Point", "coordinates": [-119.47736039757729, 49.85291172737252]}, "properties": {"source": "deepforest", "kind": "tree", "score": 0.1441003531217575, "crown_m": 1.93}}, {"type": "Feature", "geometry": {"type": "Point", "coordinates": [-119.4751489162445, 49.85371760231359]}, "properties": {"source": "deepforest", "kind": "tree", "score": 0.14404895901679993, "crown_m": 1.93}}, {"type": "Feature", "geometry": {"type": "Point", "coordinates": [-119.48260143399239, 49.85537211137576]}, "properties": {"source": "deepforest", "kind": "tree", "score": 0.14396610856056213, "crown_m": 2.31}}, {"type": "Feature", "geometry": {"type": "Point", "coordinates": [-119.47651751339436, 49.85301030077978]}, "properties": {"source": "deepforest", "kind": "tree", "score": 0.14389623701572418, "crown_m": 1.93}}, {"type": "Feature", "geometry": {"type": "Point", "coordinates": [-119.48235869407654, 49.856720492204495]}, "properties": {"source": "deepforest", "kind": "tree", "score": 0.14382730424404144, "crown_m": 2.12}}, {"type": "Feature", "geometry": {"type": "Point", "coordinates": [-119.47796456515789, 49.85622031172131]}, "properties": {"source": "deepforest", "kind": "tree", "score": 0.14368349313735962, "crown_m": 2.98}}, {"type": "Feature", "geometry": {"type": "Point", "coordinates": [-119.4828374683857, 49.85594665849659]}, "properties": {"source": "deepforest", "kind": "tree", "score": 0.14362111687660217, "crown_m": 2.31}}, {"type": "Feature", "geometry": {"type": "Point", "coordinates": [-119.4799393415451, 49.85461814301429]}, "properties": {"source": "deepforest", "kind": "tree", "score": 0.14351136982440948, "crown_m": 2.21}}, {"type": "Feature", "geometry": {"type": "Point", "coordinates": [-119.47631433606148, 49.85294804391438]}, "properties": {"source": "deepforest", "kind": "tree", "score": 0.1435053050518036, "crown_m": 5.2}}, {"type": "Feature", "geometry": {"type": "Point", "coordinates": [-119.48226481676102, 49.85321782308524]}, "properties": {"source": "deepforest", "kind": "tree", "score": 0.14349035918712616, "crown_m": 2.89}}, {"type": "Feature", "geometry": {"type": "Point", "coordinates": [-119.48194228112698, 49.853299102412024]}, "properties": {"source": "deepforest", "kind": "tree", "score": 0.1434805542230606, "crown_m": 2.31}}, {"type": "Feature", "geometry": {"type": "Point", "coordinates": [-119.48070041835308, 49.8516328488902]}, "properties": {"source": "deepforest", "kind": "tree", "score": 0.14337857067584991, "crown_m": 2.12}}, {"type": "Feature", "geometry": {"type": "Point", "coordinates": [-119.47610646486282, 49.85532758260787]}, "properties": {"source": "deepforest", "kind": "tree", "score": 0.1433650553226471, "crown_m": 3.47}}, {"type": "Feature", "geometry": {"type": "Point", "coordinates": [-119.47717800736427, 49.85310714463323]}, "properties": {"source": "deepforest", "kind": "tree", "score": 0.14327070116996765, "crown_m": 1.54}}, {"type": "Feature", "geometry": {"type": "Point", "coordinates": [-119.47688698768616, 49.85503619917229]}, "properties": {"source": "deepforest", "kind": "tree", "score": 0.1432223916053772, "crown_m": 1.73}}, {"type": "Feature", "geometry": {"type": "Point", "coordinates": [-119.48283612728119, 49.85705293427688]}, "properties": {"source": "deepforest", "kind": "tree", "score": 0.14306877553462982, "crown_m": 2.98}}, {"type": "Feature", "geometry": {"type": "Point", "coordinates": [-119.48149167001247, 49.85475000186202]}, "properties": {"source": "deepforest", "kind": "tree", "score": 0.143063485622406, "crown_m": 2.02}}, {"type": "Feature", "geometry": {"type": "Point", "coordinates": [-119.48224268853664, 49.852705068436265]}, "properties": {"source": "deepforest", "kind": "tree", "score": 0.14302325248718262, "crown_m": 1.73}}, {"type": "Feature", "geometry": {"type": "Point", "coordinates": [-119.47481833398342, 49.85386762154051]}, "properties": {"source": "deepforest", "kind": "tree", "score": 0.14286589622497559, "crown_m": 1.64}}, {"type": "Feature", "geometry": {"type": "Point", "coordinates": [-119.47533130645752, 49.855170650797824]}, "properties": {"source": "deepforest", "kind": "tree", "score": 0.14283917844295502, "crown_m": 2.41}}, {"type": "Feature", "geometry": {"type": "Point", "coordinates": [-119.47576113045216, 49.85557054490078]}, "properties": {"source": "deepforest", "kind": "tree", "score": 0.14277423918247223, "crown_m": 2.31}}, {"type": "Feature", "geometry": {"type": "Point", "coordinates": [-119.47572894394398, 49.85550094194884]}, "properties": {"source": "deepforest", "kind": "tree", "score": 0.1427486389875412, "crown_m": 2.41}}, {"type": "Feature", "geometry": {"type": "Point", "coordinates": [-119.47740197181702, 49.854455588660926]}, "properties": {"source": "deepforest", "kind": "tree", "score": 0.14272823929786682, "crown_m": 2.41}}, {"type": "Feature", "geometry": {"type": "Point", "coordinates": [-119.47799138724804, 49.857140259383435]}, "properties": {"source": "deepforest", "kind": "tree", "score": 0.1427226960659027, "crown_m": 6.45}}, {"type": "Feature", "geometry": {"type": "Point", "coordinates": [-119.47840578854084, 49.85159004608392]}, "properties": {"source": "deepforest", "kind": "tree", "score": 0.14252759516239166, "crown_m": 2.6}}, {"type": "Feature", "geometry": {"type": "Point", "coordinates": [-119.47496719658375, 49.85553941812721]}, "properties": {"source": "deepforest", "kind": "tree", "score": 0.14250774681568146, "crown_m": 2.02}}, {"type": "Feature", "geometry": {"type": "Point", "coordinates": [-119.48106452822685, 49.85388967043663]}, "properties": {"source": "deepforest", "kind": "tree", "score": 0.14249560236930847, "crown_m": 2.89}}, {"type": "Feature", "geometry": {"type": "Point", "coordinates": [-119.47928555309772, 49.852259321989806]}, "properties": {"source": "deepforest", "kind": "tree", "score": 0.1424584686756134, "crown_m": 1.64}}, {"type": "Feature", "geometry": {"type": "Point", "coordinates": [-119.48247604072094, 49.85360822200732]}, "properties": {"source": "deepforest", "kind": "tree", "score": 0.14245577156543732, "crown_m": 7.03}}, {"type": "Feature", "geometry": {"type": "Point", "coordinates": [-119.47941295802593, 49.851551999113184]}, "properties": {"source": "deepforest", "kind": "tree", "score": 0.14244958758354187, "crown_m": 1.64}}, {"type": "Feature", "geometry": {"type": "Point", "coordinates": [-119.4801277667284, 49.85689427885273]}, "properties": {"source": "deepforest", "kind": "tree", "score": 0.14244337379932404, "crown_m": 2.5}}, {"type": "Feature", "geometry": {"type": "Point", "coordinates": [-119.47699829936028, 49.85601582849438]}, "properties": {"source": "deepforest", "kind": "tree", "score": 0.14243018627166748, "crown_m": 2.89}}, {"type": "Feature", "geometry": {"type": "Point", "coordinates": [-119.4751824438572, 49.85338340795229]}, "properties": {"source": "deepforest", "kind": "tree", "score": 0.14237211644649506, "crown_m": 3.56}}, {"type": "Feature", "geometry": {"type": "Point", "coordinates": [-119.48239088058472, 49.85553077179766]}, "properties": {"source": "deepforest", "kind": "tree", "score": 0.14236316084861755, "crown_m": 2.12}}, {"type": "Feature", "geometry": {"type": "Point", "coordinates": [-119.4751650094986, 49.85366658702368]}, "properties": {"source": "deepforest", "kind": "tree", "score": 0.1423160880804062, "crown_m": 1.54}}, {"type": "Feature", "geometry": {"type": "Point", "coordinates": [-119.47469294071198, 49.85724012106929]}, "properties": {"source": "deepforest", "kind": "tree", "score": 0.14229971170425415, "crown_m": 2.5}}, {"type": "Feature", "geometry": {"type": "Point", "coordinates": [-119.47800010442734, 49.854506603117926]}, "properties": {"source": "deepforest", "kind": "tree", "score": 0.14226534962654114, "crown_m": 3.95}}, {"type": "Feature", "geometry": {"type": "Point", "coordinates": [-119.47807855904102, 49.85688649737439]}, "properties": {"source": "deepforest", "kind": "tree", "score": 0.14225801825523376, "crown_m": 2.31}}, {"type": "Feature", "geometry": {"type": "Point", "coordinates": [-119.47980254888535, 49.85396835465056]}, "properties": {"source": "deepforest", "kind": "tree", "score": 0.1422128826379776, "crown_m": 1.54}}, {"type": "Feature", "geometry": {"type": "Point", "coordinates": [-119.48280528187752, 49.85503274060465]}, "properties": {"source": "deepforest", "kind": "tree", "score": 0.14216332137584686, "crown_m": 2.31}}, {"type": "Feature", "geometry": {"type": "Point", "coordinates": [-119.47607897222042, 49.85715971297479]}, "properties": {"source": "deepforest", "kind": "tree", "score": 0.14207658171653748, "crown_m": 2.5}}, {"type": "Feature", "geometry": {"type": "Point", "coordinates": [-119.48037922382355, 49.85220787281427]}, "properties": {"source": "deepforest", "kind": "tree", "score": 0.14200149476528168, "crown_m": 2.31}}, {"type": "Feature", "geometry": {"type": "Point", "coordinates": [-119.47932846844196, 49.85534660461082]}, "properties": {"source": "deepforest", "kind": "tree", "score": 0.1419861614704132, "crown_m": 1.93}}, {"type": "Feature", "geometry": {"type": "Point", "coordinates": [-119.47651483118534, 49.85544560536892]}, "properties": {"source": "deepforest", "kind": "tree", "score": 0.14183737337589264, "crown_m": 2.41}}, {"type": "Feature", "geometry": {"type": "Point", "coordinates": [-119.47719141840935, 49.855753414290604]}, "properties": {"source": "deepforest", "kind": "tree", "score": 0.14181117713451385, "crown_m": 3.37}}, {"type": "Feature", "geometry": {"type": "Point", "coordinates": [-119.47648264467716, 49.85295366432913]}, "properties": {"source": "deepforest", "kind": "tree", "score": 0.14180292189121246, "crown_m": 4.14}}, {"type": "Feature", "geometry": {"type": "Point", "coordinates": [-119.4816405326128, 49.85383908766001]}, "properties": {"source": "deepforest", "kind": "tree", "score": 0.14178676903247833, "crown_m": 1.44}}, {"type": "Feature", "geometry": {"type": "Point", "coordinates": [-119.48132805526257, 49.85180405973624]}, "properties": {"source": "deepforest", "kind": "tree", "score": 0.14175209403038025, "crown_m": 3.18}}, {"type": "Feature", "geometry": {"type": "Point", "coordinates": [-119.47882488369942, 49.85412701968134]}, "properties": {"source": "deepforest", "kind": "tree", "score": 0.14170946180820465, "crown_m": 3.47}}, {"type": "Feature", "geometry": {"type": "Point", "coordinates": [-119.47623923420906, 49.8553647619703]}, "properties": {"source": "deepforest", "kind": "tree", "score": 0.14169053733348846, "crown_m": 2.7}}, {"type": "Feature", "geometry": {"type": "Point", "coordinates": [-119.47617955505848, 49.85504311630685]}, "properties": {"source": "deepforest", "kind": "tree", "score": 0.1416865885257721, "crown_m": 1.54}}, {"type": "Feature", "geometry": {"type": "Point", "coordinates": [-119.48118858039379, 49.85435615354757]}, "properties": {"source": "deepforest", "kind": "tree", "score": 0.14163708686828613, "crown_m": 4.33}}, {"type": "Feature", "geometry": {"type": "Point", "coordinates": [-119.47800949215889, 49.85348414207164]}, "properties": {"source": "deepforest", "kind": "tree", "score": 0.14148195087909698, "crown_m": 1.54}}, {"type": "Feature", "geometry": {"type": "Point", "coordinates": [-119.47646252810955, 49.85425023331048]}, "properties": {"source": "deepforest", "kind": "tree", "score": 0.1414766013622284, "crown_m": 2.21}}, {"type": "Feature", "geometry": {"type": "Point", "coordinates": [-119.47930835187435, 49.85524025422551]}, "properties": {"source": "deepforest", "kind": "tree", "score": 0.14146451652050018, "crown_m": 2.5}}, {"type": "Feature", "geometry": {"type": "Point", "coordinates": [-119.48138907551765, 49.8547417877148]}, "properties": {"source": "deepforest", "kind": "tree", "score": 0.14144784212112427, "crown_m": 2.21}}, {"type": "Feature", "geometry": {"type": "Point", "coordinates": [-119.47528302669525, 49.85370463232973]}, "properties": {"source": "deepforest", "kind": "tree", "score": 0.1414247453212738, "crown_m": 1.73}}, {"type": "Feature", "geometry": {"type": "Point", "coordinates": [-119.47834208607674, 49.85596654488109]}, "properties": {"source": "deepforest", "kind": "tree", "score": 0.14138548076152802, "crown_m": 2.5}}, {"type": "Feature", "geometry": {"type": "Point", "coordinates": [-119.47511807084084, 49.85376386189432]}, "properties": {"source": "deepforest", "kind": "tree", "score": 0.14131173491477966, "crown_m": 2.21}}, {"type": "Feature", "geometry": {"type": "Point", "coordinates": [-119.47679579257965, 49.85505046576123]}, "properties": {"source": "deepforest", "kind": "tree", "score": 0.14124661684036255, "crown_m": 1.64}}, {"type": "Feature", "geometry": {"type": "Point", "coordinates": [-119.47472915053368, 49.85458226005246]}, "properties": {"source": "deepforest", "kind": "tree", "score": 0.14109843969345093, "crown_m": 2.5}}, {"type": "Feature", "geometry": {"type": "Point", "coordinates": [-119.47960741817951, 49.8569003311128]}, "properties": {"source": "deepforest", "kind": "tree", "score": 0.14100046455860138, "crown_m": 3.18}}, {"type": "Feature", "geometry": {"type": "Point", "coordinates": [-119.48272749781609, 49.85168905453785]}, "properties": {"source": "deepforest", "kind": "tree", "score": 0.14096574485301971, "crown_m": 2.89}}, {"type": "Feature", "geometry": {"type": "Point", "coordinates": [-119.47621710598469, 49.85503317292562]}, "properties": {"source": "deepforest", "kind": "tree", "score": 0.14087623357772827, "crown_m": 3.18}}, {"type": "Feature", "geometry": {"type": "Point", "coordinates": [-119.47750188410282, 49.85709097691696]}, "properties": {"source": "deepforest", "kind": "tree", "score": 0.14087024331092834, "crown_m": 2.98}}, {"type": "Feature", "geometry": {"type": "Point", "coordinates": [-119.4803624600172, 49.854012884670915]}, "properties": {"source": "deepforest", "kind": "tree", "score": 0.14080464839935303, "crown_m": 2.02}}, {"type": "Feature", "geometry": {"type": "Point", "coordinates": [-119.48104105889797, 49.852455606576605]}, "properties": {"source": "deepforest", "kind": "tree", "score": 0.14080119132995605, "crown_m": 2.98}}, {"type": "Feature", "geometry": {"type": "Point", "coordinates": [-119.47535544633865, 49.85323252254808]}, "properties": {"source": "deepforest", "kind": "tree", "score": 0.14079876244068146, "crown_m": 6.74}}, {"type": "Feature", "geometry": {"type": "Point", "coordinates": [-119.47796389460564, 49.856154168192894]}, "properties": {"source": "deepforest", "kind": "tree", "score": 0.140785813331604, "crown_m": 2.12}}, {"type": "Feature", "geometry": {"type": "Point", "coordinates": [-119.47603270411491, 49.85531331610075]}, "properties": {"source": "deepforest", "kind": "tree", "score": 0.14076490700244904, "crown_m": 2.79}}, {"type": "Feature", "geometry": {"type": "Point", "coordinates": [-119.47932377457619, 49.85220398169792]}, "properties": {"source": "deepforest", "kind": "tree", "score": 0.14072339236736298, "crown_m": 1.83}}, {"type": "Feature", "geometry": {"type": "Point", "coordinates": [-119.48177330195904, 49.85563150144095]}, "properties": {"source": "deepforest", "kind": "tree", "score": 0.14072035253047943, "crown_m": 2.79}}, {"type": "Feature", "geometry": {"type": "Point", "coordinates": [-119.48262222111225, 49.85412701968134]}, "properties": {"source": "deepforest", "kind": "tree", "score": 0.14064191281795502, "crown_m": 1.83}}, {"type": "Feature", "geometry": {"type": "Point", "coordinates": [-119.4756793230772, 49.85359654899558]}, "properties": {"source": "deepforest", "kind": "tree", "score": 0.14061732590198517, "crown_m": 1.83}}, {"type": "Feature", "geometry": {"type": "Point", "coordinates": [-119.47563640773296, 49.8570425590062]}, "properties": {"source": "deepforest", "kind": "tree", "score": 0.14053001999855042, "crown_m": 1.44}}, {"type": "Feature", "geometry": {"type": "Point", "coordinates": [-119.48065884411335, 49.85554676750611]}, "properties": {"source": "deepforest", "kind": "tree", "score": 0.14035385847091675, "crown_m": 2.02}}, {"type": "Feature", "geometry": {"type": "Point", "coordinates": [-119.48168881237507, 49.85475216347948]}, "properties": {"source": "deepforest", "kind": "tree", "score": 0.1403326541185379, "crown_m": 1.64}}, {"type": "Feature", "geometry": {"type": "Point", "coordinates": [-119.47938211262226, 49.85385292227084]}, "properties": {"source": "deepforest", "kind": "tree", "score": 0.14027105271816254, "crown_m": 1.83}}, {"type": "Feature", "geometry": {"type": "Point", "coordinates": [-119.48205426335335, 49.853193179858096]}, "properties": {"source": "deepforest", "kind": "tree", "score": 0.14024856686592102, "crown_m": 1.54}}, {"type": "Feature", "geometry": {"type": "Point", "coordinates": [-119.4805508852005, 49.85537167905782]}, "properties": {"source": "deepforest", "kind": "tree", "score": 0.14022196829319, "crown_m": 1.93}}, {"type": "Feature", "geometry": {"type": "Point", "coordinates": [-119.48086202144623, 49.85514773784628]}, "properties": {"source": "deepforest", "kind": "tree", "score": 0.1401805430650711, "crown_m": 1.93}}, {"type": "Feature", "geometry": {"type": "Point", "coordinates": [-119.47499871253967, 49.85520221012839]}, "properties": {"source": "deepforest", "kind": "tree", "score": 0.1401742845773697, "crown_m": 2.5}}, {"type": "Feature", "geometry": {"type": "Point", "coordinates": [-119.47620570659637, 49.85646413414207]}, "properties": {"source": "deepforest", "kind": "tree", "score": 0.14017356932163239, "crown_m": 1.64}}, {"type": "Feature", "geometry": {"type": "Point", "coordinates": [-119.48105245828629, 49.85412701968134]}, "properties": {"source": "deepforest", "kind": "tree", "score": 0.14014841616153717, "crown_m": 1.54}}, {"type": "Feature", "geometry": {"type": "Point", "coordinates": [-119.48234260082245, 49.856876554372455]}, "properties": {"source": "deepforest", "kind": "tree", "score": 0.1400851607322693, "crown_m": 1.54}}, {"type": "Feature", "geometry": {"type": "Point", "coordinates": [-119.47558678686619, 49.85472146850253]}, "properties": {"source": "deepforest", "kind": "tree", "score": 0.14008426666259766, "crown_m": 1.83}}, {"type": "Feature", "geometry": {"type": "Point", "coordinates": [-119.47507984936237, 49.8556833792869]}, "properties": {"source": "deepforest", "kind": "tree", "score": 0.1400611847639084, "crown_m": 1.83}}, {"type": "Feature", "geometry": {"type": "Point", "coordinates": [-119.48080569505692, 49.8549311450695]}, "properties": {"source": "deepforest", "kind": "tree", "score": 0.14004558324813843, "crown_m": 2.79}}, {"type": "Feature", "geometry": {"type": "Point", "coordinates": [-119.48135890066624, 49.85546549195962]}, "properties": {"source": "deepforest", "kind": "tree", "score": 0.14004375040531158, "crown_m": 2.6}}, {"type": "Feature", "geometry": {"type": "Point", "coordinates": [-119.48187120258808, 49.85356758262096]}, "properties": {"source": "deepforest", "kind": "tree", "score": 0.14003051817417145, "crown_m": 2.21}}, {"type": "Feature", "geometry": {"type": "Point", "coordinates": [-119.48161974549294, 49.85343053252354]}, "properties": {"source": "deepforest", "kind": "tree", "score": 0.1399679332971573, "crown_m": 2.31}}, {"type": "Feature", "geometry": {"type": "Point", "coordinates": [-119.47911188006401, 49.855966112568474]}, "properties": {"source": "deepforest", "kind": "tree", "score": 0.1399611383676529, "crown_m": 1.73}}, {"type": "Feature", "geometry": {"type": "Point", "coordinates": [-119.48278248310089, 49.85381574174526]}, "properties": {"source": "deepforest", "kind": "tree", "score": 0.1399400383234024, "crown_m": 1.73}}, {"type": "Feature", "geometry": {"type": "Point", "coordinates": [-119.47562769055367, 49.85381617407711]}, "properties": {"source": "deepforest", "kind": "tree", "score": 0.1399117410182953, "crown_m": 2.12}}, {"type": "Feature", "geometry": {"type": "Point", "coordinates": [-119.47497524321079, 49.856736055213396]}, "properties": {"source": "deepforest", "kind": "tree", "score": 0.13991031050682068, "crown_m": 2.21}}, {"type": "Feature", "geometry": {"type": "Point", "coordinates": [-119.47827637195587, 49.8572159121947]}, "properties": {"source": "deepforest", "kind": "tree", "score": 0.13982245326042175, "crown_m": 1.35}}, {"type": "Feature", "geometry": {"type": "Point", "coordinates": [-119.47496853768826, 49.85518448502746]}, "properties": {"source": "deepforest", "kind": "tree", "score": 0.13979162275791168, "crown_m": 2.6}}, {"type": "Feature", "geometry": {"type": "Point", "coordinates": [-119.47752602398396, 49.85209632735483]}, "properties": {"source": "deepforest", "kind": "tree", "score": 0.13976629078388214, "crown_m": 2.7}}, {"type": "Feature", "geometry": {"type": "Point", "coordinates": [-119.48107123374939, 49.854655755246874]}, "properties": {"source": "deepforest", "kind": "tree", "score": 0.13976280391216278, "crown_m": 2.5}}, {"type": "Feature", "geometry": {"type": "Point", "coordinates": [-119.47748176753521, 49.853949764435754]}, "properties": {"source": "deepforest", "kind": "tree", "score": 0.13976076245307922, "crown_m": 2.6}}, {"type": "Feature", "geometry": {"type": "Point", "coordinates": [-119.48227286338806, 49.855557143097954]}, "properties": {"source": "deepforest", "kind": "tree", "score": 0.13969111442565918, "crown_m": 2.79}}, {"type": "Feature", "geometry": {"type": "Point", "coordinates": [-119.48078222572803, 49.85710697210895]}, "properties": {"source": "deepforest", "kind": "tree", "score": 0.13966189324855804, "crown_m": 2.5}}, {"type": "Feature", "geometry": {"type": "Point", "coordinates": [-119.47621241211891, 49.85424504537453]}, "properties": {"source": "deepforest", "kind": "tree", "score": 0.13963960111141205, "crown_m": 2.31}}, {"type": "Feature", "geometry": {"type": "Point", "coordinates": [-119.48198854923248, 49.85319361219552]}, "properties": {"source": "deepforest", "kind": "tree", "score": 0.13963809609413147, "crown_m": 1.54}}, {"type": "Feature", "geometry": {"type": "Point", "coordinates": [-119.47475261986256, 49.85534401070177]}, "properties": {"source": "deepforest", "kind": "tree", "score": 0.13961678743362427, "crown_m": 2.79}}, {"type": "Feature", "geometry": {"type": "Point", "coordinates": [-119.48262691497803, 49.85578670249751]}, "properties": {"source": "deepforest", "kind": "tree", "score": 0.13961228728294373, "crown_m": 2.5}}, {"type": "Feature", "geometry": {"type": "Point", "coordinates": [-119.47638742625713, 49.854331510900884]}, "properties": {"source": "deepforest", "kind": "tree", "score": 0.1396007537841797, "crown_m": 1.35}}, {"type": "Feature", "geometry": {"type": "Point", "coordinates": [-119.48256187140942, 49.852335414787674]}, "properties": {"source": "deepforest", "kind": "tree", "score": 0.13959768414497375, "crown_m": 2.41}}, {"type": "Feature", "geometry": {"type": "Point", "coordinates": [-119.47945587337017, 49.853500138457555]}, "properties": {"source": "deepforest", "kind": "tree", "score": 0.13956809043884277, "crown_m": 1.64}}, {"type": "Feature", "geometry": {"type": "Point", "coordinates": [-119.48109202086926, 49.85412701968134]}, "properties": {"source": "deepforest", "kind": "tree", "score": 0.13955603539943695, "crown_m": 1.83}}, {"type": "Feature", "geometry": {"type": "Point", "coordinates": [-119.47474122047424, 49.85522987856562]}, "properties": {"source": "deepforest", "kind": "tree", "score": 0.13951070606708527, "crown_m": 1.54}}, {"type": "Feature", "geometry": {"type": "Point", "coordinates": [-119.4753909856081, 49.85461468441671]}, "properties": {"source": "deepforest", "kind": "tree", "score": 0.13949869573116302, "crown_m": 4.72}}, {"type": "Feature", "geometry": {"type": "Point", "coordinates": [-119.47511203587055, 49.853368708535335]}, "properties": {"source": "deepforest", "kind": "tree", "score": 0.13946543633937836, "crown_m": 1.64}}, {"type": "Feature", "geometry": {"type": "Point", "coordinates": [-119.47693526744843, 49.85441624696663]}, "properties": {"source": "deepforest", "kind": "tree", "score": 0.1394135057926178, "crown_m": 2.31}}, {"type": "Feature", "geometry": {"type": "Point", "coordinates": [-119.4804234802723, 49.85624322416428]}, "properties": {"source": "deepforest", "kind": "tree", "score": 0.13934817910194397, "crown_m": 2.12}}, {"type": "Feature", "geometry": {"type": "Point", "coordinates": [-119.47800815105438, 49.85687612206798]}, "properties": {"source": "deepforest", "kind": "tree", "score": 0.13934223353862762, "crown_m": 2.12}}, {"type": "Feature", "geometry": {"type": "Point", "coordinates": [-119.48253773152828, 49.85537254369369]}, "properties": {"source": "deepforest", "kind": "tree", "score": 0.13931946456432343, "crown_m": 2.6}}, {"type": "Feature", "geometry": {"type": "Point", "coordinates": [-119.48269799351692, 49.852082924588494]}, "properties": {"source": "deepforest", "kind": "tree", "score": 0.1392897069454193, "crown_m": 1.64}}, {"type": "Feature", "geometry": {"type": "Point", "coordinates": [-119.47660803794861, 49.85306218143969]}, "properties": {"source": "deepforest", "kind": "tree", "score": 0.13920556008815765, "crown_m": 1.93}}, {"type": "Feature", "geometry": {"type": "Point", "coordinates": [-119.47752736508846, 49.85614984508332]}, "properties": {"source": "deepforest", "kind": "tree", "score": 0.13918785750865936, "crown_m": 2.5}}, {"type": "Feature", "geometry": {"type": "Point", "coordinates": [-119.47618894279003, 49.854411491375025]}, "properties": {"source": "deepforest", "kind": "tree", "score": 0.13915620744228363, "crown_m": 2.21}}, {"type": "Feature", "geometry": {"type": "Point", "coordinates": [-119.4765168428421, 49.852754355375794]}, "properties": {"source": "deepforest", "kind": "tree", "score": 0.1391560286283493, "crown_m": 3.08}}, {"type": "Feature", "geometry": {"type": "Point", "coordinates": [-119.47572894394398, 49.85467434519011]}, "properties": {"source": "deepforest", "kind": "tree", "score": 0.1391311138868332, "crown_m": 2.41}}, {"type": "Feature", "geometry": {"type": "Point", "coordinates": [-119.47514556348324, 49.85506127378034]}, "properties": {"source": "deepforest", "kind": "tree", "score": 0.13909026980400085, "crown_m": 2.6}}, {"type": "Feature", "geometry": {"type": "Point", "coordinates": [-119.48242239654064, 49.85599464519308]}, "properties": {"source": "deepforest", "kind": "tree", "score": 0.13907791674137115, "crown_m": 2.41}}, {"type": "Feature", "geometry": {"type": "Point", "coordinates": [-119.48068365454674, 49.85553466264615]}, "properties": {"source": "deepforest", "kind": "tree", "score": 0.1390112340450287, "crown_m": 2.41}}, {"type": "Feature", "geometry": {"type": "Point", "coordinates": [-119.48164589703083, 49.8566171709905]}, "properties": {"source": "deepforest", "kind": "tree", "score": 0.13900455832481384, "crown_m": 2.21}}, {"type": "Feature", "geometry": {"type": "Point", "coordinates": [-119.48090091347694, 49.85226018668136]}, "properties": {"source": "deepforest", "kind": "tree", "score": 0.138966366648674, "crown_m": 1.35}}, {"type": "Feature", "geometry": {"type": "Point", "coordinates": [-119.47941362857819, 49.85150227859492]}, "properties": {"source": "deepforest", "kind": "tree", "score": 0.13888567686080933, "crown_m": 2.89}}, {"type": "Feature", "geometry": {"type": "Point", "coordinates": [-119.47974555194378, 49.853275756236414]}, "properties": {"source": "deepforest", "kind": "tree", "score": 0.13887649774551392, "crown_m": 1.93}}, {"type": "Feature", "geometry": {"type": "Point", "coordinates": [-119.48211193084717, 49.851645387078804]}, "properties": {"source": "deepforest", "kind": "tree", "score": 0.13887256383895874, "crown_m": 1.93}}, {"type": "Feature", "geometry": {"type": "Point", "coordinates": [-119.47704322636127, 49.8531737246699]}, "properties": {"source": "deepforest", "kind": "tree", "score": 0.13884037733078003, "crown_m": 2.12}}, {"type": "Feature", "geometry": {"type": "Point", "coordinates": [-119.48253504931927, 49.853504029469526]}, "properties": {"source": "deepforest", "kind": "tree", "score": 0.1388201117515564, "crown_m": 1.64}}, {"type": "Feature", "geometry": {"type": "Point", "coordinates": [-119.4772182404995, 49.85529083553551]}, "properties": {"source": "deepforest", "kind": "tree", "score": 0.13881084322929382, "crown_m": 3.08}}, {"type": "Feature", "geometry": {"type": "Point", "coordinates": [-119.47573967278004, 49.85365664335921]}, "properties": {"source": "deepforest", "kind": "tree", "score": 0.1387675553560257, "crown_m": 1.83}}, {"type": "Feature", "geometry": {"type": "Point", "coordinates": [-119.47616815567017, 49.852767325614685]}, "properties": {"source": "deepforest", "kind": "tree", "score": 0.1386743187904358, "crown_m": 1.93}}, {"type": "Feature", "geometry": {"type": "Point", "coordinates": [-119.48047108948231, 49.85452476079301]}, "properties": {"source": "deepforest", "kind": "tree", "score": 0.13866768777370453, "crown_m": 1.44}}, {"type": "Feature", "geometry": {"type": "Point", "coordinates": [-119.47962082922459, 49.8556833792869]}, "properties": {"source": "deepforest", "kind": "tree", "score": 0.13860322535037994, "crown_m": 1.64}}, {"type": "Feature", "geometry": {"type": "Point", "coordinates": [-119.47674751281738, 49.854654890598184]}, "properties": {"source": "deepforest", "kind": "tree", "score": 0.13859161734580994, "crown_m": 1.93}}, {"type": "Feature", "geometry": {"type": "Point", "coordinates": [-119.47748109698296, 49.85277770180328]}, "properties": {"source": "deepforest", "kind": "tree", "score": 0.13857872784137726, "crown_m": 2.12}}, {"type": "Feature", "geometry": {"type": "Point", "coordinates": [-119.4785888493061, 49.85169943095796]}, "properties": {"source": "deepforest", "kind": "tree", "score": 0.1385742872953415, "crown_m": 1.54}}, {"type": "Feature", "geometry": {"type": "Point", "coordinates": [-119.4803785532713, 49.852082924588494]}, "properties": {"source": "deepforest", "kind": "tree", "score": 0.13855624198913574, "crown_m": 3.18}}, {"type": "Feature", "geometry": {"type": "Point", "coordinates": [-119.47849296033382, 49.85679052570508]}, "properties": {"source": "deepforest", "kind": "tree", "score": 0.1384926587343216, "crown_m": 2.5}}, {"type": "Feature", "geometry": {"type": "Point", "coordinates": [-119.48095791041851, 49.85412226406129]}, "properties": {"source": "deepforest", "kind": "tree", "score": 0.13838671147823334, "crown_m": 2.6}}, {"type": "Feature", "geometry": {"type": "Point", "coordinates": [-119.47559416294098, 49.85514384696665]}, "properties": {"source": "deepforest", "kind": "tree", "score": 0.13837960362434387, "crown_m": 2.6}}, {"type": "Feature", "geometry": {"type": "Point", "coordinates": [-119.47732284665108, 49.85204833678726]}, "properties": {"source": "deepforest", "kind": "tree", "score": 0.13832901418209076, "crown_m": 1.44}}, {"type": "Feature", "geometry": {"type": "Point", "coordinates": [-119.47465471923351, 49.85556146626056]}, "properties": {"source": "deepforest", "kind": "tree", "score": 0.1383092701435089, "crown_m": 3.37}}, {"type": "Feature", "geometry": {"type": "Point", "coordinates": [-119.48092237114906, 49.85599507750543]}, "properties": {"source": "deepforest", "kind": "tree", "score": 0.13830214738845825, "crown_m": 2.12}}, {"type": "Feature", "geometry": {"type": "Point", "coordinates": [-119.4817042350769, 49.85350446180418]}, "properties": {"source": "deepforest", "kind": "tree", "score": 0.1382698118686676, "crown_m": 1.54}}, {"type": "Feature", "geometry": {"type": "Point", "coordinates": [-119.4820535928011, 49.85318280375869]}, "properties": {"source": "deepforest", "kind": "tree", "score": 0.13825713098049164, "crown_m": 1.44}}, {"type": "Feature", "geometry": {"type": "Point", "coordinates": [-119.47925537824631, 49.85664051555189]}, "properties": {"source": "deepforest", "kind": "tree", "score": 0.13821634650230408, "crown_m": 2.21}}, {"type": "Feature", "geometry": {"type": "Point", "coordinates": [-119.4750677794218, 49.8565480018535]}, "properties": {"source": "deepforest", "kind": "tree", "score": 0.13821107149124146, "crown_m": 2.41}}, {"type": "Feature", "geometry": {"type": "Point", "coordinates": [-119.47851374745369, 49.85247462971004]}, "properties": {"source": "deepforest", "kind": "tree", "score": 0.13814495503902435, "crown_m": 3.18}}, {"type": "Feature", "geometry": {"type": "Point", "coordinates": [-119.4778324663639, 49.85319361219552]}, "properties": {"source": "deepforest", "kind": "tree", "score": 0.13814429938793182, "crown_m": 2.12}}, {"type": "Feature", "geometry": {"type": "Point", "coordinates": [-119.47623386979103, 49.852850335061135]}, "properties": {"source": "deepforest", "kind": "tree", "score": 0.13810603320598602, "crown_m": 1.93}}, {"type": "Feature", "geometry": {"type": "Point", "coordinates": [-119.4756531715393, 49.855590863756056]}, "properties": {"source": "deepforest", "kind": "tree", "score": 0.13800589740276337, "crown_m": 5.97}}, {"type": "Feature", "geometry": {"type": "Point", "coordinates": [-119.48086805641651, 49.851491037427174]}, "properties": {"source": "deepforest", "kind": "tree", "score": 0.13795773684978485, "crown_m": 1.44}}, {"type": "Feature", "geometry": {"type": "Point", "coordinates": [-119.47857275605202, 49.85443483700198]}, "properties": {"source": "deepforest", "kind": "tree", "score": 0.13794216513633728, "crown_m": 1.64}}, {"type": "Feature", "geometry": {"type": "Point", "coordinates": [-119.4750677794218, 49.85518232342935]}, "properties": {"source": "deepforest", "kind": "tree", "score": 0.13791504502296448, "crown_m": 3.47}}, {"type": "Feature", "geometry": {"type": "Point", "coordinates": [-119.47999633848667, 49.851959705433586]}, "properties": {"source": "deepforest", "kind": "tree", "score": 0.13788598775863647, "crown_m": 2.98}}, {"type": "Feature", "geometry": {"type": "Point", "coordinates": [-119.4799393415451, 49.85495405812374]}, "properties": {"source": "deepforest", "kind": "tree", "score": 0.13785378634929657, "crown_m": 2.5}}, {"type": "Feature", "geometry": {"type": "Point", "coordinates": [-119.48090560734272, 49.85592850135577]}, "properties": {"source": "deepforest", "kind": "tree", "score": 0.1378052681684494, "crown_m": 3.08}}, {"type": "Feature", "geometry": {"type": "Point", "coordinates": [-119.47506710886955, 49.85658258643438]}, "properties": {"source": "deepforest", "kind": "tree", "score": 0.13765797019004822, "crown_m": 2.02}}, {"type": "Feature", "geometry": {"type": "Point", "coordinates": [-119.48187187314034, 49.85499123777354]}, "properties": {"source": "deepforest", "kind": "tree", "score": 0.13758522272109985, "crown_m": 2.7}}, {"type": "Feature", "geometry": {"type": "Point", "coordinates": [-119.47568535804749, 49.85443872793871]}, "properties": {"source": "deepforest", "kind": "tree", "score": 0.13756731152534485, "crown_m": 2.5}}, {"type": "Feature", "geometry": {"type": "Point", "coordinates": [-119.47658725082874, 49.85713593636207]}, "properties": {"source": "deepforest", "kind": "tree", "score": 0.13754507899284363, "crown_m": 2.41}}, {"type": "Feature", "geometry": {"type": "Point", "coordinates": [-119.47958461940289, 49.85663359864599]}, "properties": {"source": "deepforest", "kind": "tree", "score": 0.13754352927207947, "crown_m": 2.21}}, {"type": "Feature", "geometry": {"type": "Point", "coordinates": [-119.48191948235035, 49.856229822548016]}, "properties": {"source": "deepforest", "kind": "tree", "score": 0.13749125599861145, "crown_m": 1.64}}, {"type": "Feature", "geometry": {"type": "Point", "coordinates": [-119.48167204856873, 49.85661198330866]}, "properties": {"source": "deepforest", "kind": "tree", "score": 0.13734170794487, "crown_m": 2.31}}, {"type": "Feature", "geometry": {"type": "Point", "coordinates": [-119.4779659062624, 49.853172427657064]}, "properties": {"source": "deepforest", "kind": "tree", "score": 0.13733820617198944, "crown_m": 2.41}}, {"type": "Feature", "geometry": {"type": "Point", "coordinates": [-119.48124423623085, 49.854697690690074]}, "properties": {"source": "deepforest", "kind": "tree", "score": 0.13733789324760437, "crown_m": 1.83}}, {"type": "Feature", "geometry": {"type": "Point", "coordinates": [-119.48085263371468, 49.85724012106929]}, "properties": {"source": "deepforest", "kind": "tree", "score": 0.13732846081256866, "crown_m": 1.73}}, {"type": "Feature", "geometry": {"type": "Point", "coordinates": [-119.47497189044952, 49.853788504830455]}, "properties": {"source": "deepforest", "kind": "tree", "score": 0.13727886974811554, "crown_m": 2.31}}, {"type": "Feature", "geometry": {"type": "Point", "coordinates": [-119.47896905243397, 49.85319361219552]}, "properties": {"source": "deepforest", "kind": "tree", "score": 0.13726864755153656, "crown_m": 1.44}}, {"type": "Feature", "geometry": {"type": "Point", "coordinates": [-119.47803698480129, 49.8566167386837]}, "properties": {"source": "deepforest", "kind": "tree", "score": 0.13722875714302063, "crown_m": 2.41}}, {"type": "Feature", "geometry": {"type": "Point", "coordinates": [-119.48048785328865, 49.853909557667635]}, "properties": {"source": "deepforest", "kind": "tree", "score": 0.13718919456005096, "crown_m": 1.73}}, {"type": "Feature", "geometry": {"type": "Point", "coordinates": [-119.48040135204792, 49.85619869619911]}, "properties": {"source": "deepforest", "kind": "tree", "score": 0.13717518746852875, "crown_m": 2.21}}, {"type": "Feature", "geometry": {"type": "Point", "coordinates": [-119.47999969124794, 49.8557413094824]}, "properties": {"source": "deepforest", "kind": "tree", "score": 0.13712908327579498, "crown_m": 2.79}}, {"type": "Feature", "geometry": {"type": "Point", "coordinates": [-119.48234796524048, 49.85441408533414]}, "properties": {"source": "deepforest", "kind": "tree", "score": 0.13705363869667053, "crown_m": 1.64}}, {"type": "Feature", "geometry": {"type": "Point", "coordinates": [-119.47700031101704, 49.85379326048335]}, "properties": {"source": "deepforest", "kind": "tree", "score": 0.1370372772216797, "crown_m": 1.64}}, {"type": "Feature", "geometry": {"type": "Point", "coordinates": [-119.47571821510792, 49.853655346359346]}, "properties": {"source": "deepforest", "kind": "tree", "score": 0.13699716329574585, "crown_m": 1.64}}, {"type": "Feature", "geometry": {"type": "Point", "coordinates": [-119.4760199636221, 49.85694053539258]}, "properties": {"source": "deepforest", "kind": "tree", "score": 0.13699008524417877, "crown_m": 2.02}}, {"type": "Feature", "geometry": {"type": "Point", "coordinates": [-119.48168210685253, 49.85471022808355]}, "properties": {"source": "deepforest", "kind": "tree", "score": 0.13697963953018188, "crown_m": 2.89}}, {"type": "Feature", "geometry": {"type": "Point", "coordinates": [-119.4760762900114, 49.85713593636207]}, "properties": {"source": "deepforest", "kind": "tree", "score": 0.1369592845439911, "crown_m": 2.6}}, {"type": "Feature", "geometry": {"type": "Point", "coordinates": [-119.48234863579273, 49.85635303081568]}, "properties": {"source": "deepforest", "kind": "tree", "score": 0.13691172003746033, "crown_m": 3.85}}, {"type": "Feature", "geometry": {"type": "Point", "coordinates": [-119.47565853595734, 49.853659669692085]}, "properties": {"source": "deepforest", "kind": "tree", "score": 0.13680624961853027, "crown_m": 2.5}}, {"type": "Feature", "geometry": {"type": "Point", "coordinates": [-119.47834074497223, 49.85474956953853]}, "properties": {"source": "deepforest", "kind": "tree", "score": 0.1367987096309662, "crown_m": 1.93}}, {"type": "Feature", "geometry": {"type": "Point", "coordinates": [-119.47509124875069, 49.853999050105884]}, "properties": {"source": "deepforest", "kind": "tree", "score": 0.13676728308200836, "crown_m": 2.41}}, {"type": "Feature", "geometry": {"type": "Point", "coordinates": [-119.48138974606991, 49.855486243175974]}, "properties": {"source": "deepforest", "kind": "tree", "score": 0.1367146521806717, "crown_m": 1.83}}, {"type": "Feature", "geometry": {"type": "Point", "coordinates": [-119.47492428123951, 49.85608888919701]}, "properties": {"source": "deepforest", "kind": "tree", "score": 0.1366693377494812, "crown_m": 2.98}}, {"type": "Feature", "geometry": {"type": "Point", "coordinates": [-119.47870150208473, 49.85630634140385]}, "properties": {"source": "deepforest", "kind": "tree", "score": 0.13662563264369965, "crown_m": 1.92}}, {"type": "Feature", "geometry": {"type": "Point", "coordinates": [-119.48264971375465, 49.85171629263588]}, "properties": {"source": "deepforest", "kind": "tree", "score": 0.13661496341228485, "crown_m": 2.31}}, {"type": "Feature", "geometry": {"type": "Point", "coordinates": [-119.47643972933292, 49.85517627095409]}, "properties": {"source": "deepforest", "kind": "tree", "score": 0.1365765929222107, "crown_m": 3.37}}, {"type": "Feature", "geometry": {"type": "Point", "coordinates": [-119.4791004806757, 49.85594233536844]}, "properties": {"source": "deepforest", "kind": "tree", "score": 0.13656078279018402, "crown_m": 3.46}}, {"type": "Feature", "geometry": {"type": "Point", "coordinates": [-119.47689168155193, 49.8564062048131]}, "properties": {"source": "deepforest", "kind": "tree", "score": 0.13655440509319305, "crown_m": 1.44}}, {"type": "Feature", "geometry": {"type": "Point", "coordinates": [-119.47976432740688, 49.85396316668436]}, "properties": {"source": "deepforest", "kind": "tree", "score": 0.13653446733951569, "crown_m": 1.44}}, {"type": "Feature", "geometry": {"type": "Point", "coordinates": [-119.48166333138943, 49.85548970171117]}, "properties": {"source": "deepforest", "kind": "tree", "score": 0.13652443885803223, "crown_m": 1.83}}, {"type": "Feature", "geometry": {"type": "Point", "coordinates": [-119.48163114488125, 49.85689471115705]}, "properties": {"source": "deepforest", "kind": "tree", "score": 0.13651229441165924, "crown_m": 1.44}}, {"type": "Feature", "geometry": {"type": "Point", "coordinates": [-119.47831325232983, 49.85528824162347]}, "properties": {"source": "deepforest", "kind": "tree", "score": 0.1364939957857132, "crown_m": 2.79}}, {"type": "Feature", "geometry": {"type": "Point", "coordinates": [-119.47603270411491, 49.85575946669356]}, "properties": {"source": "deepforest", "kind": "tree", "score": 0.13648736476898193, "crown_m": 2.41}}, {"type": "Feature", "geometry": {"type": "Point", "coordinates": [-119.48042213916779, 49.85452519311853]}, "properties": {"source": "deepforest", "kind": "tree", "score": 0.13633356988430023, "crown_m": 1.54}}, {"type": "Feature", "geometry": {"type": "Point", "coordinates": [-119.47776272892952, 49.85691070641401]}, "properties": {"source": "deepforest", "kind": "tree", "score": 0.13626842200756073, "crown_m": 1.35}}, {"type": "Feature", "geometry": {"type": "Point", "coordinates": [-119.47834275662899, 49.85621339475525]}, "properties": {"source": "deepforest", "kind": "tree", "score": 0.13625949621200562, "crown_m": 2.79}}, {"type": "Feature", "geometry": {"type": "Point", "coordinates": [-119.47487130761147, 49.85441019439543]}, "properties": {"source": "deepforest", "kind": "tree", "score": 0.13620443642139435, "crown_m": 1.93}}, {"type": "Feature", "geometry": {"type": "Point", "coordinates": [-119.4816593080759, 49.85443829561243]}, "properties": {"source": "deepforest", "kind": "tree", "score": 0.13617786765098572, "crown_m": 2.6}}, {"type": "Feature", "geometry": {"type": "Point", "coordinates": [-119.47715051472187, 49.85311362970577]}, "properties": {"source": "deepforest", "kind": "tree", "score": 0.13608583807945251, "crown_m": 1.44}}, {"type": "Feature", "geometry": {"type": "Point", "coordinates": [-119.47924666106701, 49.85221089923787]}, "properties": {"source": "deepforest", "kind": "tree", "score": 0.13603876531124115, "crown_m": 2.41}}, {"type": "Feature", "geometry": {"type": "Point", "coordinates": [-119.47876185178757, 49.853799745463824]}, "properties": {"source": "deepforest", "kind": "tree", "score": 0.1360035240650177, "crown_m": 2.89}}, {"type": "Feature", "geometry": {"type": "Point", "coordinates": [-119.48106050491333, 49.85494022382814]}, "properties": {"source": "deepforest", "kind": "tree", "score": 0.13597866892814636, "crown_m": 2.5}}, {"type": "Feature", "geometry": {"type": "Point", "coordinates": [-119.47554185986519, 49.85378764016624]}, "properties": {"source": "deepforest", "kind": "tree", "score": 0.13597580790519714, "crown_m": 1.54}}, {"type": "Feature", "geometry": {"type": "Point", "coordinates": [-119.47506844997406, 49.853964896006495]}, "properties": {"source": "deepforest", "kind": "tree", "score": 0.13587817549705505, "crown_m": 2.12}}, {"type": "Feature", "geometry": {"type": "Point", "coordinates": [-119.47945721447468, 49.854936332931786]}, "properties": {"source": "deepforest", "kind": "tree", "score": 0.13585250079631805, "crown_m": 2.41}}, {"type": "Feature", "geometry": {"type": "Point", "coordinates": [-119.47924867272377, 49.85479712510067]}, "properties": {"source": "deepforest", "kind": "tree", "score": 0.13580937683582306, "crown_m": 1.83}}, {"type": "Feature", "geometry": {"type": "Point", "coordinates": [-119.48179610073566, 49.853639350024814]}, "properties": {"source": "deepforest", "kind": "tree", "score": 0.13578464090824127, "crown_m": 2.21}}, {"type": "Feature", "geometry": {"type": "Point", "coordinates": [-119.47612389922142, 49.855766383724585]}, "properties": {"source": "deepforest", "kind": "tree", "score": 0.13572555780410767, "crown_m": 1.54}}, {"type": "Feature", "geometry": {"type": "Point", "coordinates": [-119.4810289889574, 49.85684586074489]}, "properties": {"source": "deepforest", "kind": "tree", "score": 0.1356881707906723, "crown_m": 2.69}}, {"type": "Feature", "geometry": {"type": "Point", "coordinates": [-119.48089487850666, 49.854992967058884]}, "properties": {"source": "deepforest", "kind": "tree", "score": 0.1356874704360962, "crown_m": 2.12}}, {"type": "Feature", "geometry": {"type": "Point", "coordinates": [-119.47682127356529, 49.85221435800748]}, "properties": {"source": "deepforest", "kind": "tree", "score": 0.13566043972969055, "crown_m": 2.98}}, {"type": "Feature", "geometry": {"type": "Point", "coordinates": [-119.4775240123272, 49.8551261218443]}, "properties": {"source": "deepforest", "kind": "tree", "score": 0.13565783202648163, "crown_m": 2.12}}, {"type": "Feature", "geometry": {"type": "Point", "coordinates": [-119.47774596512318, 49.85443829561243]}, "properties": {"source": "deepforest", "kind": "tree", "score": 0.13560573756694794, "crown_m": 1.64}}, {"type": "Feature", "geometry": {"type": "Point", "coordinates": [-119.48252968490124, 49.855141685366696]}, "properties": {"source": "deepforest", "kind": "tree", "score": 0.13556638360023499, "crown_m": 1.73}}, {"type": "Feature", "geometry": {"type": "Point", "coordinates": [-119.47844803333282, 49.85678620265243]}, "properties": {"source": "deepforest", "kind": "tree", "score": 0.13552901148796082, "crown_m": 2.12}}, {"type": "Feature", "geometry": {"type": "Point", "coordinates": [-119.47865389287472, 49.85412701968134]}, "properties": {"source": "deepforest", "kind": "tree", "score": 0.13551153242588043, "crown_m": 2.79}}, {"type": "Feature", "geometry": {"type": "Point", "coordinates": [-119.47925940155983, 49.85682943316156]}, "properties": {"source": "deepforest", "kind": "tree", "score": 0.13550229370594025, "crown_m": 2.31}}, {"type": "Feature", "geometry": {"type": "Point", "coordinates": [-119.4813884049654, 49.85377510253341]}, "properties": {"source": "deepforest", "kind": "tree", "score": 0.13548032939434052, "crown_m": 2.6}}, {"type": "Feature", "geometry": {"type": "Point", "coordinates": [-119.47943173348904, 49.853920365941924]}, "properties": {"source": "deepforest", "kind": "tree", "score": 0.13545645773410797, "crown_m": 1.83}}, {"type": "Feature", "geometry": {"type": "Point", "coordinates": [-119.47479084134102, 49.854570587276]}, "properties": {"source": "deepforest", "kind": "tree", "score": 0.13543124496936798, "crown_m": 2.6}}, {"type": "Feature", "geometry": {"type": "Point", "coordinates": [-119.47752602398396, 49.857069794086975]}, "properties": {"source": "deepforest", "kind": "tree", "score": 0.13543067872524261, "crown_m": 2.5}}, {"type": "Feature", "geometry": {"type": "Point", "coordinates": [-119.47593949735165, 49.8566171709905]}, "properties": {"source": "deepforest", "kind": "tree", "score": 0.13533003628253937, "crown_m": 1.83}}, {"type": "Feature", "geometry": {"type": "Point", "coordinates": [-119.47704322636127, 49.85390609901934]}, "properties": {"source": "deepforest", "kind": "tree", "score": 0.135311558842659, "crown_m": 2.31}}, {"type": "Feature", "geometry": {"type": "Point", "coordinates": [-119.47957590222359, 49.85623976568303]}, "properties": {"source": "deepforest", "kind": "tree", "score": 0.13531072437763214, "crown_m": 2.5}}, {"type": "Feature", "geometry": {"type": "Point", "coordinates": [-119.47530247271061, 49.855256682349086]}, "properties": {"source": "deepforest", "kind": "tree", "score": 0.1351930797100067, "crown_m": 3.18}}, {"type": "Feature", "geometry": {"type": "Point", "coordinates": [-119.47596900165081, 49.85693534774546]}, "properties": {"source": "deepforest", "kind": "tree", "score": 0.1351783573627472, "crown_m": 2.02}}, {"type": "Feature", "geometry": {"type": "Point", "coordinates": [-119.48248878121376, 49.85569245790422]}, "properties": {"source": "deepforest", "kind": "tree", "score": 0.13517694175243378, "crown_m": 5.01}}, {"type": "Feature", "geometry": {"type": "Point", "coordinates": [-119.48114030063152, 49.8568532099251]}, "properties": {"source": "deepforest", "kind": "tree", "score": 0.13513095676898956, "crown_m": 3.56}}, {"type": "Feature", "geometry": {"type": "Point", "coordinates": [-119.48280461132526, 49.85371889931178]}, "properties": {"source": "deepforest", "kind": "tree", "score": 0.13506393134593964, "crown_m": 2.02}}, {"type": "Feature", "geometry": {"type": "Point", "coordinates": [-119.48265507817268, 49.856598581794664]}, "properties": {"source": "deepforest", "kind": "tree", "score": 0.13503704965114594, "crown_m": 1.92}}, {"type": "Feature", "geometry": {"type": "Point", "coordinates": [-119.48098808526993, 49.85595357550083]}, "properties": {"source": "deepforest", "kind": "tree", "score": 0.13503092527389526, "crown_m": 2.5}}, {"type": "Feature", "geometry": {"type": "Point", "coordinates": [-119.48116846382618, 49.853646267359316]}, "properties": {"source": "deepforest", "kind": "tree", "score": 0.13486376404762268, "crown_m": 2.21}}, {"type": "Feature", "geometry": {"type": "Point", "coordinates": [-119.4772631675005, 49.85297441662409]}, "properties": {"source": "deepforest", "kind": "tree", "score": 0.13475364446640015, "crown_m": 1.44}}, {"type": "Feature", "geometry": {"type": "Point", "coordinates": [-119.479516223073, 49.8527193357134]}, "properties": {"source": "deepforest", "kind": "tree", "score": 0.1347520500421524, "crown_m": 1.44}}, {"type": "Feature", "geometry": {"type": "Point", "coordinates": [-119.48270805180073, 49.85494238543709]}, "properties": {"source": "deepforest", "kind": "tree", "score": 0.1347503960132599, "crown_m": 2.41}}, {"type": "Feature", "geometry": {"type": "Point", "coordinates": [-119.47469964623451, 49.856039605658246]}, "properties": {"source": "deepforest", "kind": "tree", "score": 0.1347244530916214, "crown_m": 2.02}}, {"type": "Feature", "geometry": {"type": "Point", "coordinates": [-119.47592206299305, 49.85509153622103]}, "properties": {"source": "deepforest", "kind": "tree", "score": 0.13470789790153503, "crown_m": 3.18}}, {"type": "Feature", "geometry": {"type": "Point", "coordinates": [-119.47647459805012, 49.85624322416428]}, "properties": {"source": "deepforest", "kind": "tree", "score": 0.13465721905231476, "crown_m": 1.44}}, {"type": "Feature", "geometry": {"type": "Point", "coordinates": [-119.47981595993042, 49.85167046344625]}, "properties": {"source": "deepforest", "kind": "tree", "score": 0.13465650379657745, "crown_m": 2.02}}, {"type": "Feature", "geometry": {"type": "Point", "coordinates": [-119.48000505566597, 49.85511012599661]}, "properties": {"source": "deepforest", "kind": "tree", "score": 0.13463443517684937, "crown_m": 1.64}}, {"type": "Feature", "geometry": {"type": "Point", "coordinates": [-119.48187187314034, 49.85668201696652]}, "properties": {"source": "deepforest", "kind": "tree", "score": 0.13461585342884064, "crown_m": 2.98}}, {"type": "Feature", "geometry": {"type": "Point", "coordinates": [-119.48004394769669, 49.85479885439296]}, "properties": {"source": "deepforest", "kind": "tree", "score": 0.13460393249988556, "crown_m": 5.2}}, {"type": "Feature", "geometry": {"type": "Point", "coordinates": [-119.47513818740845, 49.85638891246264]}, "properties": {"source": "deepforest", "kind": "tree", "score": 0.13449813425540924, "crown_m": 2.12}}, {"type": "Feature", "geometry": {"type": "Point", "coordinates": [-119.47941295802593, 49.85225283680262]}, "properties": {"source": "deepforest", "kind": "tree", "score": 0.13428983092308044, "crown_m": 1.73}}, {"type": "Feature", "geometry": {"type": "Point", "coordinates": [-119.47693727910519, 49.852360058452206]}, "properties": {"source": "deepforest", "kind": "tree", "score": 0.13424591720104218, "crown_m": 1.64}}, {"type": "Feature", "geometry": {"type": "Point", "coordinates": [-119.47783783078194, 49.85647580646114]}, "properties": {"source": "deepforest", "kind": "tree", "score": 0.1341957300901413, "crown_m": 1.92}}, {"type": "Feature", "geometry": {"type": "Point", "coordinates": [-119.48098607361317, 49.85474654327389]}, "properties": {"source": "deepforest", "kind": "tree", "score": 0.13414737582206726, "crown_m": 3.56}}, {"type": "Feature", "geometry": {"type": "Point", "coordinates": [-119.48278985917568, 49.85657999259167]}, "properties": {"source": "deepforest", "kind": "tree", "score": 0.13413286209106445, "crown_m": 2.98}}, {"type": "Feature", "geometry": {"type": "Point", "coordinates": [-119.4801713526249, 49.85203147522518]}, "properties": {"source": "deepforest", "kind": "tree", "score": 0.1340831071138382, "crown_m": 1.93}}, {"type": "Feature", "geometry": {"type": "Point", "coordinates": [-119.48128513991833, 49.85178849513893]}, "properties": {"source": "deepforest", "kind": "tree", "score": 0.13404768705368042, "crown_m": 2.02}}, {"type": "Feature", "geometry": {"type": "Point", "coordinates": [-119.47981797158718, 49.857190406403]}, "properties": {"source": "deepforest", "kind": "tree", "score": 0.13403083384037018, "crown_m": 2.02}}, {"type": "Feature", "geometry": {"type": "Point", "coordinates": [-119.47969391942024, 49.853584443647115]}, "properties": {"source": "deepforest", "kind": "tree", "score": 0.13400928676128387, "crown_m": 1.73}}, {"type": "Feature", "geometry": {"type": "Point", "coordinates": [-119.47828643023968, 49.855679056135195]}, "properties": {"source": "deepforest", "kind": "tree", "score": 0.13398116827011108, "crown_m": 3.18}}, {"type": "Feature", "geometry": {"type": "Point", "coordinates": [-119.47555057704449, 49.85470893111197]}, "properties": {"source": "deepforest", "kind": "tree", "score": 0.13388775289058685, "crown_m": 2.21}}, {"type": "Feature", "geometry": {"type": "Point", "coordinates": [-119.48231041431427, 49.85670795533257]}, "properties": {"source": "deepforest", "kind": "tree", "score": 0.13384637236595154, "crown_m": 2.21}}, {"type": "Feature", "geometry": {"type": "Point", "coordinates": [-119.4823419302702, 49.85381574174526]}, "properties": {"source": "deepforest", "kind": "tree", "score": 0.13382363319396973, "crown_m": 1.83}}, {"type": "Feature", "geometry": {"type": "Point", "coordinates": [-119.47591133415699, 49.8570775755358]}, "properties": {"source": "deepforest", "kind": "tree", "score": 0.1338130384683609, "crown_m": 1.44}}, {"type": "Feature", "geometry": {"type": "Point", "coordinates": [-119.47594150900841, 49.855051762723654]}, "properties": {"source": "deepforest", "kind": "tree", "score": 0.13380786776542664, "crown_m": 3.08}}, {"type": "Feature", "geometry": {"type": "Point", "coordinates": [-119.47661407291889, 49.85347636004416]}, "properties": {"source": "deepforest", "kind": "tree", "score": 0.1337253749370575, "crown_m": 3.56}}, {"type": "Feature", "geometry": {"type": "Point", "coordinates": [-119.48122613132, 49.85365707569249]}, "properties": {"source": "deepforest", "kind": "tree", "score": 0.13366037607192993, "crown_m": 1.93}}, {"type": "Feature", "geometry": {"type": "Point", "coordinates": [-119.47945721447468, 49.855117043120586]}, "properties": {"source": "deepforest", "kind": "tree", "score": 0.13351508975028992, "crown_m": 2.41}}, {"type": "Feature", "geometry": {"type": "Point", "coordinates": [-119.48107793927193, 49.85350446180418]}, "properties": {"source": "deepforest", "kind": "tree", "score": 0.1333920657634735, "crown_m": 1.73}}, {"type": "Feature", "geometry": {"type": "Point", "coordinates": [-119.48044963181019, 49.85223078715972]}, "properties": {"source": "deepforest", "kind": "tree", "score": 0.1333107203245163, "crown_m": 2.02}}, {"type": "Feature", "geometry": {"type": "Point", "coordinates": [-119.47651617228985, 49.85186156223281]}, "properties": {"source": "deepforest", "kind": "tree", "score": 0.13326935470104218, "crown_m": 3.18}}, {"type": "Feature", "geometry": {"type": "Point", "coordinates": [-119.47800882160664, 49.8547703210623]}, "properties": {"source": "deepforest", "kind": "tree", "score": 0.1332276463508606, "crown_m": 2.41}}, {"type": "Feature", "geometry": {"type": "Point", "coordinates": [-119.48078691959381, 49.852856820168135]}, "properties": {"source": "deepforest", "kind": "tree", "score": 0.13320676982402802, "crown_m": 2.41}}, {"type": "Feature", "geometry": {"type": "Point", "coordinates": [-119.4815332442522, 49.855789728697005]}, "properties": {"source": "deepforest", "kind": "tree", "score": 0.1331484466791153, "crown_m": 2.21}}, {"type": "Feature", "geometry": {"type": "Point", "coordinates": [-119.47786331176758, 49.852232516543836]}, "properties": {"source": "deepforest", "kind": "tree", "score": 0.13308902084827423, "crown_m": 2.89}}, {"type": "Feature", "geometry": {"type": "Point", "coordinates": [-119.4800278544426, 49.853469442685345]}, "properties": {"source": "deepforest", "kind": "tree", "score": 0.1330144703388214, "crown_m": 1.54}}, {"type": "Feature", "geometry": {"type": "Point", "coordinates": [-119.48206432163715, 49.855736554021206]}, "properties": {"source": "deepforest", "kind": "tree", "score": 0.13299882411956787, "crown_m": 1.73}}, {"type": "Feature", "geometry": {"type": "Point", "coordinates": [-119.47650209069252, 49.85598124350786]}, "properties": {"source": "deepforest", "kind": "tree", "score": 0.13294702768325806, "crown_m": 1.54}}, {"type": "Feature", "geometry": {"type": "Point", "coordinates": [-119.4759850949049, 49.85399861777565]}, "properties": {"source": "deepforest", "kind": "tree", "score": 0.13290244340896606, "crown_m": 1.54}}, {"type": "Feature", "geometry": {"type": "Point", "coordinates": [-119.47657115757465, 49.85314086700092]}, "properties": {"source": "deepforest", "kind": "tree", "score": 0.13289466500282288, "crown_m": 1.73}}, {"type": "Feature", "geometry": {"type": "Point", "coordinates": [-119.4770660251379, 49.854164199967435]}, "properties": {"source": "deepforest", "kind": "tree", "score": 0.13289418816566467, "crown_m": 1.83}}, {"type": "Feature", "geometry": {"type": "Point", "coordinates": [-119.47559483349323, 49.85625792270689]}, "properties": {"source": "deepforest", "kind": "tree", "score": 0.1327962875366211, "crown_m": 2.31}}, {"type": "Feature", "geometry": {"type": "Point", "coordinates": [-119.47931103408337, 49.85491860773333]}, "properties": {"source": "deepforest", "kind": "tree", "score": 0.13276781141757965, "crown_m": 1.35}}, {"type": "Feature", "geometry": {"type": "Point", "coordinates": [-119.47556935250759, 49.85683894386838]}, "properties": {"source": "deepforest", "kind": "tree", "score": 0.13271601498126984, "crown_m": 2.12}}, {"type": "Feature", "geometry": {"type": "Point", "coordinates": [-119.47697214782238, 49.85394717045172]}, "properties": {"source": "deepforest", "kind": "tree", "score": 0.13271008431911469, "crown_m": 1.44}}, {"type": "Feature", "geometry": {"type": "Point", "coordinates": [-119.48027327656746, 49.85516762455956]}, "properties": {"source": "deepforest", "kind": "tree", "score": 0.13269071280956268, "crown_m": 2.5}}, {"type": "Feature", "geometry": {"type": "Point", "coordinates": [-119.48229901492596, 49.85534487533813]}, "properties": {"source": "deepforest", "kind": "tree", "score": 0.13257306814193726, "crown_m": 1.54}}, {"type": "Feature", "geometry": {"type": "Point", "coordinates": [-119.47916619479656, 49.8527119859045]}, "properties": {"source": "deepforest", "kind": "tree", "score": 0.1325407326221466, "crown_m": 2.12}}, {"type": "Feature", "geometry": {"type": "Point", "coordinates": [-119.47609774768353, 49.853729707628716]}, "properties": {"source": "deepforest", "kind": "tree", "score": 0.1325109601020813, "crown_m": 2.31}}, {"type": "Feature", "geometry": {"type": "Point", "coordinates": [-119.48230974376202, 49.857073252508826]}, "properties": {"source": "deepforest", "kind": "tree", "score": 0.13245131075382233, "crown_m": 2.89}}, {"type": "Feature", "geometry": {"type": "Point", "coordinates": [-119.47972476482391, 49.855407129115854]}, "properties": {"source": "deepforest", "kind": "tree", "score": 0.13244761526584625, "crown_m": 1.54}}, {"type": "Feature", "geometry": {"type": "Point", "coordinates": [-119.4766415655613, 49.852106703687504]}, "properties": {"source": "deepforest", "kind": "tree", "score": 0.13243719935417175, "crown_m": 2.5}}, {"type": "Feature", "geometry": {"type": "Point", "coordinates": [-119.47893016040325, 49.854927254172416]}, "properties": {"source": "deepforest", "kind": "tree", "score": 0.13241879642009735, "crown_m": 2.5}}, {"type": "Feature", "geometry": {"type": "Point", "coordinates": [-119.47613462805748, 49.85487796944893]}, "properties": {"source": "deepforest", "kind": "tree", "score": 0.13239958882331848, "crown_m": 3.08}}, {"type": "Feature", "geometry": {"type": "Point", "coordinates": [-119.47607763111591, 49.8570425590062]}, "properties": {"source": "deepforest", "kind": "tree", "score": 0.13239912688732147, "crown_m": 2.21}}, {"type": "Feature", "geometry": {"type": "Point", "coordinates": [-119.47877526283264, 49.853438314558396]}, "properties": {"source": "deepforest", "kind": "tree", "score": 0.1323644071817398, "crown_m": 1.73}}, {"type": "Feature", "geometry": {"type": "Point", "coordinates": [-119.47987027466297, 49.85280883035573]}, "properties": {"source": "deepforest", "kind": "tree", "score": 0.13234665989875793, "crown_m": 1.54}}, {"type": "Feature", "geometry": {"type": "Point", "coordinates": [-119.47956785559654, 49.85317502168269]}, "properties": {"source": "deepforest", "kind": "tree", "score": 0.1323399841785431, "crown_m": 1.64}}, {"type": "Feature", "geometry": {"type": "Point", "coordinates": [-119.47550565004349, 49.852881463566796]}, "properties": {"source": "deepforest", "kind": "tree", "score": 0.1323269009590149, "crown_m": 2.31}}, {"type": "Feature", "geometry": {"type": "Point", "coordinates": [-119.47848357260227, 49.85604047028217]}, "properties": {"source": "deepforest", "kind": "tree", "score": 0.1321980208158493, "crown_m": 2.21}}, {"type": "Feature", "geometry": {"type": "Point", "coordinates": [-119.48267787694931, 49.853677395352314]}, "properties": {"source": "deepforest", "kind": "tree", "score": 0.13219453394412994, "crown_m": 2.6}}, {"type": "Feature", "geometry": {"type": "Point", "coordinates": [-119.47568066418171, 49.85309417448554]}, "properties": {"source": "deepforest", "kind": "tree", "score": 0.13213782012462616, "crown_m": 1.54}}, {"type": "Feature", "geometry": {"type": "Point", "coordinates": [-119.47464533150196, 49.85721158918012]}, "properties": {"source": "deepforest", "kind": "tree", "score": 0.13207978010177612, "crown_m": 1.73}}, {"type": "Feature", "geometry": {"type": "Point", "coordinates": [-119.47599180042744, 49.85690076341706]}, "properties": {"source": "deepforest", "kind": "tree", "score": 0.1320720613002777, "crown_m": 1.64}}, {"type": "Feature", "geometry": {"type": "Point", "coordinates": [-119.47992391884327, 49.851591775490974]}, "properties": {"source": "deepforest", "kind": "tree", "score": 0.13190819323062897, "crown_m": 2.02}}, {"type": "Feature", "geometry": {"type": "Point", "coordinates": [-119.48205962777138, 49.85314173167671]}, "properties": {"source": "deepforest", "kind": "tree", "score": 0.13180086016654968, "crown_m": 3.08}}, {"type": "Feature", "geometry": {"type": "Point", "coordinates": [-119.47821266949177, 49.85495319348038]}, "properties": {"source": "deepforest", "kind": "tree", "score": 0.13179294764995575, "crown_m": 3.56}}, {"type": "Feature", "geometry": {"type": "Point", "coordinates": [-119.4770385324955, 49.85311362970577]}, "properties": {"source": "deepforest", "kind": "tree", "score": 0.1317320615053177, "crown_m": 1.64}}, {"type": "Feature", "geometry": {"type": "Point", "coordinates": [-119.48180615901947, 49.85443743095985]}, "properties": {"source": "deepforest", "kind": "tree", "score": 0.13166968524456024, "crown_m": 1.93}}, {"type": "Feature", "geometry": {"type": "Point", "coordinates": [-119.47654969990253, 49.85412745201042]}, "properties": {"source": "deepforest", "kind": "tree", "score": 0.13165351748466492, "crown_m": 2.79}}, {"type": "Feature", "geometry": {"type": "Point", "coordinates": [-119.47812147438526, 49.85619783157802]}, "properties": {"source": "deepforest", "kind": "tree", "score": 0.13163544237613678, "crown_m": 1.64}}, {"type": "Feature", "geometry": {"type": "Point", "coordinates": [-119.4819912314415, 49.85697555199612]}, "properties": {"source": "deepforest", "kind": "tree", "score": 0.13162943720817566, "crown_m": 3.46}}, {"type": "Feature", "geometry": {"type": "Point", "coordinates": [-119.47696276009083, 49.852311635801215]}, "properties": {"source": "deepforest", "kind": "tree", "score": 0.13162349164485931, "crown_m": 1.54}}, {"type": "Feature", "geometry": {"type": "Point", "coordinates": [-119.47913400828838, 49.85389442607956]}, "properties": {"source": "deepforest", "kind": "tree", "score": 0.13151952624320984, "crown_m": 2.98}}, {"type": "Feature", "geometry": {"type": "Point", "coordinates": [-119.47486191987991, 49.85497135098767]}, "properties": {"source": "deepforest", "kind": "tree", "score": 0.13151201605796814, "crown_m": 2.5}}, {"type": "Feature", "geometry": {"type": "Point", "coordinates": [-119.48042415082455, 49.85575211734701]}, "properties": {"source": "deepforest", "kind": "tree", "score": 0.13144713640213013, "crown_m": 2.5}}, {"type": "Feature", "geometry": {"type": "Point", "coordinates": [-119.47780430316925, 49.85474870489151]}, "properties": {"source": "deepforest", "kind": "tree", "score": 0.1314004510641098, "crown_m": 2.7}}, {"type": "Feature", "geometry": {"type": "Point", "coordinates": [-119.48013111948967, 49.85200250791248]}, "properties": {"source": "deepforest", "kind": "tree", "score": 0.13102564215660095, "crown_m": 2.02}}, {"type": "Feature", "geometry": {"type": "Point", "coordinates": [-119.47426378726959, 49.853923392258295]}, "properties": {"source": "deepforest", "kind": "tree", "score": 0.13098104298114777, "crown_m": 2.89}}, {"type": "Feature", "geometry": {"type": "Point", "coordinates": [-119.48264501988888, 49.85294717923512]}, "properties": {"source": "deepforest", "kind": "tree", "score": 0.13094915449619293, "crown_m": 2.31}}, {"type": "Feature", "geometry": {"type": "Point", "coordinates": [-119.48178134858608, 49.85692799857775]}, "properties": {"source": "deepforest", "kind": "tree", "score": 0.13086558878421783, "crown_m": 2.02}}, {"type": "Feature", "geometry": {"type": "Point", "coordinates": [-119.48113158345222, 49.85702699609602]}, "properties": {"source": "deepforest", "kind": "tree", "score": 0.13081982731819153, "crown_m": 2.02}}, {"type": "Feature", "geometry": {"type": "Point", "coordinates": [-119.47810001671314, 49.85619783157802]}, "properties": {"source": "deepforest", "kind": "tree", "score": 0.13077932596206665, "crown_m": 1.44}}, {"type": "Feature", "geometry": {"type": "Point", "coordinates": [-119.47945721447468, 49.85484640990661]}, "properties": {"source": "deepforest", "kind": "tree", "score": 0.13075591623783112, "crown_m": 2.6}}, {"type": "Feature", "geometry": {"type": "Point", "coordinates": [-119.47567328810692, 49.85451308800267]}, "properties": {"source": "deepforest", "kind": "tree", "score": 0.13065962493419647, "crown_m": 2.12}}, {"type": "Feature", "geometry": {"type": "Point", "coordinates": [-119.48031552135944, 49.85183086541984]}, "properties": {"source": "deepforest", "kind": "tree", "score": 0.13065481185913086, "crown_m": 2.79}}, {"type": "Feature", "geometry": {"type": "Point", "coordinates": [-119.47704456746578, 49.85486067655158]}, "properties": {"source": "deepforest", "kind": "tree", "score": 0.13063044846057892, "crown_m": 2.7}}, {"type": "Feature", "geometry": {"type": "Point", "coordinates": [-119.48161371052265, 49.853558071270285]}, "properties": {"source": "deepforest", "kind": "tree", "score": 0.13062216341495514, "crown_m": 2.6}}, {"type": "Feature", "geometry": {"type": "Point", "coordinates": [-119.47928085923195, 49.854756919037555]}, "properties": {"source": "deepforest", "kind": "tree", "score": 0.130569726228714, "crown_m": 1.93}}, {"type": "Feature", "geometry": {"type": "Point", "coordinates": [-119.47493501007557, 49.85516589528047]}, "properties": {"source": "deepforest", "kind": "tree", "score": 0.13054782152175903, "crown_m": 3.08}}, {"type": "Feature", "geometry": {"type": "Point", "coordinates": [-119.47837829589844, 49.85154637853543]}, "properties": {"source": "deepforest", "kind": "tree", "score": 0.1305358111858368, "crown_m": 1.93}}, {"type": "Feature", "geometry": {"type": "Point", "coordinates": [-119.47971068322659, 49.85513260664591]}, "properties": {"source": "deepforest", "kind": "tree", "score": 0.13046269118785858, "crown_m": 3.37}}, {"type": "Feature", "geometry": {"type": "Point", "coordinates": [-119.47800815105438, 49.85394717045172]}, "properties": {"source": "deepforest", "kind": "tree", "score": 0.13045436143875122, "crown_m": 1.83}}, {"type": "Feature", "geometry": {"type": "Point", "coordinates": [-119.48161840438843, 49.85414863613022]}, "properties": {"source": "deepforest", "kind": "tree", "score": 0.13040494918823242, "crown_m": 2.12}}, {"type": "Feature", "geometry": {"type": "Point", "coordinates": [-119.47793908417225, 49.854420570231305]}, "properties": {"source": "deepforest", "kind": "tree", "score": 0.13030175864696503, "crown_m": 1.54}}, {"type": "Feature", "geometry": {"type": "Point", "coordinates": [-119.48108732700348, 49.85217933795379]}, "properties": {"source": "deepforest", "kind": "tree", "score": 0.1302545666694641, "crown_m": 1.93}}, {"type": "Feature", "geometry": {"type": "Point", "coordinates": [-119.48199860751629, 49.85381617407711]}, "properties": {"source": "deepforest", "kind": "tree", "score": 0.1302466094493866, "crown_m": 2.02}}, {"type": "Feature", "geometry": {"type": "Point", "coordinates": [-119.47838567197323, 49.85500507205454]}, "properties": {"source": "deepforest", "kind": "tree", "score": 0.13024528324604034, "crown_m": 1.54}}, {"type": "Feature", "geometry": {"type": "Point", "coordinates": [-119.47651751339436, 49.85556276320927]}, "properties": {"source": "deepforest", "kind": "tree", "score": 0.1301831156015396, "crown_m": 2.89}}, {"type": "Feature", "geometry": {"type": "Point", "coordinates": [-119.48278918862343, 49.85275824644782]}, "properties": {"source": "deepforest", "kind": "tree", "score": 0.13009901344776154, "crown_m": 1.64}}, {"type": "Feature", "geometry": {"type": "Point", "coordinates": [-119.48269061744213, 49.856079378342564]}, "properties": {"source": "deepforest", "kind": "tree", "score": 0.13008525967597961, "crown_m": 3.95}}, {"type": "Feature", "geometry": {"type": "Point", "coordinates": [-119.47840109467506, 49.851612960722306]}, "properties": {"source": "deepforest", "kind": "tree", "score": 0.13002733886241913, "crown_m": 2.89}}, {"type": "Feature", "geometry": {"type": "Point", "coordinates": [-119.47941228747368, 49.85492249863111]}, "properties": {"source": "deepforest", "kind": "tree", "score": 0.12999942898750305, "crown_m": 3.37}}, {"type": "Feature", "geometry": {"type": "Point", "coordinates": [-119.48063537478447, 49.854261473836445]}, "properties": {"source": "deepforest", "kind": "tree", "score": 0.1299864798784256, "crown_m": 4.04}}, {"type": "Feature", "geometry": {"type": "Point", "coordinates": [-119.4796597212553, 49.855657008055495]}, "properties": {"source": "deepforest", "kind": "tree", "score": 0.12994715571403503, "crown_m": 2.5}}, {"type": "Feature", "geometry": {"type": "Point", "coordinates": [-119.48168948292732, 49.85319361219552]}, "properties": {"source": "deepforest", "kind": "tree", "score": 0.1299438327550888, "crown_m": 1.93}}, {"type": "Feature", "geometry": {"type": "Point", "coordinates": [-119.47660803794861, 49.85393333586787]}, "properties": {"source": "deepforest", "kind": "tree", "score": 0.1299358308315277, "crown_m": 1.44}}, {"type": "Feature", "geometry": {"type": "Point", "coordinates": [-119.477219581604, 49.853504894138815]}, "properties": {"source": "deepforest", "kind": "tree", "score": 0.12988530099391937, "crown_m": 2.31}}, {"type": "Feature", "geometry": {"type": "Point", "coordinates": [-119.48275968432426, 49.85576551909577]}, "properties": {"source": "deepforest", "kind": "tree", "score": 0.12984131276607513, "crown_m": 7.99}}, {"type": "Feature", "geometry": {"type": "Point", "coordinates": [-119.47983138263226, 49.855174973995005]}, "properties": {"source": "deepforest", "kind": "tree", "score": 0.1298314481973648, "crown_m": 2.6}}, {"type": "Feature", "geometry": {"type": "Point", "coordinates": [-119.47751462459564, 49.854397224597456]}, "properties": {"source": "deepforest", "kind": "tree", "score": 0.1298251450061798, "crown_m": 2.31}}, {"type": "Feature", "geometry": {"type": "Point", "coordinates": [-119.47992458939552, 49.853832170353115]}, "properties": {"source": "deepforest", "kind": "tree", "score": 0.12980026006698608, "crown_m": 1.93}}, {"type": "Feature", "geometry": {"type": "Point", "coordinates": [-119.48146887123585, 49.855412316927044]}, "properties": {"source": "deepforest", "kind": "tree", "score": 0.12978245317935944, "crown_m": 1.54}}, {"type": "Feature", "geometry": {"type": "Point", "coordinates": [-119.47882823646069, 49.85350446180418]}, "properties": {"source": "deepforest", "kind": "tree", "score": 0.12974056601524353, "crown_m": 2.02}}, {"type": "Feature", "geometry": {"type": "Point", "coordinates": [-119.4776789098978, 49.85394371180613]}, "properties": {"source": "deepforest", "kind": "tree", "score": 0.129715695977211, "crown_m": 2.41}}, {"type": "Feature", "geometry": {"type": "Point", "coordinates": [-119.48195368051529, 49.85622939023775]}, "properties": {"source": "deepforest", "kind": "tree", "score": 0.12970538437366486, "crown_m": 1.54}}, {"type": "Feature", "geometry": {"type": "Point", "coordinates": [-119.48269732296467, 49.8517024574134]}, "properties": {"source": "deepforest", "kind": "tree", "score": 0.12967482209205627, "crown_m": 1.83}}, {"type": "Feature", "geometry": {"type": "Point", "coordinates": [-119.48192216455936, 49.8535939549926]}, "properties": {"source": "deepforest", "kind": "tree", "score": 0.1296226978302002, "crown_m": 2.31}}, {"type": "Feature", "geometry": {"type": "Point", "coordinates": [-119.47924196720123, 49.85336957320704]}, "properties": {"source": "deepforest", "kind": "tree", "score": 0.12956297397613525, "crown_m": 2.21}}, {"type": "Feature", "geometry": {"type": "Point", "coordinates": [-119.47845004498959, 49.85194759967511]}, "properties": {"source": "deepforest", "kind": "tree", "score": 0.12953808903694153, "crown_m": 2.02}}, {"type": "Feature", "geometry": {"type": "Point", "coordinates": [-119.48221452534199, 49.85660376947794]}, "properties": {"source": "deepforest", "kind": "tree", "score": 0.1295367330312729, "crown_m": 1.44}}, {"type": "Feature", "geometry": {"type": "Point", "coordinates": [-119.4767153263092, 49.85298219873242]}, "properties": {"source": "deepforest", "kind": "tree", "score": 0.12953656911849976, "crown_m": 2.5}}, {"type": "Feature", "geometry": {"type": "Point", "coordinates": [-119.47479084134102, 49.85615676205847]}, "properties": {"source": "deepforest", "kind": "tree", "score": 0.129513218998909, "crown_m": 2.89}}, {"type": "Feature", "geometry": {"type": "Point", "coordinates": [-119.48090560734272, 49.85590558876357]}, "properties": {"source": "deepforest", "kind": "tree", "score": 0.12948231399059296, "crown_m": 2.41}}, {"type": "Feature", "geometry": {"type": "Point", "coordinates": [-119.47573028504848, 49.85536173574419]}, "properties": {"source": "deepforest", "kind": "tree", "score": 0.12945090234279633, "crown_m": 2.02}}, {"type": "Feature", "geometry": {"type": "Point", "coordinates": [-119.476183578372, 49.85506084145964]}, "properties": {"source": "deepforest", "kind": "tree", "score": 0.12937235832214355, "crown_m": 1.83}}, {"type": "Feature", "geometry": {"type": "Point", "coordinates": [-119.47647392749786, 49.85441062672197]}, "properties": {"source": "deepforest", "kind": "tree", "score": 0.12937156856060028, "crown_m": 2.89}}, {"type": "Feature", "geometry": {"type": "Point", "coordinates": [-119.47574570775032, 49.85554892908793]}, "properties": {"source": "deepforest", "kind": "tree", "score": 0.1293647438287735, "crown_m": 2.31}}, {"type": "Feature", "geometry": {"type": "Point", "coordinates": [-119.47976365685463, 49.8546224662609]}, "properties": {"source": "deepforest", "kind": "tree", "score": 0.12933941185474396, "crown_m": 2.89}}, {"type": "Feature", "geometry": {"type": "Point", "coordinates": [-119.4799393415451, 49.85684110539239]}, "properties": {"source": "deepforest", "kind": "tree", "score": 0.12933333218097687, "crown_m": 2.21}}, {"type": "Feature", "geometry": {"type": "Point", "coordinates": [-119.47704255580902, 49.85337649058016]}, "properties": {"source": "deepforest", "kind": "tree", "score": 0.1293289065361023, "crown_m": 2.6}}, {"type": "Feature", "geometry": {"type": "Point", "coordinates": [-119.47779558598995, 49.855818261425746]}, "properties": {"source": "deepforest", "kind": "tree", "score": 0.12930358946323395, "crown_m": 1.83}}, {"type": "Feature", "geometry": {"type": "Point", "coordinates": [-119.48155336081982, 49.85157794023285]}, "properties": {"source": "deepforest", "kind": "tree", "score": 0.1292780190706253, "crown_m": 2.79}}, {"type": "Feature", "geometry": {"type": "Point", "coordinates": [-119.47584763169289, 49.85598426969517]}, "properties": {"source": "deepforest", "kind": "tree", "score": 0.12925198674201965, "crown_m": 1.54}}, {"type": "Feature", "geometry": {"type": "Point", "coordinates": [-119.47796657681465, 49.852856820168135]}, "properties": {"source": "deepforest", "kind": "tree", "score": 0.12921705842018127, "crown_m": 2.02}}, {"type": "Feature", "geometry": {"type": "Point", "coordinates": [-119.47699896991253, 49.85530380509366]}, "properties": {"source": "deepforest", "kind": "tree", "score": 0.12920989096164703, "crown_m": 2.21}}, {"type": "Feature", "geometry": {"type": "Point", "coordinates": [-119.47525419294834, 49.85622766099666]}, "properties": {"source": "deepforest", "kind": "tree", "score": 0.12920606136322021, "crown_m": 2.6}}, {"type": "Feature", "geometry": {"type": "Point", "coordinates": [-119.4808928668499, 49.8556833792869]}, "properties": {"source": "deepforest", "kind": "tree", "score": 0.12909945845603943, "crown_m": 1.73}}, {"type": "Feature", "geometry": {"type": "Point", "coordinates": [-119.4765155017376, 49.852168961636735]}, "properties": {"source": "deepforest", "kind": "tree", "score": 0.12909109890460968, "crown_m": 3.27}}, {"type": "Feature", "geometry": {"type": "Point", "coordinates": [-119.48096327483654, 49.856125635662494]}, "properties": {"source": "deepforest", "kind": "tree", "score": 0.12908758223056793, "crown_m": 1.73}}, {"type": "Feature", "geometry": {"type": "Point", "coordinates": [-119.47808861732483, 49.85546246573982]}, "properties": {"source": "deepforest", "kind": "tree", "score": 0.12902241945266724, "crown_m": 1.93}}, {"type": "Feature", "geometry": {"type": "Point", "coordinates": [-119.48121674358845, 49.85534011983793]}, "properties": {"source": "deepforest", "kind": "tree", "score": 0.12901972234249115, "crown_m": 1.44}}, {"type": "Feature", "geometry": {"type": "Point", "coordinates": [-119.48240362107754, 49.85177509228724]}, "properties": {"source": "deepforest", "kind": "tree", "score": 0.1290060132741928, "crown_m": 1.44}}, {"type": "Feature", "geometry": {"type": "Point", "coordinates": [-119.4804234802723, 49.85535265706474]}, "properties": {"source": "deepforest", "kind": "tree", "score": 0.12897489964962006, "crown_m": 2.5}}, {"type": "Feature", "geometry": {"type": "Point", "coordinates": [-119.47565384209156, 49.85579318721047]}, "properties": {"source": "deepforest", "kind": "tree", "score": 0.12896353006362915, "crown_m": 1.64}}, {"type": "Feature", "geometry": {"type": "Point", "coordinates": [-119.47721756994724, 49.85533190579102]}, "properties": {"source": "deepforest", "kind": "tree", "score": 0.1289394646883011, "crown_m": 2.5}}, {"type": "Feature", "geometry": {"type": "Point", "coordinates": [-119.47989575564861, 49.85718132806711]}, "properties": {"source": "deepforest", "kind": "tree", "score": 0.12892286479473114, "crown_m": 2.31}}, {"type": "Feature", "geometry": {"type": "Point", "coordinates": [-119.48037050664425, 49.85715668686109]}, "properties": {"source": "deepforest", "kind": "tree", "score": 0.12889942526817322, "crown_m": 1.64}}, {"type": "Feature", "geometry": {"type": "Point", "coordinates": [-119.47833001613617, 49.851619878346845]}, "properties": {"source": "deepforest", "kind": "tree", "score": 0.12882548570632935, "crown_m": 1.54}}, {"type": "Feature", "geometry": {"type": "Point", "coordinates": [-119.47717197239399, 49.854465532161]}, "properties": {"source": "deepforest", "kind": "tree", "score": 0.12882444262504578, "crown_m": 1.54}}, {"type": "Feature", "geometry": {"type": "Point", "coordinates": [-119.48271542787552, 49.85443829561243]}, "properties": {"source": "deepforest", "kind": "tree", "score": 0.12879830598831177, "crown_m": 2.12}}, {"type": "Feature", "geometry": {"type": "Point", "coordinates": [-119.48185846209526, 49.8569003311128]}, "properties": {"source": "deepforest", "kind": "tree", "score": 0.1287369430065155, "crown_m": 2.5}}, {"type": "Feature", "geometry": {"type": "Point", "coordinates": [-119.48134414851665, 49.8563296861154]}, "properties": {"source": "deepforest", "kind": "tree", "score": 0.12873075902462006, "crown_m": 2.31}}, {"type": "Feature", "geometry": {"type": "Point", "coordinates": [-119.48247201740742, 49.85172666905014]}, "properties": {"source": "deepforest", "kind": "tree", "score": 0.12870685756206512, "crown_m": 2.21}}, {"type": "Feature", "geometry": {"type": "Point", "coordinates": [-119.48184370994568, 49.852274886435474]}, "properties": {"source": "deepforest", "kind": "tree", "score": 0.12869194149971008, "crown_m": 4.33}}, {"type": "Feature", "geometry": {"type": "Point", "coordinates": [-119.47877995669842, 49.85443829561243]}, "properties": {"source": "deepforest", "kind": "tree", "score": 0.12868164479732513, "crown_m": 2.6}}, {"type": "Feature", "geometry": {"type": "Point", "coordinates": [-119.47796456515789, 49.85441797627254]}, "properties": {"source": "deepforest", "kind": "tree", "score": 0.12866584956645966, "crown_m": 1.73}}, {"type": "Feature", "geometry": {"type": "Point", "coordinates": [-119.48200598359108, 49.85184383590658]}, "properties": {"source": "deepforest", "kind": "tree", "score": 0.1286540925502777, "crown_m": 1.54}}, {"type": "Feature", "geometry": {"type": "Point", "coordinates": [-119.48096059262753, 49.85443829561243]}, "properties": {"source": "deepforest", "kind": "tree", "score": 0.12859156727790833, "crown_m": 1.83}}, {"type": "Feature", "geometry": {"type": "Point", "coordinates": [-119.47845607995987, 49.85571537059748]}, "properties": {"source": "deepforest", "kind": "tree", "score": 0.128520205616951, "crown_m": 5.1}}, {"type": "Feature", "geometry": {"type": "Point", "coordinates": [-119.47602398693562, 49.85303753813318]}, "properties": {"source": "deepforest", "kind": "tree", "score": 0.1284695416688919, "crown_m": 1.44}}, {"type": "Feature", "geometry": {"type": "Point", "coordinates": [-119.47561629116535, 49.85319361219552]}, "properties": {"source": "deepforest", "kind": "tree", "score": 0.1284693032503128, "crown_m": 1.64}}, {"type": "Feature", "geometry": {"type": "Point", "coordinates": [-119.47989642620087, 49.85276819029715]}, "properties": {"source": "deepforest", "kind": "tree", "score": 0.12846727669239044, "crown_m": 2.7}}, {"type": "Feature", "geometry": {"type": "Point", "coordinates": [-119.47872161865234, 49.85687006980487]}, "properties": {"source": "deepforest", "kind": "tree", "score": 0.12839274108409882, "crown_m": 1.73}}, {"type": "Feature", "geometry": {"type": "Point", "coordinates": [-119.47426378726959, 49.85630331523671]}, "properties": {"source": "deepforest", "kind": "tree", "score": 0.12837094068527222, "crown_m": 1.25}}, {"type": "Feature", "geometry": {"type": "Point", "coordinates": [-119.47762861847878, 49.85706806487595]}, "properties": {"source": "deepforest", "kind": "tree", "score": 0.12835784256458282, "crown_m": 4.04}}, {"type": "Feature", "geometry": {"type": "Point", "coordinates": [-119.48178268969059, 49.85576811298219]}, "properties": {"source": "deepforest", "kind": "tree", "score": 0.12833261489868164, "crown_m": 2.79}}, {"type": "Feature", "geometry": {"type": "Point", "coordinates": [-119.47505369782448, 49.85701316239387]}, "properties": {"source": "deepforest", "kind": "tree", "score": 0.12831437587738037, "crown_m": 4.43}}, {"type": "Feature", "geometry": {"type": "Point", "coordinates": [-119.47833605110645, 49.852363517211145]}, "properties": {"source": "deepforest", "kind": "tree", "score": 0.12826117873191833, "crown_m": 2.12}}, {"type": "Feature", "geometry": {"type": "Point", "coordinates": [-119.48161907494068, 49.85433453719151]}, "properties": {"source": "deepforest", "kind": "tree", "score": 0.12812329828739166, "crown_m": 2.02}}, {"type": "Feature", "geometry": {"type": "Point", "coordinates": [-119.47729535400867, 49.85462592485791]}, "properties": {"source": "deepforest", "kind": "tree", "score": 0.12808199226856232, "crown_m": 2.41}}, {"type": "Feature", "geometry": {"type": "Point", "coordinates": [-119.48041275143623, 49.8538615689006]}, "properties": {"source": "deepforest", "kind": "tree", "score": 0.1280684620141983, "crown_m": 1.64}}, {"type": "Feature", "geometry": {"type": "Point", "coordinates": [-119.47849094867706, 49.85625619346682]}, "properties": {"source": "deepforest", "kind": "tree", "score": 0.1280583143234253, "crown_m": 1.73}}, {"type": "Feature", "geometry": {"type": "Point", "coordinates": [-119.47927750647068, 49.85481182408314]}, "properties": {"source": "deepforest", "kind": "tree", "score": 0.1280299723148346, "crown_m": 2.02}}, {"type": "Feature", "geometry": {"type": "Point", "coordinates": [-119.47800949215889, 49.852114053588465]}, "properties": {"source": "deepforest", "kind": "tree", "score": 0.12792053818702698, "crown_m": 1.83}}, {"type": "Feature", "geometry": {"type": "Point", "coordinates": [-119.48105581104755, 49.85473443821348]}, "properties": {"source": "deepforest", "kind": "tree", "score": 0.12788711488246918, "crown_m": 2.5}}, {"type": "Feature", "geometry": {"type": "Point", "coordinates": [-119.48042280972004, 49.8543466423521]}, "properties": {"source": "deepforest", "kind": "tree", "score": 0.12783467769622803, "crown_m": 2.79}}, {"type": "Feature", "geometry": {"type": "Point", "coordinates": [-119.47668381035328, 49.8530159211873]}, "properties": {"source": "deepforest", "kind": "tree", "score": 0.12782083451747894, "crown_m": 2.02}}, {"type": "Feature", "geometry": {"type": "Point", "coordinates": [-119.47935998439789, 49.85572790772693]}, "properties": {"source": "deepforest", "kind": "tree", "score": 0.12782014906406403, "crown_m": 1.73}}, {"type": "Feature", "geometry": {"type": "Point", "coordinates": [-119.48056295514107, 49.85623717182192]}, "properties": {"source": "deepforest", "kind": "tree", "score": 0.12781737744808197, "crown_m": 2.12}}, {"type": "Feature", "geometry": {"type": "Point", "coordinates": [-119.48020219802856, 49.85247333267846]}, "properties": {"source": "deepforest", "kind": "tree", "score": 0.12776906788349152, "crown_m": 2.31}}, {"type": "Feature", "geometry": {"type": "Point", "coordinates": [-119.47534874081612, 49.8538429786447]}, "properties": {"source": "deepforest", "kind": "tree", "score": 0.12775224447250366, "crown_m": 1.54}}, {"type": "Feature", "geometry": {"type": "Point", "coordinates": [-119.47603404521942, 49.85483430487121]}, "properties": {"source": "deepforest", "kind": "tree", "score": 0.1277129352092743, "crown_m": 2.6}}, {"type": "Feature", "geometry": {"type": "Point", "coordinates": [-119.48090560734272, 49.853746136265805]}, "properties": {"source": "deepforest", "kind": "tree", "score": 0.12766969203948975, "crown_m": 1.93}}, {"type": "Feature", "geometry": {"type": "Point", "coordinates": [-119.47849161922932, 49.857231907345344]}, "properties": {"source": "deepforest", "kind": "tree", "score": 0.12758581340312958, "crown_m": 2.02}}, {"type": "Feature", "geometry": {"type": "Point", "coordinates": [-119.48235400021076, 49.852204414044195]}, "properties": {"source": "deepforest", "kind": "tree", "score": 0.12756067514419556, "crown_m": 2.5}}, {"type": "Feature", "geometry": {"type": "Point", "coordinates": [-119.47510130703449, 49.85335314444193]}, "properties": {"source": "deepforest", "kind": "tree", "score": 0.1275593638420105, "crown_m": 2.79}}, {"type": "Feature", "geometry": {"type": "Point", "coordinates": [-119.48235265910625, 49.855981675820345]}, "properties": {"source": "deepforest", "kind": "tree", "score": 0.1275312900543213, "crown_m": 1.64}}, {"type": "Feature", "geometry": {"type": "Point", "coordinates": [-119.48032021522522, 49.853971813294386]}, "properties": {"source": "deepforest", "kind": "tree", "score": 0.12742917239665985, "crown_m": 1.54}}, {"type": "Feature", "geometry": {"type": "Point", "coordinates": [-119.47479017078876, 49.856596852566774]}, "properties": {"source": "deepforest", "kind": "tree", "score": 0.12732276320457458, "crown_m": 2.12}}, {"type": "Feature", "geometry": {"type": "Point", "coordinates": [-119.48168344795704, 49.85472276547378]}, "properties": {"source": "deepforest", "kind": "tree", "score": 0.12730661034584045, "crown_m": 2.21}}, {"type": "Feature", "geometry": {"type": "Point", "coordinates": [-119.48270872235298, 49.85642349715738]}, "properties": {"source": "deepforest", "kind": "tree", "score": 0.12727439403533936, "crown_m": 2.02}}, {"type": "Feature", "geometry": {"type": "Point", "coordinates": [-119.47622314095497, 49.8544110590485]}, "properties": {"source": "deepforest", "kind": "tree", "score": 0.12724296748638153, "crown_m": 1.93}}, {"type": "Feature", "geometry": {"type": "Point", "coordinates": [-119.47796389460564, 49.85205266026377]}, "properties": {"source": "deepforest", "kind": "tree", "score": 0.12723685801029205, "crown_m": 2.79}}, {"type": "Feature", "geometry": {"type": "Point", "coordinates": [-119.481136277318, 49.85599421288071]}, "properties": {"source": "deepforest", "kind": "tree", "score": 0.12722566723823547, "crown_m": 2.02}}, {"type": "Feature", "geometry": {"type": "Point", "coordinates": [-119.4820549339056, 49.85523506639584]}, "properties": {"source": "deepforest", "kind": "tree", "score": 0.12721945345401764, "crown_m": 2.5}}, {"type": "Feature", "geometry": {"type": "Point", "coordinates": [-119.47500541806221, 49.854829549320755]}, "properties": {"source": "deepforest", "kind": "tree", "score": 0.12719060480594635, "crown_m": 1.93}}, {"type": "Feature", "geometry": {"type": "Point", "coordinates": [-119.47529576718807, 49.85458615097732]}, "properties": {"source": "deepforest", "kind": "tree", "score": 0.12717072665691376, "crown_m": 1.83}}, {"type": "Feature", "geometry": {"type": "Point", "coordinates": [-119.47758972644806, 49.85443829561243]}, "properties": {"source": "deepforest", "kind": "tree", "score": 0.12704578042030334, "crown_m": 1.93}}, {"type": "Feature", "geometry": {"type": "Point", "coordinates": [-119.48196843266487, 49.85187626210817]}, "properties": {"source": "deepforest", "kind": "tree", "score": 0.12692555785179138, "crown_m": 2.21}}, {"type": "Feature", "geometry": {"type": "Point", "coordinates": [-119.47555057704449, 49.85561982891793]}, "properties": {"source": "deepforest", "kind": "tree", "score": 0.12690991163253784, "crown_m": 2.31}}, {"type": "Feature", "geometry": {"type": "Point", "coordinates": [-119.47971738874912, 49.85723579805686]}, "properties": {"source": "deepforest", "kind": "tree", "score": 0.1269039362668991, "crown_m": 3.37}}, {"type": "Feature", "geometry": {"type": "Point", "coordinates": [-119.48042280972004, 49.851785468688874]}, "properties": {"source": "deepforest", "kind": "tree", "score": 0.1268949955701828, "crown_m": 2.98}}, {"type": "Feature", "geometry": {"type": "Point", "coordinates": [-119.47574369609356, 49.855516937667154]}, "properties": {"source": "deepforest", "kind": "tree", "score": 0.1268601268529892, "crown_m": 2.12}}, {"type": "Feature", "geometry": {"type": "Point", "coordinates": [-119.48230974376202, 49.855140388406696]}, "properties": {"source": "deepforest", "kind": "tree", "score": 0.12678849697113037, "crown_m": 2.98}}, {"type": "Feature", "geometry": {"type": "Point", "coordinates": [-119.47945721447468, 49.85542096327779]}, "properties": {"source": "deepforest", "kind": "tree", "score": 0.1267334222793579, "crown_m": 2.31}}, {"type": "Feature", "geometry": {"type": "Point", "coordinates": [-119.4793438911438, 49.85529861727082]}, "properties": {"source": "deepforest", "kind": "tree", "score": 0.1266353279352188, "crown_m": 1.44}}, {"type": "Feature", "geometry": {"type": "Point", "coordinates": [-119.48085196316242, 49.85229823309459]}, "properties": {"source": "deepforest", "kind": "tree", "score": 0.12662047147750854, "crown_m": 2.79}}, {"type": "Feature", "geometry": {"type": "Point", "coordinates": [-119.48037922382355, 49.85180233033678]}, "properties": {"source": "deepforest", "kind": "tree", "score": 0.12661847472190857, "crown_m": 2.12}}, {"type": "Feature", "geometry": {"type": "Point", "coordinates": [-119.4819737970829, 49.855299914226585]}, "properties": {"source": "deepforest", "kind": "tree", "score": 0.12660305202007294, "crown_m": 2.31}}, {"type": "Feature", "geometry": {"type": "Point", "coordinates": [-119.4794250279665, 49.85587705608639]}, "properties": {"source": "deepforest", "kind": "tree", "score": 0.12657923996448517, "crown_m": 2.79}}, {"type": "Feature", "geometry": {"type": "Point", "coordinates": [-119.4817028939724, 49.85444996842084]}, "properties": {"source": "deepforest", "kind": "tree", "score": 0.1265401691198349, "crown_m": 3.47}}, {"type": "Feature", "geometry": {"type": "Point", "coordinates": [-119.47832129895687, 49.851542919718014]}, "properties": {"source": "deepforest", "kind": "tree", "score": 0.12649056315422058, "crown_m": 2.5}}, {"type": "Feature", "geometry": {"type": "Point", "coordinates": [-119.48197782039642, 49.85724012106929]}, "properties": {"source": "deepforest", "kind": "tree", "score": 0.12648509442806244, "crown_m": 2.31}}, {"type": "Feature", "geometry": {"type": "Point", "coordinates": [-119.48142595589161, 49.85437604058661]}, "properties": {"source": "deepforest", "kind": "tree", "score": 0.12646189332008362, "crown_m": 2.41}}, {"type": "Feature", "geometry": {"type": "Point", "coordinates": [-119.48206499218941, 49.85216852929013]}, "properties": {"source": "deepforest", "kind": "tree", "score": 0.12640038132667542, "crown_m": 1.44}}, {"type": "Feature", "geometry": {"type": "Point", "coordinates": [-119.4781643897295, 49.856015396182194]}, "properties": {"source": "deepforest", "kind": "tree", "score": 0.12638892233371735, "crown_m": 1.44}}, {"type": "Feature", "geometry": {"type": "Point", "coordinates": [-119.4794350862503, 49.85427228203203]}, "properties": {"source": "deepforest", "kind": "tree", "score": 0.1263357251882553, "crown_m": 2.02}}, {"type": "Feature", "geometry": {"type": "Point", "coordinates": [-119.47770975530148, 49.851785468688874]}, "properties": {"source": "deepforest", "kind": "tree", "score": 0.12633492052555084, "crown_m": 1.44}}, {"type": "Feature", "geometry": {"type": "Point", "coordinates": [-119.48031015694141, 49.85537167905782]}, "properties": {"source": "deepforest", "kind": "tree", "score": 0.12626509368419647, "crown_m": 2.41}}, {"type": "Feature", "geometry": {"type": "Point", "coordinates": [-119.47479017078876, 49.85592893366873]}, "properties": {"source": "deepforest", "kind": "tree", "score": 0.12619450688362122, "crown_m": 2.41}}, {"type": "Feature", "geometry": {"type": "Point", "coordinates": [-119.47945721447468, 49.85585673735146]}, "properties": {"source": "deepforest", "kind": "tree", "score": 0.12619106471538544, "crown_m": 2.31}}, {"type": "Feature", "geometry": {"type": "Point", "coordinates": [-119.48103033006191, 49.85373532795256]}, "properties": {"source": "deepforest", "kind": "tree", "score": 0.12613071501255035, "crown_m": 1.83}}, {"type": "Feature", "geometry": {"type": "Point", "coordinates": [-119.48187120258808, 49.85663100480602]}, "properties": {"source": "deepforest", "kind": "tree", "score": 0.12590081989765167, "crown_m": 2.41}}, {"type": "Feature", "geometry": {"type": "Point", "coordinates": [-119.47704322636127, 49.85171240147996]}, "properties": {"source": "deepforest", "kind": "tree", "score": 0.12586645781993866, "crown_m": 3.27}}, {"type": "Feature", "geometry": {"type": "Point", "coordinates": [-119.47969928383827, 49.85188317969504]}, "properties": {"source": "deepforest", "kind": "tree", "score": 0.1258215606212616, "crown_m": 1.64}}, {"type": "Feature", "geometry": {"type": "Point", "coordinates": [-119.47648599743843, 49.85150876388281]}, "properties": {"source": "deepforest", "kind": "tree", "score": 0.12578780949115753, "crown_m": 1.73}}, {"type": "Feature", "geometry": {"type": "Point", "coordinates": [-119.47728462517262, 49.8551153138397]}, "properties": {"source": "deepforest", "kind": "tree", "score": 0.12578395009040833, "crown_m": 1.64}}, {"type": "Feature", "geometry": {"type": "Point", "coordinates": [-119.47770841419697, 49.85412658735226]}, "properties": {"source": "deepforest", "kind": "tree", "score": 0.12573765218257904, "crown_m": 2.41}}, {"type": "Feature", "geometry": {"type": "Point", "coordinates": [-119.47542451322079, 49.85437517593291]}, "properties": {"source": "deepforest", "kind": "tree", "score": 0.12570655345916748, "crown_m": 2.02}}, {"type": "Feature", "geometry": {"type": "Point", "coordinates": [-119.47543926537037, 49.853981324563634]}, "properties": {"source": "deepforest", "kind": "tree", "score": 0.1256910115480423, "crown_m": 1.54}}, {"type": "Feature", "geometry": {"type": "Point", "coordinates": [-119.47880275547504, 49.85580442737755]}, "properties": {"source": "deepforest", "kind": "tree", "score": 0.12563425302505493, "crown_m": 2.02}}, {"type": "Feature", "geometry": {"type": "Point", "coordinates": [-119.4811262190342, 49.85219663181064]}, "properties": {"source": "deepforest", "kind": "tree", "score": 0.12552352249622345, "crown_m": 1.54}}, {"type": "Feature", "geometry": {"type": "Point", "coordinates": [-119.48023572564125, 49.854492336368416]}, "properties": {"source": "deepforest", "kind": "tree", "score": 0.12544052302837372, "crown_m": 2.31}}, {"type": "Feature", "geometry": {"type": "Point", "coordinates": [-119.48004797101021, 49.85712815492264]}, "properties": {"source": "deepforest", "kind": "tree", "score": 0.12541081011295319, "crown_m": 1.54}}, {"type": "Feature", "geometry": {"type": "Point", "coordinates": [-119.48187187314034, 49.85665953703803]}, "properties": {"source": "deepforest", "kind": "tree", "score": 0.12529835104942322, "crown_m": 2.6}}, {"type": "Feature", "geometry": {"type": "Point", "coordinates": [-119.47692453861237, 49.85564533553865]}, "properties": {"source": "deepforest", "kind": "tree", "score": 0.12522342801094055, "crown_m": 1.64}}, {"type": "Feature", "geometry": {"type": "Point", "coordinates": [-119.47941429913044, 49.854728818005825]}, "properties": {"source": "deepforest", "kind": "tree", "score": 0.12519924342632294, "crown_m": 1.83}}, {"type": "Feature", "geometry": {"type": "Point", "coordinates": [-119.47507984936237, 49.855015880083805]}, "properties": {"source": "deepforest", "kind": "tree", "score": 0.12517210841178894, "crown_m": 2.98}}, {"type": "Feature", "geometry": {"type": "Point", "coordinates": [-119.48138907551765, 49.855630204494084]}, "properties": {"source": "deepforest", "kind": "tree", "score": 0.12509110569953918, "crown_m": 2.31}}, {"type": "Feature", "geometry": {"type": "Point", "coordinates": [-119.48090694844723, 49.85570672429941]}, "properties": {"source": "deepforest", "kind": "tree", "score": 0.12509073317050934, "crown_m": 2.41}}, {"type": "Feature", "geometry": {"type": "Point", "coordinates": [-119.475282356143, 49.85495189651532]}, "properties": {"source": "deepforest", "kind": "tree", "score": 0.12503091990947723, "crown_m": 2.41}}, {"type": "Feature", "geometry": {"type": "Point", "coordinates": [-119.47503291070461, 49.85474351700907]}, "properties": {"source": "deepforest", "kind": "tree", "score": 0.12501183152198792, "crown_m": 4.72}}, {"type": "Feature", "geometry": {"type": "Point", "coordinates": [-119.4772993773222, 49.85288232824722]}, "properties": {"source": "deepforest", "kind": "tree", "score": 0.12495838105678558, "crown_m": 2.98}}, {"type": "Feature", "geometry": {"type": "Point", "coordinates": [-119.47595827281475, 49.85480058368519]}, "properties": {"source": "deepforest", "kind": "tree", "score": 0.12492910772562027, "crown_m": 3.95}}, {"type": "Feature", "geometry": {"type": "Point", "coordinates": [-119.48105916380882, 49.85213696797839]}, "properties": {"source": "deepforest", "kind": "tree", "score": 0.12485509365797043, "crown_m": 1.93}}, {"type": "Feature", "geometry": {"type": "Point", "coordinates": [-119.47708144783974, 49.85194759967511]}, "properties": {"source": "deepforest", "kind": "tree", "score": 0.12482412904500961, "crown_m": 2.31}}, {"type": "Feature", "geometry": {"type": "Point", "coordinates": [-119.47699896991253, 49.8526397847811]}, "properties": {"source": "deepforest", "kind": "tree", "score": 0.12482112646102905, "crown_m": 2.6}}, {"type": "Feature", "geometry": {"type": "Point", "coordinates": [-119.48055692017078, 49.8539298772213]}, "properties": {"source": "deepforest", "kind": "tree", "score": 0.1247979998588562, "crown_m": 1.64}}, {"type": "Feature", "geometry": {"type": "Point", "coordinates": [-119.48138907551765, 49.85566003426312]}, "properties": {"source": "deepforest", "kind": "tree", "score": 0.12479707598686218, "crown_m": 2.02}}, {"type": "Feature", "geometry": {"type": "Point", "coordinates": [-119.47846613824368, 49.85256671886377]}, "properties": {"source": "deepforest", "kind": "tree", "score": 0.12477376312017441, "crown_m": 3.18}}, {"type": "Feature", "geometry": {"type": "Point", "coordinates": [-119.47972945868969, 49.853491059428364]}, "properties": {"source": "deepforest", "kind": "tree", "score": 0.1247083842754364, "crown_m": 2.41}}, {"type": "Feature", "geometry": {"type": "Point", "coordinates": [-119.48228627443314, 49.851791953938765]}, "properties": {"source": "deepforest", "kind": "tree", "score": 0.1246686726808548, "crown_m": 2.89}}, {"type": "Feature", "geometry": {"type": "Point", "coordinates": [-119.47927415370941, 49.85562069354936]}, "properties": {"source": "deepforest", "kind": "tree", "score": 0.12463657557964325, "crown_m": 1.54}}, {"type": "Feature", "geometry": {"type": "Point", "coordinates": [-119.47699829936028, 49.85496875705847]}, "properties": {"source": "deepforest", "kind": "tree", "score": 0.12462285906076431, "crown_m": 2.7}}, {"type": "Feature", "geometry": {"type": "Point", "coordinates": [-119.48105581104755, 49.853504894138815]}, "properties": {"source": "deepforest", "kind": "tree", "score": 0.12459477037191391, "crown_m": 1.64}}, {"type": "Feature", "geometry": {"type": "Point", "coordinates": [-119.48267050087452, 49.85414604215687]}, "properties": {"source": "deepforest", "kind": "tree", "score": 0.12457592785358429, "crown_m": 2.98}}, {"type": "Feature", "geometry": {"type": "Point", "coordinates": [-119.48033697903156, 49.85596740950632]}, "properties": {"source": "deepforest", "kind": "tree", "score": 0.12455584853887558, "crown_m": 2.79}}, {"type": "Feature", "geometry": {"type": "Point", "coordinates": [-119.47968252003193, 49.85492206630915]}, "properties": {"source": "deepforest", "kind": "tree", "score": 0.12455368787050247, "crown_m": 1.93}}, {"type": "Feature", "geometry": {"type": "Point", "coordinates": [-119.47521261870861, 49.85623933337285]}, "properties": {"source": "deepforest", "kind": "tree", "score": 0.12450780719518661, "crown_m": 1.64}}, {"type": "Feature", "geometry": {"type": "Point", "coordinates": [-119.48197849094868, 49.85149276683776]}, "properties": {"source": "deepforest", "kind": "tree", "score": 0.12448866665363312, "crown_m": 2.41}}, {"type": "Feature", "geometry": {"type": "Point", "coordinates": [-119.4819563627243, 49.851920361707435]}, "properties": {"source": "deepforest", "kind": "tree", "score": 0.12447436153888702, "crown_m": 2.89}}, {"type": "Feature", "geometry": {"type": "Point", "coordinates": [-119.48159694671631, 49.85686185601802]}, "properties": {"source": "deepforest", "kind": "tree", "score": 0.1242993175983429, "crown_m": 1.64}}, {"type": "Feature", "geometry": {"type": "Point", "coordinates": [-119.47864048182964, 49.85488056338299]}, "properties": {"source": "deepforest", "kind": "tree", "score": 0.12429467588663101, "crown_m": 1.83}}, {"type": "Feature", "geometry": {"type": "Point", "coordinates": [-119.47997018694878, 49.855112287597954]}, "properties": {"source": "deepforest", "kind": "tree", "score": 0.1242944747209549, "crown_m": 1.93}}, {"type": "Feature", "geometry": {"type": "Point", "coordinates": [-119.48222525417805, 49.854737464478866]}, "properties": {"source": "deepforest", "kind": "tree", "score": 0.12427596747875214, "crown_m": 2.6}}, {"type": "Feature", "geometry": {"type": "Point", "coordinates": [-119.48230974376202, 49.85711605045882]}, "properties": {"source": "deepforest", "kind": "tree", "score": 0.12421459704637527, "crown_m": 3.18}}, {"type": "Feature", "geometry": {"type": "Point", "coordinates": [-119.47734966874123, 49.852882760587434]}, "properties": {"source": "deepforest", "kind": "tree", "score": 0.12420477718114853, "crown_m": 2.12}}, {"type": "Feature", "geometry": {"type": "Point", "coordinates": [-119.47555124759674, 49.85378029051981]}, "properties": {"source": "deepforest", "kind": "tree", "score": 0.12415079772472382, "crown_m": 2.02}}, {"type": "Feature", "geometry": {"type": "Point", "coordinates": [-119.48205426335335, 49.85506040913891]}, "properties": {"source": "deepforest", "kind": "tree", "score": 0.12415055930614471, "crown_m": 2.5}}, {"type": "Feature", "geometry": {"type": "Point", "coordinates": [-119.48099479079247, 49.85558610828006]}, "properties": {"source": "deepforest", "kind": "tree", "score": 0.1241469457745552, "crown_m": 1.93}}, {"type": "Feature", "geometry": {"type": "Point", "coordinates": [-119.48086068034172, 49.85497178330919]}, "properties": {"source": "deepforest", "kind": "tree", "score": 0.12408898770809174, "crown_m": 2.6}}, {"type": "Feature", "geometry": {"type": "Point", "coordinates": [-119.48214679956436, 49.85564058006801]}, "properties": {"source": "deepforest", "kind": "tree", "score": 0.12407641857862473, "crown_m": 2.12}}, {"type": "Feature", "geometry": {"type": "Point", "coordinates": [-119.48283813893795, 49.854898720917575]}, "properties": {"source": "deepforest", "kind": "tree", "score": 0.12405698001384735, "crown_m": 2.12}}, {"type": "Feature", "geometry": {"type": "Point", "coordinates": [-119.4799017906189, 49.85719689092759]}, "properties": {"source": "deepforest", "kind": "tree", "score": 0.12405436486005783, "crown_m": 2.31}}, {"type": "Feature", "geometry": {"type": "Point", "coordinates": [-119.47941362857819, 49.85471498364575]}, "properties": {"source": "deepforest", "kind": "tree", "score": 0.1240350604057312, "crown_m": 2.41}}, {"type": "Feature", "geometry": {"type": "Point", "coordinates": [-119.48276303708553, 49.85436004449063]}, "properties": {"source": "deepforest", "kind": "tree", "score": 0.12399636209011078, "crown_m": 6.35}}, {"type": "Feature", "geometry": {"type": "Point", "coordinates": [-119.48122747242451, 49.85612001561664]}, "properties": {"source": "deepforest", "kind": "tree", "score": 0.12397419661283493, "crown_m": 1.44}}, {"type": "Feature", "geometry": {"type": "Point", "coordinates": [-119.47984680533409, 49.857173114333165]}, "properties": {"source": "deepforest", "kind": "tree", "score": 0.12386303395032883, "crown_m": 3.95}}, {"type": "Feature", "geometry": {"type": "Point", "coordinates": [-119.48273956775665, 49.85295020561244]}, "properties": {"source": "deepforest", "kind": "tree", "score": 0.1238275021314621, "crown_m": 4.91}}, {"type": "Feature", "geometry": {"type": "Point", "coordinates": [-119.47496317327023, 49.855842903314276]}, "properties": {"source": "deepforest", "kind": "tree", "score": 0.12369973957538605, "crown_m": 2.5}}, {"type": "Feature", "geometry": {"type": "Point", "coordinates": [-119.4748230278492, 49.85592115203493]}, "properties": {"source": "deepforest", "kind": "tree", "score": 0.12368389964103699, "crown_m": 1.64}}, {"type": "Feature", "geometry": {"type": "Point", "coordinates": [-119.47515562176704, 49.856447706428966]}, "properties": {"source": "deepforest", "kind": "tree", "score": 0.12367986887693405, "crown_m": 2.6}}, {"type": "Feature", "geometry": {"type": "Point", "coordinates": [-119.47837963700294, 49.854871916935565]}, "properties": {"source": "deepforest", "kind": "tree", "score": 0.12364228814840317, "crown_m": 2.31}}, {"type": "Feature", "geometry": {"type": "Point", "coordinates": [-119.47983071208, 49.85609018613155]}, "properties": {"source": "deepforest", "kind": "tree", "score": 0.12363367527723312, "crown_m": 3.27}}, {"type": "Feature", "geometry": {"type": "Point", "coordinates": [-119.47926007211208, 49.854883589639236]}, "properties": {"source": "deepforest", "kind": "tree", "score": 0.12362291663885117, "crown_m": 5.68}}, {"type": "Feature", "geometry": {"type": "Point", "coordinates": [-119.47680853307247, 49.85712556110922]}, "properties": {"source": "deepforest", "kind": "tree", "score": 0.12361711263656616, "crown_m": 1.83}}, {"type": "Feature", "geometry": {"type": "Point", "coordinates": [-119.4746781885624, 49.8556034009178]}, "properties": {"source": "deepforest", "kind": "tree", "score": 0.12360896915197372, "crown_m": 2.7}}, {"type": "Feature", "geometry": {"type": "Point", "coordinates": [-119.48122680187225, 49.85710870131859]}, "properties": {"source": "deepforest", "kind": "tree", "score": 0.12357111275196075, "crown_m": 1.92}}, {"type": "Feature", "geometry": {"type": "Point", "coordinates": [-119.47545535862446, 49.85522728465031]}, "properties": {"source": "deepforest", "kind": "tree", "score": 0.12349330633878708, "crown_m": 1.54}}, {"type": "Feature", "geometry": {"type": "Point", "coordinates": [-119.480324909091, 49.855434797435755]}, "properties": {"source": "deepforest", "kind": "tree", "score": 0.12340953201055527, "crown_m": 2.5}}, {"type": "Feature", "geometry": {"type": "Point", "coordinates": [-119.4784165173769, 49.855344443019966]}, "properties": {"source": "deepforest", "kind": "tree", "score": 0.12338783591985703, "crown_m": 3.37}}, {"type": "Feature", "geometry": {"type": "Point", "coordinates": [-119.47620771825314, 49.85506084145964]}, "properties": {"source": "deepforest", "kind": "tree", "score": 0.12338586151599884, "crown_m": 2.02}}, {"type": "Feature", "geometry": {"type": "Point", "coordinates": [-119.4803785532713, 49.85182654192349]}, "properties": {"source": "deepforest", "kind": "tree", "score": 0.1232866644859314, "crown_m": 1.35}}, {"type": "Feature", "geometry": {"type": "Point", "coordinates": [-119.47832062840462, 49.856174486802765]}, "properties": {"source": "deepforest", "kind": "tree", "score": 0.12328489124774933, "crown_m": 1.54}}, {"type": "Feature", "geometry": {"type": "Point", "coordinates": [-119.48230907320976, 49.856655213973646]}, "properties": {"source": "deepforest", "kind": "tree", "score": 0.12322459369897842, "crown_m": 2.98}}, {"type": "Feature", "geometry": {"type": "Point", "coordinates": [-119.48203817009926, 49.85661414484283]}, "properties": {"source": "deepforest", "kind": "tree", "score": 0.12307754158973694, "crown_m": 1.73}}, {"type": "Feature", "geometry": {"type": "Point", "coordinates": [-119.47742477059364, 49.85160906955806]}, "properties": {"source": "deepforest", "kind": "tree", "score": 0.12307527661323547, "crown_m": 2.5}}, {"type": "Feature", "geometry": {"type": "Point", "coordinates": [-119.47555124759674, 49.85362248901782]}, "properties": {"source": "deepforest", "kind": "tree", "score": 0.12307105958461761, "crown_m": 2.89}}, {"type": "Feature", "geometry": {"type": "Point", "coordinates": [-119.4760850071907, 49.8541226963904]}, "properties": {"source": "deepforest", "kind": "tree", "score": 0.12302560359239578, "crown_m": 4.24}}, {"type": "Feature", "geometry": {"type": "Point", "coordinates": [-119.48196642100811, 49.85478502005293]}, "properties": {"source": "deepforest", "kind": "tree", "score": 0.12300135940313339, "crown_m": 2.79}}, {"type": "Feature", "geometry": {"type": "Point", "coordinates": [-119.47830386459827, 49.85481960589558]}, "properties": {"source": "deepforest", "kind": "tree", "score": 0.12298765033483505, "crown_m": 1.64}}, {"type": "Feature", "geometry": {"type": "Point", "coordinates": [-119.48182694613934, 49.853957978717595]}, "properties": {"source": "deepforest", "kind": "tree", "score": 0.1229710653424263, "crown_m": 3.85}}, {"type": "Feature", "geometry": {"type": "Point", "coordinates": [-119.48121137917042, 49.85381574174526]}, "properties": {"source": "deepforest", "kind": "tree", "score": 0.1229342445731163, "crown_m": 2.21}}, {"type": "Feature", "geometry": {"type": "Point", "coordinates": [-119.47721622884274, 49.8518974472148]}, "properties": {"source": "deepforest", "kind": "tree", "score": 0.12293287366628647, "crown_m": 10.01}}, {"type": "Feature", "geometry": {"type": "Point", "coordinates": [-119.477713778615, 49.85454940334115]}, "properties": {"source": "deepforest", "kind": "tree", "score": 0.12287726998329163, "crown_m": 2.41}}, {"type": "Feature", "geometry": {"type": "Point", "coordinates": [-119.48215618729591, 49.85472276547378]}, "properties": {"source": "deepforest", "kind": "tree", "score": 0.1228465884923935, "crown_m": 2.89}}, {"type": "Feature", "geometry": {"type": "Point", "coordinates": [-119.48027193546295, 49.85509542710488]}, "properties": {"source": "deepforest", "kind": "tree", "score": 0.12271570414304733, "crown_m": 1.83}}, {"type": "Feature", "geometry": {"type": "Point", "coordinates": [-119.4793801009655, 49.855031875962695]}, "properties": {"source": "deepforest", "kind": "tree", "score": 0.12270497530698776, "crown_m": 2.5}}, {"type": "Feature", "geometry": {"type": "Point", "coordinates": [-119.4824244081974, 49.85487105229074]}, "properties": {"source": "deepforest", "kind": "tree", "score": 0.12268815189599991, "crown_m": 2.12}}, {"type": "Feature", "geometry": {"type": "Point", "coordinates": [-119.48077686131, 49.85165706056181]}, "properties": {"source": "deepforest", "kind": "tree", "score": 0.12268750369548798, "crown_m": 1.54}}, {"type": "Feature", "geometry": {"type": "Point", "coordinates": [-119.48162108659744, 49.85157145495424]}, "properties": {"source": "deepforest", "kind": "tree", "score": 0.12267255038022995, "crown_m": 2.89}}, {"type": "Feature", "geometry": {"type": "Point", "coordinates": [-119.47539635002613, 49.85482652306114]}, "properties": {"source": "deepforest", "kind": "tree", "score": 0.12265010923147202, "crown_m": 1.44}}, {"type": "Feature", "geometry": {"type": "Point", "coordinates": [-119.48105648159981, 49.855957466315274]}, "properties": {"source": "deepforest", "kind": "tree", "score": 0.1226300299167633, "crown_m": 2.31}}, {"type": "Feature", "geometry": {"type": "Point", "coordinates": [-119.47699964046478, 49.85682381319755]}, "properties": {"source": "deepforest", "kind": "tree", "score": 0.12262803316116333, "crown_m": 1.83}}, {"type": "Feature", "geometry": {"type": "Point", "coordinates": [-119.47855062782764, 49.851564104970755]}, "properties": {"source": "deepforest", "kind": "tree", "score": 0.12260003387928009, "crown_m": 1.83}}, {"type": "Feature", "geometry": {"type": "Point", "coordinates": [-119.48117919266224, 49.855523422416326]}, "properties": {"source": "deepforest", "kind": "tree", "score": 0.12259381264448166, "crown_m": 2.6}}, {"type": "Feature", "geometry": {"type": "Point", "coordinates": [-119.48013380169868, 49.85505478896917]}, "properties": {"source": "deepforest", "kind": "tree", "score": 0.12255392223596573, "crown_m": 2.02}}, {"type": "Feature", "geometry": {"type": "Point", "coordinates": [-119.47536215186119, 49.855162436722104]}, "properties": {"source": "deepforest", "kind": "tree", "score": 0.12252753973007202, "crown_m": 2.31}}, {"type": "Feature", "geometry": {"type": "Point", "coordinates": [-119.48231041431427, 49.853394648679874]}, "properties": {"source": "deepforest", "kind": "tree", "score": 0.1225207969546318, "crown_m": 1.64}}, {"type": "Feature", "geometry": {"type": "Point", "coordinates": [-119.4819188117981, 49.8562445210947]}, "properties": {"source": "deepforest", "kind": "tree", "score": 0.12250205874443054, "crown_m": 1.44}}, {"type": "Feature", "geometry": {"type": "Point", "coordinates": [-119.47488740086555, 49.85511747544081]}, "properties": {"source": "deepforest", "kind": "tree", "score": 0.1223895326256752, "crown_m": 1.54}}, {"type": "Feature", "geometry": {"type": "Point", "coordinates": [-119.47700567543507, 49.854721900826284]}, "properties": {"source": "deepforest", "kind": "tree", "score": 0.12234126776456833, "crown_m": 1.64}}, {"type": "Feature", "geometry": {"type": "Point", "coordinates": [-119.474967867136, 49.855683811602056]}, "properties": {"source": "deepforest", "kind": "tree", "score": 0.12232577055692673, "crown_m": 3.08}}, {"type": "Feature", "geometry": {"type": "Point", "coordinates": [-119.48198989033699, 49.85476426853546]}, "properties": {"source": "deepforest", "kind": "tree", "score": 0.12230348587036133, "crown_m": 2.6}}, {"type": "Feature", "geometry": {"type": "Point", "coordinates": [-119.47555057704449, 49.85154335207021]}, "properties": {"source": "deepforest", "kind": "tree", "score": 0.12229662388563156, "crown_m": 1.83}}, {"type": "Feature", "geometry": {"type": "Point", "coordinates": [-119.4815694540739, 49.856678990822914]}, "properties": {"source": "deepforest", "kind": "tree", "score": 0.12228096276521683, "crown_m": 2.6}}, {"type": "Feature", "geometry": {"type": "Point", "coordinates": [-119.47589993476868, 49.855753414290604]}, "properties": {"source": "deepforest", "kind": "tree", "score": 0.12213137000799179, "crown_m": 1.64}}, {"type": "Feature", "geometry": {"type": "Point", "coordinates": [-119.48190338909626, 49.85685710066711]}, "properties": {"source": "deepforest", "kind": "tree", "score": 0.12211243063211441, "crown_m": 2.41}}, {"type": "Feature", "geometry": {"type": "Point", "coordinates": [-119.48005333542824, 49.85537167905782]}, "properties": {"source": "deepforest", "kind": "tree", "score": 0.12201286852359772, "crown_m": 1.93}}, {"type": "Feature", "geometry": {"type": "Point", "coordinates": [-119.48124289512634, 49.85560729176045]}, "properties": {"source": "deepforest", "kind": "tree", "score": 0.12195340543985367, "crown_m": 4.43}}, {"type": "Feature", "geometry": {"type": "Point", "coordinates": [-119.48243513703346, 49.85215166776998]}, "properties": {"source": "deepforest", "kind": "tree", "score": 0.12192066758871078, "crown_m": 2.7}}, {"type": "Feature", "geometry": {"type": "Point", "coordinates": [-119.4747418910265, 49.855271381191784]}, "properties": {"source": "deepforest", "kind": "tree", "score": 0.12181879580020905, "crown_m": 1.73}}, {"type": "Feature", "geometry": {"type": "Point", "coordinates": [-119.47841383516788, 49.854789775607756]}, "properties": {"source": "deepforest", "kind": "tree", "score": 0.12173781543970108, "crown_m": 3.18}}, {"type": "Feature", "geometry": {"type": "Point", "coordinates": [-119.47487935423851, 49.855668248254254]}, "properties": {"source": "deepforest", "kind": "tree", "score": 0.12171873450279236, "crown_m": 3.27}}, {"type": "Feature", "geometry": {"type": "Point", "coordinates": [-119.4801103323698, 49.85537211137576]}, "properties": {"source": "deepforest", "kind": "tree", "score": 0.12166796624660492, "crown_m": 1.83}}, {"type": "Feature", "geometry": {"type": "Point", "coordinates": [-119.47895832359791, 49.85498475295295]}, "properties": {"source": "deepforest", "kind": "tree", "score": 0.12159934639930725, "crown_m": 4.14}}, {"type": "Feature", "geometry": {"type": "Point", "coordinates": [-119.48099747300148, 49.85230731234786]}, "properties": {"source": "deepforest", "kind": "tree", "score": 0.12159593403339386, "crown_m": 1.54}}, {"type": "Feature", "geometry": {"type": "Point", "coordinates": [-119.474967867136, 49.85552126083337]}, "properties": {"source": "deepforest", "kind": "tree", "score": 0.12158128619194031, "crown_m": 1.54}}, {"type": "Feature", "geometry": {"type": "Point", "coordinates": [-119.48037788271904, 49.85579837498021]}, "properties": {"source": "deepforest", "kind": "tree", "score": 0.12153701484203339, "crown_m": 3.56}}, {"type": "Feature", "geometry": {"type": "Point", "coordinates": [-119.47543792426586, 49.85513260664591]}, "properties": {"source": "deepforest", "kind": "tree", "score": 0.12153662741184235, "crown_m": 2.21}}, {"type": "Feature", "geometry": {"type": "Point", "coordinates": [-119.4819737970829, 49.85599464519308]}, "properties": {"source": "deepforest", "kind": "tree", "score": 0.12153200805187225, "crown_m": 1.73}}, {"type": "Feature", "geometry": {"type": "Point", "coordinates": [-119.47641626000404, 49.85628083513204]}, "properties": {"source": "deepforest", "kind": "tree", "score": 0.12152168899774551, "crown_m": 1.83}}, {"type": "Feature", "geometry": {"type": "Point", "coordinates": [-119.47469361126423, 49.85475000186202]}, "properties": {"source": "deepforest", "kind": "tree", "score": 0.12150038033723831, "crown_m": 2.21}}, {"type": "Feature", "geometry": {"type": "Point", "coordinates": [-119.48171630501747, 49.853874538842334]}, "properties": {"source": "deepforest", "kind": "tree", "score": 0.12148253619670868, "crown_m": 1.64}}, {"type": "Feature", "geometry": {"type": "Point", "coordinates": [-119.47754144668579, 49.8537137113188]}, "properties": {"source": "deepforest", "kind": "tree", "score": 0.12146516889333725, "crown_m": 1.64}}, {"type": "Feature", "geometry": {"type": "Point", "coordinates": [-119.47575978934765, 49.85441365300763]}, "properties": {"source": "deepforest", "kind": "tree", "score": 0.12145869433879852, "crown_m": 1.64}}, {"type": "Feature", "geometry": {"type": "Point", "coordinates": [-119.47531722486019, 49.8572353657556]}, "properties": {"source": "deepforest", "kind": "tree", "score": 0.12144839763641357, "crown_m": 2.98}}, {"type": "Feature", "geometry": {"type": "Point", "coordinates": [-119.48074400424957, 49.85598081119537]}, "properties": {"source": "deepforest", "kind": "tree", "score": 0.12142474204301834, "crown_m": 2.79}}, {"type": "Feature", "geometry": {"type": "Point", "coordinates": [-119.47577252984047, 49.85550915596702]}, "properties": {"source": "deepforest", "kind": "tree", "score": 0.12137959897518158, "crown_m": 2.7}}, {"type": "Feature", "geometry": {"type": "Point", "coordinates": [-119.48180884122849, 49.85599464519308]}, "properties": {"source": "deepforest", "kind": "tree", "score": 0.12134978920221329, "crown_m": 2.89}}, {"type": "Feature", "geometry": {"type": "Point", "coordinates": [-119.4824069738388, 49.853561097609344]}, "properties": {"source": "deepforest", "kind": "tree", "score": 0.12127740681171417, "crown_m": 2.89}}, {"type": "Feature", "geometry": {"type": "Point", "coordinates": [-119.4816680252552, 49.85616497596518]}, "properties": {"source": "deepforest", "kind": "tree", "score": 0.12107685953378677, "crown_m": 2.31}}, {"type": "Feature", "geometry": {"type": "Point", "coordinates": [-119.4783890247345, 49.85421089144899]}, "properties": {"source": "deepforest", "kind": "tree", "score": 0.12091606110334396, "crown_m": 1.64}}, {"type": "Feature", "geometry": {"type": "Point", "coordinates": [-119.47978511452675, 49.85712426420246]}, "properties": {"source": "deepforest", "kind": "tree", "score": 0.12081305682659149, "crown_m": 3.08}}, {"type": "Feature", "geometry": {"type": "Point", "coordinates": [-119.48069639503956, 49.85594579387099]}, "properties": {"source": "deepforest", "kind": "tree", "score": 0.12075401842594147, "crown_m": 2.89}}, {"type": "Feature", "geometry": {"type": "Point", "coordinates": [-119.47739660739899, 49.85381185075837]}, "properties": {"source": "deepforest", "kind": "tree", "score": 0.12074445188045502, "crown_m": 1.35}}, {"type": "Feature", "geometry": {"type": "Point", "coordinates": [-119.48182761669159, 49.85227964223732]}, "properties": {"source": "deepforest", "kind": "tree", "score": 0.12074106186628342, "crown_m": 2.5}}, {"type": "Feature", "geometry": {"type": "Point", "coordinates": [-119.47704389691353, 49.85708751849637]}, "properties": {"source": "deepforest", "kind": "tree", "score": 0.12067174166440964, "crown_m": 2.41}}, {"type": "Feature", "geometry": {"type": "Point", "coordinates": [-119.47533801198006, 49.853984783206535]}, "properties": {"source": "deepforest", "kind": "tree", "score": 0.12059743702411652, "crown_m": 2.7}}, {"type": "Feature", "geometry": {"type": "Point", "coordinates": [-119.48090560734272, 49.855267922640955]}, "properties": {"source": "deepforest", "kind": "tree", "score": 0.12050093710422516, "crown_m": 2.31}}, {"type": "Feature", "geometry": {"type": "Point", "coordinates": [-119.47559416294098, 49.856800036419564]}, "properties": {"source": "deepforest", "kind": "tree", "score": 0.12049400806427002, "crown_m": 1.73}}, {"type": "Feature", "geometry": {"type": "Point", "coordinates": [-119.4769399613142, 49.85231077111057]}, "properties": {"source": "deepforest", "kind": "tree", "score": 0.12043995410203934, "crown_m": 1.54}}, {"type": "Feature", "geometry": {"type": "Point", "coordinates": [-119.48154799640179, 49.85360043999981]}, "properties": {"source": "deepforest", "kind": "tree", "score": 0.12043096125125885, "crown_m": 2.41}}, {"type": "Feature", "geometry": {"type": "Point", "coordinates": [-119.47921648621559, 49.85356369161409]}, "properties": {"source": "deepforest", "kind": "tree", "score": 0.12032333761453629, "crown_m": 1.73}}, {"type": "Feature", "geometry": {"type": "Point", "coordinates": [-119.47699896991253, 49.852394213685784]}, "properties": {"source": "deepforest", "kind": "tree", "score": 0.12028096616268158, "crown_m": 3.18}}, {"type": "Feature", "geometry": {"type": "Point", "coordinates": [-119.47822272777557, 49.853504894138815]}, "properties": {"source": "deepforest", "kind": "tree", "score": 0.12024208158254623, "crown_m": 2.5}}, {"type": "Feature", "geometry": {"type": "Point", "coordinates": [-119.47989575564861, 49.8550846190934]}, "properties": {"source": "deepforest", "kind": "tree", "score": 0.12019126862287521, "crown_m": 3.08}}, {"type": "Feature", "geometry": {"type": "Point", "coordinates": [-119.47974555194378, 49.85196921709884]}, "properties": {"source": "deepforest", "kind": "tree", "score": 0.12014031410217285, "crown_m": 1.54}}, {"type": "Feature", "geometry": {"type": "Point", "coordinates": [-119.47598107159138, 49.852980901714446]}, "properties": {"source": "deepforest", "kind": "tree", "score": 0.12012995034456253, "crown_m": 1.64}}, {"type": "Feature", "geometry": {"type": "Point", "coordinates": [-119.48244050145149, 49.85208508632526]}, "properties": {"source": "deepforest", "kind": "tree", "score": 0.12007856369018555, "crown_m": 1.93}}, {"type": "Feature", "geometry": {"type": "Point", "coordinates": [-119.48039330542088, 49.85567689455921]}, "properties": {"source": "deepforest", "kind": "tree", "score": 0.12004846334457397, "crown_m": 2.6}}, {"type": "Feature", "geometry": {"type": "Point", "coordinates": [-119.48130190372467, 49.852234245927896]}, "properties": {"source": "deepforest", "kind": "tree", "score": 0.12000738084316254, "crown_m": 1.64}}, {"type": "Feature", "geometry": {"type": "Point", "coordinates": [-119.4819724559784, 49.85684197000197]}, "properties": {"source": "deepforest", "kind": "tree", "score": 0.12000715732574463, "crown_m": 3.27}}, {"type": "Feature", "geometry": {"type": "Point", "coordinates": [-119.47994202375412, 49.855153790325105]}, "properties": {"source": "deepforest", "kind": "tree", "score": 0.11999388039112091, "crown_m": 3.08}}, {"type": "Feature", "geometry": {"type": "Point", "coordinates": [-119.48230907320976, 49.851584857862406]}, "properties": {"source": "deepforest", "kind": "tree", "score": 0.1199112981557846, "crown_m": 2.79}}, {"type": "Feature", "geometry": {"type": "Point", "coordinates": [-119.47660736739635, 49.85687871589479]}, "properties": {"source": "deepforest", "kind": "tree", "score": 0.11990121006965637, "crown_m": 3.27}}, {"type": "Feature", "geometry": {"type": "Point", "coordinates": [-119.4748156517744, 49.85642868485945]}, "properties": {"source": "deepforest", "kind": "tree", "score": 0.11984521150588989, "crown_m": 2.79}}, {"type": "Feature", "geometry": {"type": "Point", "coordinates": [-119.47945654392242, 49.855296023359195]}, "properties": {"source": "deepforest", "kind": "tree", "score": 0.11981667578220367, "crown_m": 1.83}}, {"type": "Feature", "geometry": {"type": "Point", "coordinates": [-119.48220312595367, 49.8566171709905]}, "properties": {"source": "deepforest", "kind": "tree", "score": 0.11977158486843109, "crown_m": 1.54}}, {"type": "Feature", "geometry": {"type": "Point", "coordinates": [-119.47839975357056, 49.85194803202367]}, "properties": {"source": "deepforest", "kind": "tree", "score": 0.11973953247070312, "crown_m": 2.5}}, {"type": "Feature", "geometry": {"type": "Point", "coordinates": [-119.47906091809273, 49.855770274554104]}, "properties": {"source": "deepforest", "kind": "tree", "score": 0.11965988576412201, "crown_m": 2.12}}, {"type": "Feature", "geometry": {"type": "Point", "coordinates": [-119.48090627789497, 49.857185218782696]}, "properties": {"source": "deepforest", "kind": "tree", "score": 0.11956069618463516, "crown_m": 3.18}}, {"type": "Feature", "geometry": {"type": "Point", "coordinates": [-119.47826765477657, 49.85257104229391]}, "properties": {"source": "deepforest", "kind": "tree", "score": 0.11954458802938461, "crown_m": 1.83}}, {"type": "Feature", "geometry": {"type": "Point", "coordinates": [-119.48107324540615, 49.85527008423525]}, "properties": {"source": "deepforest", "kind": "tree", "score": 0.11951103806495667, "crown_m": 2.41}}, {"type": "Feature", "geometry": {"type": "Point", "coordinates": [-119.48046572506428, 49.855911208834364]}, "properties": {"source": "deepforest", "kind": "tree", "score": 0.11949717253446579, "crown_m": 1.73}}, {"type": "Feature", "geometry": {"type": "Point", "coordinates": [-119.47937943041325, 49.856460243368424]}, "properties": {"source": "deepforest", "kind": "tree", "score": 0.11945821344852448, "crown_m": 10.59}}, {"type": "Feature", "geometry": {"type": "Point", "coordinates": [-119.48163516819477, 49.85545814256837]}, "properties": {"source": "deepforest", "kind": "tree", "score": 0.11944038420915604, "crown_m": 1.93}}, {"type": "Feature", "geometry": {"type": "Point", "coordinates": [-119.48138371109962, 49.85421651171688]}, "properties": {"source": "deepforest", "kind": "tree", "score": 0.11943812668323517, "crown_m": 2.31}}, {"type": "Feature", "geometry": {"type": "Point", "coordinates": [-119.47502017021179, 49.856662995489245]}, "properties": {"source": "deepforest", "kind": "tree", "score": 0.1193573996424675, "crown_m": 1.83}}, {"type": "Feature", "geometry": {"type": "Point", "coordinates": [-119.48273621499538, 49.852062604258265]}, "properties": {"source": "deepforest", "kind": "tree", "score": 0.11934291571378708, "crown_m": 2.31}}, {"type": "Feature", "geometry": {"type": "Point", "coordinates": [-119.47610378265381, 49.853382110945084]}, "properties": {"source": "deepforest", "kind": "tree", "score": 0.11926844716072083, "crown_m": 1.35}}, {"type": "Feature", "geometry": {"type": "Point", "coordinates": [-119.47448439896107, 49.85360995134215]}, "properties": {"source": "deepforest", "kind": "tree", "score": 0.11923334747552872, "crown_m": 2.21}}, {"type": "Feature", "geometry": {"type": "Point", "coordinates": [-119.48112420737743, 49.853636323690665]}, "properties": {"source": "deepforest", "kind": "tree", "score": 0.11919545382261276, "crown_m": 2.6}}, {"type": "Feature", "geometry": {"type": "Point", "coordinates": [-119.48034971952438, 49.85708406007553]}, "properties": {"source": "deepforest", "kind": "tree", "score": 0.11917765438556671, "crown_m": 2.5}}, {"type": "Feature", "geometry": {"type": "Point", "coordinates": [-119.47944983839989, 49.85612347410649]}, "properties": {"source": "deepforest", "kind": "tree", "score": 0.11917364597320557, "crown_m": 9.72}}, {"type": "Feature", "geometry": {"type": "Point", "coordinates": [-119.47758637368679, 49.855969138756734]}, "properties": {"source": "deepforest", "kind": "tree", "score": 0.11914848536252975, "crown_m": 1.54}}, {"type": "Feature", "geometry": {"type": "Point", "coordinates": [-119.47549223899841, 49.85620863934052]}, "properties": {"source": "deepforest", "kind": "tree", "score": 0.11907403916120529, "crown_m": 1.54}}, {"type": "Feature", "geometry": {"type": "Point", "coordinates": [-119.48257863521576, 49.85641960638046]}, "properties": {"source": "deepforest", "kind": "tree", "score": 0.11907055228948593, "crown_m": 1.54}}, {"type": "Feature", "geometry": {"type": "Point", "coordinates": [-119.4774804264307, 49.85270895951227]}, "properties": {"source": "deepforest", "kind": "tree", "score": 0.11906565725803375, "crown_m": 3.37}}, {"type": "Feature", "geometry": {"type": "Point", "coordinates": [-119.47740599513054, 49.853961437362166]}, "properties": {"source": "deepforest", "kind": "tree", "score": 0.1190236508846283, "crown_m": 2.7}}, {"type": "Feature", "geometry": {"type": "Point", "coordinates": [-119.48184035718441, 49.85512266328309]}, "properties": {"source": "deepforest", "kind": "tree", "score": 0.11899347603321075, "crown_m": 2.7}}, {"type": "Feature", "geometry": {"type": "Point", "coordinates": [-119.48124893009663, 49.85721850600328]}, "properties": {"source": "deepforest", "kind": "tree", "score": 0.11897975951433182, "crown_m": 1.54}}, {"type": "Feature", "geometry": {"type": "Point", "coordinates": [-119.47932176291943, 49.853092012793915]}, "properties": {"source": "deepforest", "kind": "tree", "score": 0.11893588304519653, "crown_m": 1.64}}, {"type": "Feature", "geometry": {"type": "Point", "coordinates": [-119.4756967574358, 49.854489310087686]}, "properties": {"source": "deepforest", "kind": "tree", "score": 0.11882627010345459, "crown_m": 3.18}}, {"type": "Feature", "geometry": {"type": "Point", "coordinates": [-119.47675757110119, 49.85547197671569]}, "properties": {"source": "deepforest", "kind": "tree", "score": 0.1188211515545845, "crown_m": 1.54}}, {"type": "Feature", "geometry": {"type": "Point", "coordinates": [-119.47479084134102, 49.85552471936605]}, "properties": {"source": "deepforest", "kind": "tree", "score": 0.11881045997142792, "crown_m": 1.93}}, {"type": "Feature", "geometry": {"type": "Point", "coordinates": [-119.48126502335072, 49.852283101002]}, "properties": {"source": "deepforest", "kind": "tree", "score": 0.11874851584434509, "crown_m": 1.93}}, {"type": "Feature", "geometry": {"type": "Point", "coordinates": [-119.48187254369259, 49.8532489513542]}, "properties": {"source": "deepforest", "kind": "tree", "score": 0.11871226131916046, "crown_m": 2.7}}, {"type": "Feature", "geometry": {"type": "Point", "coordinates": [-119.4768775999546, 49.855682946971754]}, "properties": {"source": "deepforest", "kind": "tree", "score": 0.11868811398744583, "crown_m": 1.54}}, {"type": "Feature", "geometry": {"type": "Point", "coordinates": [-119.47815902531147, 49.85336265583294]}, "properties": {"source": "deepforest", "kind": "tree", "score": 0.11863139271736145, "crown_m": 2.02}}, {"type": "Feature", "geometry": {"type": "Point", "coordinates": [-119.47841316461563, 49.855275704379956]}, "properties": {"source": "deepforest", "kind": "tree", "score": 0.11858127266168594, "crown_m": 2.5}}, {"type": "Feature", "geometry": {"type": "Point", "coordinates": [-119.47796389460564, 49.85320701465383]}, "properties": {"source": "deepforest", "kind": "tree", "score": 0.1185632273554802, "crown_m": 3.37}}, {"type": "Feature", "geometry": {"type": "Point", "coordinates": [-119.48168948292732, 49.85333887735191]}, "properties": {"source": "deepforest", "kind": "tree", "score": 0.11855582147836685, "crown_m": 1.35}}, {"type": "Feature", "geometry": {"type": "Point", "coordinates": [-119.48256254196167, 49.853514837834524]}, "properties": {"source": "deepforest", "kind": "tree", "score": 0.11849433183670044, "crown_m": 3.18}}, {"type": "Feature", "geometry": {"type": "Point", "coordinates": [-119.47785995900631, 49.851648413537625]}, "properties": {"source": "deepforest", "kind": "tree", "score": 0.1183726042509079, "crown_m": 2.41}}, {"type": "Feature", "geometry": {"type": "Point", "coordinates": [-119.47478950023651, 49.85671400761596]}, "properties": {"source": "deepforest", "kind": "tree", "score": 0.1183408573269844, "crown_m": 2.6}}, {"type": "Feature", "geometry": {"type": "Point", "coordinates": [-119.48237009346485, 49.853885347124454]}, "properties": {"source": "deepforest", "kind": "tree", "score": 0.11832568794488907, "crown_m": 1.54}}, {"type": "Feature", "geometry": {"type": "Point", "coordinates": [-119.48220983147621, 49.85315297246051]}, "properties": {"source": "deepforest", "kind": "tree", "score": 0.11828132718801498, "crown_m": 3.08}}, {"type": "Feature", "geometry": {"type": "Point", "coordinates": [-119.4750677794218, 49.85486456745402]}, "properties": {"source": "deepforest", "kind": "tree", "score": 0.11823540180921555, "crown_m": 3.37}}, {"type": "Feature", "geometry": {"type": "Point", "coordinates": [-119.47905890643597, 49.854366529395044]}, "properties": {"source": "deepforest", "kind": "tree", "score": 0.11820267140865326, "crown_m": 2.02}}, {"type": "Feature", "geometry": {"type": "Point", "coordinates": [-119.48196239769459, 49.85380795977117]}, "properties": {"source": "deepforest", "kind": "tree", "score": 0.11815926432609558, "crown_m": 5.87}}, {"type": "Feature", "geometry": {"type": "Point", "coordinates": [-119.48235265910625, 49.85629812752117]}, "properties": {"source": "deepforest", "kind": "tree", "score": 0.1181548684835434, "crown_m": 2.21}}, {"type": "Feature", "geometry": {"type": "Point", "coordinates": [-119.48235400021076, 49.85379239581923]}, "properties": {"source": "deepforest", "kind": "tree", "score": 0.11812438815832138, "crown_m": 1.44}}, {"type": "Feature", "geometry": {"type": "Point", "coordinates": [-119.47978511452675, 49.85415901202226]}, "properties": {"source": "deepforest", "kind": "tree", "score": 0.11804838478565216, "crown_m": 2.89}}, {"type": "Feature", "geometry": {"type": "Point", "coordinates": [-119.47746634483337, 49.85180276268665]}, "properties": {"source": "deepforest", "kind": "tree", "score": 0.11797933280467987, "crown_m": 1.44}}, {"type": "Feature", "geometry": {"type": "Point", "coordinates": [-119.47728328406811, 49.854749137215016]}, "properties": {"source": "deepforest", "kind": "tree", "score": 0.1179523766040802, "crown_m": 1.64}}, {"type": "Feature", "geometry": {"type": "Point", "coordinates": [-119.48144741356373, 49.85342361515815]}, "properties": {"source": "deepforest", "kind": "tree", "score": 0.11794854700565338, "crown_m": 2.5}}, {"type": "Feature", "geometry": {"type": "Point", "coordinates": [-119.48105111718178, 49.85463586832294]}, "properties": {"source": "deepforest", "kind": "tree", "score": 0.11792951822280884, "crown_m": 2.31}}, {"type": "Feature", "geometry": {"type": "Point", "coordinates": [-119.48025114834309, 49.85472535941618]}, "properties": {"source": "deepforest", "kind": "tree", "score": 0.11787474155426025, "crown_m": 2.6}}, {"type": "Feature", "geometry": {"type": "Point", "coordinates": [-119.47800010442734, 49.85343744988792]}, "properties": {"source": "deepforest", "kind": "tree", "score": 0.11785399913787842, "crown_m": 4.43}}, {"type": "Feature", "geometry": {"type": "Point", "coordinates": [-119.47506844997406, 49.85499512866547]}, "properties": {"source": "deepforest", "kind": "tree", "score": 0.11784112453460693, "crown_m": 2.6}}, {"type": "Feature", "geometry": {"type": "Point", "coordinates": [-119.4767153263092, 49.856233281029986]}, "properties": {"source": "deepforest", "kind": "tree", "score": 0.11770878732204437, "crown_m": 2.69}}, {"type": "Feature", "geometry": {"type": "Point", "coordinates": [-119.4798206537962, 49.851646684132604]}, "properties": {"source": "deepforest", "kind": "tree", "score": 0.11770294606685638, "crown_m": 1.54}}, {"type": "Feature", "geometry": {"type": "Point", "coordinates": [-119.47781905531883, 49.85582734001772]}, "properties": {"source": "deepforest", "kind": "tree", "score": 0.11767454445362091, "crown_m": 1.73}}, {"type": "Feature", "geometry": {"type": "Point", "coordinates": [-119.48252901434898, 49.8534888977545]}, "properties": {"source": "deepforest", "kind": "tree", "score": 0.11766654253005981, "crown_m": 2.98}}, {"type": "Feature", "geometry": {"type": "Point", "coordinates": [-119.47972945868969, 49.85536649124227]}, "properties": {"source": "deepforest", "kind": "tree", "score": 0.11766207963228226, "crown_m": 3.95}}, {"type": "Feature", "geometry": {"type": "Point", "coordinates": [-119.48039531707764, 49.855880082280216]}, "properties": {"source": "deepforest", "kind": "tree", "score": 0.11766084283590317, "crown_m": 1.54}}, {"type": "Feature", "geometry": {"type": "Point", "coordinates": [-119.47748176753521, 49.856215123996876]}, "properties": {"source": "deepforest", "kind": "tree", "score": 0.1176147311925888, "crown_m": 1.83}}, {"type": "Feature", "geometry": {"type": "Point", "coordinates": [-119.4748230278492, 49.85495319348038]}, "properties": {"source": "deepforest", "kind": "tree", "score": 0.11757329106330872, "crown_m": 1.54}}, {"type": "Feature", "geometry": {"type": "Point", "coordinates": [-119.4789308309555, 49.85578410861208]}, "properties": {"source": "deepforest", "kind": "tree", "score": 0.11752861738204956, "crown_m": 2.31}}, {"type": "Feature", "geometry": {"type": "Point", "coordinates": [-119.47485119104385, 49.85423769579765]}, "properties": {"source": "deepforest", "kind": "tree", "score": 0.11746610701084137, "crown_m": 1.64}}, {"type": "Feature", "geometry": {"type": "Point", "coordinates": [-119.48167808353901, 49.856295965972876]}, "properties": {"source": "deepforest", "kind": "tree", "score": 0.11746370792388916, "crown_m": 1.73}}, {"type": "Feature", "geometry": {"type": "Point", "coordinates": [-119.4786787033081, 49.856613712536]}, "properties": {"source": "deepforest", "kind": "tree", "score": 0.11744147539138794, "crown_m": 4.52}}, {"type": "Feature", "geometry": {"type": "Point", "coordinates": [-119.4764269888401, 49.852948476254]}, "properties": {"source": "deepforest", "kind": "tree", "score": 0.1173674464225769, "crown_m": 2.98}}, {"type": "Feature", "geometry": {"type": "Point", "coordinates": [-119.48229297995567, 49.85537254369369]}, "properties": {"source": "deepforest", "kind": "tree", "score": 0.11732401698827744, "crown_m": 2.12}}, {"type": "Feature", "geometry": {"type": "Point", "coordinates": [-119.4746882468462, 49.85319361219552]}, "properties": {"source": "deepforest", "kind": "tree", "score": 0.11723119765520096, "crown_m": 2.98}}, {"type": "Feature", "geometry": {"type": "Point", "coordinates": [-119.47740398347378, 49.85296836387232]}, "properties": {"source": "deepforest", "kind": "tree", "score": 0.11710243672132492, "crown_m": 1.83}}, {"type": "Feature", "geometry": {"type": "Point", "coordinates": [-119.47692520916462, 49.855475002934895]}, "properties": {"source": "deepforest", "kind": "tree", "score": 0.1170976385474205, "crown_m": 1.44}}, {"type": "Feature", "geometry": {"type": "Point", "coordinates": [-119.48238015174866, 49.85537167905782]}, "properties": {"source": "deepforest", "kind": "tree", "score": 0.11709699779748917, "crown_m": 1.93}}, {"type": "Feature", "geometry": {"type": "Point", "coordinates": [-119.48247738182545, 49.855011556872384]}, "properties": {"source": "deepforest", "kind": "tree", "score": 0.1170467808842659, "crown_m": 2.41}}, {"type": "Feature", "geometry": {"type": "Point", "coordinates": [-119.4781368970871, 49.85257104229391]}, "properties": {"source": "deepforest", "kind": "tree", "score": 0.11700577288866043, "crown_m": 1.73}}, {"type": "Feature", "geometry": {"type": "Point", "coordinates": [-119.47458565235138, 49.85318583012125]}, "properties": {"source": "deepforest", "kind": "tree", "score": 0.11699360609054565, "crown_m": 1.93}}, {"type": "Feature", "geometry": {"type": "Point", "coordinates": [-119.47945721447468, 49.85614941277234]}, "properties": {"source": "deepforest", "kind": "tree", "score": 0.11695975065231323, "crown_m": 2.02}}, {"type": "Feature", "geometry": {"type": "Point", "coordinates": [-119.4761574268341, 49.855042683985964]}, "properties": {"source": "deepforest", "kind": "tree", "score": 0.11693121492862701, "crown_m": 1.54}}, {"type": "Feature", "geometry": {"type": "Point", "coordinates": [-119.4756967574358, 49.853652752359515]}, "properties": {"source": "deepforest", "kind": "tree", "score": 0.11686549335718155, "crown_m": 1.54}}, {"type": "Feature", "geometry": {"type": "Point", "coordinates": [-119.47931237518787, 49.8556271782846]}, "properties": {"source": "deepforest", "kind": "tree", "score": 0.11678549647331238, "crown_m": 1.83}}, {"type": "Feature", "geometry": {"type": "Point", "coordinates": [-119.47506844997406, 49.85641312175156]}, "properties": {"source": "deepforest", "kind": "tree", "score": 0.11677853763103485, "crown_m": 2.41}}, {"type": "Feature", "geometry": {"type": "Point", "coordinates": [-119.47725713253021, 49.85680263025046]}, "properties": {"source": "deepforest", "kind": "tree", "score": 0.11672206968069077, "crown_m": 2.31}}, {"type": "Feature", "geometry": {"type": "Point", "coordinates": [-119.47894223034382, 49.85387194485426]}, "properties": {"source": "deepforest", "kind": "tree", "score": 0.1167035847902298, "crown_m": 2.41}}, {"type": "Feature", "geometry": {"type": "Point", "coordinates": [-119.47714783251286, 49.85415728270707]}, "properties": {"source": "deepforest", "kind": "tree", "score": 0.11668004095554352, "crown_m": 3.95}}, {"type": "Feature", "geometry": {"type": "Point", "coordinates": [-119.4811449944973, 49.85506516466664]}, "properties": {"source": "deepforest", "kind": "tree", "score": 0.11666771024465561, "crown_m": 2.41}}, {"type": "Feature", "geometry": {"type": "Point", "coordinates": [-119.48013447225094, 49.85167781341355]}, "properties": {"source": "deepforest", "kind": "tree", "score": 0.11661292612552643, "crown_m": 1.93}}, {"type": "Feature", "geometry": {"type": "Point", "coordinates": [-119.48192685842514, 49.853193179858096]}, "properties": {"source": "deepforest", "kind": "tree", "score": 0.11658056825399399, "crown_m": 1.73}}, {"type": "Feature", "geometry": {"type": "Point", "coordinates": [-119.47941228747368, 49.85350705581197]}, "properties": {"source": "deepforest", "kind": "tree", "score": 0.1165584847331047, "crown_m": 2.6}}, {"type": "Feature", "geometry": {"type": "Point", "coordinates": [-119.48155403137207, 49.85339118999474]}, "properties": {"source": "deepforest", "kind": "tree", "score": 0.1163405254483223, "crown_m": 2.6}}, {"type": "Feature", "geometry": {"type": "Point", "coordinates": [-119.47559483349323, 49.85596395100532]}, "properties": {"source": "deepforest", "kind": "tree", "score": 0.11625756323337555, "crown_m": 2.31}}, {"type": "Feature", "geometry": {"type": "Point", "coordinates": [-119.47503291070461, 49.85589867175246]}, "properties": {"source": "deepforest", "kind": "tree", "score": 0.11612819135189056, "crown_m": 2.6}}, {"type": "Feature", "geometry": {"type": "Point", "coordinates": [-119.47945050895214, 49.8556833792869]}, "properties": {"source": "deepforest", "kind": "tree", "score": 0.11608435213565826, "crown_m": 1.64}}, {"type": "Feature", "geometry": {"type": "Point", "coordinates": [-119.4814695417881, 49.85361773334812]}, "properties": {"source": "deepforest", "kind": "tree", "score": 0.11608321964740753, "crown_m": 2.21}}, {"type": "Feature", "geometry": {"type": "Point", "coordinates": [-119.47941228747368, 49.85223597531189]}, "properties": {"source": "deepforest", "kind": "tree", "score": 0.11592764407396317, "crown_m": 1.83}}, {"type": "Feature", "geometry": {"type": "Point", "coordinates": [-119.48247201740742, 49.854991670094876]}, "properties": {"source": "deepforest", "kind": "tree", "score": 0.11590822041034698, "crown_m": 2.6}}, {"type": "Feature", "geometry": {"type": "Point", "coordinates": [-119.48152787983418, 49.853414536114585]}, "properties": {"source": "deepforest", "kind": "tree", "score": 0.11578085273504257, "crown_m": 1.44}}, {"type": "Feature", "geometry": {"type": "Point", "coordinates": [-119.4806595146656, 49.85537167905782]}, "properties": {"source": "deepforest", "kind": "tree", "score": 0.11576338112354279, "crown_m": 1.73}}, {"type": "Feature", "geometry": {"type": "Point", "coordinates": [-119.4786411523819, 49.85639539709479]}, "properties": {"source": "deepforest", "kind": "tree", "score": 0.11570937931537628, "crown_m": 2.89}}, {"type": "Feature", "geometry": {"type": "Point", "coordinates": [-119.48196709156036, 49.854060008628345]}, "properties": {"source": "deepforest", "kind": "tree", "score": 0.11568500846624374, "crown_m": 1.54}}, {"type": "Feature", "geometry": {"type": "Point", "coordinates": [-119.4761922955513, 49.85398348621548]}, "properties": {"source": "deepforest", "kind": "tree", "score": 0.11563585698604584, "crown_m": 3.37}}, {"type": "Feature", "geometry": {"type": "Point", "coordinates": [-119.48282808065414, 49.85222257258429]}, "properties": {"source": "deepforest", "kind": "tree", "score": 0.1156119778752327, "crown_m": 4.04}}, {"type": "Feature", "geometry": {"type": "Point", "coordinates": [-119.48033563792706, 49.85173661311171]}, "properties": {"source": "deepforest", "kind": "tree", "score": 0.11555814743041992, "crown_m": 1.83}}, {"type": "Feature", "geometry": {"type": "Point", "coordinates": [-119.4819100946188, 49.85151957269403]}, "properties": {"source": "deepforest", "kind": "tree", "score": 0.11550322920084, "crown_m": 1.54}}, {"type": "Feature", "geometry": {"type": "Point", "coordinates": [-119.47662480175495, 49.85577632695496]}, "properties": {"source": "deepforest", "kind": "tree", "score": 0.11549905687570572, "crown_m": 2.12}}, {"type": "Feature", "geometry": {"type": "Point", "coordinates": [-119.48196306824684, 49.85346598400556]}, "properties": {"source": "deepforest", "kind": "tree", "score": 0.11544603109359741, "crown_m": 3.27}}, {"type": "Feature", "geometry": {"type": "Point", "coordinates": [-119.48192954063416, 49.85692843088177]}, "properties": {"source": "deepforest", "kind": "tree", "score": 0.11536522954702377, "crown_m": 2.12}}, {"type": "Feature", "geometry": {"type": "Point", "coordinates": [-119.47904415428638, 49.85537254369369]}, "properties": {"source": "deepforest", "kind": "tree", "score": 0.115284264087677, "crown_m": 2.21}}, {"type": "Feature", "geometry": {"type": "Point", "coordinates": [-119.4790294021368, 49.85675161821728]}, "properties": {"source": "deepforest", "kind": "tree", "score": 0.11528313905000687, "crown_m": 2.31}}, {"type": "Feature", "geometry": {"type": "Point", "coordinates": [-119.47965435683727, 49.856886929678765]}, "properties": {"source": "deepforest", "kind": "tree", "score": 0.11526377499103546, "crown_m": 2.21}}, {"type": "Feature", "geometry": {"type": "Point", "coordinates": [-119.48086135089397, 49.85646543106655]}, "properties": {"source": "deepforest", "kind": "tree", "score": 0.11522635817527771, "crown_m": 2.31}}, {"type": "Feature", "geometry": {"type": "Point", "coordinates": [-119.47707340121269, 49.85304532023133]}, "properties": {"source": "deepforest", "kind": "tree", "score": 0.1152241975069046, "crown_m": 2.31}}, {"type": "Feature", "geometry": {"type": "Point", "coordinates": [-119.48102965950966, 49.852237704695824]}, "properties": {"source": "deepforest", "kind": "tree", "score": 0.11522369831800461, "crown_m": 2.02}}, {"type": "Feature", "geometry": {"type": "Point", "coordinates": [-119.48177933692932, 49.855554981516505]}, "properties": {"source": "deepforest", "kind": "tree", "score": 0.11521417647600174, "crown_m": 2.89}}, {"type": "Feature", "geometry": {"type": "Point", "coordinates": [-119.48186583817005, 49.854082057436685]}, "properties": {"source": "deepforest", "kind": "tree", "score": 0.11516090482473373, "crown_m": 1.83}}, {"type": "Feature", "geometry": {"type": "Point", "coordinates": [-119.4754084199667, 49.85440976206888]}, "properties": {"source": "deepforest", "kind": "tree", "score": 0.11514896899461746, "crown_m": 1.83}}, {"type": "Feature", "geometry": {"type": "Point", "coordinates": [-119.48231846094131, 49.85169294569564]}, "properties": {"source": "deepforest", "kind": "tree", "score": 0.11514740437269211, "crown_m": 3.56}}, {"type": "Feature", "geometry": {"type": "Point", "coordinates": [-119.47917491197586, 49.85353645455723]}, "properties": {"source": "deepforest", "kind": "tree", "score": 0.11503146588802338, "crown_m": 2.7}}, {"type": "Feature", "geometry": {"type": "Point", "coordinates": [-119.47811275720596, 49.85379715147174]}, "properties": {"source": "deepforest", "kind": "tree", "score": 0.11498980969190598, "crown_m": 2.7}}, {"type": "Feature", "geometry": {"type": "Point", "coordinates": [-119.47647593915462, 49.85234968217394]}, "properties": {"source": "deepforest", "kind": "tree", "score": 0.11493682116270065, "crown_m": 2.5}}, {"type": "Feature", "geometry": {"type": "Point", "coordinates": [-119.47470031678677, 49.85565614342472]}, "properties": {"source": "deepforest", "kind": "tree", "score": 0.11487547308206558, "crown_m": 2.21}}, {"type": "Feature", "geometry": {"type": "Point", "coordinates": [-119.48247537016869, 49.85534055215616]}, "properties": {"source": "deepforest", "kind": "tree", "score": 0.11483850330114365, "crown_m": 2.12}}, {"type": "Feature", "geometry": {"type": "Point", "coordinates": [-119.47559550404549, 49.856851480706325]}, "properties": {"source": "deepforest", "kind": "tree", "score": 0.11475010216236115, "crown_m": 2.41}}, {"type": "Feature", "geometry": {"type": "Point", "coordinates": [-119.4815768301487, 49.85343874689364]}, "properties": {"source": "deepforest", "kind": "tree", "score": 0.11470101028680801, "crown_m": 1.64}}, {"type": "Feature", "geometry": {"type": "Point", "coordinates": [-119.48231041431427, 49.85644511257902]}, "properties": {"source": "deepforest", "kind": "tree", "score": 0.11469420790672302, "crown_m": 2.6}}, {"type": "Feature", "geometry": {"type": "Point", "coordinates": [-119.47897374629974, 49.855925475164966]}, "properties": {"source": "deepforest", "kind": "tree", "score": 0.11466912925243378, "crown_m": 2.98}}, {"type": "Feature", "geometry": {"type": "Point", "coordinates": [-119.48134012520313, 49.855660898893824]}, "properties": {"source": "deepforest", "kind": "tree", "score": 0.11466516554355621, "crown_m": 4.52}}, {"type": "Feature", "geometry": {"type": "Point", "coordinates": [-119.47479017078876, 49.85501631240493]}, "properties": {"source": "deepforest", "kind": "tree", "score": 0.11462260037660599, "crown_m": 2.12}}, {"type": "Feature", "geometry": {"type": "Point", "coordinates": [-119.47798132896423, 49.85596697719371]}, "properties": {"source": "deepforest", "kind": "tree", "score": 0.1145942211151123, "crown_m": 2.5}}, {"type": "Feature", "geometry": {"type": "Point", "coordinates": [-119.4765168428421, 49.85535265706474]}, "properties": {"source": "deepforest", "kind": "tree", "score": 0.11455387622117996, "crown_m": 2.12}}, {"type": "Feature", "geometry": {"type": "Point", "coordinates": [-119.4809927791357, 49.85700062559787]}, "properties": {"source": "deepforest", "kind": "tree", "score": 0.11453066766262054, "crown_m": 2.21}}, {"type": "Feature", "geometry": {"type": "Point", "coordinates": [-119.47462789714336, 49.85567300372217]}, "properties": {"source": "deepforest", "kind": "tree", "score": 0.11452722549438477, "crown_m": 2.41}}, {"type": "Feature", "geometry": {"type": "Point", "coordinates": [-119.48276035487652, 49.85316551025475]}, "properties": {"source": "deepforest", "kind": "tree", "score": 0.1145126149058342, "crown_m": 2.21}}, {"type": "Feature", "geometry": {"type": "Point", "coordinates": [-119.47954908013344, 49.85281185674171]}, "properties": {"source": "deepforest", "kind": "tree", "score": 0.11447716504335403, "crown_m": 2.31}}, {"type": "Feature", "geometry": {"type": "Point", "coordinates": [-119.47796456515789, 49.85217242040933]}, "properties": {"source": "deepforest", "kind": "tree", "score": 0.11441470682621002, "crown_m": 2.31}}, {"type": "Feature", "geometry": {"type": "Point", "coordinates": [-119.48281601071358, 49.85395062909706]}, "properties": {"source": "deepforest", "kind": "tree", "score": 0.11434842646121979, "crown_m": 1.64}}, {"type": "Feature", "geometry": {"type": "Point", "coordinates": [-119.47651617228985, 49.85541750473768]}, "properties": {"source": "deepforest", "kind": "tree", "score": 0.11433196812868118, "crown_m": 3.47}}, {"type": "Feature", "geometry": {"type": "Point", "coordinates": [-119.47588451206684, 49.85161252837073]}, "properties": {"source": "deepforest", "kind": "tree", "score": 0.11432546377182007, "crown_m": 1.83}}, {"type": "Feature", "geometry": {"type": "Point", "coordinates": [-119.47914741933346, 49.85599421288071]}, "properties": {"source": "deepforest", "kind": "tree", "score": 0.1142636239528656, "crown_m": 1.83}}, {"type": "Feature", "geometry": {"type": "Point", "coordinates": [-119.48010630905628, 49.85534357838358]}, "properties": {"source": "deepforest", "kind": "tree", "score": 0.11423934996128082, "crown_m": 1.83}}, {"type": "Feature", "geometry": {"type": "Point", "coordinates": [-119.47594553232193, 49.855249765245105]}, "properties": {"source": "deepforest", "kind": "tree", "score": 0.1141488328576088, "crown_m": 3.27}}, {"type": "Feature", "geometry": {"type": "Point", "coordinates": [-119.48174379765987, 49.85350446180418]}, "properties": {"source": "deepforest", "kind": "tree", "score": 0.11414304375648499, "crown_m": 1.64}}, {"type": "Feature", "geometry": {"type": "Point", "coordinates": [-119.4793988764286, 49.85689341424409]}, "properties": {"source": "deepforest", "kind": "tree", "score": 0.11410655081272125, "crown_m": 1.73}}, {"type": "Feature", "geometry": {"type": "Point", "coordinates": [-119.47554990649223, 49.853265380154745]}, "properties": {"source": "deepforest", "kind": "tree", "score": 0.11393216252326965, "crown_m": 2.12}}, {"type": "Feature", "geometry": {"type": "Point", "coordinates": [-119.47699829936028, 49.855843335628]}, "properties": {"source": "deepforest", "kind": "tree", "score": 0.1138906180858612, "crown_m": 3.18}}, {"type": "Feature", "geometry": {"type": "Point", "coordinates": [-119.47836488485336, 49.85528175684274]}, "properties": {"source": "deepforest", "kind": "tree", "score": 0.11382273584604263, "crown_m": 2.5}}, {"type": "Feature", "geometry": {"type": "Point", "coordinates": [-119.48134481906891, 49.85348500674129]}, "properties": {"source": "deepforest", "kind": "tree", "score": 0.11373306810855865, "crown_m": 2.12}}, {"type": "Feature", "geometry": {"type": "Point", "coordinates": [-119.47619564831257, 49.85254207530462]}, "properties": {"source": "deepforest", "kind": "tree", "score": 0.1137109249830246, "crown_m": 3.56}}, {"type": "Feature", "geometry": {"type": "Point", "coordinates": [-119.47709083557129, 49.853064775471225]}, "properties": {"source": "deepforest", "kind": "tree", "score": 0.11359862983226776, "crown_m": 1.54}}, {"type": "Feature", "geometry": {"type": "Point", "coordinates": [-119.47536416351795, 49.85434361606223]}, "properties": {"source": "deepforest", "kind": "tree", "score": 0.11347075551748276, "crown_m": 2.02}}, {"type": "Feature", "geometry": {"type": "Point", "coordinates": [-119.48000840842724, 49.85432372900985]}, "properties": {"source": "deepforest", "kind": "tree", "score": 0.1134352833032608, "crown_m": 2.79}}, {"type": "Feature", "geometry": {"type": "Point", "coordinates": [-119.48045700788498, 49.85370160599967]}, "properties": {"source": "deepforest", "kind": "tree", "score": 0.11342886090278625, "crown_m": 2.12}}, {"type": "Feature", "geometry": {"type": "Point", "coordinates": [-119.47768092155457, 49.85257017760791]}, "properties": {"source": "deepforest", "kind": "tree", "score": 0.11342288553714752, "crown_m": 1.54}}, {"type": "Feature", "geometry": {"type": "Point", "coordinates": [-119.47776339948177, 49.85580140117898]}, "properties": {"source": "deepforest", "kind": "tree", "score": 0.11338573694229126, "crown_m": 2.12}}, {"type": "Feature", "geometry": {"type": "Point", "coordinates": [-119.47760045528412, 49.85269555691583]}, "properties": {"source": "deepforest", "kind": "tree", "score": 0.1133618950843811, "crown_m": 1.54}}, {"type": "Feature", "geometry": {"type": "Point", "coordinates": [-119.47788275778294, 49.856201290062295]}, "properties": {"source": "deepforest", "kind": "tree", "score": 0.11331865191459656, "crown_m": 4.72}}, {"type": "Feature", "geometry": {"type": "Point", "coordinates": [-119.47591200470924, 49.853478521718586]}, "properties": {"source": "deepforest", "kind": "tree", "score": 0.11321817338466644, "crown_m": 2.7}}, {"type": "Feature", "geometry": {"type": "Point", "coordinates": [-119.47699896991253, 49.85389226442374]}, "properties": {"source": "deepforest", "kind": "tree", "score": 0.1132018193602562, "crown_m": 2.12}}, {"type": "Feature", "geometry": {"type": "Point", "coordinates": [-119.47708144783974, 49.85153816384367]}, "properties": {"source": "deepforest", "kind": "tree", "score": 0.11315850168466568, "crown_m": 1.93}}, {"type": "Feature", "geometry": {"type": "Point", "coordinates": [-119.48168948292732, 49.85597735269533]}, "properties": {"source": "deepforest", "kind": "tree", "score": 0.11309830099344254, "crown_m": 2.02}}, {"type": "Feature", "geometry": {"type": "Point", "coordinates": [-119.47709016501904, 49.85706287724251]}, "properties": {"source": "deepforest", "kind": "tree", "score": 0.1130952537059784, "crown_m": 3.27}}, {"type": "Feature", "geometry": {"type": "Point", "coordinates": [-119.48164388537407, 49.85507510804129]}, "properties": {"source": "deepforest", "kind": "tree", "score": 0.11308123171329498, "crown_m": 1.54}}, {"type": "Feature", "geometry": {"type": "Point", "coordinates": [-119.47973683476448, 49.853078610303726]}, "properties": {"source": "deepforest", "kind": "tree", "score": 0.11305996775627136, "crown_m": 1.73}}, {"type": "Feature", "geometry": {"type": "Point", "coordinates": [-119.47567597031593, 49.854750434185526]}, "properties": {"source": "deepforest", "kind": "tree", "score": 0.11303602904081345, "crown_m": 3.08}}, {"type": "Feature", "geometry": {"type": "Point", "coordinates": [-119.4789382070303, 49.85429130445037]}, "properties": {"source": "deepforest", "kind": "tree", "score": 0.11297629028558731, "crown_m": 3.56}}, {"type": "Feature", "geometry": {"type": "Point", "coordinates": [-119.47878129780293, 49.85245258016831]}, "properties": {"source": "deepforest", "kind": "tree", "score": 0.11297581344842911, "crown_m": 1.25}}, {"type": "Feature", "geometry": {"type": "Point", "coordinates": [-119.47735771536827, 49.85630590909428]}, "properties": {"source": "deepforest", "kind": "tree", "score": 0.11293641477823257, "crown_m": 1.54}}, {"type": "Feature", "geometry": {"type": "Point", "coordinates": [-119.48041811585426, 49.85565441416311]}, "properties": {"source": "deepforest", "kind": "tree", "score": 0.11291798204183578, "crown_m": 1.35}}, {"type": "Feature", "geometry": {"type": "Point", "coordinates": [-119.48135085403919, 49.85701921463904]}, "properties": {"source": "deepforest", "kind": "tree", "score": 0.11288923770189285, "crown_m": 1.44}}, {"type": "Feature", "geometry": {"type": "Point", "coordinates": [-119.47848692536354, 49.85380190712379]}, "properties": {"source": "deepforest", "kind": "tree", "score": 0.11287932097911835, "crown_m": 1.44}}, {"type": "Feature", "geometry": {"type": "Point", "coordinates": [-119.4819013774395, 49.85610834321163]}, "properties": {"source": "deepforest", "kind": "tree", "score": 0.1128789559006691, "crown_m": 3.08}}, {"type": "Feature", "geometry": {"type": "Point", "coordinates": [-119.48123015463352, 49.8558934839935]}, "properties": {"source": "deepforest", "kind": "tree", "score": 0.1128765270113945, "crown_m": 2.41}}, {"type": "Feature", "geometry": {"type": "Point", "coordinates": [-119.47933316230774, 49.85658907104053]}, "properties": {"source": "deepforest", "kind": "tree", "score": 0.11278823763132095, "crown_m": 3.08}}, {"type": "Feature", "geometry": {"type": "Point", "coordinates": [-119.4820100069046, 49.853193179858096]}, "properties": {"source": "deepforest", "kind": "tree", "score": 0.11277205497026443, "crown_m": 1.54}}, {"type": "Feature", "geometry": {"type": "Point", "coordinates": [-119.48138974606991, 49.85553941812721]}, "properties": {"source": "deepforest", "kind": "tree", "score": 0.11276836693286896, "crown_m": 2.89}}, {"type": "Feature", "geometry": {"type": "Point", "coordinates": [-119.4750677794218, 49.85570067188985]}, "properties": {"source": "deepforest", "kind": "tree", "score": 0.11274811625480652, "crown_m": 1.83}}, {"type": "Feature", "geometry": {"type": "Point", "coordinates": [-119.48240227997303, 49.854060008628345]}, "properties": {"source": "deepforest", "kind": "tree", "score": 0.11268170177936554, "crown_m": 1.73}}, {"type": "Feature", "geometry": {"type": "Point", "coordinates": [-119.47836689651012, 49.85534703692899]}, "properties": {"source": "deepforest", "kind": "tree", "score": 0.11265680938959122, "crown_m": 3.75}}, {"type": "Feature", "geometry": {"type": "Point", "coordinates": [-119.47923794388771, 49.85412745201042]}, "properties": {"source": "deepforest", "kind": "tree", "score": 0.11265626549720764, "crown_m": 2.12}}, {"type": "Feature", "geometry": {"type": "Point", "coordinates": [-119.47699964046478, 49.854393333657384]}, "properties": {"source": "deepforest", "kind": "tree", "score": 0.11264242976903915, "crown_m": 1.83}}, {"type": "Feature", "geometry": {"type": "Point", "coordinates": [-119.4763981550932, 49.85469941998592]}, "properties": {"source": "deepforest", "kind": "tree", "score": 0.11252940446138382, "crown_m": 2.79}}, {"type": "Feature", "geometry": {"type": "Point", "coordinates": [-119.47555124759674, 49.8533319599734]}, "properties": {"source": "deepforest", "kind": "tree", "score": 0.11251974105834961, "crown_m": 2.12}}, {"type": "Feature", "geometry": {"type": "Point", "coordinates": [-119.4765155017376, 49.85563539228133]}, "properties": {"source": "deepforest", "kind": "tree", "score": 0.11249618232250214, "crown_m": 2.89}}, {"type": "Feature", "geometry": {"type": "Point", "coordinates": [-119.48048785328865, 49.85441667929311]}, "properties": {"source": "deepforest", "kind": "tree", "score": 0.1124265268445015, "crown_m": 1.64}}, {"type": "Feature", "geometry": {"type": "Point", "coordinates": [-119.48232717812061, 49.85178892748893]}, "properties": {"source": "deepforest", "kind": "tree", "score": 0.11240484565496445, "crown_m": 2.79}}, {"type": "Feature", "geometry": {"type": "Point", "coordinates": [-119.47839371860027, 49.85217414979554]}, "properties": {"source": "deepforest", "kind": "tree", "score": 0.11240391433238983, "crown_m": 3.08}}, {"type": "Feature", "geometry": {"type": "Point", "coordinates": [-119.48230907320976, 49.85599464519308]}, "properties": {"source": "deepforest", "kind": "tree", "score": 0.11232037097215652, "crown_m": 2.79}}, {"type": "Feature", "geometry": {"type": "Point", "coordinates": [-119.47794914245605, 49.853504894138815]}, "properties": {"source": "deepforest", "kind": "tree", "score": 0.11227375268936157, "crown_m": 2.12}}, {"type": "Feature", "geometry": {"type": "Point", "coordinates": [-119.48022969067097, 49.851740504265685]}, "properties": {"source": "deepforest", "kind": "tree", "score": 0.11218467354774475, "crown_m": 1.64}}, {"type": "Feature", "geometry": {"type": "Point", "coordinates": [-119.47462387382984, 49.85319361219552]}, "properties": {"source": "deepforest", "kind": "tree", "score": 0.1121513620018959, "crown_m": 2.6}}, {"type": "Feature", "geometry": {"type": "Point", "coordinates": [-119.47945654392242, 49.854332807882614]}, "properties": {"source": "deepforest", "kind": "tree", "score": 0.11214246600866318, "crown_m": 2.41}}, {"type": "Feature", "geometry": {"type": "Point", "coordinates": [-119.4778586179018, 49.856278241273124]}, "properties": {"source": "deepforest", "kind": "tree", "score": 0.1120535209774971, "crown_m": 3.75}}, {"type": "Feature", "geometry": {"type": "Point", "coordinates": [-119.48015861213207, 49.854911690580956]}, "properties": {"source": "deepforest", "kind": "tree", "score": 0.11202540993690491, "crown_m": 2.7}}, {"type": "Feature", "geometry": {"type": "Point", "coordinates": [-119.48086135089397, 49.852130915121734]}, "properties": {"source": "deepforest", "kind": "tree", "score": 0.11196406930685043, "crown_m": 2.31}}, {"type": "Feature", "geometry": {"type": "Point", "coordinates": [-119.48029406368732, 49.851785468688874]}, "properties": {"source": "deepforest", "kind": "tree", "score": 0.11191671341657639, "crown_m": 2.02}}, {"type": "Feature", "geometry": {"type": "Point", "coordinates": [-119.48111347854137, 49.85217847326079]}, "properties": {"source": "deepforest", "kind": "tree", "score": 0.111821748316288, "crown_m": 1.93}}, {"type": "Feature", "geometry": {"type": "Point", "coordinates": [-119.47543323040009, 49.85505349200683]}, "properties": {"source": "deepforest", "kind": "tree", "score": 0.11177437752485275, "crown_m": 1.73}}, {"type": "Feature", "geometry": {"type": "Point", "coordinates": [-119.47897307574749, 49.85411967008652]}, "properties": {"source": "deepforest", "kind": "tree", "score": 0.11175151914358139, "crown_m": 2.31}}, {"type": "Feature", "geometry": {"type": "Point", "coordinates": [-119.47790756821632, 49.85223121950575]}, "properties": {"source": "deepforest", "kind": "tree", "score": 0.11170870810747147, "crown_m": 2.7}}, {"type": "Feature", "geometry": {"type": "Point", "coordinates": [-119.48177061975002, 49.85349495044108]}, "properties": {"source": "deepforest", "kind": "tree", "score": 0.11165399849414825, "crown_m": 5.49}}, {"type": "Feature", "geometry": {"type": "Point", "coordinates": [-119.47506912052631, 49.855106235113944]}, "properties": {"source": "deepforest", "kind": "tree", "score": 0.11162200570106506, "crown_m": 2.5}}, {"type": "Feature", "geometry": {"type": "Point", "coordinates": [-119.4765443354845, 49.85347636004416]}, "properties": {"source": "deepforest", "kind": "tree", "score": 0.111599862575531, "crown_m": 2.98}}, {"type": "Feature", "geometry": {"type": "Point", "coordinates": [-119.4828374683857, 49.85387151252291]}, "properties": {"source": "deepforest", "kind": "tree", "score": 0.11149168759584427, "crown_m": 2.31}}, {"type": "Feature", "geometry": {"type": "Point", "coordinates": [-119.48024176061153, 49.85623760413211]}, "properties": {"source": "deepforest", "kind": "tree", "score": 0.11148322373628616, "crown_m": 2.41}}, {"type": "Feature", "geometry": {"type": "Point", "coordinates": [-119.48220446705818, 49.85555238761864]}, "properties": {"source": "deepforest", "kind": "tree", "score": 0.1113998219370842, "crown_m": 2.5}}, {"type": "Feature", "geometry": {"type": "Point", "coordinates": [-119.47893887758255, 49.85572747541218]}, "properties": {"source": "deepforest", "kind": "tree", "score": 0.11137519031763077, "crown_m": 4.14}}, {"type": "Feature", "geometry": {"type": "Point", "coordinates": [-119.48118455708027, 49.85182654192349]}, "properties": {"source": "deepforest", "kind": "tree", "score": 0.11136093735694885, "crown_m": 1.93}}, {"type": "Feature", "geometry": {"type": "Point", "coordinates": [-119.47613798081875, 49.854344913043626]}, "properties": {"source": "deepforest", "kind": "tree", "score": 0.11135105043649673, "crown_m": 3.18}}, {"type": "Feature", "geometry": {"type": "Point", "coordinates": [-119.47593681514263, 49.85621209782401]}, "properties": {"source": "deepforest", "kind": "tree", "score": 0.11133445799350739, "crown_m": 1.35}}, {"type": "Feature", "geometry": {"type": "Point", "coordinates": [-119.47478950023651, 49.854297789364004]}, "properties": {"source": "deepforest", "kind": "tree", "score": 0.1112852618098259, "crown_m": 2.7}}, {"type": "Feature", "geometry": {"type": "Point", "coordinates": [-119.47491958737373, 49.856624520205486]}, "properties": {"source": "deepforest", "kind": "tree", "score": 0.11113334447145462, "crown_m": 1.54}}, {"type": "Feature", "geometry": {"type": "Point", "coordinates": [-119.48160097002983, 49.85190912063693]}, "properties": {"source": "deepforest", "kind": "tree", "score": 0.11112479120492935, "crown_m": 3.66}}, {"type": "Feature", "geometry": {"type": "Point", "coordinates": [-119.47846412658691, 49.85717916655831]}, "properties": {"source": "deepforest", "kind": "tree", "score": 0.11111433804035187, "crown_m": 4.72}}, {"type": "Feature", "geometry": {"type": "Point", "coordinates": [-119.47994068264961, 49.855329744199494]}, "properties": {"source": "deepforest", "kind": "tree", "score": 0.11109641939401627, "crown_m": 3.18}}, {"type": "Feature", "geometry": {"type": "Point", "coordinates": [-119.48152251541615, 49.855683811602056]}, "properties": {"source": "deepforest", "kind": "tree", "score": 0.1110728457570076, "crown_m": 2.98}}, {"type": "Feature", "geometry": {"type": "Point", "coordinates": [-119.48144070804119, 49.85510104726989]}, "properties": {"source": "deepforest", "kind": "tree", "score": 0.11100003123283386, "crown_m": 2.31}}, {"type": "Feature", "geometry": {"type": "Point", "coordinates": [-119.47579331696033, 49.85556535710658]}, "properties": {"source": "deepforest", "kind": "tree", "score": 0.1109781339764595, "crown_m": 2.6}}, {"type": "Feature", "geometry": {"type": "Point", "coordinates": [-119.47751864790916, 49.85537211137576]}, "properties": {"source": "deepforest", "kind": "tree", "score": 0.11097373068332672, "crown_m": 1.73}}, {"type": "Feature", "geometry": {"type": "Point", "coordinates": [-119.47587378323078, 49.85573525707717]}, "properties": {"source": "deepforest", "kind": "tree", "score": 0.11091706901788712, "crown_m": 1.44}}, {"type": "Feature", "geometry": {"type": "Point", "coordinates": [-119.4785512983799, 49.85621987941096]}, "properties": {"source": "deepforest", "kind": "tree", "score": 0.11082610487937927, "crown_m": 2.69}}, {"type": "Feature", "geometry": {"type": "Point", "coordinates": [-119.47970129549503, 49.85521690898764]}, "properties": {"source": "deepforest", "kind": "tree", "score": 0.1108132004737854, "crown_m": 3.08}}, {"type": "Feature", "geometry": {"type": "Point", "coordinates": [-119.47911523282528, 49.85296187878029]}, "properties": {"source": "deepforest", "kind": "tree", "score": 0.11079343408346176, "crown_m": 1.64}}, {"type": "Feature", "geometry": {"type": "Point", "coordinates": [-119.48251157999039, 49.85526619336546]}, "properties": {"source": "deepforest", "kind": "tree", "score": 0.11072603613138199, "crown_m": 2.5}}, {"type": "Feature", "geometry": {"type": "Point", "coordinates": [-119.48077283799648, 49.85237302879692]}, "properties": {"source": "deepforest", "kind": "tree", "score": 0.11071687936782837, "crown_m": 3.27}}, {"type": "Feature", "geometry": {"type": "Point", "coordinates": [-119.4761024415493, 49.855444740734356]}, "properties": {"source": "deepforest", "kind": "tree", "score": 0.11068162322044373, "crown_m": 3.08}}, {"type": "Feature", "geometry": {"type": "Point", "coordinates": [-119.48247067630291, 49.854852462423175]}, "properties": {"source": "deepforest", "kind": "tree", "score": 0.11064204573631287, "crown_m": 2.41}}, {"type": "Feature", "geometry": {"type": "Point", "coordinates": [-119.47841584682465, 49.855248468287996]}, "properties": {"source": "deepforest", "kind": "tree", "score": 0.11058606952428818, "crown_m": 1.93}}, {"type": "Feature", "geometry": {"type": "Point", "coordinates": [-119.47506844997406, 49.854628951130096]}, "properties": {"source": "deepforest", "kind": "tree", "score": 0.11054815351963043, "crown_m": 2.5}}, {"type": "Feature", "geometry": {"type": "Point", "coordinates": [-119.47875112295151, 49.85647883261748]}, "properties": {"source": "deepforest", "kind": "tree", "score": 0.11053641885519028, "crown_m": 2.21}}, {"type": "Feature", "geometry": {"type": "Point", "coordinates": [-119.47499804198742, 49.85634352001323]}, "properties": {"source": "deepforest", "kind": "tree", "score": 0.11051187664270401, "crown_m": 2.69}}, {"type": "Feature", "geometry": {"type": "Point", "coordinates": [-119.48199391365051, 49.85217025867649]}, "properties": {"source": "deepforest", "kind": "tree", "score": 0.11050444096326828, "crown_m": 1.64}}, {"type": "Feature", "geometry": {"type": "Point", "coordinates": [-119.47585768997669, 49.855775462326314]}, "properties": {"source": "deepforest", "kind": "tree", "score": 0.11048202216625214, "crown_m": 1.54}}, {"type": "Feature", "geometry": {"type": "Point", "coordinates": [-119.47725176811218, 49.85716490059783]}, "properties": {"source": "deepforest", "kind": "tree", "score": 0.11044901609420776, "crown_m": 2.89}}, {"type": "Feature", "geometry": {"type": "Point", "coordinates": [-119.4813796877861, 49.856110937079656]}, "properties": {"source": "deepforest", "kind": "tree", "score": 0.11038973927497864, "crown_m": 4.43}}, {"type": "Feature", "geometry": {"type": "Point", "coordinates": [-119.47506844997406, 49.8546778037834]}, "properties": {"source": "deepforest", "kind": "tree", "score": 0.11035897582769394, "crown_m": 2.98}}, {"type": "Feature", "geometry": {"type": "Point", "coordinates": [-119.47964362800121, 49.85432329668254]}, "properties": {"source": "deepforest", "kind": "tree", "score": 0.11035039275884628, "crown_m": 2.6}}, {"type": "Feature", "geometry": {"type": "Point", "coordinates": [-119.47615407407284, 49.85278894267175]}, "properties": {"source": "deepforest", "kind": "tree", "score": 0.11031682789325714, "crown_m": 1.54}}, {"type": "Feature", "geometry": {"type": "Point", "coordinates": [-119.48039665818214, 49.85221349331509]}, "properties": {"source": "deepforest", "kind": "tree", "score": 0.11029599606990814, "crown_m": 2.02}}, {"type": "Feature", "geometry": {"type": "Point", "coordinates": [-119.48134414851665, 49.85500982758771]}, "properties": {"source": "deepforest", "kind": "tree", "score": 0.11025967448949814, "crown_m": 2.21}}, {"type": "Feature", "geometry": {"type": "Point", "coordinates": [-119.47463259100914, 49.85692843088177]}, "properties": {"source": "deepforest", "kind": "tree", "score": 0.11020109802484512, "crown_m": 1.73}}, {"type": "Feature", "geometry": {"type": "Point", "coordinates": [-119.47573430836201, 49.85443872793871]}, "properties": {"source": "deepforest", "kind": "tree", "score": 0.1101592555642128, "crown_m": 1.64}}, {"type": "Feature", "geometry": {"type": "Point", "coordinates": [-119.4828374683857, 49.85371544064985]}, "properties": {"source": "deepforest", "kind": "tree", "score": 0.11013759672641754, "crown_m": 2.02}}, {"type": "Feature", "geometry": {"type": "Point", "coordinates": [-119.4781556725502, 49.853075583934455]}, "properties": {"source": "deepforest", "kind": "tree", "score": 0.11010205745697021, "crown_m": 2.79}}, {"type": "Feature", "geometry": {"type": "Point", "coordinates": [-119.47889529168606, 49.85617880991015]}, "properties": {"source": "deepforest", "kind": "tree", "score": 0.11008480191230774, "crown_m": 2.98}}, {"type": "Feature", "geometry": {"type": "Point", "coordinates": [-119.4795148819685, 49.85315902518917]}, "properties": {"source": "deepforest", "kind": "tree", "score": 0.11004696041345596, "crown_m": 2.31}}, {"type": "Feature", "geometry": {"type": "Point", "coordinates": [-119.4759663194418, 49.8539030727019]}, "properties": {"source": "deepforest", "kind": "tree", "score": 0.11002861708402634, "crown_m": 3.18}}, {"type": "Feature", "geometry": {"type": "Point", "coordinates": [-119.48061995208263, 49.856842402306754]}, "properties": {"source": "deepforest", "kind": "tree", "score": 0.10980667173862457, "crown_m": 2.69}}, {"type": "Feature", "geometry": {"type": "Point", "coordinates": [-119.481992572546, 49.852318120980506]}, "properties": {"source": "deepforest", "kind": "tree", "score": 0.10974663496017456, "crown_m": 12.13}}, {"type": "Feature", "geometry": {"type": "Point", "coordinates": [-119.48205761611462, 49.853537751560296]}, "properties": {"source": "deepforest", "kind": "tree", "score": 0.10972664505243301, "crown_m": 2.5}}, {"type": "Feature", "geometry": {"type": "Point", "coordinates": [-119.48007881641388, 49.85165576350829]}, "properties": {"source": "deepforest", "kind": "tree", "score": 0.10969492793083191, "crown_m": 1.93}}, {"type": "Feature", "geometry": {"type": "Point", "coordinates": [-119.4826751947403, 49.85169467509902]}, "properties": {"source": "deepforest", "kind": "tree", "score": 0.10965898633003235, "crown_m": 1.64}}, {"type": "Feature", "geometry": {"type": "Point", "coordinates": [-119.47981663048267, 49.852865034635755]}, "properties": {"source": "deepforest", "kind": "tree", "score": 0.10965551435947418, "crown_m": 1.35}}, {"type": "Feature", "geometry": {"type": "Point", "coordinates": [-119.48104575276375, 49.856385453991805]}, "properties": {"source": "deepforest", "kind": "tree", "score": 0.10957980901002884, "crown_m": 1.54}}, {"type": "Feature", "geometry": {"type": "Point", "coordinates": [-119.47952225804329, 49.85723623035812]}, "properties": {"source": "deepforest", "kind": "tree", "score": 0.1095748320221901, "crown_m": 4.23}}, {"type": "Feature", "geometry": {"type": "Point", "coordinates": [-119.47499267756939, 49.85573828327988]}, "properties": {"source": "deepforest", "kind": "tree", "score": 0.10956830531358719, "crown_m": 1.44}}, {"type": "Feature", "geometry": {"type": "Point", "coordinates": [-119.47679243981838, 49.85269425989017]}, "properties": {"source": "deepforest", "kind": "tree", "score": 0.1095314621925354, "crown_m": 1.44}}, {"type": "Feature", "geometry": {"type": "Point", "coordinates": [-119.4813434779644, 49.8548399250666]}, "properties": {"source": "deepforest", "kind": "tree", "score": 0.10948405414819717, "crown_m": 2.5}}, {"type": "Feature", "geometry": {"type": "Point", "coordinates": [-119.47997286915779, 49.85474956953853]}, "properties": {"source": "deepforest", "kind": "tree", "score": 0.10943146049976349, "crown_m": 1.73}}, {"type": "Feature", "geometry": {"type": "Point", "coordinates": [-119.47600789368153, 49.8566171709905]}, "properties": {"source": "deepforest", "kind": "tree", "score": 0.10942292958498001, "crown_m": 2.02}}, {"type": "Feature", "geometry": {"type": "Point", "coordinates": [-119.47770841419697, 49.85347636004416]}, "properties": {"source": "deepforest", "kind": "tree", "score": 0.10940396040678024, "crown_m": 2.6}}, {"type": "Feature", "geometry": {"type": "Point", "coordinates": [-119.48138907551765, 49.85535265706474]}, "properties": {"source": "deepforest", "kind": "tree", "score": 0.10939408838748932, "crown_m": 1.73}}, {"type": "Feature", "geometry": {"type": "Point", "coordinates": [-119.47704322636127, 49.85381314775404]}, "properties": {"source": "deepforest", "kind": "tree", "score": 0.10936877876520157, "crown_m": 1.25}}, {"type": "Feature", "geometry": {"type": "Point", "coordinates": [-119.48147423565388, 49.853580120307626]}, "properties": {"source": "deepforest", "kind": "tree", "score": 0.10924529284238815, "crown_m": 3.85}}, {"type": "Feature", "geometry": {"type": "Point", "coordinates": [-119.48163114488125, 49.85180103328716]}, "properties": {"source": "deepforest", "kind": "tree", "score": 0.10917215049266815, "crown_m": 2.79}}, {"type": "Feature", "geometry": {"type": "Point", "coordinates": [-119.47800882160664, 49.85224246050133]}, "properties": {"source": "deepforest", "kind": "tree", "score": 0.1091708168387413, "crown_m": 2.5}}, {"type": "Feature", "geometry": {"type": "Point", "coordinates": [-119.48030546307564, 49.85474956953853]}, "properties": {"source": "deepforest", "kind": "tree", "score": 0.10904636234045029, "crown_m": 1.73}}, {"type": "Feature", "geometry": {"type": "Point", "coordinates": [-119.47754546999931, 49.85536951746807]}, "properties": {"source": "deepforest", "kind": "tree", "score": 0.1090356856584549, "crown_m": 4.62}}, {"type": "Feature", "geometry": {"type": "Point", "coordinates": [-119.47506912052631, 49.85652465724741]}, "properties": {"source": "deepforest", "kind": "tree", "score": 0.10901714116334915, "crown_m": 2.98}}, {"type": "Feature", "geometry": {"type": "Point", "coordinates": [-119.47866261005402, 49.85514341464666]}, "properties": {"source": "deepforest", "kind": "tree", "score": 0.10898150503635406, "crown_m": 1.54}}, {"type": "Feature", "geometry": {"type": "Point", "coordinates": [-119.47707541286945, 49.85313135556627]}, "properties": {"source": "deepforest", "kind": "tree", "score": 0.10896030068397522, "crown_m": 2.41}}, {"type": "Feature", "geometry": {"type": "Point", "coordinates": [-119.48271408677101, 49.853779858187636]}, "properties": {"source": "deepforest", "kind": "tree", "score": 0.1089298203587532, "crown_m": 5.01}}, {"type": "Feature", "geometry": {"type": "Point", "coordinates": [-119.47744086384773, 49.85613990192981]}, "properties": {"source": "deepforest", "kind": "tree", "score": 0.10889881104230881, "crown_m": 1.54}}, {"type": "Feature", "geometry": {"type": "Point", "coordinates": [-119.47869144380093, 49.85198737572731]}, "properties": {"source": "deepforest", "kind": "tree", "score": 0.10888498276472092, "crown_m": 2.89}}, {"type": "Feature", "geometry": {"type": "Point", "coordinates": [-119.48157146573067, 49.85273662937701]}, "properties": {"source": "deepforest", "kind": "tree", "score": 0.10883723199367523, "crown_m": 1.64}}, {"type": "Feature", "geometry": {"type": "Point", "coordinates": [-119.48277242481709, 49.85300295101513]}, "properties": {"source": "deepforest", "kind": "tree", "score": 0.10877270996570587, "crown_m": 1.64}}, {"type": "Feature", "geometry": {"type": "Point", "coordinates": [-119.47748176753521, 49.85642436177444]}, "properties": {"source": "deepforest", "kind": "tree", "score": 0.10873065888881683, "crown_m": 2.41}}, {"type": "Feature", "geometry": {"type": "Point", "coordinates": [-119.47584494948387, 49.8551693538386]}, "properties": {"source": "deepforest", "kind": "tree", "score": 0.10871076583862305, "crown_m": 5.01}}, {"type": "Feature", "geometry": {"type": "Point", "coordinates": [-119.48079362511635, 49.852248080998145]}, "properties": {"source": "deepforest", "kind": "tree", "score": 0.10865427553653717, "crown_m": 2.02}}, {"type": "Feature", "geometry": {"type": "Point", "coordinates": [-119.4780021160841, 49.854794963485226]}, "properties": {"source": "deepforest", "kind": "tree", "score": 0.1085357591509819, "crown_m": 2.89}}, {"type": "Feature", "geometry": {"type": "Point", "coordinates": [-119.48090024292469, 49.85503317292562]}, "properties": {"source": "deepforest", "kind": "tree", "score": 0.10851556062698364, "crown_m": 1.44}}, {"type": "Feature", "geometry": {"type": "Point", "coordinates": [-119.48136895895004, 49.85560296860192]}, "properties": {"source": "deepforest", "kind": "tree", "score": 0.10849141329526901, "crown_m": 4.14}}, {"type": "Feature", "geometry": {"type": "Point", "coordinates": [-119.47874441742897, 49.85571537059748]}, "properties": {"source": "deepforest", "kind": "tree", "score": 0.10846982896327972, "crown_m": 1.64}}, {"type": "Feature", "geometry": {"type": "Point", "coordinates": [-119.47678036987782, 49.85447979891841]}, "properties": {"source": "deepforest", "kind": "tree", "score": 0.10846111178398132, "crown_m": 3.18}}, {"type": "Feature", "geometry": {"type": "Point", "coordinates": [-119.48090627789497, 49.8553267179712]}, "properties": {"source": "deepforest", "kind": "tree", "score": 0.10844673216342926, "crown_m": 2.7}}, {"type": "Feature", "geometry": {"type": "Point", "coordinates": [-119.47705864906311, 49.85582215225108]}, "properties": {"source": "deepforest", "kind": "tree", "score": 0.1083432286977768, "crown_m": 1.92}}, {"type": "Feature", "geometry": {"type": "Point", "coordinates": [-119.47639547288418, 49.85323036086266]}, "properties": {"source": "deepforest", "kind": "tree", "score": 0.10833271592855453, "crown_m": 2.02}}, {"type": "Feature", "geometry": {"type": "Point", "coordinates": [-119.47560422122478, 49.85331336951379]}, "properties": {"source": "deepforest", "kind": "tree", "score": 0.10830055177211761, "crown_m": 2.02}}, {"type": "Feature", "geometry": {"type": "Point", "coordinates": [-119.48237612843513, 49.85371154965489]}, "properties": {"source": "deepforest", "kind": "tree", "score": 0.10828075557947159, "crown_m": 1.54}}, {"type": "Feature", "geometry": {"type": "Point", "coordinates": [-119.47934791445732, 49.855869706757716]}, "properties": {"source": "deepforest", "kind": "tree", "score": 0.10825791954994202, "crown_m": 2.69}}, {"type": "Feature", "geometry": {"type": "Point", "coordinates": [-119.47483241558075, 49.85443872793871]}, "properties": {"source": "deepforest", "kind": "tree", "score": 0.10824795067310333, "crown_m": 1.73}}, {"type": "Feature", "geometry": {"type": "Point", "coordinates": [-119.48222525417805, 49.855310289871426]}, "properties": {"source": "deepforest", "kind": "tree", "score": 0.10815822333097458, "crown_m": 2.89}}, {"type": "Feature", "geometry": {"type": "Point", "coordinates": [-119.47841584682465, 49.85647105107223]}, "properties": {"source": "deepforest", "kind": "tree", "score": 0.10803502053022385, "crown_m": 1.64}}, {"type": "Feature", "geometry": {"type": "Point", "coordinates": [-119.4786136597395, 49.85555584614909]}, "properties": {"source": "deepforest", "kind": "tree", "score": 0.10795890539884567, "crown_m": 2.41}}, {"type": "Feature", "geometry": {"type": "Point", "coordinates": [-119.48235332965851, 49.853856380922934]}, "properties": {"source": "deepforest", "kind": "tree", "score": 0.10793741047382355, "crown_m": 2.21}}, {"type": "Feature", "geometry": {"type": "Point", "coordinates": [-119.4782716780901, 49.85711648276114]}, "properties": {"source": "deepforest", "kind": "tree", "score": 0.10792592167854309, "crown_m": 12.22}}, {"type": "Feature", "geometry": {"type": "Point", "coordinates": [-119.47800815105438, 49.85549316024611]}, "properties": {"source": "deepforest", "kind": "tree", "score": 0.10787087678909302, "crown_m": 2.41}}, {"type": "Feature", "geometry": {"type": "Point", "coordinates": [-119.47555124759674, 49.85537297601162]}, "properties": {"source": "deepforest", "kind": "tree", "score": 0.10786841064691544, "crown_m": 2.79}}, {"type": "Feature", "geometry": {"type": "Point", "coordinates": [-119.47973012924194, 49.85682856855175]}, "properties": {"source": "deepforest", "kind": "tree", "score": 0.10783686488866806, "crown_m": 1.54}}, {"type": "Feature", "geometry": {"type": "Point", "coordinates": [-119.48076613247395, 49.85487018764589]}, "properties": {"source": "deepforest", "kind": "tree", "score": 0.10782018303871155, "crown_m": 6.06}}, {"type": "Feature", "geometry": {"type": "Point", "coordinates": [-119.4749403744936, 49.85551045291713]}, "properties": {"source": "deepforest", "kind": "tree", "score": 0.10778875648975372, "crown_m": 1.44}}, {"type": "Feature", "geometry": {"type": "Point", "coordinates": [-119.4795685261488, 49.854227752250694]}, "properties": {"source": "deepforest", "kind": "tree", "score": 0.10778077691793442, "crown_m": 2.7}}, {"type": "Feature", "geometry": {"type": "Point", "coordinates": [-119.4747143983841, 49.8556833792869]}, "properties": {"source": "deepforest", "kind": "tree", "score": 0.1076878160238266, "crown_m": 1.73}}, {"type": "Feature", "geometry": {"type": "Point", "coordinates": [-119.48184974491596, 49.85564447090766]}, "properties": {"source": "deepforest", "kind": "tree", "score": 0.10767874121665955, "crown_m": 2.79}}, {"type": "Feature", "geometry": {"type": "Point", "coordinates": [-119.4793539494276, 49.85443872793871]}, "properties": {"source": "deepforest", "kind": "tree", "score": 0.10764016211032867, "crown_m": 2.21}}, {"type": "Feature", "geometry": {"type": "Point", "coordinates": [-119.48167137801647, 49.85506084145964]}, "properties": {"source": "deepforest", "kind": "tree", "score": 0.10755198448896408, "crown_m": 1.83}}, {"type": "Feature", "geometry": {"type": "Point", "coordinates": [-119.47902873158455, 49.85620258699382]}, "properties": {"source": "deepforest", "kind": "tree", "score": 0.10731866210699081, "crown_m": 2.31}}, {"type": "Feature", "geometry": {"type": "Point", "coordinates": [-119.47555392980576, 49.85558048817145]}, "properties": {"source": "deepforest", "kind": "tree", "score": 0.10731682181358337, "crown_m": 2.21}}, {"type": "Feature", "geometry": {"type": "Point", "coordinates": [-119.48164455592632, 49.85544387609978]}, "properties": {"source": "deepforest", "kind": "tree", "score": 0.10731398314237595, "crown_m": 1.44}}, {"type": "Feature", "geometry": {"type": "Point", "coordinates": [-119.4762023538351, 49.85487061996831]}, "properties": {"source": "deepforest", "kind": "tree", "score": 0.10727208107709885, "crown_m": 2.6}}, {"type": "Feature", "geometry": {"type": "Point", "coordinates": [-119.48186986148357, 49.8538909674302]}, "properties": {"source": "deepforest", "kind": "tree", "score": 0.1072329506278038, "crown_m": 2.41}}, {"type": "Feature", "geometry": {"type": "Point", "coordinates": [-119.48266915977001, 49.85292556224883]}, "properties": {"source": "deepforest", "kind": "tree", "score": 0.10705631971359253, "crown_m": 3.47}}, {"type": "Feature", "geometry": {"type": "Point", "coordinates": [-119.47802156209946, 49.85564230933011]}, "properties": {"source": "deepforest", "kind": "tree", "score": 0.10705031454563141, "crown_m": 3.47}}, {"type": "Feature", "geometry": {"type": "Point", "coordinates": [-119.48217295110226, 49.85412701968134]}, "properties": {"source": "deepforest", "kind": "tree", "score": 0.1069866195321083, "crown_m": 2.02}}, {"type": "Feature", "geometry": {"type": "Point", "coordinates": [-119.48178067803383, 49.85643344025254]}, "properties": {"source": "deepforest", "kind": "tree", "score": 0.10696005076169968, "crown_m": 1.54}}, {"type": "Feature", "geometry": {"type": "Point", "coordinates": [-119.4779397547245, 49.853203555955275]}, "properties": {"source": "deepforest", "kind": "tree", "score": 0.10691551119089127, "crown_m": 1.54}}, {"type": "Feature", "geometry": {"type": "Point", "coordinates": [-119.47945654392242, 49.85613255264112]}, "properties": {"source": "deepforest", "kind": "tree", "score": 0.10690348595380783, "crown_m": 2.12}}, {"type": "Feature", "geometry": {"type": "Point", "coordinates": [-119.48212802410126, 49.853193179858096]}, "properties": {"source": "deepforest", "kind": "tree", "score": 0.10689171403646469, "crown_m": 2.12}}, {"type": "Feature", "geometry": {"type": "Point", "coordinates": [-119.47755888104439, 49.853504894138815]}, "properties": {"source": "deepforest", "kind": "tree", "score": 0.10671821981668472, "crown_m": 2.7}}, {"type": "Feature", "geometry": {"type": "Point", "coordinates": [-119.48121204972267, 49.85701273009061]}, "properties": {"source": "deepforest", "kind": "tree", "score": 0.10667193681001663, "crown_m": 1.92}}, {"type": "Feature", "geometry": {"type": "Point", "coordinates": [-119.47832599282265, 49.851608204854855]}, "properties": {"source": "deepforest", "kind": "tree", "score": 0.10661029815673828, "crown_m": 1.54}}, {"type": "Feature", "geometry": {"type": "Point", "coordinates": [-119.48231041431427, 49.856033120978346]}, "properties": {"source": "deepforest", "kind": "tree", "score": 0.10659117996692657, "crown_m": 2.5}}, {"type": "Feature", "geometry": {"type": "Point", "coordinates": [-119.47658859193325, 49.85292902096729]}, "properties": {"source": "deepforest", "kind": "tree", "score": 0.10656801611185074, "crown_m": 2.89}}, {"type": "Feature", "geometry": {"type": "Point", "coordinates": [-119.47945654392242, 49.85623371334023]}, "properties": {"source": "deepforest", "kind": "tree", "score": 0.10650009661912918, "crown_m": 2.12}}, {"type": "Feature", "geometry": {"type": "Point", "coordinates": [-119.47864852845669, 49.851682569274146]}, "properties": {"source": "deepforest", "kind": "tree", "score": 0.1064906120300293, "crown_m": 2.79}}, {"type": "Feature", "geometry": {"type": "Point", "coordinates": [-119.47563104331493, 49.85543739133993]}, "properties": {"source": "deepforest", "kind": "tree", "score": 0.10647866129875183, "crown_m": 5.2}}, {"type": "Feature", "geometry": {"type": "Point", "coordinates": [-119.47569273412228, 49.85446682913912]}, "properties": {"source": "deepforest", "kind": "tree", "score": 0.1064717024564743, "crown_m": 2.41}}, {"type": "Feature", "geometry": {"type": "Point", "coordinates": [-119.47941899299622, 49.85430427427677]}, "properties": {"source": "deepforest", "kind": "tree", "score": 0.10642393678426743, "crown_m": 2.02}}, {"type": "Feature", "geometry": {"type": "Point", "coordinates": [-119.48234930634499, 49.852173285102445]}, "properties": {"source": "deepforest", "kind": "tree", "score": 0.10635218024253845, "crown_m": 2.31}}, {"type": "Feature", "geometry": {"type": "Point", "coordinates": [-119.47471708059311, 49.85452086986322]}, "properties": {"source": "deepforest", "kind": "tree", "score": 0.10635212063789368, "crown_m": 1.54}}, {"type": "Feature", "geometry": {"type": "Point", "coordinates": [-119.47735972702503, 49.854531245675325]}, "properties": {"source": "deepforest", "kind": "tree", "score": 0.10632967948913574, "crown_m": 1.54}}, {"type": "Feature", "geometry": {"type": "Point", "coordinates": [-119.48219776153564, 49.853707658659616]}, "properties": {"source": "deepforest", "kind": "tree", "score": 0.10632003098726273, "crown_m": 2.79}}, {"type": "Feature", "geometry": {"type": "Point", "coordinates": [-119.48034703731537, 49.854680830052345]}, "properties": {"source": "deepforest", "kind": "tree", "score": 0.10630414634943008, "crown_m": 1.73}}, {"type": "Feature", "geometry": {"type": "Point", "coordinates": [-119.47641491889954, 49.852394213685784]}, "properties": {"source": "deepforest", "kind": "tree", "score": 0.10627845674753189, "crown_m": 2.02}}, {"type": "Feature", "geometry": {"type": "Point", "coordinates": [-119.48249414563179, 49.85364410569239]}, "properties": {"source": "deepforest", "kind": "tree", "score": 0.10621865093708038, "crown_m": 2.7}}, {"type": "Feature", "geometry": {"type": "Point", "coordinates": [-119.48029138147831, 49.852061739563176]}, "properties": {"source": "deepforest", "kind": "tree", "score": 0.10618133097887039, "crown_m": 2.89}}, {"type": "Feature", "geometry": {"type": "Point", "coordinates": [-119.47772517800331, 49.856279970512425]}, "properties": {"source": "deepforest", "kind": "tree", "score": 0.10616543889045715, "crown_m": 3.66}}, {"type": "Feature", "geometry": {"type": "Point", "coordinates": [-119.47801887989044, 49.85537211137576]}, "properties": {"source": "deepforest", "kind": "tree", "score": 0.1061270609498024, "crown_m": 1.73}}, {"type": "Feature", "geometry": {"type": "Point", "coordinates": [-119.47566390037537, 49.856477103385316]}, "properties": {"source": "deepforest", "kind": "tree", "score": 0.10610543191432953, "crown_m": 1.44}}, {"type": "Feature", "geometry": {"type": "Point", "coordinates": [-119.47725780308247, 49.85582344919279]}, "properties": {"source": "deepforest", "kind": "tree", "score": 0.10605025291442871, "crown_m": 2.02}}, {"type": "Feature", "geometry": {"type": "Point", "coordinates": [-119.48204353451729, 49.85476383621208]}, "properties": {"source": "deepforest", "kind": "tree", "score": 0.10604386776685715, "crown_m": 1.73}}, {"type": "Feature", "geometry": {"type": "Point", "coordinates": [-119.48206633329391, 49.85380666277537]}, "properties": {"source": "deepforest", "kind": "tree", "score": 0.10600282996892929, "crown_m": 3.08}}, {"type": "Feature", "geometry": {"type": "Point", "coordinates": [-119.4821809977293, 49.85614336041821]}, "properties": {"source": "deepforest", "kind": "tree", "score": 0.10597310215234756, "crown_m": 2.6}}, {"type": "Feature", "geometry": {"type": "Point", "coordinates": [-119.47842121124268, 49.85578886406859]}, "properties": {"source": "deepforest", "kind": "tree", "score": 0.10590676218271255, "crown_m": 7.31}}, {"type": "Feature", "geometry": {"type": "Point", "coordinates": [-119.47607830166817, 49.85438339014244]}, "properties": {"source": "deepforest", "kind": "tree", "score": 0.10589781403541565, "crown_m": 1.93}}, {"type": "Feature", "geometry": {"type": "Point", "coordinates": [-119.48043890297413, 49.854606902571284]}, "properties": {"source": "deepforest", "kind": "tree", "score": 0.10575787723064423, "crown_m": 2.98}}, {"type": "Feature", "geometry": {"type": "Point", "coordinates": [-119.47944715619087, 49.85689341424409]}, "properties": {"source": "deepforest", "kind": "tree", "score": 0.10574623942375183, "crown_m": 1.92}}, {"type": "Feature", "geometry": {"type": "Point", "coordinates": [-119.47749517858028, 49.85688779428752]}, "properties": {"source": "deepforest", "kind": "tree", "score": 0.10573749244213104, "crown_m": 1.64}}, {"type": "Feature", "geometry": {"type": "Point", "coordinates": [-119.4799567759037, 49.85160863720645]}, "properties": {"source": "deepforest", "kind": "tree", "score": 0.10573087632656097, "crown_m": 2.89}}, {"type": "Feature", "geometry": {"type": "Point", "coordinates": [-119.48255382478237, 49.85620863934052]}, "properties": {"source": "deepforest", "kind": "tree", "score": 0.1057293489575386, "crown_m": 1.54}}, {"type": "Feature", "geometry": {"type": "Point", "coordinates": [-119.47967246174812, 49.851861994582144]}, "properties": {"source": "deepforest", "kind": "tree", "score": 0.10570967197418213, "crown_m": 2.31}}, {"type": "Feature", "geometry": {"type": "Point", "coordinates": [-119.48162913322449, 49.8519194970098]}, "properties": {"source": "deepforest", "kind": "tree", "score": 0.10570615530014038, "crown_m": 1.93}}, {"type": "Feature", "geometry": {"type": "Point", "coordinates": [-119.47477877140045, 49.854262338492184]}, "properties": {"source": "deepforest", "kind": "tree", "score": 0.10562896728515625, "crown_m": 1.54}}, {"type": "Feature", "geometry": {"type": "Point", "coordinates": [-119.48230974376202, 49.852159882357455]}, "properties": {"source": "deepforest", "kind": "tree", "score": 0.10561984777450562, "crown_m": 2.41}}, {"type": "Feature", "geometry": {"type": "Point", "coordinates": [-119.4768936932087, 49.853585308314955]}, "properties": {"source": "deepforest", "kind": "tree", "score": 0.10559489578008652, "crown_m": 2.31}}, {"type": "Feature", "geometry": {"type": "Point", "coordinates": [-119.47533801198006, 49.85700840705784]}, "properties": {"source": "deepforest", "kind": "tree", "score": 0.10554508119821548, "crown_m": 1.54}}, {"type": "Feature", "geometry": {"type": "Point", "coordinates": [-119.48182225227356, 49.855655278793925]}, "properties": {"source": "deepforest", "kind": "tree", "score": 0.1055407002568245, "crown_m": 3.47}}, {"type": "Feature", "geometry": {"type": "Point", "coordinates": [-119.48216088116169, 49.85215469419712]}, "properties": {"source": "deepforest", "kind": "tree", "score": 0.10544149577617645, "crown_m": 10.3}}, {"type": "Feature", "geometry": {"type": "Point", "coordinates": [-119.47951085865498, 49.85666515702113]}, "properties": {"source": "deepforest", "kind": "tree", "score": 0.1054328978061676, "crown_m": 1.54}}, {"type": "Feature", "geometry": {"type": "Point", "coordinates": [-119.48204554617405, 49.85521345043293]}, "properties": {"source": "deepforest", "kind": "tree", "score": 0.10540249943733215, "crown_m": 2.89}}, {"type": "Feature", "geometry": {"type": "Point", "coordinates": [-119.47555258870125, 49.855189240542984]}, "properties": {"source": "deepforest", "kind": "tree", "score": 0.10540149360895157, "crown_m": 2.12}}, {"type": "Feature", "geometry": {"type": "Point", "coordinates": [-119.47594754397869, 49.85412096707392]}, "properties": {"source": "deepforest", "kind": "tree", "score": 0.10536828637123108, "crown_m": 3.56}}, {"type": "Feature", "geometry": {"type": "Point", "coordinates": [-119.47467282414436, 49.85692799857775]}, "properties": {"source": "deepforest", "kind": "tree", "score": 0.10534719377756119, "crown_m": 1.73}}, {"type": "Feature", "geometry": {"type": "Point", "coordinates": [-119.47650007903576, 49.85460085002396]}, "properties": {"source": "deepforest", "kind": "tree", "score": 0.10528777539730072, "crown_m": 1.44}}, {"type": "Feature", "geometry": {"type": "Point", "coordinates": [-119.47989575564861, 49.8525658541777]}, "properties": {"source": "deepforest", "kind": "tree", "score": 0.1050853282213211, "crown_m": 1.73}}, {"type": "Feature", "geometry": {"type": "Point", "coordinates": [-119.47975225746632, 49.85712210269111]}, "properties": {"source": "deepforest", "kind": "tree", "score": 0.10506383329629898, "crown_m": 2.21}}, {"type": "Feature", "geometry": {"type": "Point", "coordinates": [-119.48243379592896, 49.853504029469526]}, "properties": {"source": "deepforest", "kind": "tree", "score": 0.10504737496376038, "crown_m": 1.93}}, {"type": "Feature", "geometry": {"type": "Point", "coordinates": [-119.48183499276638, 49.857004516328004]}, "properties": {"source": "deepforest", "kind": "tree", "score": 0.105006143450737, "crown_m": 3.18}}, {"type": "Feature", "geometry": {"type": "Point", "coordinates": [-119.4800727814436, 49.85556968026845]}, "properties": {"source": "deepforest", "kind": "tree", "score": 0.10493946075439453, "crown_m": 2.7}}, {"type": "Feature", "geometry": {"type": "Point", "coordinates": [-119.48256321251392, 49.85350446180418]}, "properties": {"source": "deepforest", "kind": "tree", "score": 0.10492386668920517, "crown_m": 1.83}}, {"type": "Feature", "geometry": {"type": "Point", "coordinates": [-119.4775803387165, 49.85630590909428]}, "properties": {"source": "deepforest", "kind": "tree", "score": 0.10489602386951447, "crown_m": 1.54}}, {"type": "Feature", "geometry": {"type": "Point", "coordinates": [-119.47919569909573, 49.85214215614064]}, "properties": {"source": "deepforest", "kind": "tree", "score": 0.1048901379108429, "crown_m": 2.79}}, {"type": "Feature", "geometry": {"type": "Point", "coordinates": [-119.48167875409126, 49.855067758590664]}, "properties": {"source": "deepforest", "kind": "tree", "score": 0.1048741564154625, "crown_m": 1.44}}, {"type": "Feature", "geometry": {"type": "Point", "coordinates": [-119.4822896271944, 49.856929295489785]}, "properties": {"source": "deepforest", "kind": "tree", "score": 0.1048596054315567, "crown_m": 2.02}}, {"type": "Feature", "geometry": {"type": "Point", "coordinates": [-119.47536818683147, 49.854545944738675]}, "properties": {"source": "deepforest", "kind": "tree", "score": 0.10485683381557465, "crown_m": 5.39}}, {"type": "Feature", "geometry": {"type": "Point", "coordinates": [-119.47980523109436, 49.855094994784466]}, "properties": {"source": "deepforest", "kind": "tree", "score": 0.10485196113586426, "crown_m": 2.7}}, {"type": "Feature", "geometry": {"type": "Point", "coordinates": [-119.47906024754047, 49.85535092779227]}, "properties": {"source": "deepforest", "kind": "tree", "score": 0.10472919046878815, "crown_m": 1.54}}, {"type": "Feature", "geometry": {"type": "Point", "coordinates": [-119.47951018810272, 49.8569003311128]}, "properties": {"source": "deepforest", "kind": "tree", "score": 0.10466565191745758, "crown_m": 3.46}}, {"type": "Feature", "geometry": {"type": "Point", "coordinates": [-119.48231041431427, 49.85379585447564]}, "properties": {"source": "deepforest", "kind": "tree", "score": 0.1046050414443016, "crown_m": 1.64}}, {"type": "Feature", "geometry": {"type": "Point", "coordinates": [-119.4825129210949, 49.85266096955303]}, "properties": {"source": "deepforest", "kind": "tree", "score": 0.10459087044000626, "crown_m": 2.12}}, {"type": "Feature", "geometry": {"type": "Point", "coordinates": [-119.48134951293468, 49.85533017651781]}, "properties": {"source": "deepforest", "kind": "tree", "score": 0.10455155372619629, "crown_m": 6.35}}, {"type": "Feature", "geometry": {"type": "Point", "coordinates": [-119.48009490966797, 49.85712901952709]}, "properties": {"source": "deepforest", "kind": "tree", "score": 0.1044846624135971, "crown_m": 1.64}}, {"type": "Feature", "geometry": {"type": "Point", "coordinates": [-119.48182761669159, 49.853570608959416]}, "properties": {"source": "deepforest", "kind": "tree", "score": 0.10445539653301239, "crown_m": 2.31}}, {"type": "Feature", "geometry": {"type": "Point", "coordinates": [-119.48182627558708, 49.85558999912408]}, "properties": {"source": "deepforest", "kind": "tree", "score": 0.10442288964986801, "crown_m": 2.41}}, {"type": "Feature", "geometry": {"type": "Point", "coordinates": [-119.48097199201584, 49.85547240903273]}, "properties": {"source": "deepforest", "kind": "tree", "score": 0.10439902544021606, "crown_m": 2.98}}, {"type": "Feature", "geometry": {"type": "Point", "coordinates": [-119.47884567081928, 49.851830000720604]}, "properties": {"source": "deepforest", "kind": "tree", "score": 0.10435190796852112, "crown_m": 2.41}}, {"type": "Feature", "geometry": {"type": "Point", "coordinates": [-119.47918832302094, 49.85273057659545]}, "properties": {"source": "deepforest", "kind": "tree", "score": 0.10434288531541824, "crown_m": 1.44}}, {"type": "Feature", "geometry": {"type": "Point", "coordinates": [-119.48233723640442, 49.85474394933264]}, "properties": {"source": "deepforest", "kind": "tree", "score": 0.10430832952260971, "crown_m": 3.85}}, {"type": "Feature", "geometry": {"type": "Point", "coordinates": [-119.47997286915779, 49.85557270648154]}, "properties": {"source": "deepforest", "kind": "tree", "score": 0.10430071502923965, "crown_m": 1.64}}, {"type": "Feature", "geometry": {"type": "Point", "coordinates": [-119.47981126606464, 49.85504052238151]}, "properties": {"source": "deepforest", "kind": "tree", "score": 0.10419487208127975, "crown_m": 3.18}}, {"type": "Feature", "geometry": {"type": "Point", "coordinates": [-119.47967179119587, 49.85229650371283]}, "properties": {"source": "deepforest", "kind": "tree", "score": 0.10412368178367615, "crown_m": 2.41}}, {"type": "Feature", "geometry": {"type": "Point", "coordinates": [-119.48073863983154, 49.85515119640571]}, "properties": {"source": "deepforest", "kind": "tree", "score": 0.10411014407873154, "crown_m": 1.54}}, {"type": "Feature", "geometry": {"type": "Point", "coordinates": [-119.47466611862183, 49.85657739874881]}, "properties": {"source": "deepforest", "kind": "tree", "score": 0.10407394170761108, "crown_m": 2.98}}, {"type": "Feature", "geometry": {"type": "Point", "coordinates": [-119.47714783251286, 49.85370203833255]}, "properties": {"source": "deepforest", "kind": "tree", "score": 0.10401597619056702, "crown_m": 3.27}}, {"type": "Feature", "geometry": {"type": "Point", "coordinates": [-119.48146753013134, 49.853923392258295]}, "properties": {"source": "deepforest", "kind": "tree", "score": 0.10397008061408997, "crown_m": 5.87}}, {"type": "Feature", "geometry": {"type": "Point", "coordinates": [-119.48213808238506, 49.854098918283334]}, "properties": {"source": "deepforest", "kind": "tree", "score": 0.10392927378416061, "crown_m": 1.93}}, {"type": "Feature", "geometry": {"type": "Point", "coordinates": [-119.48235400021076, 49.85680392716585]}, "properties": {"source": "deepforest", "kind": "tree", "score": 0.10390402376651764, "crown_m": 2.6}}, {"type": "Feature", "geometry": {"type": "Point", "coordinates": [-119.47644107043743, 49.852344061688946]}, "properties": {"source": "deepforest", "kind": "tree", "score": 0.1039002314209938, "crown_m": 1.44}}, {"type": "Feature", "geometry": {"type": "Point", "coordinates": [-119.47907499969006, 49.85435572122055]}, "properties": {"source": "deepforest", "kind": "tree", "score": 0.103878453373909, "crown_m": 1.54}}, {"type": "Feature", "geometry": {"type": "Point", "coordinates": [-119.47779960930347, 49.85347592770927]}, "properties": {"source": "deepforest", "kind": "tree", "score": 0.10387428104877472, "crown_m": 4.14}}, {"type": "Feature", "geometry": {"type": "Point", "coordinates": [-119.47563171386719, 49.85332504259393]}, "properties": {"source": "deepforest", "kind": "tree", "score": 0.10383151471614838, "crown_m": 2.31}}, {"type": "Feature", "geometry": {"type": "Point", "coordinates": [-119.47934992611408, 49.854307732896565]}, "properties": {"source": "deepforest", "kind": "tree", "score": 0.10381064563989639, "crown_m": 1.64}}, {"type": "Feature", "geometry": {"type": "Point", "coordinates": [-119.4747955352068, 49.85316551025475]}, "properties": {"source": "deepforest", "kind": "tree", "score": 0.10380007326602936, "crown_m": 3.18}}, {"type": "Feature", "geometry": {"type": "Point", "coordinates": [-119.4793975353241, 49.8554062644806]}, "properties": {"source": "deepforest", "kind": "tree", "score": 0.10377053171396255, "crown_m": 1.35}}, {"type": "Feature", "geometry": {"type": "Point", "coordinates": [-119.47911523282528, 49.85562155818078]}, "properties": {"source": "deepforest", "kind": "tree", "score": 0.10372485965490341, "crown_m": 1.64}}, {"type": "Feature", "geometry": {"type": "Point", "coordinates": [-119.47713978588581, 49.85692843088177]}, "properties": {"source": "deepforest", "kind": "tree", "score": 0.10364487022161484, "crown_m": 2.02}}, {"type": "Feature", "geometry": {"type": "Point", "coordinates": [-119.4758952409029, 49.85622722868638]}, "properties": {"source": "deepforest", "kind": "tree", "score": 0.10364316403865814, "crown_m": 1.44}}, {"type": "Feature", "geometry": {"type": "Point", "coordinates": [-119.47503224015236, 49.856589935654625]}, "properties": {"source": "deepforest", "kind": "tree", "score": 0.10363642871379852, "crown_m": 2.5}}, {"type": "Feature", "geometry": {"type": "Point", "coordinates": [-119.47564244270325, 49.85649007262507]}, "properties": {"source": "deepforest", "kind": "tree", "score": 0.103562131524086, "crown_m": 1.44}}, {"type": "Feature", "geometry": {"type": "Point", "coordinates": [-119.47652757167816, 49.85288189590701]}, "properties": {"source": "deepforest", "kind": "tree", "score": 0.1034407690167427, "crown_m": 1.93}}, {"type": "Feature", "geometry": {"type": "Point", "coordinates": [-119.48191747069359, 49.85223208419781]}, "properties": {"source": "deepforest", "kind": "tree", "score": 0.10334233939647675, "crown_m": 2.5}}, {"type": "Feature", "geometry": {"type": "Point", "coordinates": [-119.47626605629921, 49.85538940409008]}, "properties": {"source": "deepforest", "kind": "tree", "score": 0.10330355167388916, "crown_m": 1.64}}, {"type": "Feature", "geometry": {"type": "Point", "coordinates": [-119.47945654392242, 49.85533536433726]}, "properties": {"source": "deepforest", "kind": "tree", "score": 0.10325627774000168, "crown_m": 2.5}}, {"type": "Feature", "geometry": {"type": "Point", "coordinates": [-119.4767589122057, 49.85210021847985]}, "properties": {"source": "deepforest", "kind": "tree", "score": 0.1032237634062767, "crown_m": 1.83}}, {"type": "Feature", "geometry": {"type": "Point", "coordinates": [-119.48037788271904, 49.855067758590664]}, "properties": {"source": "deepforest", "kind": "tree", "score": 0.10321604460477829, "crown_m": 3.56}}, {"type": "Feature", "geometry": {"type": "Point", "coordinates": [-119.47907902300358, 49.855089806939205]}, "properties": {"source": "deepforest", "kind": "tree", "score": 0.10318726301193237, "crown_m": 3.08}}, {"type": "Feature", "geometry": {"type": "Point", "coordinates": [-119.48022365570068, 49.85257147463691]}, "properties": {"source": "deepforest", "kind": "tree", "score": 0.10318385809659958, "crown_m": 3.66}}, {"type": "Feature", "geometry": {"type": "Point", "coordinates": [-119.47773456573486, 49.85422040267119]}, "properties": {"source": "deepforest", "kind": "tree", "score": 0.10316183418035507, "crown_m": 2.98}}, {"type": "Feature", "geometry": {"type": "Point", "coordinates": [-119.48161236941814, 49.85383865532837]}, "properties": {"source": "deepforest", "kind": "tree", "score": 0.10310178995132446, "crown_m": 1.54}}, {"type": "Feature", "geometry": {"type": "Point", "coordinates": [-119.48241837322712, 49.85412745201042]}, "properties": {"source": "deepforest", "kind": "tree", "score": 0.10307535529136658, "crown_m": 1.64}}, {"type": "Feature", "geometry": {"type": "Point", "coordinates": [-119.47800815105438, 49.852138697365874]}, "properties": {"source": "deepforest", "kind": "tree", "score": 0.1030251532793045, "crown_m": 1.93}}, {"type": "Feature", "geometry": {"type": "Point", "coordinates": [-119.47941295802593, 49.855275704379956]}, "properties": {"source": "deepforest", "kind": "tree", "score": 0.10302010923624039, "crown_m": 2.7}}, {"type": "Feature", "geometry": {"type": "Point", "coordinates": [-119.47887182235718, 49.85680306255559]}, "properties": {"source": "deepforest", "kind": "tree", "score": 0.10297330468893051, "crown_m": 2.12}}, {"type": "Feature", "geometry": {"type": "Point", "coordinates": [-119.47791762650013, 49.85350532647346]}, "properties": {"source": "deepforest", "kind": "tree", "score": 0.10285411775112152, "crown_m": 2.6}}, {"type": "Feature", "geometry": {"type": "Point", "coordinates": [-119.47483710944653, 49.854980862060195]}, "properties": {"source": "deepforest", "kind": "tree", "score": 0.10282368212938309, "crown_m": 1.54}}, {"type": "Feature", "geometry": {"type": "Point", "coordinates": [-119.47696208953857, 49.85528694466739]}, "properties": {"source": "deepforest", "kind": "tree", "score": 0.10281430929899216, "crown_m": 3.27}}, {"type": "Feature", "geometry": {"type": "Point", "coordinates": [-119.48168411850929, 49.85664094785848]}, "properties": {"source": "deepforest", "kind": "tree", "score": 0.10280817747116089, "crown_m": 3.27}}, {"type": "Feature", "geometry": {"type": "Point", "coordinates": [-119.47994604706764, 49.85164625178135]}, "properties": {"source": "deepforest", "kind": "tree", "score": 0.1027868464589119, "crown_m": 1.44}}, {"type": "Feature", "geometry": {"type": "Point", "coordinates": [-119.47623252868652, 49.85295539368739]}, "properties": {"source": "deepforest", "kind": "tree", "score": 0.10269120335578918, "crown_m": 2.79}}, {"type": "Feature", "geometry": {"type": "Point", "coordinates": [-119.47469159960747, 49.855097156386485]}, "properties": {"source": "deepforest", "kind": "tree", "score": 0.10268817096948624, "crown_m": 5.97}}, {"type": "Feature", "geometry": {"type": "Point", "coordinates": [-119.48134481906891, 49.85224375753912]}, "properties": {"source": "deepforest", "kind": "tree", "score": 0.10266987979412079, "crown_m": 2.6}}, {"type": "Feature", "geometry": {"type": "Point", "coordinates": [-119.48146417737007, 49.85514341464666]}, "properties": {"source": "deepforest", "kind": "tree", "score": 0.10264051705598831, "crown_m": 1.93}}, {"type": "Feature", "geometry": {"type": "Point", "coordinates": [-119.47945721447468, 49.85583555398041]}, "properties": {"source": "deepforest", "kind": "tree", "score": 0.10263541340827942, "crown_m": 2.41}}, {"type": "Feature", "geometry": {"type": "Point", "coordinates": [-119.48025517165661, 49.85395019676641]}, "properties": {"source": "deepforest", "kind": "tree", "score": 0.1025233268737793, "crown_m": 3.08}}, {"type": "Feature", "geometry": {"type": "Point", "coordinates": [-119.47963289916515, 49.85319404453295]}, "properties": {"source": "deepforest", "kind": "tree", "score": 0.10251393914222717, "crown_m": 2.02}}, {"type": "Feature", "geometry": {"type": "Point", "coordinates": [-119.4824519008398, 49.85537211137576]}, "properties": {"source": "deepforest", "kind": "tree", "score": 0.10249152034521103, "crown_m": 2.02}}, {"type": "Feature", "geometry": {"type": "Point", "coordinates": [-119.48030345141888, 49.851728830802834]}, "properties": {"source": "deepforest", "kind": "tree", "score": 0.10247260332107544, "crown_m": 2.12}}, {"type": "Feature", "geometry": {"type": "Point", "coordinates": [-119.47807386517525, 49.85661890021766]}, "properties": {"source": "deepforest", "kind": "tree", "score": 0.10245902091264725, "crown_m": 2.31}}, {"type": "Feature", "geometry": {"type": "Point", "coordinates": [-119.48276236653328, 49.85537211137576]}, "properties": {"source": "deepforest", "kind": "tree", "score": 0.1024177297949791, "crown_m": 2.5}}, {"type": "Feature", "geometry": {"type": "Point", "coordinates": [-119.48026724159718, 49.85246857689567]}, "properties": {"source": "deepforest", "kind": "tree", "score": 0.10235709697008133, "crown_m": 11.45}}, {"type": "Feature", "geometry": {"type": "Point", "coordinates": [-119.47942972183228, 49.85180146563704]}, "properties": {"source": "deepforest", "kind": "tree", "score": 0.10234901309013367, "crown_m": 1.73}}, {"type": "Feature", "geometry": {"type": "Point", "coordinates": [-119.47806917130947, 49.85480360994643]}, "properties": {"source": "deepforest", "kind": "tree", "score": 0.10231898725032806, "crown_m": 3.08}}, {"type": "Feature", "geometry": {"type": "Point", "coordinates": [-119.48134548962116, 49.855123095603254]}, "properties": {"source": "deepforest", "kind": "tree", "score": 0.10231412947177887, "crown_m": 2.41}}, {"type": "Feature", "geometry": {"type": "Point", "coordinates": [-119.47609573602676, 49.855663492785865]}, "properties": {"source": "deepforest", "kind": "tree", "score": 0.10225699096918106, "crown_m": 3.66}}, {"type": "Feature", "geometry": {"type": "Point", "coordinates": [-119.4807131588459, 49.85244912141576]}, "properties": {"source": "deepforest", "kind": "tree", "score": 0.10219206660985947, "crown_m": 2.12}}, {"type": "Feature", "geometry": {"type": "Point", "coordinates": [-119.47962485253811, 49.854280496259044]}, "properties": {"source": "deepforest", "kind": "tree", "score": 0.10216110199689865, "crown_m": 2.7}}, {"type": "Feature", "geometry": {"type": "Point", "coordinates": [-119.47890870273113, 49.851948896720806]}, "properties": {"source": "deepforest", "kind": "tree", "score": 0.10212117433547974, "crown_m": 2.21}}, {"type": "Feature", "geometry": {"type": "Point", "coordinates": [-119.48230907320976, 49.853729275296075]}, "properties": {"source": "deepforest", "kind": "tree", "score": 0.10196346044540405, "crown_m": 2.21}}, {"type": "Feature", "geometry": {"type": "Point", "coordinates": [-119.48107123374939, 49.85646543106655]}, "properties": {"source": "deepforest", "kind": "tree", "score": 0.10195417702198029, "crown_m": 1.73}}, {"type": "Feature", "geometry": {"type": "Point", "coordinates": [-119.47577722370625, 49.857231475044046]}, "properties": {"source": "deepforest", "kind": "tree", "score": 0.1019303947687149, "crown_m": 6.45}}, {"type": "Feature", "geometry": {"type": "Point", "coordinates": [-119.47463192045689, 49.85716749440914]}, "properties": {"source": "deepforest", "kind": "tree", "score": 0.10191810876131058, "crown_m": 3.08}}, {"type": "Feature", "geometry": {"type": "Point", "coordinates": [-119.4792902469635, 49.8561779452887]}, "properties": {"source": "deepforest", "kind": "tree", "score": 0.1019170805811882, "crown_m": 2.6}}, {"type": "Feature", "geometry": {"type": "Point", "coordinates": [-119.47690710425377, 49.857089247706696]}, "properties": {"source": "deepforest", "kind": "tree", "score": 0.10190409421920776, "crown_m": 4.43}}, {"type": "Feature", "geometry": {"type": "Point", "coordinates": [-119.48182694613934, 49.855918558156716]}, "properties": {"source": "deepforest", "kind": "tree", "score": 0.10186949372291565, "crown_m": 2.41}}, {"type": "Feature", "geometry": {"type": "Point", "coordinates": [-119.47991788387299, 49.85556233089304]}, "properties": {"source": "deepforest", "kind": "tree", "score": 0.1018528863787651, "crown_m": 3.56}}, {"type": "Feature", "geometry": {"type": "Point", "coordinates": [-119.481405839324, 49.85450400916378]}, "properties": {"source": "deepforest", "kind": "tree", "score": 0.10184238106012344, "crown_m": 3.56}}, {"type": "Feature", "geometry": {"type": "Point", "coordinates": [-119.47990916669369, 49.85510580279363]}, "properties": {"source": "deepforest", "kind": "tree", "score": 0.10183851420879364, "crown_m": 1.44}}, {"type": "Feature", "geometry": {"type": "Point", "coordinates": [-119.47849161922932, 49.85194500558361]}, "properties": {"source": "deepforest", "kind": "tree", "score": 0.10182696580886841, "crown_m": 1.35}}, {"type": "Feature", "geometry": {"type": "Point", "coordinates": [-119.48283679783344, 49.85264367586235]}, "properties": {"source": "deepforest", "kind": "tree", "score": 0.10180674493312836, "crown_m": 2.31}}, {"type": "Feature", "geometry": {"type": "Point", "coordinates": [-119.47900995612144, 49.85563106912533]}, "properties": {"source": "deepforest", "kind": "tree", "score": 0.10178469121456146, "crown_m": 1.54}}, {"type": "Feature", "geometry": {"type": "Point", "coordinates": [-119.47721891105175, 49.85302975603377]}, "properties": {"source": "deepforest", "kind": "tree", "score": 0.10175026208162308, "crown_m": 2.79}}, {"type": "Feature", "geometry": {"type": "Point", "coordinates": [-119.47800882160664, 49.85356196227761]}, "properties": {"source": "deepforest", "kind": "tree", "score": 0.10170803964138031, "crown_m": 2.5}}, {"type": "Feature", "geometry": {"type": "Point", "coordinates": [-119.48235400021076, 49.8549436824024]}, "properties": {"source": "deepforest", "kind": "tree", "score": 0.10163040459156036, "crown_m": 2.31}}, {"type": "Feature", "geometry": {"type": "Point", "coordinates": [-119.482082426548, 49.854950599550214]}, "properties": {"source": "deepforest", "kind": "tree", "score": 0.10161910951137543, "crown_m": 3.66}}, {"type": "Feature", "geometry": {"type": "Point", "coordinates": [-119.47931170463562, 49.855951846249866]}, "properties": {"source": "deepforest", "kind": "tree", "score": 0.10159405320882797, "crown_m": 5.0}}, {"type": "Feature", "geometry": {"type": "Point", "coordinates": [-119.47639413177967, 49.85511920472163]}, "properties": {"source": "deepforest", "kind": "tree", "score": 0.10150143504142761, "crown_m": 2.7}}, {"type": "Feature", "geometry": {"type": "Point", "coordinates": [-119.47956316173077, 49.856081972212145]}, "properties": {"source": "deepforest", "kind": "tree", "score": 0.10149961709976196, "crown_m": 3.95}}, {"type": "Feature", "geometry": {"type": "Point", "coordinates": [-119.48235534131527, 49.85497135098767]}, "properties": {"source": "deepforest", "kind": "tree", "score": 0.10146689414978027, "crown_m": 3.27}}, {"type": "Feature", "geometry": {"type": "Point", "coordinates": [-119.47699964046478, 49.85416160599492]}, "properties": {"source": "deepforest", "kind": "tree", "score": 0.10132762044668198, "crown_m": 2.6}}, {"type": "Feature", "geometry": {"type": "Point", "coordinates": [-119.48170557618141, 49.85658863873348]}, "properties": {"source": "deepforest", "kind": "tree", "score": 0.10131893306970596, "crown_m": 2.5}}, {"type": "Feature", "geometry": {"type": "Point", "coordinates": [-119.48074668645859, 49.852288289148575]}, "properties": {"source": "deepforest", "kind": "tree", "score": 0.10122469812631607, "crown_m": 3.27}}, {"type": "Feature", "geometry": {"type": "Point", "coordinates": [-119.48232382535934, 49.85257104229391]}, "properties": {"source": "deepforest", "kind": "tree", "score": 0.10116849094629288, "crown_m": 2.31}}, {"type": "Feature", "geometry": {"type": "Point", "coordinates": [-119.48232784867287, 49.85642868485945]}, "properties": {"source": "deepforest", "kind": "tree", "score": 0.10111258178949356, "crown_m": 2.02}}, {"type": "Feature", "geometry": {"type": "Point", "coordinates": [-119.48187120258808, 49.85225586322342]}, "properties": {"source": "deepforest", "kind": "tree", "score": 0.10107098519802094, "crown_m": 2.41}}, {"type": "Feature", "geometry": {"type": "Point", "coordinates": [-119.47945721447468, 49.85342880318228]}, "properties": {"source": "deepforest", "kind": "tree", "score": 0.10106999427080154, "crown_m": 2.7}}, {"type": "Feature", "geometry": {"type": "Point", "coordinates": [-119.47801016271114, 49.853520890517856]}, "properties": {"source": "deepforest", "kind": "tree", "score": 0.10102380067110062, "crown_m": 2.02}}, {"type": "Feature", "geometry": {"type": "Point", "coordinates": [-119.47554990649223, 49.85166830169094]}, "properties": {"source": "deepforest", "kind": "tree", "score": 0.10101485252380371, "crown_m": 2.89}}, {"type": "Feature", "geometry": {"type": "Point", "coordinates": [-119.475551918149, 49.853044455553814]}, "properties": {"source": "deepforest", "kind": "tree", "score": 0.10098370164632797, "crown_m": 2.98}}, {"type": "Feature", "geometry": {"type": "Point", "coordinates": [-119.48009960353374, 49.85715668686109]}, "properties": {"source": "deepforest", "kind": "tree", "score": 0.10097487270832062, "crown_m": 1.83}}, {"type": "Feature", "geometry": {"type": "Point", "coordinates": [-119.4792801886797, 49.85440284484366]}, "properties": {"source": "deepforest", "kind": "tree", "score": 0.10093241930007935, "crown_m": 1.64}}, {"type": "Feature", "geometry": {"type": "Point", "coordinates": [-119.47791762650013, 49.8552644640899]}, "properties": {"source": "deepforest", "kind": "tree", "score": 0.1009146124124527, "crown_m": 1.83}}, {"type": "Feature", "geometry": {"type": "Point", "coordinates": [-119.4791467487812, 49.85263892009633]}, "properties": {"source": "deepforest", "kind": "tree", "score": 0.10089419037103653, "crown_m": 2.31}}, {"type": "Feature", "geometry": {"type": "Point", "coordinates": [-119.4798394292593, 49.85604133490607]}, "properties": {"source": "deepforest", "kind": "tree", "score": 0.10088732093572617, "crown_m": 3.18}}, {"type": "Feature", "geometry": {"type": "Point", "coordinates": [-119.47775200009346, 49.853504894138815]}, "properties": {"source": "deepforest", "kind": "tree", "score": 0.100848488509655, "crown_m": 2.12}}, {"type": "Feature", "geometry": {"type": "Point", "coordinates": [-119.47942838072777, 49.85543782365729]}, "properties": {"source": "deepforest", "kind": "tree", "score": 0.10069086402654648, "crown_m": 1.54}}, {"type": "Feature", "geometry": {"type": "Point", "coordinates": [-119.47561360895634, 49.85197008179559]}, "properties": {"source": "deepforest", "kind": "tree", "score": 0.1006801500916481, "crown_m": 3.08}}, {"type": "Feature", "geometry": {"type": "Point", "coordinates": [-119.47665967047215, 49.85369944433521]}, "properties": {"source": "deepforest", "kind": "tree", "score": 0.1005670502781868, "crown_m": 2.98}}, {"type": "Feature", "geometry": {"type": "Point", "coordinates": [-119.4796134531498, 49.85553250106369]}, "properties": {"source": "deepforest", "kind": "tree", "score": 0.10056661069393158, "crown_m": 2.89}}, {"type": "Feature", "geometry": {"type": "Point", "coordinates": [-119.47966642677784, 49.85571450596775]}, "properties": {"source": "deepforest", "kind": "tree", "score": 0.10053656250238419, "crown_m": 3.18}}, {"type": "Feature", "geometry": {"type": "Point", "coordinates": [-119.48183365166187, 49.85412745201042]}, "properties": {"source": "deepforest", "kind": "tree", "score": 0.10039456188678741, "crown_m": 1.44}}, {"type": "Feature", "geometry": {"type": "Point", "coordinates": [-119.47870753705502, 49.85257060995092]}, "properties": {"source": "deepforest", "kind": "tree", "score": 0.10037105530500412, "crown_m": 1.83}}, {"type": "Feature", "geometry": {"type": "Point", "coordinates": [-119.47518177330494, 49.855126986484564]}, "properties": {"source": "deepforest", "kind": "tree", "score": 0.10035103559494019, "crown_m": 1.64}}, {"type": "Feature", "geometry": {"type": "Point", "coordinates": [-119.47427652776241, 49.85316464557939]}, "properties": {"source": "deepforest", "kind": "tree", "score": 0.10033290833234787, "crown_m": 2.02}}, {"type": "Feature", "geometry": {"type": "Point", "coordinates": [-119.47752736508846, 49.8526423788353]}, "properties": {"source": "deepforest", "kind": "tree", "score": 0.10027691721916199, "crown_m": 3.95}}, {"type": "Feature", "geometry": {"type": "Point", "coordinates": [-119.47748377919197, 49.85353645455723]}, "properties": {"source": "deepforest", "kind": "tree", "score": 0.10026928782463074, "crown_m": 2.02}}, {"type": "Feature", "geometry": {"type": "Point", "coordinates": [-119.47952024638653, 49.853339742024154]}, "properties": {"source": "deepforest", "kind": "tree", "score": 0.10021434724330902, "crown_m": 1.83}}, {"type": "Feature", "geometry": {"type": "Point", "coordinates": [-119.47570279240608, 49.856408798665136]}, "properties": {"source": "deepforest", "kind": "tree", "score": 0.10018421709537506, "crown_m": 1.64}}, {"type": "Feature", "geometry": {"type": "Point", "coordinates": [-119.48086269199848, 49.85316853661839]}, "properties": {"source": "deepforest", "kind": "tree", "score": 0.10016705840826035, "crown_m": 1.35}}, {"type": "Feature", "geometry": {"type": "Point", "coordinates": [-119.47885505855083, 49.85376472655896]}, "properties": {"source": "deepforest", "kind": "tree", "score": 0.10013242065906525, "crown_m": 2.6}}, {"type": "Feature", "geometry": {"type": "Point", "coordinates": [-119.4782904535532, 49.85576811298219]}, "properties": {"source": "deepforest", "kind": "tree", "score": 0.1001022681593895, "crown_m": 2.98}}, {"type": "Feature", "geometry": {"type": "Point", "coordinates": [-119.47968252003193, 49.8535641239482]}, "properties": {"source": "deepforest", "kind": "tree", "score": 0.10008354485034943, "crown_m": 1.64}}, {"type": "Feature", "geometry": {"type": "Point", "coordinates": [-119.47967983782291, 49.85433064624639]}, "properties": {"source": "deepforest", "kind": "tree", "score": 0.10006885230541229, "crown_m": 2.7}}, {"type": "Feature", "geometry": {"type": "Point", "coordinates": [-119.47867937386036, 49.855654846478515]}, "properties": {"source": "deepforest", "kind": "tree", "score": 0.10004009306430817, "crown_m": 2.21}}]}