{"type": "FeatureCollection", "bbox": [-119.48283618725074, 49.851674997299995, -119.47446061274925, 49.8570750027], "features": [{"type": "Feature", "geometry": {"type": "Point", "coordinates": [-119.48049657046795, 49.85349278876738]}, "properties": {"source": "deepforest", "kind": "tree", "species": "maple", "score": 0.8092414140701294, "crown_m": 2.5, "size": "medium", "crown_color": "#adaf94"}}, {"type": "Feature", "geometry": {"type": "Point", "coordinates": [-119.48254108428955, 49.85643992487871]}, "properties": {"source": "deepforest", "kind": "tree", "species": "maple", "score": 0.7958608865737915, "crown_m": 5.29, "size": "large", "crown_color": "#be847d"}}, {"type": "Feature", "geometry": {"type": "Point", "coordinates": [-119.48036178946495, 49.853320719231235]}, "properties": {"source": "deepforest", "kind": "tree", "species": "maple", "score": 0.7854828238487244, "crown_m": 3.27, "size": "medium", "crown_color": "#7e9168"}}, {"type": "Feature", "geometry": {"type": "Point", "coordinates": [-119.47750993072987, 49.855400212033395]}, "properties": {"source": "deepforest", "kind": "tree", "species": "maple", "score": 0.7442519664764404, "crown_m": 5.2, "size": "large", "crown_color": "#6e4f4c"}}, {"type": "Feature", "geometry": {"type": "Point", "coordinates": [-119.48147624731064, 49.85284903803962]}, "properties": {"source": "deepforest", "kind": "tree", "species": "maple", "score": 0.7354802489280701, "crown_m": 6.93, "size": "large", "crown_color": "#9b9380"}}, {"type": "Feature", "geometry": {"type": "Point", "coordinates": [-119.48073126375675, 49.85493071274762]}, "properties": {"source": "deepforest", "kind": "tree", "species": "maple", "score": 0.7305988669395447, "crown_m": 2.89, "size": "medium", "crown_color": "#7c7c5e"}}, {"type": "Feature", "geometry": {"type": "Point", "coordinates": [-119.48069974780083, 49.85475778368442]}, "properties": {"source": "deepforest", "kind": "tree", "species": "maple", "score": 0.7156582474708557, "crown_m": 7.12, "size": "large", "crown_color": "#5e6964"}}, {"type": "Feature", "geometry": {"type": "Point", "coordinates": [-119.48077082633972, 49.852207008121766]}, "properties": {"source": "deepforest", "kind": "tree", "species": "maple", "score": 0.711629331111908, "crown_m": 13.28, "size": "large", "crown_color": "#84876b"}}, {"type": "Feature", "geometry": {"type": "Point", "coordinates": [-119.4806769490242, 49.8534106450954]}, "properties": {"source": "deepforest", "kind": "tree", "species": "maple", "score": 0.7094272375106812, "crown_m": 2.7, "size": "medium", "crown_color": "#aeab90"}}, {"type": "Feature", "geometry": {"type": "Point", "coordinates": [-119.48275096714497, 49.85444867144227]}, "properties": {"source": "deepforest", "kind": "tree", "species": "maple", "score": 0.7088791131973267, "crown_m": 3.75, "size": "large", "crown_color": "#735551"}}, {"type": "Feature", "geometry": {"type": "Point", "coordinates": [-119.47792768478394, 49.855711047448644]}, "properties": {"source": "deepforest", "kind": "tree", "species": "maple", "score": 0.6951829791069031, "crown_m": 4.24, "size": "large", "crown_color": "#54443e"}}, {"type": "Feature", "geometry": {"type": "Point", "coordinates": [-119.47773724794388, 49.85313394959409]}, "properties": {"source": "deepforest", "kind": "tree", "species": "maple", "score": 0.6883692741394043, "crown_m": 2.31, "size": "medium", "crown_color": "#233030"}}, {"type": "Feature", "geometry": {"type": "Point", "coordinates": [-119.47654366493225, 49.855782379355055]}, "properties": {"source": "deepforest", "kind": "tree", "species": "pine", "score": 0.6827942728996277, "crown_m": 4.62, "size": "large", "crown_color": "#5b7842"}}, {"type": "Feature", "geometry": {"type": "Point", "coordinates": [-119.47702445089817, 49.85380190712379]}, "properties": {"source": "deepforest", "kind": "tree", "species": "maple", "score": 0.6810534000396729, "crown_m": 3.56, "size": "large", "crown_color": "#797a51"}}, {"type": "Feature", "geometry": {"type": "Point", "coordinates": [-119.48004998266697, 49.853452581619074]}, "properties": {"source": "deepforest", "kind": "tree", "species": "maple", "score": 0.6799152493476868, "crown_m": 3.18, "size": "medium", "crown_color": "#8f9d77"}}, {"type": "Feature", "geometry": {"type": "Point", "coordinates": [-119.47521194815636, 49.85601712543088]}, "properties": {"source": "deepforest", "kind": "tree", "species": "maple", "score": 0.6784786581993103, "crown_m": 8.85, "size": "large", "crown_color": "#727460"}}, {"type": "Feature", "geometry": {"type": "Point", "coordinates": [-119.48261953890324, 49.8566016079433]}, "properties": {"source": "deepforest", "kind": "tree", "species": "maple", "score": 0.6779699921607971, "crown_m": 4.72, "size": "large", "crown_color": "#748756"}}, {"type": "Feature", "geometry": {"type": "Point", "coordinates": [-119.48162980377674, 49.85580702126189]}, "properties": {"source": "deepforest", "kind": "tree", "species": "pine", "score": 0.6733896136283875, "crown_m": 3.18, "size": "medium", "crown_color": "#556c41"}}, {"type": "Feature", "geometry": {"type": "Point", "coordinates": [-119.48065347969532, 49.85351181149257]}, "properties": {"source": "deepforest", "kind": "tree", "species": "maple", "score": 0.6590147018432617, "crown_m": 2.6, "size": "medium", "crown_color": "#9a9c7b"}}, {"type": "Feature", "geometry": {"type": "Point", "coordinates": [-119.48045030236244, 49.85484727455188]}, "properties": {"source": "deepforest", "kind": "tree", "species": "maple", "score": 0.6577627658843994, "crown_m": 4.52, "size": "large", "crown_color": "#988a73"}}, {"type": "Feature", "geometry": {"type": "Point", "coordinates": [-119.48123551905155, 49.85349581511053]}, "properties": {"source": "deepforest", "kind": "tree", "species": "maple", "score": 0.657267689704895, "crown_m": 4.72, "size": "large", "crown_color": "#675b4c"}}, {"type": "Feature", "geometry": {"type": "Point", "coordinates": [-119.47747237980366, 49.85178157753853]}, "properties": {"source": "deepforest", "kind": "tree", "species": "pine", "score": 0.656196117401123, "crown_m": 2.31, "size": "medium", "crown_color": "#5c753f"}}, {"type": "Feature", "geometry": {"type": "Point", "coordinates": [-119.4808928668499, 49.85313092322828]}, "properties": {"source": "deepforest", "kind": "tree", "species": "pine", "score": 0.6554610133171082, "crown_m": 5.29, "size": "large", "crown_color": "#637145"}}, {"type": "Feature", "geometry": {"type": "Point", "coordinates": [-119.48013380169868, 49.85699457335036]}, "properties": {"source": "deepforest", "kind": "tree", "species": "pine", "score": 0.6536960601806641, "crown_m": 6.35, "size": "large", "crown_color": "#667260"}}, {"type": "Feature", "geometry": {"type": "Point", "coordinates": [-119.47510331869125, 49.85541620778507]}, "properties": {"source": "deepforest", "kind": "tree", "species": "pine", "score": 0.6513328552246094, "crown_m": 5.49, "size": "large", "crown_color": "#656d44"}}, {"type": "Feature", "geometry": {"type": "Point", "coordinates": [-119.47725042700768, 49.85470936343583]}, "properties": {"source": "deepforest", "kind": "tree", "species": "maple", "score": 0.6502770781517029, "crown_m": 3.85, "size": "large", "crown_color": "#5e3f3b"}}, {"type": "Feature", "geometry": {"type": "Point", "coordinates": [-119.47752870619297, 49.85525149452119]}, "properties": {"source": "deepforest", "kind": "tree", "species": "maple", "score": 0.6455571055412292, "crown_m": 5.29, "size": "large", "crown_color": "#504141"}}, {"type": "Feature", "geometry": {"type": "Point", "coordinates": [-119.47746366262436, 49.85371630531536]}, "properties": {"source": "deepforest", "kind": "tree", "species": "maple", "score": 0.6453649401664734, "crown_m": 2.7, "size": "medium", "crown_color": "#323f3f"}}, {"type": "Feature", "geometry": {"type": "Point", "coordinates": [-119.4772021472454, 49.853537751560296]}, "properties": {"source": "deepforest", "kind": "tree", "species": "pine", "score": 0.6419514417648315, "crown_m": 4.62, "size": "large", "crown_color": "#6d7a4c"}}, {"type": "Feature", "geometry": {"type": "Point", "coordinates": [-119.47728328406811, 49.85232417381371]}, "properties": {"source": "deepforest", "kind": "tree", "species": "maple", "score": 0.6400604248046875, "crown_m": 2.98, "size": "medium", "crown_color": "#70914b"}}, {"type": "Feature", "geometry": {"type": "Point", "coordinates": [-119.4806320220232, 49.85361686868086]}, "properties": {"source": "deepforest", "kind": "tree", "species": "maple", "score": 0.6328824758529663, "crown_m": 2.6, "size": "medium", "crown_color": "#9da683"}}, {"type": "Feature", "geometry": {"type": "Point", "coordinates": [-119.47614267468452, 49.854117508440766]}, "properties": {"source": "deepforest", "kind": "tree", "species": "maple", "score": 0.6309831738471985, "crown_m": 4.62, "size": "large", "crown_color": "#809155"}}, {"type": "Feature", "geometry": {"type": "Point", "coordinates": [-119.48068968951702, 49.85334233604078]}, "properties": {"source": "deepforest", "kind": "tree", "species": "maple", "score": 0.6277534365653992, "crown_m": 2.31, "size": "medium", "crown_color": "#a8a88c"}}, {"type": "Feature", "geometry": {"type": "Point", "coordinates": [-119.48030143976212, 49.85607548753793]}, "properties": {"source": "deepforest", "kind": "tree", "species": "pine", "score": 0.6264324188232422, "crown_m": 5.97, "size": "large", "crown_color": "#63764b"}}, {"type": "Feature", "geometry": {"type": "Point", "coordinates": [-119.47763733565807, 49.85485981190655]}, "properties": {"source": "deepforest", "kind": "tree", "species": "maple", "score": 0.6256943345069885, "crown_m": 5.78, "size": "large", "crown_color": "#624847"}}, {"type": "Feature", "geometry": {"type": "Point", "coordinates": [-119.47905085980892, 49.85660376947794]}, "properties": {"source": "deepforest", "kind": "tree", "species": "maple", "score": 0.6255903840065002, "crown_m": 2.6, "size": "medium", "crown_color": "#63493a"}}, {"type": "Feature", "geometry": {"type": "Point", "coordinates": [-119.4786773622036, 49.85157231965811]}, "properties": {"source": "deepforest", "kind": "tree", "species": "maple", "score": 0.6247768998146057, "crown_m": 3.85, "size": "large", "crown_color": "#897556"}}, {"type": "Feature", "geometry": {"type": "Point", "coordinates": [-119.48072388768196, 49.85159609900833]}, "properties": {"source": "deepforest", "kind": "tree", "species": "maple", "score": 0.623272180557251, "crown_m": 11.65, "size": "large", "crown_color": "#514940"}}, {"type": "Feature", "geometry": {"type": "Point", "coordinates": [-119.4771210104227, 49.85366399302446]}, "properties": {"source": "deepforest", "kind": "tree", "species": "maple", "score": 0.6221893429756165, "crown_m": 6.16, "size": "large", "crown_color": "#6c7248"}}, {"type": "Feature", "geometry": {"type": "Point", "coordinates": [-119.47841048240662, 49.85150833153031]}, "properties": {"source": "deepforest", "kind": "tree", "species": "maple", "score": 0.6187729239463806, "crown_m": 4.04, "size": "large", "crown_color": "#777557"}}, {"type": "Feature", "geometry": {"type": "Point", "coordinates": [-119.47532795369625, 49.854352262604195]}, "properties": {"source": "deepforest", "kind": "tree", "species": "maple", "score": 0.6176444292068481, "crown_m": 2.02, "size": "medium", "crown_color": "#30444a"}}, {"type": "Feature", "geometry": {"type": "Point", "coordinates": [-119.47641626000404, 49.854980862060195]}, "properties": {"source": "deepforest", "kind": "tree", "species": "pine", "score": 0.6133068799972534, "crown_m": 2.5, "size": "medium", "crown_color": "#475b3a"}}, {"type": "Feature", "geometry": {"type": "Point", "coordinates": [-119.4794961065054, 49.853801042459814]}, "properties": {"source": "deepforest", "kind": "tree", "species": "maple", "score": 0.6085022687911987, "crown_m": 2.02, "size": "medium", "crown_color": "#6a8459"}}, {"type": "Feature", "geometry": {"type": "Point", "coordinates": [-119.47741135954857, 49.85187712680659]}, "properties": {"source": "deepforest", "kind": "tree", "species": "maple", "score": 0.6072447896003723, "crown_m": 2.79, "size": "medium", "crown_color": "#6a8552"}}, {"type": "Feature", "geometry": {"type": "Point", "coordinates": [-119.48067158460617, 49.85536605892428]}, "properties": {"source": "deepforest", "kind": "tree", "species": "maple", "score": 0.6060534119606018, "crown_m": 5.58, "size": "large", "crown_color": "#59604c"}}, {"type": "Feature", "geometry": {"type": "Point", "coordinates": [-119.47594687342644, 49.853772508540004]}, "properties": {"source": "deepforest", "kind": "tree", "species": "maple", "score": 0.6058991551399231, "crown_m": 3.95, "size": "large", "crown_color": "#4f423b"}}, {"type": "Feature", "geometry": {"type": "Point", "coordinates": [-119.48097869753838, 49.85536346501627]}, "properties": {"source": "deepforest", "kind": "tree", "species": "pine", "score": 0.6005154252052307, "crown_m": 3.85, "size": "large", "crown_color": "#516f44"}}, {"type": "Feature", "geometry": {"type": "Point", "coordinates": [-119.47723232209682, 49.856604201784855]}, "properties": {"source": "deepforest", "kind": "tree", "species": "maple", "score": 0.5978372097015381, "crown_m": 5.29, "size": "large", "crown_color": "#7c9550"}}, {"type": "Feature", "geometry": {"type": "Point", "coordinates": [-119.47484314441681, 49.85438728108332]}, "properties": {"source": "deepforest", "kind": "tree", "species": "maple", "score": 0.5971121788024902, "crown_m": 8.28, "size": "large", "crown_color": "#645043"}}, {"type": "Feature", "geometry": {"type": "Point", "coordinates": [-119.48261752724648, 49.85535741256371]}, "properties": {"source": "deepforest", "kind": "tree", "species": "pine", "score": 0.5887210369110107, "crown_m": 3.37, "size": "medium", "crown_color": "#515944"}}, {"type": "Feature", "geometry": {"type": "Point", "coordinates": [-119.47566792368889, 49.856863585236425]}, "properties": {"source": "deepforest", "kind": "tree", "species": "maple", "score": 0.5867211222648621, "crown_m": 2.41, "size": "medium", "crown_color": "#64433e"}}, {"type": "Feature", "geometry": {"type": "Point", "coordinates": [-119.48147222399712, 49.8568268393321]}, "properties": {"source": "deepforest", "kind": "tree", "species": "maple", "score": 0.5859092473983765, "crown_m": 10.78, "size": "large", "crown_color": "#7b885c"}}, {"type": "Feature", "geometry": {"type": "Point", "coordinates": [-119.47688899934292, 49.85355374792845]}, "properties": {"source": "deepforest", "kind": "tree", "species": "maple", "score": 0.5857223868370056, "crown_m": 7.22, "size": "large", "crown_color": "#4a463a"}}, {"type": "Feature", "geometry": {"type": "Point", "coordinates": [-119.48104240000248, 49.85242101904207]}, "properties": {"source": "deepforest", "kind": "tree", "species": "maple", "score": 0.5837424397468567, "crown_m": 3.95, "size": "large", "crown_color": "#738950"}}, {"type": "Feature", "geometry": {"type": "Point", "coordinates": [-119.47985418140888, 49.8528291503722]}, "properties": {"source": "deepforest", "kind": "tree", "species": "maple", "score": 0.5823079347610474, "crown_m": 2.02, "size": "medium", "crown_color": "#6e825e"}}, {"type": "Feature", "geometry": {"type": "Point", "coordinates": [-119.47930097579956, 49.8541257226941]}, "properties": {"source": "deepforest", "kind": "tree", "species": "maple", "score": 0.5802663564682007, "crown_m": 1.73, "size": "small", "crown_color": "#6e875e"}}, {"type": "Feature", "geometry": {"type": "Point", "coordinates": [-119.47700701653957, 49.851551566761074]}, "properties": {"source": "deepforest", "kind": "tree", "species": "maple", "score": 0.57855224609375, "crown_m": 1.64, "size": "small", "crown_color": "#162a35"}}, {"type": "Feature", "geometry": {"type": "Point", "coordinates": [-119.47672203183174, 49.8521058389932]}, "properties": {"source": "deepforest", "kind": "tree", "species": "pine", "score": 0.5775140523910522, "crown_m": 4.81, "size": "large", "crown_color": "#5d7344"}}, {"type": "Feature", "geometry": {"type": "Point", "coordinates": [-119.47697751224041, 49.85155026970471]}, "properties": {"source": "deepforest", "kind": "tree", "species": "maple", "score": 0.572221040725708, "crown_m": 1.64, "size": "small", "crown_color": "#192a38"}}, {"type": "Feature", "geometry": {"type": "Point", "coordinates": [-119.47955042123795, 49.8518377830132]}, "properties": {"source": "deepforest", "kind": "tree", "species": "maple", "score": 0.570178210735321, "crown_m": 8.86, "size": "large", "crown_color": "#5d624c"}}, {"type": "Feature", "geometry": {"type": "Point", "coordinates": [-119.47722762823105, 49.85240934574358]}, "properties": {"source": "deepforest", "kind": "tree", "species": "maple", "score": 0.5687492489814758, "crown_m": 3.66, "size": "large", "crown_color": "#6d8c4a"}}, {"type": "Feature", "geometry": {"type": "Point", "coordinates": [-119.4823694229126, 49.85407773414173]}, "properties": {"source": "deepforest", "kind": "tree", "species": "maple", "score": 0.568591833114624, "crown_m": 2.41, "size": "medium", "crown_color": "#706458"}}, {"type": "Feature", "geometry": {"type": "Point", "coordinates": [-119.47968989610672, 49.85376256489732]}, "properties": {"source": "deepforest", "kind": "tree", "species": "maple", "score": 0.5677614212036133, "crown_m": 3.27, "size": "medium", "crown_color": "#999980"}}, {"type": "Feature", "geometry": {"type": "Point", "coordinates": [-119.47559349238873, 49.85708751849637]}, "properties": {"source": "deepforest", "kind": "tree", "species": "pine", "score": 0.5669516921043396, "crown_m": 2.41, "size": "medium", "crown_color": "#556c52"}}, {"type": "Feature", "geometry": {"type": "Point", "coordinates": [-119.47829179465771, 49.855985566632526]}, "properties": {"source": "deepforest", "kind": "tree", "species": "pine", "score": 0.5658408403396606, "crown_m": 5.29, "size": "large", "crown_color": "#567042"}}, {"type": "Feature", "geometry": {"type": "Point", "coordinates": [-119.48062129318714, 49.854934603644416]}, "properties": {"source": "deepforest", "kind": "tree", "species": "maple", "score": 0.5643383264541626, "crown_m": 2.98, "size": "medium", "crown_color": "#727254"}}, {"type": "Feature", "geometry": {"type": "Point", "coordinates": [-119.47428658604622, 49.8562851582299]}, "properties": {"source": "deepforest", "kind": "tree", "species": "maple", "score": 0.5641376376152039, "crown_m": 5.29, "size": "large", "crown_color": "#717a5d"}}, {"type": "Feature", "geometry": {"type": "Point", "coordinates": [-119.47650007903576, 49.85433626650035]}, "properties": {"source": "deepforest", "kind": "tree", "species": "maple", "score": 0.5619961023330688, "crown_m": 4.72, "size": "large", "crown_color": "#66786e"}}, {"type": "Feature", "geometry": {"type": "Point", "coordinates": [-119.47914272546768, 49.85641182482567]}, "properties": {"source": "deepforest", "kind": "tree", "species": "maple", "score": 0.5608808398246765, "crown_m": 3.08, "size": "medium", "crown_color": "#493c3a"}}, {"type": "Feature", "geometry": {"type": "Point", "coordinates": [-119.47601057589054, 49.85438728108332]}, "properties": {"source": "deepforest", "kind": "tree", "species": "pine", "score": 0.5570825338363647, "crown_m": 6.06, "size": "large", "crown_color": "#5d774c"}}, {"type": "Feature", "geometry": {"type": "Point", "coordinates": [-119.47866395115852, 49.85516416600132]}, "properties": {"source": "deepforest", "kind": "tree", "species": "maple", "score": 0.5569767355918884, "crown_m": 2.7, "size": "medium", "crown_color": "#7f875b"}}, {"type": "Feature", "geometry": {"type": "Point", "coordinates": [-119.4797395169735, 49.85580702126189]}, "properties": {"source": "deepforest", "kind": "fruittree", "species": "apple", "score": 0.5557522773742676, "crown_m": 2.41, "size": "medium", "crown_color": "#212f30"}}, {"type": "Feature", "geometry": {"type": "Point", "coordinates": [-119.47537690401077, 49.8543967922708]}, "properties": {"source": "deepforest", "kind": "tree", "species": "maple", "score": 0.5549068450927734, "crown_m": 3.75, "size": "large", "crown_color": "#563e39"}}, {"type": "Feature", "geometry": {"type": "Point", "coordinates": [-119.47633847594261, 49.853138705311395]}, "properties": {"source": "deepforest", "kind": "tree", "species": "maple", "score": 0.5543150901794434, "crown_m": 2.12, "size": "medium", "crown_color": "#748f52"}}, {"type": "Feature", "geometry": {"type": "Point", "coordinates": [-119.48027797043324, 49.85683289160062]}, "properties": {"source": "deepforest", "kind": "tree", "species": "pine", "score": 0.554271399974823, "crown_m": 2.5, "size": "medium", "crown_color": "#5e6746"}}, {"type": "Feature", "geometry": {"type": "Point", "coordinates": [-119.47780027985573, 49.85647364492078]}, "properties": {"source": "deepforest", "kind": "tree", "species": "pine", "score": 0.5540617108345032, "crown_m": 2.41, "size": "medium", "crown_color": "#4f6b49"}}, {"type": "Feature", "geometry": {"type": "Point", "coordinates": [-119.48252901434898, 49.85581091208814]}, "properties": {"source": "deepforest", "kind": "tree", "species": "maple", "score": 0.5529199838638306, "crown_m": 2.5, "size": "medium", "crown_color": "#606247"}}, {"type": "Feature", "geometry": {"type": "Point", "coordinates": [-119.48049321770668, 49.85330688446805]}, "properties": {"source": "deepforest", "kind": "tree", "species": "pine", "score": 0.5477866530418396, "crown_m": 1.93, "size": "small", "crown_color": "#536f40"}}, {"type": "Feature", "geometry": {"type": "Point", "coordinates": [-119.48213674128056, 49.85669498615129]}, "properties": {"source": "deepforest", "kind": "tree", "species": "maple", "score": 0.5450069308280945, "crown_m": 3.18, "size": "medium", "crown_color": "#83976f"}}, {"type": "Feature", "geometry": {"type": "Point", "coordinates": [-119.4794887304306, 49.8538909674302]}, "properties": {"source": "deepforest", "kind": "tree", "species": "pine", "score": 0.5420308113098145, "crown_m": 1.93, "size": "small", "crown_color": "#5f7a50"}}, {"type": "Feature", "geometry": {"type": "Point", "coordinates": [-119.4819114357233, 49.8532338195593]}, "properties": {"source": "deepforest", "kind": "tree", "species": "maple", "score": 0.5409483909606934, "crown_m": 3.18, "size": "medium", "crown_color": "#7b7a4e"}}, {"type": "Feature", "geometry": {"type": "Point", "coordinates": [-119.47595961391926, 49.85208595101994]}, "properties": {"source": "deepforest", "kind": "tree", "species": "maple", "score": 0.5409013628959656, "crown_m": 2.21, "size": "medium", "crown_color": "#6d8f4d"}}, {"type": "Feature", "geometry": {"type": "Point", "coordinates": [-119.47931572794914, 49.85690940950148]}, "properties": {"source": "deepforest", "kind": "tree", "species": "pine", "score": 0.5407598614692688, "crown_m": 3.46, "size": "medium", "crown_color": "#4e5e41"}}, {"type": "Feature", "geometry": {"type": "Point", "coordinates": [-119.47553046047688, 49.85366269602478]}, "properties": {"source": "deepforest", "kind": "tree", "species": "maple", "score": 0.5400305390357971, "crown_m": 6.26, "size": "large", "crown_color": "#5a5c42"}}, {"type": "Feature", "geometry": {"type": "Point", "coordinates": [-119.47780027985573, 49.85412745201042]}, "properties": {"source": "deepforest", "kind": "tree", "species": "maple", "score": 0.539357602596283, "crown_m": 5.01, "size": "large", "crown_color": "#514e44"}}, {"type": "Feature", "geometry": {"type": "Point", "coordinates": [-119.47971001267433, 49.853912151653674]}, "properties": {"source": "deepforest", "kind": "tree", "species": "maple", "score": 0.5389708876609802, "crown_m": 1.93, "size": "small", "crown_color": "#66825a"}}, {"type": "Feature", "geometry": {"type": "Point", "coordinates": [-119.47950012981892, 49.852322444432865]}, "properties": {"source": "deepforest", "kind": "tree", "species": "maple", "score": 0.5384109616279602, "crown_m": 7.99, "size": "large", "crown_color": "#7d8269"}}, {"type": "Feature", "geometry": {"type": "Point", "coordinates": [-119.48077216744423, 49.85332893362001]}, "properties": {"source": "deepforest", "kind": "tree", "species": "maple", "score": 0.5365825295448303, "crown_m": 2.79, "size": "medium", "crown_color": "#94a07b"}}, {"type": "Feature", "geometry": {"type": "Point", "coordinates": [-119.47575107216835, 49.85372062864265]}, "properties": {"source": "deepforest", "kind": "tree", "species": "maple", "score": 0.5364646911621094, "crown_m": 3.75, "size": "large", "crown_color": "#4a3b34"}}, {"type": "Feature", "geometry": {"type": "Point", "coordinates": [-119.47847753763199, 49.8559358506755]}, "properties": {"source": "deepforest", "kind": "tree", "species": "maple", "score": 0.5361007452011108, "crown_m": 5.1, "size": "large", "crown_color": "#a5a074"}}, {"type": "Feature", "geometry": {"type": "Point", "coordinates": [-119.47903610765934, 49.856838511563566]}, "properties": {"source": "deepforest", "kind": "tree", "species": "pine", "score": 0.5355604290962219, "crown_m": 3.75, "size": "large", "crown_color": "#5e783f"}}, {"type": "Feature", "geometry": {"type": "Point", "coordinates": [-119.47589859366417, 49.85233325306211]}, "properties": {"source": "deepforest", "kind": "tree", "species": "pine", "score": 0.5350785851478577, "crown_m": 3.08, "size": "medium", "crown_color": "#67804b"}}, {"type": "Feature", "geometry": {"type": "Point", "coordinates": [-119.47918362915516, 49.856442951037295]}, "properties": {"source": "deepforest", "kind": "tree", "species": "pine", "score": 0.5344641804695129, "crown_m": 3.95, "size": "large", "crown_color": "#5f7841"}}, {"type": "Feature", "geometry": {"type": "Point", "coordinates": [-119.47597235441208, 49.85502063561592]}, "properties": {"source": "deepforest", "kind": "tree", "species": "maple", "score": 0.5329027771949768, "crown_m": 5.39, "size": "large", "crown_color": "#718b4c"}}, {"type": "Feature", "geometry": {"type": "Point", "coordinates": [-119.4825404137373, 49.85455848217151]}, "properties": {"source": "deepforest", "kind": "tree", "species": "maple", "score": 0.5304448008537292, "crown_m": 1.64, "size": "small", "crown_color": "#9aa485"}}, {"type": "Feature", "geometry": {"type": "Point", "coordinates": [-119.48183365166187, 49.85461987231297]}, "properties": {"source": "deepforest", "kind": "tree", "species": "pine", "score": 0.5287314057350159, "crown_m": 2.79, "size": "medium", "crown_color": "#677250"}}, {"type": "Feature", "geometry": {"type": "Point", "coordinates": [-119.47796791791916, 49.85690811258892]}, "properties": {"source": "deepforest", "kind": "tree", "species": "pine", "score": 0.5244037508964539, "crown_m": 2.5, "size": "medium", "crown_color": "#5b774a"}}, {"type": "Feature", "geometry": {"type": "Point", "coordinates": [-119.47557404637337, 49.8557780562122]}, "properties": {"source": "deepforest", "kind": "tree", "species": "maple", "score": 0.5242292284965515, "crown_m": 1.93, "size": "small", "crown_color": "#678554"}}, {"type": "Feature", "geometry": {"type": "Point", "coordinates": [-119.48068231344223, 49.854931577391376]}, "properties": {"source": "deepforest", "kind": "tree", "species": "maple", "score": 0.5234408378601074, "crown_m": 2.7, "size": "medium", "crown_color": "#6a6d4b"}}, {"type": "Feature", "geometry": {"type": "Point", "coordinates": [-119.47592675685883, 49.85466396940872]}, "properties": {"source": "deepforest", "kind": "tree", "species": "maple", "score": 0.5221766829490662, "crown_m": 3.95, "size": "large", "crown_color": "#8a7769"}}, {"type": "Feature", "geometry": {"type": "Point", "coordinates": [-119.47974689304829, 49.85490823200439]}, "properties": {"source": "deepforest", "kind": "tree", "species": "pine", "score": 0.5217168927192688, "crown_m": 2.12, "size": "medium", "crown_color": "#374840"}}, {"type": "Feature", "geometry": {"type": "Point", "coordinates": [-119.48185376822948, 49.85711086283054]}, "properties": {"source": "deepforest", "kind": "tree", "species": "maple", "score": 0.5214794874191284, "crown_m": 3.18, "size": "medium", "crown_color": "#8b9674"}}, {"type": "Feature", "geometry": {"type": "Point", "coordinates": [-119.47526760399342, 49.8566396509387]}, "properties": {"source": "deepforest", "kind": "tree", "species": "maple", "score": 0.5202447175979614, "crown_m": 2.41, "size": "medium", "crown_color": "#919576"}}, {"type": "Feature", "geometry": {"type": "Point", "coordinates": [-119.48188327252865, 49.85151524916983]}, "properties": {"source": "deepforest", "kind": "tree", "species": "maple", "score": 0.5192418098449707, "crown_m": 1.54, "size": "small", "crown_color": "#61683f"}}, {"type": "Feature", "geometry": {"type": "Point", "coordinates": [-119.47650477290154, 49.85596222175473]}, "properties": {"source": "deepforest", "kind": "tree", "species": "maple", "score": 0.5191429257392883, "crown_m": 3.27, "size": "medium", "crown_color": "#653f3b"}}, {"type": "Feature", "geometry": {"type": "Point", "coordinates": [-119.48055692017078, 49.856459378752014]}, "properties": {"source": "deepforest", "kind": "tree", "species": "maple", "score": 0.5190339088439941, "crown_m": 1.92, "size": "small", "crown_color": "#81834e"}}, {"type": "Feature", "geometry": {"type": "Point", "coordinates": [-119.47758503258228, 49.8526518903662]}, "properties": {"source": "deepforest", "kind": "tree", "species": "pine", "score": 0.518439531326294, "crown_m": 2.02, "size": "medium", "crown_color": "#516644"}}, {"type": "Feature", "geometry": {"type": "Point", "coordinates": [-119.47841249406338, 49.85642652331698]}, "properties": {"source": "deepforest", "kind": "tree", "species": "pine", "score": 0.517953097820282, "crown_m": 2.89, "size": "medium", "crown_color": "#657a4a"}}, {"type": "Feature", "geometry": {"type": "Point", "coordinates": [-119.48088012635708, 49.852109730117434]}, "properties": {"source": "deepforest", "kind": "tree", "species": "maple", "score": 0.5174897909164429, "crown_m": 4.72, "size": "large", "crown_color": "#858d64"}}, {"type": "Feature", "geometry": {"type": "Point", "coordinates": [-119.47680920362473, 49.852261051372906]}, "properties": {"source": "deepforest", "kind": "tree", "species": "pine", "score": 0.5162225961685181, "crown_m": 3.18, "size": "medium", "crown_color": "#67844a"}}, {"type": "Feature", "geometry": {"type": "Point", "coordinates": [-119.47656981647015, 49.853123141143904]}, "properties": {"source": "deepforest", "kind": "tree", "species": "maple", "score": 0.5148673057556152, "crown_m": 2.6, "size": "medium", "crown_color": "#7c8f64"}}, {"type": "Feature", "geometry": {"type": "Point", "coordinates": [-119.48162376880646, 49.85549705109763]}, "properties": {"source": "deepforest", "kind": "tree", "species": "pine", "score": 0.5139769911766052, "crown_m": 2.89, "size": "medium", "crown_color": "#5d7849"}}, {"type": "Feature", "geometry": {"type": "Point", "coordinates": [-119.48002651333809, 49.85437258197172]}, "properties": {"source": "deepforest", "kind": "tree", "species": "maple", "score": 0.5134357213973999, "crown_m": 8.86, "size": "large", "crown_color": "#819280"}}, {"type": "Feature", "geometry": {"type": "Point", "coordinates": [-119.47598911821842, 49.85533190579102]}, "properties": {"source": "deepforest", "kind": "tree", "species": "maple", "score": 0.5130362510681152, "crown_m": 4.04, "size": "large", "crown_color": "#6b453a"}}, {"type": "Feature", "geometry": {"type": "Point", "coordinates": [-119.47626538574696, 49.85567127446116]}, "properties": {"source": "deepforest", "kind": "tree", "species": "maple", "score": 0.5128064751625061, "crown_m": 2.6, "size": "medium", "crown_color": "#31434a"}}, {"type": "Feature", "geometry": {"type": "Point", "coordinates": [-119.4806957244873, 49.85556622173898]}, "properties": {"source": "deepforest", "kind": "fruittree", "species": "apple", "score": 0.5115493535995483, "crown_m": 1.93, "size": "small", "crown_color": "#4f6659"}}, {"type": "Feature", "geometry": {"type": "Point", "coordinates": [-119.48123015463352, 49.85467088659656]}, "properties": {"source": "deepforest", "kind": "tree", "species": "pine", "score": 0.5111414790153503, "crown_m": 2.6, "size": "medium", "crown_color": "#636d5d"}}, {"type": "Feature", "geometry": {"type": "Point", "coordinates": [-119.47776608169079, 49.854557617521074]}, "properties": {"source": "deepforest", "kind": "tree", "species": "maple", "score": 0.5108973383903503, "crown_m": 2.6, "size": "medium", "crown_color": "#ec8473"}}, {"type": "Feature", "geometry": {"type": "Point", "coordinates": [-119.47985485196114, 49.851660951722195]}, "properties": {"source": "deepforest", "kind": "tree", "species": "maple", "score": 0.5073487162590027, "crown_m": 2.02, "size": "medium", "crown_color": "#7f986a"}}, {"type": "Feature", "geometry": {"type": "Point", "coordinates": [-119.47817377746105, 49.856442951037295]}, "properties": {"source": "deepforest", "kind": "tree", "species": "maple", "score": 0.5072612166404724, "crown_m": 7.8, "size": "large", "crown_color": "#773d3d"}}, {"type": "Feature", "geometry": {"type": "Point", "coordinates": [-119.48123082518578, 49.8548364664849]}, "properties": {"source": "deepforest", "kind": "tree", "species": "pine", "score": 0.5061821341514587, "crown_m": 4.04, "size": "large", "crown_color": "#5c6653"}}, {"type": "Feature", "geometry": {"type": "Point", "coordinates": [-119.48012240231037, 49.85355720660195]}, "properties": {"source": "deepforest", "kind": "tree", "species": "maple", "score": 0.5043165683746338, "crown_m": 2.02, "size": "medium", "crown_color": "#889c71"}}, {"type": "Feature", "geometry": {"type": "Point", "coordinates": [-119.47705797851086, 49.85170418681642]}, "properties": {"source": "deepforest", "kind": "tree", "species": "maple", "score": 0.5036070942878723, "crown_m": 2.98, "size": "medium", "crown_color": "#686b46"}}, {"type": "Feature", "geometry": {"type": "Point", "coordinates": [-119.47909712791443, 49.85571709985691]}, "properties": {"source": "deepforest", "kind": "tree", "species": "maple", "score": 0.5035141110420227, "crown_m": 12.8, "size": "large", "crown_color": "#60654f"}}, {"type": "Feature", "geometry": {"type": "Point", "coordinates": [-119.47748176753521, 49.8527552200585]}, "properties": {"source": "deepforest", "kind": "tree", "species": "pine", "score": 0.503235399723053, "crown_m": 2.7, "size": "medium", "crown_color": "#546348"}}, {"type": "Feature", "geometry": {"type": "Point", "coordinates": [-119.48023840785027, 49.85641960638046]}, "properties": {"source": "deepforest", "kind": "tree", "species": "pine", "score": 0.5029977560043335, "crown_m": 2.5, "size": "medium", "crown_color": "#3c4837"}}, {"type": "Feature", "geometry": {"type": "Point", "coordinates": [-119.47837762534618, 49.85530380509366]}, "properties": {"source": "deepforest", "kind": "tree", "species": "pine", "score": 0.5024474859237671, "crown_m": 12.8, "size": "large", "crown_color": "#5f6e40"}}, {"type": "Feature", "geometry": {"type": "Point", "coordinates": [-119.4800727814436, 49.85660809254691]}, "properties": {"source": "deepforest", "kind": "tree", "species": "pine", "score": 0.5020850896835327, "crown_m": 4.04, "size": "large", "crown_color": "#687a51"}}, {"type": "Feature", "geometry": {"type": "Point", "coordinates": [-119.48004394769669, 49.85349278876738]}, "properties": {"source": "deepforest", "kind": "fruittree", "species": "apple", "score": 0.5016716718673706, "crown_m": 2.12, "size": "medium", "crown_color": "#70885e"}}, {"type": "Feature", "geometry": {"type": "Point", "coordinates": [-119.47643369436264, 49.85418279009976]}, "properties": {"source": "deepforest", "kind": "tree", "species": "maple", "score": 0.5010509490966797, "crown_m": 5.97, "size": "large", "crown_color": "#a2a68d"}}, {"type": "Feature", "geometry": {"type": "Point", "coordinates": [-119.47730675339699, 49.852113621241365]}, "properties": {"source": "deepforest", "kind": "tree", "species": "pine", "score": 0.5001051425933838, "crown_m": 2.5, "size": "medium", "crown_color": "#5b7048"}}, {"type": "Feature", "geometry": {"type": "Point", "coordinates": [-119.47484917938709, 49.85421262076226]}, "properties": {"source": "deepforest", "kind": "tree", "species": "maple", "score": 0.49949076771736145, "crown_m": 2.79, "size": "medium", "crown_color": "#949b84"}}, {"type": "Feature", "geometry": {"type": "Point", "coordinates": [-119.47647795081139, 49.85438684875656]}, "properties": {"source": "deepforest", "kind": "tree", "species": "pine", "score": 0.4991711378097534, "crown_m": 3.08, "size": "medium", "crown_color": "#627958"}}, {"type": "Feature", "geometry": {"type": "Point", "coordinates": [-119.48192819952965, 49.85646110798481]}, "properties": {"source": "deepforest", "kind": "tree", "species": "maple", "score": 0.4985392093658447, "crown_m": 2.89, "size": "medium", "crown_color": "#565c47"}}, {"type": "Feature", "geometry": {"type": "Point", "coordinates": [-119.47738453745842, 49.856221176342]}, "properties": {"source": "deepforest", "kind": "tree", "species": "pine", "score": 0.4978903532028198, "crown_m": 6.26, "size": "large", "crown_color": "#616d47"}}, {"type": "Feature", "geometry": {"type": "Point", "coordinates": [-119.48141925036907, 49.85603744409837]}, "properties": {"source": "deepforest", "kind": "tree", "species": "maple", "score": 0.4968486726284027, "crown_m": 2.41, "size": "medium", "crown_color": "#82806c"}}, {"type": "Feature", "geometry": {"type": "Point", "coordinates": [-119.47569005191326, 49.85249365283599]}, "properties": {"source": "deepforest", "kind": "tree", "species": "pine", "score": 0.4950028955936432, "crown_m": 2.21, "size": "medium", "crown_color": "#6b8645"}}, {"type": "Feature", "geometry": {"type": "Point", "coordinates": [-119.4810189306736, 49.85618832074502]}, "properties": {"source": "deepforest", "kind": "tree", "species": "maple", "score": 0.49336332082748413, "crown_m": 2.98, "size": "medium", "crown_color": "#6e8357"}}, {"type": "Feature", "geometry": {"type": "Point", "coordinates": [-119.47944179177284, 49.85483733113035]}, "properties": {"source": "deepforest", "kind": "tree", "species": "pine", "score": 0.49313923716545105, "crown_m": 4.43, "size": "large", "crown_color": "#59664d"}}, {"type": "Feature", "geometry": {"type": "Point", "coordinates": [-119.47870686650276, 49.8564658633747]}, "properties": {"source": "deepforest", "kind": "tree", "species": "maple", "score": 0.4930385947227478, "crown_m": 5.97, "size": "large", "crown_color": "#828362"}}, {"type": "Feature", "geometry": {"type": "Point", "coordinates": [-119.47632104158401, 49.852774243073995]}, "properties": {"source": "deepforest", "kind": "tree", "species": "maple", "score": 0.49178045988082886, "crown_m": 2.5, "size": "medium", "crown_color": "#19252b"}}, {"type": "Feature", "geometry": {"type": "Point", "coordinates": [-119.48103569447994, 49.852607791434444]}, "properties": {"source": "deepforest", "kind": "fruittree", "species": "apple", "score": 0.49141836166381836, "crown_m": 3.18, "size": "medium", "crown_color": "#748d51"}}, {"type": "Feature", "geometry": {"type": "Point", "coordinates": [-119.48205292224884, 49.8515766431772]}, "properties": {"source": "deepforest", "kind": "tree", "species": "maple", "score": 0.49105167388916016, "crown_m": 2.89, "size": "medium", "crown_color": "#8f4b4b"}}, {"type": "Feature", "geometry": {"type": "Point", "coordinates": [-119.4800727814436, 49.85341367144369]}, "properties": {"source": "deepforest", "kind": "tree", "species": "maple", "score": 0.49021270871162415, "crown_m": 2.79, "size": "medium", "crown_color": "#8c9b73"}}, {"type": "Feature", "geometry": {"type": "Point", "coordinates": [-119.47847351431847, 49.856254896536726]}, "properties": {"source": "deepforest", "kind": "tree", "species": "maple", "score": 0.48922598361968994, "crown_m": 2.12, "size": "medium", "crown_color": "#6e845f"}}, {"type": "Feature", "geometry": {"type": "Point", "coordinates": [-119.48228426277637, 49.855653981847695]}, "properties": {"source": "deepforest", "kind": "tree", "species": "maple", "score": 0.4889852702617645, "crown_m": 1.83, "size": "small", "crown_color": "#333d46"}}, {"type": "Feature", "geometry": {"type": "Point", "coordinates": [-119.48254778981209, 49.85231422987303]}, "properties": {"source": "deepforest", "kind": "tree", "species": "maple", "score": 0.4863653779029846, "crown_m": 2.12, "size": "medium", "crown_color": "#768b5e"}}, {"type": "Feature", "geometry": {"type": "Point", "coordinates": [-119.47647124528885, 49.856453326436714]}, "properties": {"source": "deepforest", "kind": "tree", "species": "pine", "score": 0.4843319356441498, "crown_m": 5.2, "size": "large", "crown_color": "#5c674f"}}, {"type": "Feature", "geometry": {"type": "Point", "coordinates": [-119.48217362165451, 49.855336228973776]}, "properties": {"source": "deepforest", "kind": "tree", "species": "pine", "score": 0.481582909822464, "crown_m": 7.32, "size": "large", "crown_color": "#626a5e"}}, {"type": "Feature", "geometry": {"type": "Point", "coordinates": [-119.47639547288418, 49.85169510744984]}, "properties": {"source": "deepforest", "kind": "tree", "species": "maple", "score": 0.48107340931892395, "crown_m": 1.64, "size": "small", "crown_color": "#869f64"}}, {"type": "Feature", "geometry": {"type": "Point", "coordinates": [-119.47992324829102, 49.85160950190965]}, "properties": {"source": "deepforest", "kind": "tree", "species": "pine", "score": 0.48069706559181213, "crown_m": 2.31, "size": "medium", "crown_color": "#162015"}}, {"type": "Feature", "geometry": {"type": "Point", "coordinates": [-119.47579935193062, 49.85232892961071]}, "properties": {"source": "deepforest", "kind": "tree", "species": "maple", "score": 0.47912535071372986, "crown_m": 2.5, "size": "medium", "crown_color": "#708d4f"}}, {"type": "Feature", "geometry": {"type": "Point", "coordinates": [-119.47997353971004, 49.85357449996573]}, "properties": {"source": "deepforest", "kind": "tree", "species": "maple", "score": 0.4790647625923157, "crown_m": 1.83, "size": "small", "crown_color": "#6d855b"}}, {"type": "Feature", "geometry": {"type": "Point", "coordinates": [-119.47708882391453, 49.85260346800759]}, "properties": {"source": "deepforest", "kind": "tree", "species": "pine", "score": 0.4789969325065613, "crown_m": 4.33, "size": "large", "crown_color": "#5c6d46"}}, {"type": "Feature", "geometry": {"type": "Point", "coordinates": [-119.47699561715126, 49.85384730196067]}, "properties": {"source": "deepforest", "kind": "tree", "species": "pine", "score": 0.4784918427467346, "crown_m": 4.24, "size": "large", "crown_color": "#6e7b4a"}}, {"type": "Feature", "geometry": {"type": "Point", "coordinates": [-119.47609104216099, 49.85661155100182]}, "properties": {"source": "deepforest", "kind": "tree", "species": "pine", "score": 0.47816306352615356, "crown_m": 2.31, "size": "medium", "crown_color": "#5b724e"}}, {"type": "Feature", "geometry": {"type": "Point", "coordinates": [-119.47676829993725, 49.85621728554879]}, "properties": {"source": "deepforest", "kind": "tree", "species": "pine", "score": 0.4774165153503418, "crown_m": 2.41, "size": "medium", "crown_color": "#536340"}}, {"type": "Feature", "geometry": {"type": "Point", "coordinates": [-119.47839975357056, 49.85499080545219]}, "properties": {"source": "deepforest", "kind": "tree", "species": "maple", "score": 0.47716763615608215, "crown_m": 2.02, "size": "medium", "crown_color": "#98a99d"}}, {"type": "Feature", "geometry": {"type": "Point", "coordinates": [-119.47957456111908, 49.85659080026869]}, "properties": {"source": "deepforest", "kind": "tree", "species": "maple", "score": 0.4757540822029114, "crown_m": 2.5, "size": "medium", "crown_color": "#72864f"}}, {"type": "Feature", "geometry": {"type": "Point", "coordinates": [-119.48261484503746, 49.85472968265319]}, "properties": {"source": "deepforest", "kind": "tree", "species": "maple", "score": 0.4754233956336975, "crown_m": 2.41, "size": "medium", "crown_color": "#7b8a6d"}}, {"type": "Feature", "geometry": {"type": "Point", "coordinates": [-119.47646722197533, 49.85637334934193]}, "properties": {"source": "deepforest", "kind": "tree", "species": "pine", "score": 0.47408971190452576, "crown_m": 2.6, "size": "medium", "crown_color": "#677049"}}, {"type": "Feature", "geometry": {"type": "Point", "coordinates": [-119.47590664029121, 49.85216766459693]}, "properties": {"source": "deepforest", "kind": "tree", "species": "pine", "score": 0.4736618399620056, "crown_m": 2.41, "size": "medium", "crown_color": "#5e7e3e"}}, {"type": "Feature", "geometry": {"type": "Point", "coordinates": [-119.47711162269115, 49.85592893366873]}, "properties": {"source": "deepforest", "kind": "tree", "species": "pine", "score": 0.47240346670150757, "crown_m": 2.79, "size": "medium", "crown_color": "#69784c"}}, {"type": "Feature", "geometry": {"type": "Point", "coordinates": [-119.48074400424957, 49.853299102412024]}, "properties": {"source": "deepforest", "kind": "tree", "species": "maple", "score": 0.47135525941848755, "crown_m": 1.93, "size": "small", "crown_color": "#82956d"}}, {"type": "Feature", "geometry": {"type": "Point", "coordinates": [-119.47942234575748, 49.85153470502568]}, "properties": {"source": "deepforest", "kind": "tree", "species": "maple", "score": 0.47100359201431274, "crown_m": 2.41, "size": "medium", "crown_color": "#6c8751"}}, {"type": "Feature", "geometry": {"type": "Point", "coordinates": [-119.47709083557129, 49.85370938799089]}, "properties": {"source": "deepforest", "kind": "tree", "species": "maple", "score": 0.4706050753593445, "crown_m": 4.33, "size": "large", "crown_color": "#838157"}}, {"type": "Feature", "geometry": {"type": "Point", "coordinates": [-119.4766066968441, 49.85679744258853]}, "properties": {"source": "deepforest", "kind": "tree", "species": "pine", "score": 0.47022974491119385, "crown_m": 2.5, "size": "medium", "crown_color": "#576d52"}}, {"type": "Feature", "geometry": {"type": "Point", "coordinates": [-119.48206432163715, 49.8545710196011]}, "properties": {"source": "deepforest", "kind": "tree", "species": "pine", "score": 0.46923479437828064, "crown_m": 8.28, "size": "large", "crown_color": "#596151"}}, {"type": "Feature", "geometry": {"type": "Point", "coordinates": [-119.48181085288525, 49.85692799857775]}, "properties": {"source": "deepforest", "kind": "tree", "species": "maple", "score": 0.46786120533943176, "crown_m": 2.6, "size": "medium", "crown_color": "#3f462b"}}, {"type": "Feature", "geometry": {"type": "Point", "coordinates": [-119.48257125914097, 49.85554244434219]}, "properties": {"source": "deepforest", "kind": "tree", "species": "maple", "score": 0.46753451228141785, "crown_m": 3.37, "size": "medium", "crown_color": "#687964"}}, {"type": "Feature", "geometry": {"type": "Point", "coordinates": [-119.48093108832836, 49.85552774558196]}, "properties": {"source": "deepforest", "kind": "tree", "species": "maple", "score": 0.4674549400806427, "crown_m": 3.37, "size": "medium", "crown_color": "#8f9571"}}, {"type": "Feature", "geometry": {"type": "Point", "coordinates": [-119.4795336574316, 49.85598599894497]}, "properties": {"source": "deepforest", "kind": "tree", "species": "pine", "score": 0.46687987446784973, "crown_m": 4.91, "size": "large", "crown_color": "#67814a"}}, {"type": "Feature", "geometry": {"type": "Point", "coordinates": [-119.48092639446259, 49.8522230049304]}, "properties": {"source": "deepforest", "kind": "tree", "species": "maple", "score": 0.4667935073375702, "crown_m": 8.76, "size": "large", "crown_color": "#808468"}}, {"type": "Feature", "geometry": {"type": "Point", "coordinates": [-119.47862036526203, 49.85442705512759]}, "properties": {"source": "deepforest", "kind": "fruittree", "species": "apple", "score": 0.46512678265571594, "crown_m": 2.6, "size": "medium", "crown_color": "#34302f"}}, {"type": "Feature", "geometry": {"type": "Point", "coordinates": [-119.48195703327656, 49.85184167415903]}, "properties": {"source": "deepforest", "kind": "tree", "species": "pine", "score": 0.46357691287994385, "crown_m": 2.6, "size": "medium", "crown_color": "#597746"}}, {"type": "Feature", "geometry": {"type": "Point", "coordinates": [-119.4781281799078, 49.85353386055102]}, "properties": {"source": "deepforest", "kind": "tree", "species": "maple", "score": 0.4622311592102051, "crown_m": 1.83, "size": "small", "crown_color": "#1a1d12"}}, {"type": "Feature", "geometry": {"type": "Point", "coordinates": [-119.47609774768353, 49.85203190757299]}, "properties": {"source": "deepforest", "kind": "tree", "species": "maple", "score": 0.4615846276283264, "crown_m": 2.79, "size": "medium", "crown_color": "#6a8c4e"}}, {"type": "Feature", "geometry": {"type": "Point", "coordinates": [-119.4792627543211, 49.855125689524165]}, "properties": {"source": "deepforest", "kind": "fruittree", "species": "apple", "score": 0.4600817561149597, "crown_m": 10.49, "size": "large", "crown_color": "#4e5b40"}}, {"type": "Feature", "geometry": {"type": "Point", "coordinates": [-119.47620570659637, 49.85690206032982]}, "properties": {"source": "deepforest", "kind": "tree", "species": "pine", "score": 0.46001797914505005, "crown_m": 2.31, "size": "medium", "crown_color": "#495136"}}, {"type": "Feature", "geometry": {"type": "Point", "coordinates": [-119.47997353971004, 49.854108861856794]}, "properties": {"source": "deepforest", "kind": "tree", "species": "pine", "score": 0.4591309428215027, "crown_m": 3.37, "size": "medium", "crown_color": "#4f6b45"}}, {"type": "Feature", "geometry": {"type": "Point", "coordinates": [-119.48113694787025, 49.85467953307996]}, "properties": {"source": "deepforest", "kind": "tree", "species": "pine", "score": 0.45890334248542786, "crown_m": 2.6, "size": "medium", "crown_color": "#546357"}}, {"type": "Feature", "geometry": {"type": "Point", "coordinates": [-119.47572760283947, 49.853639350024814]}, "properties": {"source": "deepforest", "kind": "tree", "species": "pine", "score": 0.4588656723499298, "crown_m": 2.6, "size": "medium", "crown_color": "#576c44"}}, {"type": "Feature", "geometry": {"type": "Point", "coordinates": [-119.47801753878593, 49.853498409118785]}, "properties": {"source": "deepforest", "kind": "tree", "species": "maple", "score": 0.45762771368026733, "crown_m": 1.83, "size": "small", "crown_color": "#2b363f"}}, {"type": "Feature", "geometry": {"type": "Point", "coordinates": [-119.48261752724648, 49.85434448071649]}, "properties": {"source": "deepforest", "kind": "fruittree", "species": "apple", "score": 0.456552118062973, "crown_m": 1.93, "size": "small", "crown_color": "#464a2a"}}, {"type": "Feature", "geometry": {"type": "Point", "coordinates": [-119.47538360953331, 49.855135200566316]}, "properties": {"source": "deepforest", "kind": "tree", "species": "pine", "score": 0.4543627202510834, "crown_m": 10.78, "size": "large", "crown_color": "#627b46"}}, {"type": "Feature", "geometry": {"type": "Point", "coordinates": [-119.48138304054737, 49.85418365475691]}, "properties": {"source": "deepforest", "kind": "tree", "species": "pine", "score": 0.45416906476020813, "crown_m": 2.5, "size": "medium", "crown_color": "#495944"}}, {"type": "Feature", "geometry": {"type": "Point", "coordinates": [-119.48200531303883, 49.854236398813384]}, "properties": {"source": "deepforest", "kind": "tree", "species": "pine", "score": 0.45409098267555237, "crown_m": 2.6, "size": "medium", "crown_color": "#49513e"}}, {"type": "Feature", "geometry": {"type": "Point", "coordinates": [-119.48042213916779, 49.85577286844028]}, "properties": {"source": "deepforest", "kind": "tree", "species": "pine", "score": 0.45289307832717896, "crown_m": 2.31, "size": "medium", "crown_color": "#3e513f"}}, {"type": "Feature", "geometry": {"type": "Point", "coordinates": [-119.47620436549187, 49.853098497868494]}, "properties": {"source": "deepforest", "kind": "tree", "species": "pine", "score": 0.4516628086566925, "crown_m": 5.58, "size": "large", "crown_color": "#607e47"}}, {"type": "Feature", "geometry": {"type": "Point", "coordinates": [-119.48023706674576, 49.85380493344757]}, "properties": {"source": "deepforest", "kind": "tree", "species": "maple", "score": 0.44963550567626953, "crown_m": 5.01, "size": "large", "crown_color": "#9ca07b"}}, {"type": "Feature", "geometry": {"type": "Point", "coordinates": [-119.47758167982101, 49.85371587298261]}, "properties": {"source": "deepforest", "kind": "tree", "species": "maple", "score": 0.4480476379394531, "crown_m": 2.5, "size": "medium", "crown_color": "#303e3f"}}, {"type": "Feature", "geometry": {"type": "Point", "coordinates": [-119.47507582604885, 49.855050898082034]}, "properties": {"source": "deepforest", "kind": "tree", "species": "maple", "score": 0.44800829887390137, "crown_m": 2.89, "size": "medium", "crown_color": "#94967d"}}, {"type": "Feature", "geometry": {"type": "Point", "coordinates": [-119.47537422180176, 49.85578065009796]}, "properties": {"source": "deepforest", "kind": "tree", "species": "pine", "score": 0.4475589394569397, "crown_m": 2.5, "size": "medium", "crown_color": "#63724e"}}, {"type": "Feature", "geometry": {"type": "Point", "coordinates": [-119.47960205376148, 49.853193179858096]}, "properties": {"source": "deepforest", "kind": "tree", "species": "pine", "score": 0.447361022233963, "crown_m": 2.21, "size": "medium", "crown_color": "#546951"}}, {"type": "Feature", "geometry": {"type": "Point", "coordinates": [-119.47646789252758, 49.85622636406579]}, "properties": {"source": "deepforest", "kind": "tree", "species": "maple", "score": 0.4468337893486023, "crown_m": 2.6, "size": "medium", "crown_color": "#867d7b"}}, {"type": "Feature", "geometry": {"type": "Point", "coordinates": [-119.47920575737953, 49.852515702358964]}, "properties": {"source": "deepforest", "kind": "tree", "species": "pine", "score": 0.4464877247810364, "crown_m": 1.73, "size": "small", "crown_color": "#677959"}}, {"type": "Feature", "geometry": {"type": "Point", "coordinates": [-119.48035173118114, 49.85503274060465]}, "properties": {"source": "deepforest", "kind": "tree", "species": "maple", "score": 0.4453030526638031, "crown_m": 1.93, "size": "small", "crown_color": "#2b3936"}}, {"type": "Feature", "geometry": {"type": "Point", "coordinates": [-119.47980053722858, 49.856196534646365]}, "properties": {"source": "deepforest", "kind": "tree", "species": "pine", "score": 0.4448332190513611, "crown_m": 1.92, "size": "small", "crown_color": "#526745"}}, {"type": "Feature", "geometry": {"type": "Point", "coordinates": [-119.4817216694355, 49.85331164016834]}, "properties": {"source": "deepforest", "kind": "tree", "species": "pine", "score": 0.4444335997104645, "crown_m": 1.93, "size": "small", "crown_color": "#212d18"}}, {"type": "Feature", "geometry": {"type": "Point", "coordinates": [-119.47528839111328, 49.8566171709905]}, "properties": {"source": "deepforest", "kind": "tree", "species": "maple", "score": 0.44314420223236084, "crown_m": 2.5, "size": "medium", "crown_color": "#8a8b6c"}}, {"type": "Feature", "geometry": {"type": "Point", "coordinates": [-119.4799393415451, 49.85163241653881]}, "properties": {"source": "deepforest", "kind": "tree", "species": "maple", "score": 0.4420681893825531, "crown_m": 2.6, "size": "medium", "crown_color": "#6c7b5e"}}, {"type": "Feature", "geometry": {"type": "Point", "coordinates": [-119.4785526394844, 49.85154335207021]}, "properties": {"source": "deepforest", "kind": "tree", "species": "maple", "score": 0.44101086258888245, "crown_m": 3.18, "size": "medium", "crown_color": "#7d7855"}}, {"type": "Feature", "geometry": {"type": "Point", "coordinates": [-119.47724975645542, 49.85472535941618]}, "properties": {"source": "deepforest", "kind": "tree", "species": "maple", "score": 0.439998060464859, "crown_m": 2.41, "size": "medium", "crown_color": "#483635"}}, {"type": "Feature", "geometry": {"type": "Point", "coordinates": [-119.48283143341541, 49.856110937079656]}, "properties": {"source": "deepforest", "kind": "tree", "species": "maple", "score": 0.4398602247238159, "crown_m": 2.31, "size": "medium", "crown_color": "#678456"}}, {"type": "Feature", "geometry": {"type": "Point", "coordinates": [-119.48262020945549, 49.854177169827956]}, "properties": {"source": "deepforest", "kind": "tree", "species": "maple", "score": 0.43935921788215637, "crown_m": 7.22, "size": "large", "crown_color": "#737969"}}, {"type": "Feature", "geometry": {"type": "Point", "coordinates": [-119.4753098487854, 49.85538119005155]}, "properties": {"source": "deepforest", "kind": "tree", "species": "pine", "score": 0.4393310546875, "crown_m": 2.89, "size": "medium", "crown_color": "#646d48"}}, {"type": "Feature", "geometry": {"type": "Point", "coordinates": [-119.47550967335701, 49.85458053075242]}, "properties": {"source": "deepforest", "kind": "tree", "species": "maple", "score": 0.4380277991294861, "crown_m": 9.24, "size": "large", "crown_color": "#697460"}}, {"type": "Feature", "geometry": {"type": "Point", "coordinates": [-119.47574436664581, 49.852408913399145]}, "properties": {"source": "deepforest", "kind": "tree", "species": "maple", "score": 0.43788114190101624, "crown_m": 2.02, "size": "medium", "crown_color": "#769551"}}, {"type": "Feature", "geometry": {"type": "Point", "coordinates": [-119.47970397770405, 49.85394717045172]}, "properties": {"source": "deepforest", "kind": "tree", "species": "pine", "score": 0.43538856506347656, "crown_m": 2.02, "size": "medium", "crown_color": "#607958"}}, {"type": "Feature", "geometry": {"type": "Point", "coordinates": [-119.4790294021368, 49.85455848217151]}, "properties": {"source": "deepforest", "kind": "tree", "species": "pine", "score": 0.43517518043518066, "crown_m": 2.02, "size": "medium", "crown_color": "#262f1f"}}, {"type": "Feature", "geometry": {"type": "Point", "coordinates": [-119.47800815105438, 49.85690811258892]}, "properties": {"source": "deepforest", "kind": "tree", "species": "pine", "score": 0.43486785888671875, "crown_m": 2.12, "size": "medium", "crown_color": "#141f17"}}, {"type": "Feature", "geometry": {"type": "Point", "coordinates": [-119.47713308036327, 49.85253861655846]}, "properties": {"source": "deepforest", "kind": "tree", "species": "pine", "score": 0.43352946639060974, "crown_m": 2.79, "size": "medium", "crown_color": "#5e7b47"}}, {"type": "Feature", "geometry": {"type": "Point", "coordinates": [-119.4813870638609, 49.85450357683808]}, "properties": {"source": "deepforest", "kind": "tree", "species": "maple", "score": 0.43345871567726135, "crown_m": 2.89, "size": "medium", "crown_color": "#64635a"}}, {"type": "Feature", "geometry": {"type": "Point", "coordinates": [-119.47529576718807, 49.85684586074489]}, "properties": {"source": "deepforest", "kind": "tree", "species": "maple", "score": 0.4331473112106323, "crown_m": 4.62, "size": "large", "crown_color": "#878a7c"}}, {"type": "Feature", "geometry": {"type": "Point", "coordinates": [-119.47896502912045, 49.856470186456015]}, "properties": {"source": "deepforest", "kind": "tree", "species": "maple", "score": 0.4324887990951538, "crown_m": 4.33, "size": "large", "crown_color": "#6b6954"}}, {"type": "Feature", "geometry": {"type": "Point", "coordinates": [-119.47832331061363, 49.85164192826848]}, "properties": {"source": "deepforest", "kind": "tree", "species": "pine", "score": 0.4324862062931061, "crown_m": 2.41, "size": "medium", "crown_color": "#506244"}}, {"type": "Feature", "geometry": {"type": "Point", "coordinates": [-119.48141187429428, 49.855370382103985]}, "properties": {"source": "deepforest", "kind": "tree", "species": "pine", "score": 0.43240079283714294, "crown_m": 3.47, "size": "medium", "crown_color": "#576551"}}, {"type": "Feature", "geometry": {"type": "Point", "coordinates": [-119.48254711925983, 49.85538032541584]}, "properties": {"source": "deepforest", "kind": "tree", "species": "pine", "score": 0.4298800230026245, "crown_m": 1.64, "size": "small", "crown_color": "#394a40"}}, {"type": "Feature", "geometry": {"type": "Point", "coordinates": [-119.48108196258545, 49.85590947958188]}, "properties": {"source": "deepforest", "kind": "tree", "species": "pine", "score": 0.42929667234420776, "crown_m": 2.5, "size": "medium", "crown_color": "#5a6557"}}, {"type": "Feature", "geometry": {"type": "Point", "coordinates": [-119.47808861732483, 49.85672481526302]}, "properties": {"source": "deepforest", "kind": "tree", "species": "maple", "score": 0.4290775954723358, "crown_m": 2.5, "size": "medium", "crown_color": "#728951"}}, {"type": "Feature", "geometry": {"type": "Point", "coordinates": [-119.48086000978947, 49.85467910075583]}, "properties": {"source": "deepforest", "kind": "tree", "species": "maple", "score": 0.4288254380226135, "crown_m": 6.74, "size": "large", "crown_color": "#67756d"}}, {"type": "Feature", "geometry": {"type": "Point", "coordinates": [-119.47603404521942, 49.8527361970355]}, "properties": {"source": "deepforest", "kind": "fruittree", "species": "apple", "score": 0.42879152297973633, "crown_m": 2.7, "size": "medium", "crown_color": "#526e3d"}}, {"type": "Feature", "geometry": {"type": "Point", "coordinates": [-119.47558745741844, 49.856927566273725]}, "properties": {"source": "deepforest", "kind": "tree", "species": "maple", "score": 0.4286341071128845, "crown_m": 1.73, "size": "small", "crown_color": "#aab2a0"}}, {"type": "Feature", "geometry": {"type": "Point", "coordinates": [-119.47678036987782, 49.854749137215016]}, "properties": {"source": "deepforest", "kind": "tree", "species": "pine", "score": 0.42815378308296204, "crown_m": 2.02, "size": "medium", "crown_color": "#283023"}}, {"type": "Feature", "geometry": {"type": "Point", "coordinates": [-119.48008686304092, 49.85199602269084]}, "properties": {"source": "deepforest", "kind": "tree", "species": "pine", "score": 0.4275903105735779, "crown_m": 6.93, "size": "large", "crown_color": "#49533f"}}, {"type": "Feature", "geometry": {"type": "Point", "coordinates": [-119.48276236653328, 49.85504052238151]}, "properties": {"source": "deepforest", "kind": "tree", "species": "maple", "score": 0.4275585412979126, "crown_m": 2.89, "size": "medium", "crown_color": "#394e5b"}}, {"type": "Feature", "geometry": {"type": "Point", "coordinates": [-119.47596564888954, 49.85222819308342]}, "properties": {"source": "deepforest", "kind": "tree", "species": "pine", "score": 0.4273295998573303, "crown_m": 2.98, "size": "medium", "crown_color": "#54753e"}}, {"type": "Feature", "geometry": {"type": "Point", "coordinates": [-119.47951890528202, 49.851560213802586]}, "properties": {"source": "deepforest", "kind": "tree", "species": "maple", "score": 0.42712652683258057, "crown_m": 5.97, "size": "large", "crown_color": "#7b8e69"}}, {"type": "Feature", "geometry": {"type": "Point", "coordinates": [-119.47981663048267, 49.855919422782804]}, "properties": {"source": "deepforest", "kind": "tree", "species": "pine", "score": 0.42631158232688904, "crown_m": 11.65, "size": "large", "crown_color": "#4e563f"}}, {"type": "Feature", "geometry": {"type": "Point", "coordinates": [-119.48160231113434, 49.85175823062983]}, "properties": {"source": "deepforest", "kind": "tree", "species": "maple", "score": 0.4260689914226532, "crown_m": 2.31, "size": "medium", "crown_color": "#6e864a"}}, {"type": "Feature", "geometry": {"type": "Point", "coordinates": [-119.48263630270958, 49.85432545831908]}, "properties": {"source": "deepforest", "kind": "tree", "species": "pine", "score": 0.42544257640838623, "crown_m": 2.12, "size": "medium", "crown_color": "#3d4629"}}, {"type": "Feature", "geometry": {"type": "Point", "coordinates": [-119.47802491486073, 49.853536022222876]}, "properties": {"source": "deepforest", "kind": "tree", "species": "pine", "score": 0.42539146542549133, "crown_m": 2.12, "size": "medium", "crown_color": "#434f3d"}}, {"type": "Feature", "geometry": {"type": "Point", "coordinates": [-119.48208577930927, 49.854740923067645]}, "properties": {"source": "deepforest", "kind": "tree", "species": "maple", "score": 0.4250031113624573, "crown_m": 5.49, "size": "large", "crown_color": "#838b5c"}}, {"type": "Feature", "geometry": {"type": "Point", "coordinates": [-119.47671197354794, 49.856182700706455]}, "properties": {"source": "deepforest", "kind": "tree", "species": "pine", "score": 0.42485976219177246, "crown_m": 5.97, "size": "large", "crown_color": "#5b774b"}}, {"type": "Feature", "geometry": {"type": "Point", "coordinates": [-119.47935126721859, 49.853117520748874]}, "properties": {"source": "deepforest", "kind": "tree", "species": "pine", "score": 0.42453938722610474, "crown_m": 2.31, "size": "medium", "crown_color": "#3f4d44"}}, {"type": "Feature", "geometry": {"type": "Point", "coordinates": [-119.48206968605518, 49.853201826605904]}, "properties": {"source": "deepforest", "kind": "tree", "species": "pine", "score": 0.42354539036750793, "crown_m": 2.6, "size": "medium", "crown_color": "#4f5a50"}}, {"type": "Feature", "geometry": {"type": "Point", "coordinates": [-119.47783447802067, 49.85417673749932]}, "properties": {"source": "deepforest", "kind": "tree", "species": "maple", "score": 0.42287948727607727, "crown_m": 3.27, "size": "medium", "crown_color": "#6b4443"}}, {"type": "Feature", "geometry": {"type": "Point", "coordinates": [-119.47645783424377, 49.852327200230036]}, "properties": {"source": "deepforest", "kind": "tree", "species": "pine", "score": 0.42188799381256104, "crown_m": 3.27, "size": "medium", "crown_color": "#577447"}}, {"type": "Feature", "geometry": {"type": "Point", "coordinates": [-119.48039263486862, 49.85244609500707]}, "properties": {"source": "deepforest", "kind": "tree", "species": "maple", "score": 0.4212617576122284, "crown_m": 5.49, "size": "large", "crown_color": "#797d59"}}, {"type": "Feature", "geometry": {"type": "Point", "coordinates": [-119.481857791543, 49.852750031962046]}, "properties": {"source": "deepforest", "kind": "tree", "species": "maple", "score": 0.42096996307373047, "crown_m": 7.32, "size": "large", "crown_color": "#a29e79"}}, {"type": "Feature", "geometry": {"type": "Point", "coordinates": [-119.47677969932556, 49.852661401895226]}, "properties": {"source": "deepforest", "kind": "tree", "species": "pine", "score": 0.42058736085891724, "crown_m": 2.21, "size": "medium", "crown_color": "#677b46"}}, {"type": "Feature", "geometry": {"type": "Point", "coordinates": [-119.47803698480129, 49.85623717182192]}, "properties": {"source": "deepforest", "kind": "tree", "species": "pine", "score": 0.4201383888721466, "crown_m": 2.69, "size": "medium", "crown_color": "#546244"}}, {"type": "Feature", "geometry": {"type": "Point", "coordinates": [-119.47600722312927, 49.85274008810899]}, "properties": {"source": "deepforest", "kind": "tree", "species": "pine", "score": 0.4198979139328003, "crown_m": 3.27, "size": "medium", "crown_color": "#5c7f49"}}, {"type": "Feature", "geometry": {"type": "Point", "coordinates": [-119.4760112464428, 49.85663273403269]}, "properties": {"source": "deepforest", "kind": "tree", "species": "maple", "score": 0.4193757176399231, "crown_m": 2.69, "size": "medium", "crown_color": "#85835a"}}, {"type": "Feature", "geometry": {"type": "Point", "coordinates": [-119.48186919093132, 49.856226796376085]}, "properties": {"source": "deepforest", "kind": "fruittree", "species": "peach", "score": 0.41893693804740906, "crown_m": 2.12, "size": "medium", "crown_color": "#758660"}}, {"type": "Feature", "geometry": {"type": "Point", "coordinates": [-119.47763867676258, 49.85442791978037]}, "properties": {"source": "deepforest", "kind": "tree", "species": "maple", "score": 0.4186711013317108, "crown_m": 3.56, "size": "large", "crown_color": "#77846b"}}, {"type": "Feature", "geometry": {"type": "Point", "coordinates": [-119.48264434933662, 49.85470676949257]}, "properties": {"source": "deepforest", "kind": "tree", "species": "pine", "score": 0.4183919429779053, "crown_m": 2.31, "size": "medium", "crown_color": "#647e55"}}, {"type": "Feature", "geometry": {"type": "Point", "coordinates": [-119.47848558425903, 49.85378893716256]}, "properties": {"source": "deepforest", "kind": "tree", "species": "pine", "score": 0.4176221787929535, "crown_m": 2.21, "size": "medium", "crown_color": "#5d8048"}}, {"type": "Feature", "geometry": {"type": "Point", "coordinates": [-119.48155000805855, 49.85412226406129]}, "properties": {"source": "deepforest", "kind": "tree", "species": "maple", "score": 0.4174855053424835, "crown_m": 1.93, "size": "small", "crown_color": "#333826"}}, {"type": "Feature", "geometry": {"type": "Point", "coordinates": [-119.47709016501904, 49.854177169827956]}, "properties": {"source": "deepforest", "kind": "tree", "species": "maple", "score": 0.4174237549304962, "crown_m": 2.6, "size": "medium", "crown_color": "#2a3c35"}}, {"type": "Feature", "geometry": {"type": "Point", "coordinates": [-119.47525419294834, 49.85452562544404]}, "properties": {"source": "deepforest", "kind": "tree", "species": "pine", "score": 0.41731560230255127, "crown_m": 3.56, "size": "large", "crown_color": "#61784c"}}, {"type": "Feature", "geometry": {"type": "Point", "coordinates": [-119.47941094636917, 49.855425718770036]}, "properties": {"source": "deepforest", "kind": "tree", "species": "maple", "score": 0.4172840118408203, "crown_m": 2.21, "size": "medium", "crown_color": "#7f814f"}}, {"type": "Feature", "geometry": {"type": "Point", "coordinates": [-119.47559483349323, 49.856420038689016]}, "properties": {"source": "deepforest", "kind": "fruittree", "species": "peach", "score": 0.4167391359806061, "crown_m": 2.02, "size": "medium", "crown_color": "#263436"}}, {"type": "Feature", "geometry": {"type": "Point", "coordinates": [-119.48220647871494, 49.852701177359954]}, "properties": {"source": "deepforest", "kind": "tree", "species": "maple", "score": 0.416587769985199, "crown_m": 2.6, "size": "medium", "crown_color": "#819560"}}, {"type": "Feature", "geometry": {"type": "Point", "coordinates": [-119.4770036637783, 49.855811776716145]}, "properties": {"source": "deepforest", "kind": "tree", "species": "pine", "score": 0.41603004932403564, "crown_m": 2.89, "size": "medium", "crown_color": "#222e26"}}, {"type": "Feature", "geometry": {"type": "Point", "coordinates": [-119.48184236884117, 49.853724519636884]}, "properties": {"source": "deepforest", "kind": "fruittree", "species": "apple", "score": 0.4158797860145569, "crown_m": 3.27, "size": "medium", "crown_color": "#4e5138"}}, {"type": "Feature", "geometry": {"type": "Point", "coordinates": [-119.47778888046741, 49.85446899076925]}, "properties": {"source": "deepforest", "kind": "tree", "species": "pine", "score": 0.41551855206489563, "crown_m": 2.02, "size": "medium", "crown_color": "#283321"}}, {"type": "Feature", "geometry": {"type": "Point", "coordinates": [-119.48182225227356, 49.8544063034564]}, "properties": {"source": "deepforest", "kind": "tree", "species": "maple", "score": 0.41541311144828796, "crown_m": 2.02, "size": "medium", "crown_color": "#c95552"}}, {"type": "Feature", "geometry": {"type": "Point", "coordinates": [-119.48032826185226, 49.853561097609344]}, "properties": {"source": "deepforest", "kind": "fruittree", "species": "apple", "score": 0.4151307940483093, "crown_m": 1.73, "size": "small", "crown_color": "#6f885f"}}, {"type": "Feature", "geometry": {"type": "Point", "coordinates": [-119.48202207684517, 49.85721893830469]}, "properties": {"source": "deepforest", "kind": "tree", "species": "maple", "score": 0.4150834083557129, "crown_m": 1.64, "size": "small", "crown_color": "#7a906b"}}, {"type": "Feature", "geometry": {"type": "Point", "coordinates": [-119.4760762900114, 49.85298133405377]}, "properties": {"source": "deepforest", "kind": "tree", "species": "maple", "score": 0.41459935903549194, "crown_m": 2.41, "size": "medium", "crown_color": "#929d85"}}, {"type": "Feature", "geometry": {"type": "Point", "coordinates": [-119.48036380112171, 49.85500766598178]}, "properties": {"source": "deepforest", "kind": "tree", "species": "pine", "score": 0.41348809003829956, "crown_m": 2.5, "size": "medium", "crown_color": "#5d694e"}}, {"type": "Feature", "geometry": {"type": "Point", "coordinates": [-119.48174580931664, 49.85213696797839]}, "properties": {"source": "deepforest", "kind": "tree", "species": "pine", "score": 0.41288912296295166, "crown_m": 9.43, "size": "large", "crown_color": "#5f7747"}}, {"type": "Feature", "geometry": {"type": "Point", "coordinates": [-119.47708681225777, 49.85580875051803]}, "properties": {"source": "deepforest", "kind": "tree", "species": "pine", "score": 0.4122767448425293, "crown_m": 2.69, "size": "medium", "crown_color": "#638343"}}, {"type": "Feature", "geometry": {"type": "Point", "coordinates": [-119.48278449475765, 49.85391733962536]}, "properties": {"source": "deepforest", "kind": "tree", "species": "maple", "score": 0.4114408791065216, "crown_m": 5.78, "size": "large", "crown_color": "#676956"}}, {"type": "Feature", "geometry": {"type": "Point", "coordinates": [-119.47707340121269, 49.85210281256301]}, "properties": {"source": "deepforest", "kind": "tree", "species": "maple", "score": 0.41113752126693726, "crown_m": 2.02, "size": "medium", "crown_color": "#677a5c"}}, {"type": "Feature", "geometry": {"type": "Point", "coordinates": [-119.47928220033646, 49.85201850478881]}, "properties": {"source": "deepforest", "kind": "tree", "species": "pine", "score": 0.41109398007392883, "crown_m": 3.08, "size": "medium", "crown_color": "#646d44"}}, {"type": "Feature", "geometry": {"type": "Point", "coordinates": [-119.4775253534317, 49.8537258166349]}, "properties": {"source": "deepforest", "kind": "tree", "species": "pine", "score": 0.4099687337875366, "crown_m": 1.93, "size": "small", "crown_color": "#4a624b"}}, {"type": "Feature", "geometry": {"type": "Point", "coordinates": [-119.47623588144779, 49.855605994812926]}, "properties": {"source": "deepforest", "kind": "tree", "species": "maple", "score": 0.4090189039707184, "crown_m": 7.03, "size": "large", "crown_color": "#879181"}}, {"type": "Feature", "geometry": {"type": "Point", "coordinates": [-119.47842054069042, 49.85562458439061]}, "properties": {"source": "deepforest", "kind": "tree", "species": "pine", "score": 0.40885087847709656, "crown_m": 2.41, "size": "medium", "crown_color": "#5d6948"}}, {"type": "Feature", "geometry": {"type": "Point", "coordinates": [-119.47596497833729, 49.8548394927439]}, "properties": {"source": "deepforest", "kind": "tree", "species": "pine", "score": 0.40879446268081665, "crown_m": 2.6, "size": "medium", "crown_color": "#36473a"}}, {"type": "Feature", "geometry": {"type": "Point", "coordinates": [-119.47950415313244, 49.85660852485378]}, "properties": {"source": "deepforest", "kind": "tree", "species": "maple", "score": 0.4083371162414551, "crown_m": 3.18, "size": "medium", "crown_color": "#6b4c42"}}, {"type": "Feature", "geometry": {"type": "Point", "coordinates": [-119.47655975818634, 49.855105370473304]}, "properties": {"source": "deepforest", "kind": "tree", "species": "maple", "score": 0.40831485390663147, "crown_m": 2.31, "size": "medium", "crown_color": "#93a08f"}}, {"type": "Feature", "geometry": {"type": "Point", "coordinates": [-119.47779424488544, 49.85641398636879]}, "properties": {"source": "deepforest", "kind": "tree", "species": "maple", "score": 0.4072652757167816, "crown_m": 1.83, "size": "small", "crown_color": "#1a2018"}}, {"type": "Feature", "geometry": {"type": "Point", "coordinates": [-119.4748853892088, 49.85515033176587]}, "properties": {"source": "deepforest", "kind": "tree", "species": "pine", "score": 0.4071885347366333, "crown_m": 2.12, "size": "medium", "crown_color": "#445743"}}, {"type": "Feature", "geometry": {"type": "Point", "coordinates": [-119.47646789252758, 49.855130445045475]}, "properties": {"source": "deepforest", "kind": "tree", "species": "maple", "score": 0.4070211350917816, "crown_m": 1.73, "size": "small", "crown_color": "#798e5e"}}, {"type": "Feature", "geometry": {"type": "Point", "coordinates": [-119.47832599282265, 49.8559345537368]}, "properties": {"source": "deepforest", "kind": "tree", "species": "pine", "score": 0.40645337104797363, "crown_m": 6.16, "size": "large", "crown_color": "#576f3f"}}, {"type": "Feature", "geometry": {"type": "Point", "coordinates": [-119.48201403021812, 49.854491471716806]}, "properties": {"source": "deepforest", "kind": "tree", "species": "pine", "score": 0.4061274826526642, "crown_m": 2.89, "size": "medium", "crown_color": "#516144"}}, {"type": "Feature", "geometry": {"type": "Point", "coordinates": [-119.47560489177704, 49.856876554372455]}, "properties": {"source": "deepforest", "kind": "tree", "species": "pine", "score": 0.4051607549190521, "crown_m": 1.92, "size": "small", "crown_color": "#1b261a"}}, {"type": "Feature", "geometry": {"type": "Point", "coordinates": [-119.47534337639809, 49.85301375949218]}, "properties": {"source": "deepforest", "kind": "tree", "species": "pine", "score": 0.4046405553817749, "crown_m": 1.93, "size": "small", "crown_color": "#192b11"}}, {"type": "Feature", "geometry": {"type": "Point", "coordinates": [-119.47993263602257, 49.851947167326536]}, "properties": {"source": "deepforest", "kind": "tree", "species": "maple", "score": 0.40443411469459534, "crown_m": 2.21, "size": "medium", "crown_color": "#5d5d3e"}}, {"type": "Feature", "geometry": {"type": "Point", "coordinates": [-119.48038391768932, 49.85175477182758]}, "properties": {"source": "deepforest", "kind": "tree", "species": "maple", "score": 0.4042285680770874, "crown_m": 4.52, "size": "large", "crown_color": "#595143"}}, {"type": "Feature", "geometry": {"type": "Point", "coordinates": [-119.48001310229301, 49.85351527016906]}, "properties": {"source": "deepforest", "kind": "tree", "species": "maple", "score": 0.404207706451416, "crown_m": 2.31, "size": "medium", "crown_color": "#768c61"}}, {"type": "Feature", "geometry": {"type": "Point", "coordinates": [-119.47650611400604, 49.85400034709652]}, "properties": {"source": "deepforest", "kind": "fruittree", "species": "apple", "score": 0.4036795496940613, "crown_m": 2.5, "size": "medium", "crown_color": "#657052"}}, {"type": "Feature", "geometry": {"type": "Point", "coordinates": [-119.4775253534317, 49.8549752418812]}, "properties": {"source": "deepforest", "kind": "tree", "species": "maple", "score": 0.40236884355545044, "crown_m": 2.41, "size": "medium", "crown_color": "#6c5b50"}}, {"type": "Feature", "geometry": {"type": "Point", "coordinates": [-119.47465136647224, 49.85520696564217]}, "properties": {"source": "deepforest", "kind": "tree", "species": "maple", "score": 0.40226733684539795, "crown_m": 2.02, "size": "medium", "crown_color": "#97a85b"}}, {"type": "Feature", "geometry": {"type": "Point", "coordinates": [-119.48178336024284, 49.85150703447279]}, "properties": {"source": "deepforest", "kind": "tree", "species": "maple", "score": 0.40209704637527466, "crown_m": 5.78, "size": "large", "crown_color": "#687b72"}}, {"type": "Feature", "geometry": {"type": "Point", "coordinates": [-119.47780095040798, 49.85452086986322]}, "properties": {"source": "deepforest", "kind": "tree", "species": "maple", "score": 0.40165412425994873, "crown_m": 2.31, "size": "medium", "crown_color": "#969b71"}}, {"type": "Feature", "geometry": {"type": "Point", "coordinates": [-119.4771645963192, 49.852207440468014]}, "properties": {"source": "deepforest", "kind": "tree", "species": "maple", "score": 0.4016094505786896, "crown_m": 2.79, "size": "medium", "crown_color": "#6f834d"}}, {"type": "Feature", "geometry": {"type": "Point", "coordinates": [-119.47532594203949, 49.85720467235594]}, "properties": {"source": "deepforest", "kind": "tree", "species": "maple", "score": 0.4016020894050598, "crown_m": 7.51, "size": "large", "crown_color": "#6e7c58"}}, {"type": "Feature", "geometry": {"type": "Point", "coordinates": [-119.48003590106964, 49.85396705765906]}, "properties": {"source": "deepforest", "kind": "tree", "species": "maple", "score": 0.40107035636901855, "crown_m": 1.54, "size": "small", "crown_color": "#778a66"}}, {"type": "Feature", "geometry": {"type": "Point", "coordinates": [-119.47965167462826, 49.856406637121786]}, "properties": {"source": "deepforest", "kind": "tree", "species": "maple", "score": 0.40103209018707275, "crown_m": 1.54, "size": "small", "crown_color": "#647b5c"}}, {"type": "Feature", "geometry": {"type": "Point", "coordinates": [-119.48042079806328, 49.85589867175246]}, "properties": {"source": "deepforest", "kind": "tree", "species": "pine", "score": 0.4009024500846863, "crown_m": 1.83, "size": "small", "crown_color": "#5e6e5e"}}, {"type": "Feature", "geometry": {"type": "Point", "coordinates": [-119.4797844439745, 49.8571588483709]}, "properties": {"source": "deepforest", "kind": "tree", "species": "maple", "score": 0.40080276131629944, "crown_m": 2.79, "size": "medium", "crown_color": "#85918d"}}, {"type": "Feature", "geometry": {"type": "Point", "coordinates": [-119.48016665875912, 49.856610686388116]}, "properties": {"source": "deepforest", "kind": "tree", "species": "pine", "score": 0.4006326496601105, "crown_m": 2.6, "size": "medium", "crown_color": "#546d54"}}, {"type": "Feature", "geometry": {"type": "Point", "coordinates": [-119.47604477405548, 49.854897423951044]}, "properties": {"source": "deepforest", "kind": "tree", "species": "pine", "score": 0.4005894660949707, "crown_m": 1.64, "size": "small", "crown_color": "#25341d"}}, {"type": "Feature", "geometry": {"type": "Point", "coordinates": [-119.48198720812798, 49.855204804045044]}, "properties": {"source": "deepforest", "kind": "tree", "species": "maple", "score": 0.40058785676956177, "crown_m": 5.01, "size": "large", "crown_color": "#5d6451"}}, {"type": "Feature", "geometry": {"type": "Point", "coordinates": [-119.47540305554867, 49.85301116545791]}, "properties": {"source": "deepforest", "kind": "tree", "species": "pine", "score": 0.40051212906837463, "crown_m": 1.93, "size": "small", "crown_color": "#3f4926"}}, {"type": "Feature", "geometry": {"type": "Point", "coordinates": [-119.47682999074459, 49.85644684181234]}, "properties": {"source": "deepforest", "kind": "tree", "species": "maple", "score": 0.40040498971939087, "crown_m": 2.98, "size": "medium", "crown_color": "#818f5b"}}, {"type": "Feature", "geometry": {"type": "Point", "coordinates": [-119.47951152920723, 49.85422299664056]}, "properties": {"source": "deepforest", "kind": "fruittree", "species": "apple", "score": 0.40032973885536194, "crown_m": 2.02, "size": "medium", "crown_color": "#30381a"}}, {"type": "Feature", "geometry": {"type": "Point", "coordinates": [-119.47558343410492, 49.85584203868682]}, "properties": {"source": "deepforest", "kind": "tree", "species": "maple", "score": 0.39977505803108215, "crown_m": 2.12, "size": "medium", "crown_color": "#cd7c71"}}, {"type": "Feature", "geometry": {"type": "Point", "coordinates": [-119.47517707943916, 49.85621209782401]}, "properties": {"source": "deepforest", "kind": "tree", "species": "maple", "score": 0.3996889591217041, "crown_m": 7.51, "size": "large", "crown_color": "#76954f"}}, {"type": "Feature", "geometry": {"type": "Point", "coordinates": [-119.48004260659218, 49.854498821255085]}, "properties": {"source": "deepforest", "kind": "tree", "species": "pine", "score": 0.3990003764629364, "crown_m": 2.98, "size": "medium", "crown_color": "#5a624a"}}, {"type": "Feature", "geometry": {"type": "Point", "coordinates": [-119.47652220726013, 49.857167926711014]}, "properties": {"source": "deepforest", "kind": "tree", "species": "maple", "score": 0.3989694118499756, "crown_m": 2.41, "size": "medium", "crown_color": "#6b8558"}}, {"type": "Feature", "geometry": {"type": "Point", "coordinates": [-119.47469763457775, 49.85529040321685]}, "properties": {"source": "deepforest", "kind": "tree", "species": "maple", "score": 0.39735060930252075, "crown_m": 7.51, "size": "large", "crown_color": "#858e66"}}, {"type": "Feature", "geometry": {"type": "Point", "coordinates": [-119.48067627847195, 49.85180622148546]}, "properties": {"source": "deepforest", "kind": "tree", "species": "maple", "score": 0.3971591591835022, "crown_m": 2.02, "size": "medium", "crown_color": "#3b4c46"}}, {"type": "Feature", "geometry": {"type": "Point", "coordinates": [-119.48235400021076, 49.85677193657593]}, "properties": {"source": "deepforest", "kind": "tree", "species": "maple", "score": 0.3968976140022278, "crown_m": 2.6, "size": "medium", "crown_color": "#a7babc"}}, {"type": "Feature", "geometry": {"type": "Point", "coordinates": [-119.47620570659637, 49.855235498715004]}, "properties": {"source": "deepforest", "kind": "tree", "species": "maple", "score": 0.3965432047843933, "crown_m": 2.5, "size": "medium", "crown_color": "#8ba967"}}, {"type": "Feature", "geometry": {"type": "Point", "coordinates": [-119.4762023538351, 49.856888658896274]}, "properties": {"source": "deepforest", "kind": "tree", "species": "maple", "score": 0.3959376811981201, "crown_m": 2.98, "size": "medium", "crown_color": "#838170"}}, {"type": "Feature", "geometry": {"type": "Point", "coordinates": [-119.48038928210735, 49.8553068313234]}, "properties": {"source": "deepforest", "kind": "tree", "species": "pine", "score": 0.39552298188209534, "crown_m": 2.89, "size": "medium", "crown_color": "#626d51"}}, {"type": "Feature", "geometry": {"type": "Point", "coordinates": [-119.47754077613354, 49.8566171709905]}, "properties": {"source": "deepforest", "kind": "tree", "species": "maple", "score": 0.39498186111450195, "crown_m": 2.41, "size": "medium", "crown_color": "#889473"}}, {"type": "Feature", "geometry": {"type": "Point", "coordinates": [-119.47607092559338, 49.85311795308697]}, "properties": {"source": "deepforest", "kind": "tree", "species": "pine", "score": 0.3947409987449646, "crown_m": 2.6, "size": "medium", "crown_color": "#53783e"}}, {"type": "Feature", "geometry": {"type": "Point", "coordinates": [-119.47496317327023, 49.854230778547816]}, "properties": {"source": "deepforest", "kind": "fruittree", "species": "apple", "score": 0.3941479027271271, "crown_m": 1.83, "size": "small", "crown_color": "#555f3f"}}, {"type": "Feature", "geometry": {"type": "Point", "coordinates": [-119.477623924613, 49.857093138429704]}, "properties": {"source": "deepforest", "kind": "tree", "species": "maple", "score": 0.3938911557197571, "crown_m": 2.41, "size": "medium", "crown_color": "#657661"}}, {"type": "Feature", "geometry": {"type": "Point", "coordinates": [-119.48050864040852, 49.85451352032829]}, "properties": {"source": "deepforest", "kind": "fruittree", "species": "peach", "score": 0.39316317439079285, "crown_m": 2.02, "size": "medium", "crown_color": "#282011"}}, {"type": "Feature", "geometry": {"type": "Point", "coordinates": [-119.47548151016235, 49.85293075032642]}, "properties": {"source": "deepforest", "kind": "tree", "species": "pine", "score": 0.39293259382247925, "crown_m": 2.12, "size": "medium", "crown_color": "#60774a"}}, {"type": "Feature", "geometry": {"type": "Point", "coordinates": [-119.47635188698769, 49.85316205155321]}, "properties": {"source": "deepforest", "kind": "tree", "species": "pine", "score": 0.3924313485622406, "crown_m": 1.93, "size": "small", "crown_color": "#2d3c1f"}}, {"type": "Feature", "geometry": {"type": "Point", "coordinates": [-119.47659395635128, 49.85690768028473]}, "properties": {"source": "deepforest", "kind": "tree", "species": "pine", "score": 0.39236506819725037, "crown_m": 3.37, "size": "medium", "crown_color": "#41533f"}}, {"type": "Feature", "geometry": {"type": "Point", "coordinates": [-119.480414763093, 49.85528694466739]}, "properties": {"source": "deepforest", "kind": "tree", "species": "pine", "score": 0.39198747277259827, "crown_m": 3.85, "size": "large", "crown_color": "#626a51"}}, {"type": "Feature", "geometry": {"type": "Point", "coordinates": [-119.47828710079193, 49.8563028829271]}, "properties": {"source": "deepforest", "kind": "tree", "species": "maple", "score": 0.3918496072292328, "crown_m": 1.54, "size": "small", "crown_color": "#2f2b1b"}}, {"type": "Feature", "geometry": {"type": "Point", "coordinates": [-119.47688296437263, 49.85567213909167]}, "properties": {"source": "deepforest", "kind": "tree", "species": "maple", "score": 0.3916430175304413, "crown_m": 1.83, "size": "small", "crown_color": "#6b8356"}}, {"type": "Feature", "geometry": {"type": "Point", "coordinates": [-119.47903744876385, 49.85446682913912]}, "properties": {"source": "deepforest", "kind": "tree", "species": "maple", "score": 0.39132118225097656, "crown_m": 4.72, "size": "large", "crown_color": "#403430"}}, {"type": "Feature", "geometry": {"type": "Point", "coordinates": [-119.4756980985403, 49.85647840030944]}, "properties": {"source": "deepforest", "kind": "tree", "species": "maple", "score": 0.3907035291194916, "crown_m": 1.54, "size": "small", "crown_color": "#668259"}}, {"type": "Feature", "geometry": {"type": "Point", "coordinates": [-119.47813287377357, 49.855812209030155]}, "properties": {"source": "deepforest", "kind": "tree", "species": "pine", "score": 0.39066290855407715, "crown_m": 2.02, "size": "medium", "crown_color": "#273421"}}, {"type": "Feature", "geometry": {"type": "Point", "coordinates": [-119.47737447917461, 49.85286416995501]}, "properties": {"source": "deepforest", "kind": "tree", "species": "maple", "score": 0.39060819149017334, "crown_m": 1.93, "size": "small", "crown_color": "#39403b"}}, {"type": "Feature", "geometry": {"type": "Point", "coordinates": [-119.47618894279003, 49.85644900335389]}, "properties": {"source": "deepforest", "kind": "tree", "species": "pine", "score": 0.39051270484924316, "crown_m": 2.5, "size": "medium", "crown_color": "#647950"}}, {"type": "Feature", "geometry": {"type": "Point", "coordinates": [-119.47909109294415, 49.855976488070276]}, "properties": {"source": "deepforest", "kind": "tree", "species": "pine", "score": 0.3899884521961212, "crown_m": 2.79, "size": "medium", "crown_color": "#525b42"}}, {"type": "Feature", "geometry": {"type": "Point", "coordinates": [-119.4785512983799, 49.853715008317096]}, "properties": {"source": "deepforest", "kind": "tree", "species": "maple", "score": 0.3896593749523163, "crown_m": 2.7, "size": "medium", "crown_color": "#303e45"}}, {"type": "Feature", "geometry": {"type": "Point", "coordinates": [-119.47860896587372, 49.854577936802244]}, "properties": {"source": "deepforest", "kind": "tree", "species": "maple", "score": 0.38953664898872375, "crown_m": 2.5, "size": "medium", "crown_color": "#72665b"}}, {"type": "Feature", "geometry": {"type": "Point", "coordinates": [-119.47865456342697, 49.85633573844619]}, "properties": {"source": "deepforest", "kind": "tree", "species": "maple", "score": 0.38901790976524353, "crown_m": 1.54, "size": "small", "crown_color": "#95a8a7"}}, {"type": "Feature", "geometry": {"type": "Point", "coordinates": [-119.48231108486652, 49.854490607065166]}, "properties": {"source": "deepforest", "kind": "tree", "species": "pine", "score": 0.38885194063186646, "crown_m": 2.7, "size": "medium", "crown_color": "#343f30"}}, {"type": "Feature", "geometry": {"type": "Point", "coordinates": [-119.4800278544426, 49.85666429240838]}, "properties": {"source": "deepforest", "kind": "fruittree", "species": "apple", "score": 0.3888251483440399, "crown_m": 2.89, "size": "medium", "crown_color": "#6b433b"}}, {"type": "Feature", "geometry": {"type": "Point", "coordinates": [-119.47768159210682, 49.856231984099274]}, "properties": {"source": "deepforest", "kind": "tree", "species": "pine", "score": 0.38875195384025574, "crown_m": 2.5, "size": "medium", "crown_color": "#3c4631"}}, {"type": "Feature", "geometry": {"type": "Point", "coordinates": [-119.47941966354847, 49.85545165781044]}, "properties": {"source": "deepforest", "kind": "tree", "species": "pine", "score": 0.3883601129055023, "crown_m": 2.02, "size": "medium", "crown_color": "#566e4a"}}, {"type": "Feature", "geometry": {"type": "Point", "coordinates": [-119.47723969817162, 49.85396057270104]}, "properties": {"source": "deepforest", "kind": "tree", "species": "maple", "score": 0.3883104920387268, "crown_m": 2.89, "size": "medium", "crown_color": "#2b3e40"}}, {"type": "Feature", "geometry": {"type": "Point", "coordinates": [-119.47665698826313, 49.85396662532856]}, "properties": {"source": "deepforest", "kind": "fruittree", "species": "apple", "score": 0.3882451057434082, "crown_m": 2.6, "size": "medium", "crown_color": "#788f5e"}}, {"type": "Feature", "geometry": {"type": "Point", "coordinates": [-119.4761011004448, 49.85416722626853]}, "properties": {"source": "deepforest", "kind": "tree", "species": "pine", "score": 0.387393057346344, "crown_m": 4.04, "size": "large", "crown_color": "#5b6947"}}, {"type": "Feature", "geometry": {"type": "Point", "coordinates": [-119.47964429855347, 49.85284860569913]}, "properties": {"source": "deepforest", "kind": "tree", "species": "maple", "score": 0.38710153102874756, "crown_m": 1.73, "size": "small", "crown_color": "#778164"}}, {"type": "Feature", "geometry": {"type": "Point", "coordinates": [-119.48229297995567, 49.85473832912609]}, "properties": {"source": "deepforest", "kind": "tree", "species": "maple", "score": 0.3866613209247589, "crown_m": 3.37, "size": "medium", "crown_color": "#4a5047"}}, {"type": "Feature", "geometry": {"type": "Point", "coordinates": [-119.47719745337963, 49.85716317139021]}, "properties": {"source": "deepforest", "kind": "tree", "species": "pine", "score": 0.38648146390914917, "crown_m": 1.92, "size": "small", "crown_color": "#21351d"}}, {"type": "Feature", "geometry": {"type": "Point", "coordinates": [-119.47800882160664, 49.85518534966668]}, "properties": {"source": "deepforest", "kind": "tree", "species": "pine", "score": 0.3864659368991852, "crown_m": 2.21, "size": "medium", "crown_color": "#3c4e41"}}, {"type": "Feature", "geometry": {"type": "Point", "coordinates": [-119.48162376880646, 49.85543825597463]}, "properties": {"source": "deepforest", "kind": "tree", "species": "pine", "score": 0.38582852482795715, "crown_m": 1.93, "size": "small", "crown_color": "#5c6759"}}, {"type": "Feature", "geometry": {"type": "Point", "coordinates": [-119.47553113102913, 49.852862872933876]}, "properties": {"source": "deepforest", "kind": "tree", "species": "pine", "score": 0.3847832679748535, "crown_m": 4.81, "size": "large", "crown_color": "#6b7b3f"}}, {"type": "Feature", "geometry": {"type": "Point", "coordinates": [-119.47605013847351, 49.855791025639576]}, "properties": {"source": "deepforest", "kind": "tree", "species": "pine", "score": 0.3847743570804596, "crown_m": 1.54, "size": "small", "crown_color": "#1a2a12"}}, {"type": "Feature", "geometry": {"type": "Point", "coordinates": [-119.47466745972633, 49.85569245790422]}, "properties": {"source": "deepforest", "kind": "tree", "species": "pine", "score": 0.3844955265522003, "crown_m": 7.32, "size": "large", "crown_color": "#607b44"}}, {"type": "Feature", "geometry": {"type": "Point", "coordinates": [-119.48018945753574, 49.85401936962191]}, "properties": {"source": "deepforest", "kind": "tree", "species": "maple", "score": 0.38411805033683777, "crown_m": 6.55, "size": "large", "crown_color": "#8b9c93"}}, {"type": "Feature", "geometry": {"type": "Point", "coordinates": [-119.47673611342907, 49.854165064624915]}, "properties": {"source": "deepforest", "kind": "tree", "species": "maple", "score": 0.38384294509887695, "crown_m": 2.02, "size": "medium", "crown_color": "#6a7d5d"}}, {"type": "Feature", "geometry": {"type": "Point", "coordinates": [-119.48024913668633, 49.85202931348602]}, "properties": {"source": "deepforest", "kind": "tree", "species": "pine", "score": 0.3838195502758026, "crown_m": 3.56, "size": "large", "crown_color": "#5d664d"}}, {"type": "Feature", "geometry": {"type": "Point", "coordinates": [-119.48199324309826, 49.85615243894911]}, "properties": {"source": "deepforest", "kind": "tree", "species": "pine", "score": 0.3836011290550232, "crown_m": 3.18, "size": "medium", "crown_color": "#5a6345"}}, {"type": "Feature", "geometry": {"type": "Point", "coordinates": [-119.47869144380093, 49.85450055055804]}, "properties": {"source": "deepforest", "kind": "tree", "species": "pine", "score": 0.38309821486473083, "crown_m": 2.02, "size": "medium", "crown_color": "#4c5640"}}, {"type": "Feature", "geometry": {"type": "Point", "coordinates": [-119.48055222630501, 49.85629164287597]}, "properties": {"source": "deepforest", "kind": "tree", "species": "pine", "score": 0.3828616738319397, "crown_m": 2.5, "size": "medium", "crown_color": "#526b44"}}, {"type": "Feature", "geometry": {"type": "Point", "coordinates": [-119.4765604287386, 49.85581782911179]}, "properties": {"source": "deepforest", "kind": "tree", "species": "pine", "score": 0.38209056854248047, "crown_m": 2.12, "size": "medium", "crown_color": "#526257"}}, {"type": "Feature", "geometry": {"type": "Point", "coordinates": [-119.47612456977367, 49.85287151974077]}, "properties": {"source": "deepforest", "kind": "tree", "species": "maple", "score": 0.38179540634155273, "crown_m": 4.72, "size": "large", "crown_color": "#796f67"}}, {"type": "Feature", "geometry": {"type": "Point", "coordinates": [-119.47621241211891, 49.85378720783414]}, "properties": {"source": "deepforest", "kind": "tree", "species": "maple", "score": 0.3815184533596039, "crown_m": 2.79, "size": "medium", "crown_color": "#948c77"}}, {"type": "Feature", "geometry": {"type": "Point", "coordinates": [-119.48096998035908, 49.854794963485226]}, "properties": {"source": "deepforest", "kind": "tree", "species": "maple", "score": 0.3812147378921509, "crown_m": 2.41, "size": "medium", "crown_color": "#798266"}}, {"type": "Feature", "geometry": {"type": "Point", "coordinates": [-119.47480760514736, 49.85499512866547]}, "properties": {"source": "deepforest", "kind": "tree", "species": "pine", "score": 0.3809511661529541, "crown_m": 2.02, "size": "medium", "crown_color": "#3f4c38"}}, {"type": "Feature", "geometry": {"type": "Point", "coordinates": [-119.47603471577168, 49.85660852485378]}, "properties": {"source": "deepforest", "kind": "tree", "species": "pine", "score": 0.3808462917804718, "crown_m": 2.6, "size": "medium", "crown_color": "#58653b"}}, {"type": "Feature", "geometry": {"type": "Point", "coordinates": [-119.4800278544426, 49.856873095936514]}, "properties": {"source": "deepforest", "kind": "fruittree", "species": "apple", "score": 0.38084328174591064, "crown_m": 3.08, "size": "medium", "crown_color": "#5e4c41"}}, {"type": "Feature", "geometry": {"type": "Point", "coordinates": [-119.48191277682781, 49.851504440357644]}, "properties": {"source": "deepforest", "kind": "tree", "species": "pine", "score": 0.3804015517234802, "crown_m": 1.64, "size": "small", "crown_color": "#576043"}}, {"type": "Feature", "geometry": {"type": "Point", "coordinates": [-119.48139108717442, 49.85511358455873]}, "properties": {"source": "deepforest", "kind": "tree", "species": "maple", "score": 0.38034588098526, "crown_m": 6.64, "size": "large", "crown_color": "#637365"}}, {"type": "Feature", "geometry": {"type": "Point", "coordinates": [-119.4788570702076, 49.85394371180613]}, "properties": {"source": "deepforest", "kind": "tree", "species": "maple", "score": 0.3799997866153717, "crown_m": 1.73, "size": "small", "crown_color": "#303c40"}}, {"type": "Feature", "geometry": {"type": "Point", "coordinates": [-119.48212802410126, 49.85558048817145]}, "properties": {"source": "deepforest", "kind": "tree", "species": "pine", "score": 0.3795751631259918, "crown_m": 10.88, "size": "large", "crown_color": "#54614b"}}, {"type": "Feature", "geometry": {"type": "Point", "coordinates": [-119.47503492236137, 49.85347938638833]}, "properties": {"source": "deepforest", "kind": "tree", "species": "pine", "score": 0.37953805923461914, "crown_m": 1.83, "size": "small", "crown_color": "#2a3615"}}, {"type": "Feature", "geometry": {"type": "Point", "coordinates": [-119.47704926133156, 49.85172666905014]}, "properties": {"source": "deepforest", "kind": "tree", "species": "maple", "score": 0.37942126393318176, "crown_m": 2.02, "size": "medium", "crown_color": "#4b4c30"}}, {"type": "Feature", "geometry": {"type": "Point", "coordinates": [-119.47672538459301, 49.85689644037427]}, "properties": {"source": "deepforest", "kind": "tree", "species": "pine", "score": 0.3791917562484741, "crown_m": 1.83, "size": "small", "crown_color": "#5a7250"}}, {"type": "Feature", "geometry": {"type": "Point", "coordinates": [-119.47587378323078, 49.8515956666566]}, "properties": {"source": "deepforest", "kind": "tree", "species": "maple", "score": 0.3789471387863159, "crown_m": 2.12, "size": "medium", "crown_color": "#809965"}}, {"type": "Feature", "geometry": {"type": "Point", "coordinates": [-119.48278851807117, 49.8522351106199]}, "properties": {"source": "deepforest", "kind": "fruittree", "species": "apple", "score": 0.3786603510379791, "crown_m": 2.02, "size": "medium", "crown_color": "#676f4f"}}, {"type": "Feature", "geometry": {"type": "Point", "coordinates": [-119.48183298110962, 49.85450962939758]}, "properties": {"source": "deepforest", "kind": "tree", "species": "maple", "score": 0.37853384017944336, "crown_m": 2.12, "size": "medium", "crown_color": "#b6bcb6"}}, {"type": "Feature", "geometry": {"type": "Point", "coordinates": [-119.47801820933819, 49.855820422995414]}, "properties": {"source": "deepforest", "kind": "tree", "species": "pine", "score": 0.3785053491592407, "crown_m": 1.54, "size": "small", "crown_color": "#586c53"}}, {"type": "Feature", "geometry": {"type": "Point", "coordinates": [-119.4778659939766, 49.85576335752363]}, "properties": {"source": "deepforest", "kind": "tree", "species": "pine", "score": 0.3784290850162506, "crown_m": 1.93, "size": "small", "crown_color": "#1b2511"}}, {"type": "Feature", "geometry": {"type": "Point", "coordinates": [-119.47982333600521, 49.85169510744984]}, "properties": {"source": "deepforest", "kind": "tree", "species": "pine", "score": 0.37834393978118896, "crown_m": 1.93, "size": "small", "crown_color": "#2e3625"}}, {"type": "Feature", "geometry": {"type": "Point", "coordinates": [-119.47975695133209, 49.855035766851344]}, "properties": {"source": "deepforest", "kind": "tree", "species": "pine", "score": 0.3782106637954712, "crown_m": 9.43, "size": "large", "crown_color": "#5a6741"}}, {"type": "Feature", "geometry": {"type": "Point", "coordinates": [-119.48059245944023, 49.85644986797049]}, "properties": {"source": "deepforest", "kind": "fruittree", "species": "peach", "score": 0.3781917691230774, "crown_m": 2.12, "size": "medium", "crown_color": "#767d56"}}, {"type": "Feature", "geometry": {"type": "Point", "coordinates": [-119.48182828724384, 49.85149925212693]}, "properties": {"source": "deepforest", "kind": "tree", "species": "pine", "score": 0.3781415820121765, "crown_m": 2.02, "size": "medium", "crown_color": "#63765e"}}, {"type": "Feature", "geometry": {"type": "Point", "coordinates": [-119.48036380112171, 49.856578263363126]}, "properties": {"source": "deepforest", "kind": "tree", "species": "maple", "score": 0.37780511379241943, "crown_m": 2.02, "size": "medium", "crown_color": "#7e8e58"}}, {"type": "Feature", "geometry": {"type": "Point", "coordinates": [-119.47862975299358, 49.85424418071848]}, "properties": {"source": "deepforest", "kind": "tree", "species": "maple", "score": 0.3775554597377777, "crown_m": 1.93, "size": "small", "crown_color": "#81885a"}}, {"type": "Feature", "geometry": {"type": "Point", "coordinates": [-119.48192551732063, 49.851532543264305]}, "properties": {"source": "deepforest", "kind": "tree", "species": "maple", "score": 0.3773026764392853, "crown_m": 2.31, "size": "medium", "crown_color": "#89c0a7"}}, {"type": "Feature", "geometry": {"type": "Point", "coordinates": [-119.4797757267952, 49.85197872876223]}, "properties": {"source": "deepforest", "kind": "tree", "species": "maple", "score": 0.3770216405391693, "crown_m": 2.5, "size": "medium", "crown_color": "#a4ae86"}}, {"type": "Feature", "geometry": {"type": "Point", "coordinates": [-119.47799608111382, 49.854427487453975]}, "properties": {"source": "deepforest", "kind": "tree", "species": "pine", "score": 0.37689149379730225, "crown_m": 1.93, "size": "small", "crown_color": "#576354"}}, {"type": "Feature", "geometry": {"type": "Point", "coordinates": [-119.47630226612091, 49.85688130972145]}, "properties": {"source": "deepforest", "kind": "tree", "species": "pine", "score": 0.3768480122089386, "crown_m": 1.54, "size": "small", "crown_color": "#5e7148"}}, {"type": "Feature", "geometry": {"type": "Point", "coordinates": [-119.47844870388508, 49.85647364492078]}, "properties": {"source": "deepforest", "kind": "tree", "species": "pine", "score": 0.37683266401290894, "crown_m": 2.02, "size": "medium", "crown_color": "#697457"}}, {"type": "Feature", "geometry": {"type": "Point", "coordinates": [-119.4753547757864, 49.855385080912086]}, "properties": {"source": "deepforest", "kind": "tree", "species": "maple", "score": 0.3764531910419464, "crown_m": 2.41, "size": "medium", "crown_color": "#8ca157"}}, {"type": "Feature", "geometry": {"type": "Point", "coordinates": [-119.48259606957436, 49.85574649725771]}, "properties": {"source": "deepforest", "kind": "tree", "species": "pine", "score": 0.37619444727897644, "crown_m": 2.02, "size": "medium", "crown_color": "#4e5d48"}}, {"type": "Feature", "geometry": {"type": "Point", "coordinates": [-119.48117583990097, 49.852723659129886]}, "properties": {"source": "deepforest", "kind": "tree", "species": "maple", "score": 0.3761141002178192, "crown_m": 2.98, "size": "medium", "crown_color": "#87955a"}}, {"type": "Feature", "geometry": {"type": "Point", "coordinates": [-119.47559416294098, 49.85279240139999]}, "properties": {"source": "deepforest", "kind": "tree", "species": "maple", "score": 0.37564995884895325, "crown_m": 2.5, "size": "medium", "crown_color": "#8a9077"}}, {"type": "Feature", "geometry": {"type": "Point", "coordinates": [-119.48070779442787, 49.85407341084638]}, "properties": {"source": "deepforest", "kind": "tree", "species": "maple", "score": 0.37564802169799805, "crown_m": 3.37, "size": "medium", "crown_color": "#727e64"}}, {"type": "Feature", "geometry": {"type": "Point", "coordinates": [-119.4821984320879, 49.85320960867759]}, "properties": {"source": "deepforest", "kind": "tree", "species": "pine", "score": 0.3754216730594635, "crown_m": 2.6, "size": "medium", "crown_color": "#4d5843"}}, {"type": "Feature", "geometry": {"type": "Point", "coordinates": [-119.48109269142151, 49.85183086541984]}, "properties": {"source": "deepforest", "kind": "tree", "species": "maple", "score": 0.37518391013145447, "crown_m": 1.54, "size": "small", "crown_color": "#b9d5db"}}, {"type": "Feature", "geometry": {"type": "Point", "coordinates": [-119.48099680244923, 49.85435096562299]}, "properties": {"source": "deepforest", "kind": "tree", "species": "pine", "score": 0.3747554421424866, "crown_m": 1.83, "size": "small", "crown_color": "#3f4b3c"}}, {"type": "Feature", "geometry": {"type": "Point", "coordinates": [-119.48184236884117, 49.85323598124457]}, "properties": {"source": "deepforest", "kind": "tree", "species": "maple", "score": 0.37370049953460693, "crown_m": 3.47, "size": "medium", "crown_color": "#2d3936"}}, {"type": "Feature", "geometry": {"type": "Point", "coordinates": [-119.47472043335438, 49.85515162872562]}, "properties": {"source": "deepforest", "kind": "tree", "species": "maple", "score": 0.37347328662872314, "crown_m": 6.26, "size": "large", "crown_color": "#7a8068"}}, {"type": "Feature", "geometry": {"type": "Point", "coordinates": [-119.47993196547031, 49.85482349680133]}, "properties": {"source": "deepforest", "kind": "tree", "species": "pine", "score": 0.3731628656387329, "crown_m": 2.89, "size": "medium", "crown_color": "#5b6a46"}}, {"type": "Feature", "geometry": {"type": "Point", "coordinates": [-119.47905622422695, 49.85671833067508]}, "properties": {"source": "deepforest", "kind": "tree", "species": "pine", "score": 0.3731619715690613, "crown_m": 8.37, "size": "large", "crown_color": "#647059"}}, {"type": "Feature", "geometry": {"type": "Point", "coordinates": [-119.47810001671314, 49.85149536095354]}, "properties": {"source": "deepforest", "kind": "tree", "species": "pine", "score": 0.3730179965496063, "crown_m": 2.21, "size": "medium", "crown_color": "#526e3a"}}, {"type": "Feature", "geometry": {"type": "Point", "coordinates": [-119.47703316807747, 49.85196878475046]}, "properties": {"source": "deepforest", "kind": "tree", "species": "maple", "score": 0.3729267418384552, "crown_m": 1.64, "size": "small", "crown_color": "#717b52"}}, {"type": "Feature", "geometry": {"type": "Point", "coordinates": [-119.48213741183281, 49.85642522639147]}, "properties": {"source": "deepforest", "kind": "tree", "species": "maple", "score": 0.37287190556526184, "crown_m": 3.37, "size": "medium", "crown_color": "#cc7c70"}}, {"type": "Feature", "geometry": {"type": "Point", "coordinates": [-119.47944983839989, 49.855036631493235]}, "properties": {"source": "deepforest", "kind": "tree", "species": "maple", "score": 0.3725706934928894, "crown_m": 1.73, "size": "small", "crown_color": "#313637"}}, {"type": "Feature", "geometry": {"type": "Point", "coordinates": [-119.48010563850403, 49.856920217104836]}, "properties": {"source": "deepforest", "kind": "tree", "species": "maple", "score": 0.3716786801815033, "crown_m": 3.27, "size": "medium", "crown_color": "#7f8472"}}, {"type": "Feature", "geometry": {"type": "Point", "coordinates": [-119.4808942079544, 49.85491514915727]}, "properties": {"source": "deepforest", "kind": "tree", "species": "maple", "score": 0.37150898575782776, "crown_m": 2.5, "size": "medium", "crown_color": "#859568"}}, {"type": "Feature", "geometry": {"type": "Point", "coordinates": [-119.47530314326286, 49.85304229385998]}, "properties": {"source": "deepforest", "kind": "tree", "species": "maple", "score": 0.3714353144168854, "crown_m": 2.12, "size": "medium", "crown_color": "#819e59"}}, {"type": "Feature", "geometry": {"type": "Point", "coordinates": [-119.48089890182018, 49.85516589528047]}, "properties": {"source": "deepforest", "kind": "tree", "species": "maple", "score": 0.3711410164833069, "crown_m": 2.79, "size": "medium", "crown_color": "#757658"}}, {"type": "Feature", "geometry": {"type": "Point", "coordinates": [-119.47845809161663, 49.85666040165085]}, "properties": {"source": "deepforest", "kind": "tree", "species": "maple", "score": 0.3709070682525635, "crown_m": 4.52, "size": "large", "crown_color": "#67403d"}}, {"type": "Feature", "geometry": {"type": "Point", "coordinates": [-119.47534672915936, 49.853659237358826]}, "properties": {"source": "deepforest", "kind": "tree", "species": "maple", "score": 0.37088993191719055, "crown_m": 2.02, "size": "medium", "crown_color": "#233237"}}, {"type": "Feature", "geometry": {"type": "Point", "coordinates": [-119.47654500603676, 49.85714717621681]}, "properties": {"source": "deepforest", "kind": "tree", "species": "pine", "score": 0.37083980441093445, "crown_m": 1.64, "size": "small", "crown_color": "#5b6e4a"}}, {"type": "Feature", "geometry": {"type": "Point", "coordinates": [-119.48251895606518, 49.85539286263221]}, "properties": {"source": "deepforest", "kind": "tree", "species": "maple", "score": 0.37072107195854187, "crown_m": 1.44, "size": "small", "crown_color": "#444e48"}}, {"type": "Feature", "geometry": {"type": "Point", "coordinates": [-119.48140650987625, 49.85160301663528]}, "properties": {"source": "deepforest", "kind": "tree", "species": "pine", "score": 0.37048789858818054, "crown_m": 2.7, "size": "medium", "crown_color": "#4f6b3c"}}, {"type": "Feature", "geometry": {"type": "Point", "coordinates": [-119.47629623115063, 49.85194154679473]}, "properties": {"source": "deepforest", "kind": "tree", "species": "pine", "score": 0.3699195384979248, "crown_m": 1.93, "size": "small", "crown_color": "#444d32"}}, {"type": "Feature", "geometry": {"type": "Point", "coordinates": [-119.47821870446205, 49.855932392172235]}, "properties": {"source": "deepforest", "kind": "tree", "species": "maple", "score": 0.3693910539150238, "crown_m": 7.99, "size": "large", "crown_color": "#4b433c"}}, {"type": "Feature", "geometry": {"type": "Point", "coordinates": [-119.47579868137836, 49.85547457061788]}, "properties": {"source": "deepforest", "kind": "tree", "species": "pine", "score": 0.36922943592071533, "crown_m": 12.22, "size": "large", "crown_color": "#5d7543"}}, {"type": "Feature", "geometry": {"type": "Point", "coordinates": [-119.47464399039745, 49.85628818439818]}, "properties": {"source": "deepforest", "kind": "tree", "species": "maple", "score": 0.3689766824245453, "crown_m": 1.54, "size": "small", "crown_color": "#889f75"}}, {"type": "Feature", "geometry": {"type": "Point", "coordinates": [-119.4756330549717, 49.85256974526491]}, "properties": {"source": "deepforest", "kind": "tree", "species": "maple", "score": 0.3684166967868805, "crown_m": 2.31, "size": "medium", "crown_color": "#71924d"}}, {"type": "Feature", "geometry": {"type": "Point", "coordinates": [-119.48043286800385, 49.85182092137766]}, "properties": {"source": "deepforest", "kind": "fruittree", "species": "peach", "score": 0.3682023882865906, "crown_m": 2.02, "size": "medium", "crown_color": "#6a8558"}}, {"type": "Feature", "geometry": {"type": "Point", "coordinates": [-119.47600185871124, 49.85685364222977]}, "properties": {"source": "deepforest", "kind": "tree", "species": "pine", "score": 0.3681003451347351, "crown_m": 10.78, "size": "large", "crown_color": "#606d4a"}}, {"type": "Feature", "geometry": {"type": "Point", "coordinates": [-119.4761661440134, 49.855753414290604]}, "properties": {"source": "deepforest", "kind": "tree", "species": "maple", "score": 0.3680560290813446, "crown_m": 3.95, "size": "large", "crown_color": "#616850"}}, {"type": "Feature", "geometry": {"type": "Point", "coordinates": [-119.48166400194168, 49.853529537207024]}, "properties": {"source": "deepforest", "kind": "tree", "species": "pine", "score": 0.36781856417655945, "crown_m": 12.32, "size": "large", "crown_color": "#48523d"}}, {"type": "Feature", "geometry": {"type": "Point", "coordinates": [-119.48277845978737, 49.853235116570474]}, "properties": {"source": "deepforest", "kind": "tree", "species": "pine", "score": 0.367500901222229, "crown_m": 2.31, "size": "medium", "crown_color": "#66765a"}}, {"type": "Feature", "geometry": {"type": "Point", "coordinates": [-119.4817216694355, 49.85442705512759]}, "properties": {"source": "deepforest", "kind": "tree", "species": "maple", "score": 0.3673980236053467, "crown_m": 4.24, "size": "large", "crown_color": "#717e68"}}, {"type": "Feature", "geometry": {"type": "Point", "coordinates": [-119.47944715619087, 49.85387713283026]}, "properties": {"source": "deepforest", "kind": "tree", "species": "maple", "score": 0.3671382963657379, "crown_m": 2.21, "size": "medium", "crown_color": "#6b855c"}}, {"type": "Feature", "geometry": {"type": "Point", "coordinates": [-119.48005400598049, 49.85482868467518]}, "properties": {"source": "deepforest", "kind": "tree", "species": "maple", "score": 0.3670230209827423, "crown_m": 2.7, "size": "medium", "crown_color": "#708175"}}, {"type": "Feature", "geometry": {"type": "Point", "coordinates": [-119.47741605341434, 49.85371716998084]}, "properties": {"source": "deepforest", "kind": "tree", "species": "maple", "score": 0.36665406823158264, "crown_m": 2.79, "size": "medium", "crown_color": "#324142"}}, {"type": "Feature", "geometry": {"type": "Point", "coordinates": [-119.47603605687618, 49.85711605045882]}, "properties": {"source": "deepforest", "kind": "fruittree", "species": "apple", "score": 0.36637529730796814, "crown_m": 8.37, "size": "large", "crown_color": "#7f8e73"}}, {"type": "Feature", "geometry": {"type": "Point", "coordinates": [-119.47607561945915, 49.85692670166568]}, "properties": {"source": "deepforest", "kind": "tree", "species": "pine", "score": 0.3662624955177307, "crown_m": 5.87, "size": "large", "crown_color": "#535d39"}}, {"type": "Feature", "geometry": {"type": "Point", "coordinates": [-119.48161102831364, 49.8516734899035]}, "properties": {"source": "deepforest", "kind": "tree", "species": "pine", "score": 0.36607760190963745, "crown_m": 3.27, "size": "medium", "crown_color": "#46553e"}}, {"type": "Feature", "geometry": {"type": "Point", "coordinates": [-119.48038391768932, 49.85594233536844]}, "properties": {"source": "deepforest", "kind": "tree", "species": "maple", "score": 0.3657725751399994, "crown_m": 2.12, "size": "medium", "crown_color": "#697b71"}}, {"type": "Feature", "geometry": {"type": "Point", "coordinates": [-119.47798870503902, 49.855434365118384]}, "properties": {"source": "deepforest", "kind": "tree", "species": "maple", "score": 0.36567577719688416, "crown_m": 7.99, "size": "large", "crown_color": "#697960"}}, {"type": "Feature", "geometry": {"type": "Point", "coordinates": [-119.47797261178493, 49.85624106261353]}, "properties": {"source": "deepforest", "kind": "fruittree", "species": "apple", "score": 0.36561575531959534, "crown_m": 1.83, "size": "small", "crown_color": "#1e2814"}}, {"type": "Feature", "geometry": {"type": "Point", "coordinates": [-119.47559483349323, 49.85519831925313]}, "properties": {"source": "deepforest", "kind": "tree", "species": "pine", "score": 0.3655270040035248, "crown_m": 2.6, "size": "medium", "crown_color": "#334037"}}, {"type": "Feature", "geometry": {"type": "Point", "coordinates": [-119.47651818394661, 49.85713680096638]}, "properties": {"source": "deepforest", "kind": "tree", "species": "pine", "score": 0.364851713180542, "crown_m": 1.83, "size": "small", "crown_color": "#587946"}}, {"type": "Feature", "geometry": {"type": "Point", "coordinates": [-119.47821199893951, 49.853708090992434]}, "properties": {"source": "deepforest", "kind": "tree", "species": "maple", "score": 0.36482587456703186, "crown_m": 1.54, "size": "small", "crown_color": "#2c3a3e"}}, {"type": "Feature", "geometry": {"type": "Point", "coordinates": [-119.48262825608253, 49.855900401005336]}, "properties": {"source": "deepforest", "kind": "tree", "species": "pine", "score": 0.36440205574035645, "crown_m": 2.02, "size": "medium", "crown_color": "#617061"}}, {"type": "Feature", "geometry": {"type": "Point", "coordinates": [-119.47595559060574, 49.852104109604554]}, "properties": {"source": "deepforest", "kind": "tree", "species": "pine", "score": 0.3640366196632385, "crown_m": 1.93, "size": "small", "crown_color": "#2c3a17"}}, {"type": "Feature", "geometry": {"type": "Point", "coordinates": [-119.47721019387245, 49.8566383540189]}, "properties": {"source": "deepforest", "kind": "fruittree", "species": "apple", "score": 0.36399391293525696, "crown_m": 2.69, "size": "medium", "crown_color": "#232e23"}}, {"type": "Feature", "geometry": {"type": "Point", "coordinates": [-119.48186986148357, 49.854642785514805]}, "properties": {"source": "deepforest", "kind": "tree", "species": "pine", "score": 0.36375531554222107, "crown_m": 1.73, "size": "small", "crown_color": "#687952"}}, {"type": "Feature", "geometry": {"type": "Point", "coordinates": [-119.4805421680212, 49.85329391437397]}, "properties": {"source": "deepforest", "kind": "tree", "species": "maple", "score": 0.3634161949157715, "crown_m": 1.93, "size": "small", "crown_color": "#7b9569"}}, {"type": "Feature", "geometry": {"type": "Point", "coordinates": [-119.48034301400185, 49.85360000766603]}, "properties": {"source": "deepforest", "kind": "tree", "species": "maple", "score": 0.36319756507873535, "crown_m": 1.73, "size": "small", "crown_color": "#889b72"}}, {"type": "Feature", "geometry": {"type": "Point", "coordinates": [-119.48036178946495, 49.852053957306644]}, "properties": {"source": "deepforest", "kind": "tree", "species": "maple", "score": 0.36314061284065247, "crown_m": 3.27, "size": "medium", "crown_color": "#646954"}}, {"type": "Feature", "geometry": {"type": "Point", "coordinates": [-119.4823157787323, 49.85341021275992]}, "properties": {"source": "deepforest", "kind": "tree", "species": "maple", "score": 0.36236920952796936, "crown_m": 1.83, "size": "small", "crown_color": "#3e3b27"}}, {"type": "Feature", "geometry": {"type": "Point", "coordinates": [-119.47725646197796, 49.85645462336148]}, "properties": {"source": "deepforest", "kind": "tree", "species": "maple", "score": 0.36193981766700745, "crown_m": 2.21, "size": "medium", "crown_color": "#4d4039"}}, {"type": "Feature", "geometry": {"type": "Point", "coordinates": [-119.48070511221886, 49.85497091866615]}, "properties": {"source": "deepforest", "kind": "tree", "species": "maple", "score": 0.3616098463535309, "crown_m": 2.41, "size": "medium", "crown_color": "#778c5f"}}, {"type": "Feature", "geometry": {"type": "Point", "coordinates": [-119.48113761842251, 49.852737061718514]}, "properties": {"source": "deepforest", "kind": "tree", "species": "maple", "score": 0.36092787981033325, "crown_m": 1.93, "size": "small", "crown_color": "#7f915d"}}, {"type": "Feature", "geometry": {"type": "Point", "coordinates": [-119.47974152863026, 49.851674354605535]}, "properties": {"source": "deepforest", "kind": "tree", "species": "pine", "score": 0.3604872524738312, "crown_m": 1.93, "size": "small", "crown_color": "#667850"}}, {"type": "Feature", "geometry": {"type": "Point", "coordinates": [-119.48047310113907, 49.85374440693586]}, "properties": {"source": "deepforest", "kind": "tree", "species": "maple", "score": 0.3599971830844879, "crown_m": 1.93, "size": "small", "crown_color": "#9da683"}}, {"type": "Feature", "geometry": {"type": "Point", "coordinates": [-119.4806682318449, 49.85683937617319]}, "properties": {"source": "deepforest", "kind": "tree", "species": "pine", "score": 0.3597259521484375, "crown_m": 2.41, "size": "medium", "crown_color": "#5f794d"}}, {"type": "Feature", "geometry": {"type": "Point", "coordinates": [-119.47870753705502, 49.8556271782846]}, "properties": {"source": "deepforest", "kind": "tree", "species": "maple", "score": 0.35957977175712585, "crown_m": 1.83, "size": "small", "crown_color": "#7e9456"}}, {"type": "Feature", "geometry": {"type": "Point", "coordinates": [-119.47641424834728, 49.85438684875656]}, "properties": {"source": "deepforest", "kind": "tree", "species": "pine", "score": 0.3587585389614105, "crown_m": 4.04, "size": "large", "crown_color": "#5f6a4c"}}, {"type": "Feature", "geometry": {"type": "Point", "coordinates": [-119.48025852441788, 49.85599507750543]}, "properties": {"source": "deepforest", "kind": "tree", "species": "pine", "score": 0.35870179533958435, "crown_m": 5.97, "size": "large", "crown_color": "#6c7752"}}, {"type": "Feature", "geometry": {"type": "Point", "coordinates": [-119.47805240750313, 49.85441884092548]}, "properties": {"source": "deepforest", "kind": "tree", "species": "maple", "score": 0.3583623766899109, "crown_m": 2.12, "size": "medium", "crown_color": "#a3dbe5"}}, {"type": "Feature", "geometry": {"type": "Point", "coordinates": [-119.47689972817898, 49.85544344378249]}, "properties": {"source": "deepforest", "kind": "tree", "species": "maple", "score": 0.3581963777542114, "crown_m": 4.52, "size": "large", "crown_color": "#5e4541"}}, {"type": "Feature", "geometry": {"type": "Point", "coordinates": [-119.48062732815742, 49.85458442167742]}, "properties": {"source": "deepforest", "kind": "tree", "species": "maple", "score": 0.35817739367485046, "crown_m": 2.02, "size": "medium", "crown_color": "#37392a"}}, {"type": "Feature", "geometry": {"type": "Point", "coordinates": [-119.48045566678047, 49.856196966956915]}, "properties": {"source": "deepforest", "kind": "tree", "species": "maple", "score": 0.35783714056015015, "crown_m": 2.89, "size": "medium", "crown_color": "#6c8052"}}, {"type": "Feature", "geometry": {"type": "Point", "coordinates": [-119.47862707078457, 49.85719170330798]}, "properties": {"source": "deepforest", "kind": "tree", "species": "maple", "score": 0.3574043810367584, "crown_m": 2.31, "size": "medium", "crown_color": "#2a3b4b"}}, {"type": "Feature", "geometry": {"type": "Point", "coordinates": [-119.48144607245922, 49.8547703210623]}, "properties": {"source": "deepforest", "kind": "tree", "species": "maple", "score": 0.3568510115146637, "crown_m": 1.64, "size": "small", "crown_color": "#495756"}}, {"type": "Feature", "geometry": {"type": "Point", "coordinates": [-119.48097735643387, 49.85410972651527]}, "properties": {"source": "deepforest", "kind": "fruittree", "species": "apple", "score": 0.356746107339859, "crown_m": 3.47, "size": "medium", "crown_color": "#5f6755"}}, {"type": "Feature", "geometry": {"type": "Point", "coordinates": [-119.48152251541615, 49.85472276547378]}, "properties": {"source": "deepforest", "kind": "tree", "species": "maple", "score": 0.3566833436489105, "crown_m": 2.6, "size": "medium", "crown_color": "#b75f5f"}}, {"type": "Feature", "geometry": {"type": "Point", "coordinates": [-119.47863310575485, 49.85468947653396]}, "properties": {"source": "deepforest", "kind": "tree", "species": "pine", "score": 0.35664454102516174, "crown_m": 3.27, "size": "medium", "crown_color": "#5e7950"}}, {"type": "Feature", "geometry": {"type": "Point", "coordinates": [-119.47716057300568, 49.85705898651708]}, "properties": {"source": "deepforest", "kind": "tree", "species": "pine", "score": 0.35661858320236206, "crown_m": 2.12, "size": "medium", "crown_color": "#676f43"}}, {"type": "Feature", "geometry": {"type": "Point", "coordinates": [-119.47811610996723, 49.85151957269403]}, "properties": {"source": "deepforest", "kind": "tree", "species": "pine", "score": 0.3557618260383606, "crown_m": 1.54, "size": "small", "crown_color": "#2b3319"}}, {"type": "Feature", "geometry": {"type": "Point", "coordinates": [-119.48041543364525, 49.85438728108332]}, "properties": {"source": "deepforest", "kind": "tree", "species": "maple", "score": 0.35565435886383057, "crown_m": 4.91, "size": "large", "crown_color": "#444133"}}, {"type": "Feature", "geometry": {"type": "Point", "coordinates": [-119.47628617286682, 49.851594801953155]}, "properties": {"source": "deepforest", "kind": "tree", "species": "maple", "score": 0.35546794533729553, "crown_m": 2.5, "size": "medium", "crown_color": "#6f8850"}}, {"type": "Feature", "geometry": {"type": "Point", "coordinates": [-119.47675220668316, 49.85513649752646]}, "properties": {"source": "deepforest", "kind": "tree", "species": "pine", "score": 0.355374813079834, "crown_m": 1.93, "size": "small", "crown_color": "#414f38"}}, {"type": "Feature", "geometry": {"type": "Point", "coordinates": [-119.48141053318977, 49.855281324524]}, "properties": {"source": "deepforest", "kind": "tree", "species": "maple", "score": 0.35525789856910706, "crown_m": 6.45, "size": "large", "crown_color": "#606452"}}, {"type": "Feature", "geometry": {"type": "Point", "coordinates": [-119.47796657681465, 49.857001922507955]}, "properties": {"source": "deepforest", "kind": "tree", "species": "maple", "score": 0.3552347719669342, "crown_m": 2.02, "size": "medium", "crown_color": "#8d9791"}}, {"type": "Feature", "geometry": {"type": "Point", "coordinates": [-119.48089689016342, 49.855299914226585]}, "properties": {"source": "deepforest", "kind": "tree", "species": "maple", "score": 0.355206698179245, "crown_m": 4.24, "size": "large", "crown_color": "#829864"}}, {"type": "Feature", "geometry": {"type": "Point", "coordinates": [-119.47746567428112, 49.851830433070226]}, "properties": {"source": "deepforest", "kind": "tree", "species": "maple", "score": 0.35501107573509216, "crown_m": 2.41, "size": "medium", "crown_color": "#abb098"}}, {"type": "Feature", "geometry": {"type": "Point", "coordinates": [-119.4827851653099, 49.85321652607361]}, "properties": {"source": "deepforest", "kind": "tree", "species": "maple", "score": 0.35499706864356995, "crown_m": 2.12, "size": "medium", "crown_color": "#77866b"}}, {"type": "Feature", "geometry": {"type": "Point", "coordinates": [-119.47926744818687, 49.85478069682085]}, "properties": {"source": "deepforest", "kind": "tree", "species": "maple", "score": 0.354936420917511, "crown_m": 3.18, "size": "medium", "crown_color": "#7d994f"}}, {"type": "Feature", "geometry": {"type": "Point", "coordinates": [-119.4751113653183, 49.85722628742816]}, "properties": {"source": "deepforest", "kind": "tree", "species": "maple", "score": 0.3547515571117401, "crown_m": 1.92, "size": "small", "crown_color": "#9aaa65"}}, {"type": "Feature", "geometry": {"type": "Point", "coordinates": [-119.47978645563126, 49.85364583502594]}, "properties": {"source": "deepforest", "kind": "tree", "species": "maple", "score": 0.3544800281524658, "crown_m": 3.08, "size": "medium", "crown_color": "#9aa07e"}}, {"type": "Feature", "geometry": {"type": "Point", "coordinates": [-119.47975158691406, 49.85578583786905]}, "properties": {"source": "deepforest", "kind": "tree", "species": "maple", "score": 0.35390788316726685, "crown_m": 2.12, "size": "medium", "crown_color": "#6b8753"}}, {"type": "Feature", "geometry": {"type": "Point", "coordinates": [-119.48137164115906, 49.8545723165764]}, "properties": {"source": "deepforest", "kind": "tree", "species": "maple", "score": 0.35381951928138733, "crown_m": 2.12, "size": "medium", "crown_color": "#737e5f"}}, {"type": "Feature", "geometry": {"type": "Point", "coordinates": [-119.47712235152721, 49.85715538995516]}, "properties": {"source": "deepforest", "kind": "tree", "species": "maple", "score": 0.3538022041320801, "crown_m": 4.72, "size": "large", "crown_color": "#c1c8b7"}}, {"type": "Feature", "geometry": {"type": "Point", "coordinates": [-119.47764337062836, 49.85582171993717]}, "properties": {"source": "deepforest", "kind": "tree", "species": "pine", "score": 0.3537144362926483, "crown_m": 2.02, "size": "medium", "crown_color": "#607c47"}}, {"type": "Feature", "geometry": {"type": "Point", "coordinates": [-119.47682864964008, 49.85711215973766]}, "properties": {"source": "deepforest", "kind": "tree", "species": "pine", "score": 0.35354113578796387, "crown_m": 2.41, "size": "medium", "crown_color": "#556037"}}, {"type": "Feature", "geometry": {"type": "Point", "coordinates": [-119.47926141321659, 49.852236407657884]}, "properties": {"source": "deepforest", "kind": "tree", "species": "maple", "score": 0.3534426689147949, "crown_m": 2.6, "size": "medium", "crown_color": "#a2ac83"}}, {"type": "Feature", "geometry": {"type": "Point", "coordinates": [-119.47949074208736, 49.854289142812306]}, "properties": {"source": "deepforest", "kind": "tree", "species": "pine", "score": 0.35320496559143066, "crown_m": 2.31, "size": "medium", "crown_color": "#485231"}}, {"type": "Feature", "geometry": {"type": "Point", "coordinates": [-119.47839438915253, 49.85416592928238]}, "properties": {"source": "deepforest", "kind": "tree", "species": "maple", "score": 0.35307252407073975, "crown_m": 2.02, "size": "medium", "crown_color": "#383323"}}, {"type": "Feature", "geometry": {"type": "Point", "coordinates": [-119.48157079517841, 49.85385205760778]}, "properties": {"source": "deepforest", "kind": "tree", "species": "maple", "score": 0.35261690616607666, "crown_m": 3.95, "size": "large", "crown_color": "#717056"}}, {"type": "Feature", "geometry": {"type": "Point", "coordinates": [-119.47868809103966, 49.85672438295719]}, "properties": {"source": "deepforest", "kind": "tree", "species": "pine", "score": 0.35258516669273376, "crown_m": 2.6, "size": "medium", "crown_color": "#697656"}}, {"type": "Feature", "geometry": {"type": "Point", "coordinates": [-119.47586439549923, 49.85506040913891]}, "properties": {"source": "deepforest", "kind": "tree", "species": "maple", "score": 0.3520881235599518, "crown_m": 2.21, "size": "medium", "crown_color": "#6c8455"}}, {"type": "Feature", "geometry": {"type": "Point", "coordinates": [-119.47618559002876, 49.856476238769204]}, "properties": {"source": "deepforest", "kind": "tree", "species": "maple", "score": 0.3519630432128906, "crown_m": 2.02, "size": "medium", "crown_color": "#32391f"}}, {"type": "Feature", "geometry": {"type": "Point", "coordinates": [-119.48202274739742, 49.855699807259846]}, "properties": {"source": "deepforest", "kind": "tree", "species": "maple", "score": 0.3516079783439636, "crown_m": 1.83, "size": "small", "crown_color": "#384954"}}, {"type": "Feature", "geometry": {"type": "Point", "coordinates": [-119.47694733738899, 49.85229693605827]}, "properties": {"source": "deepforest", "kind": "tree", "species": "maple", "score": 0.35149258375167847, "crown_m": 1.93, "size": "small", "crown_color": "#a1ae63"}}, {"type": "Feature", "geometry": {"type": "Point", "coordinates": [-119.48074400424957, 49.854058711639304]}, "properties": {"source": "deepforest", "kind": "tree", "species": "maple", "score": 0.35115742683410645, "crown_m": 1.64, "size": "small", "crown_color": "#b7c1ad"}}, {"type": "Feature", "geometry": {"type": "Point", "coordinates": [-119.47768695652485, 49.85350100312691]}, "properties": {"source": "deepforest", "kind": "tree", "species": "maple", "score": 0.3511456251144409, "crown_m": 1.44, "size": "small", "crown_color": "#333e43"}}, {"type": "Feature", "geometry": {"type": "Point", "coordinates": [-119.48079228401184, 49.856381995520714]}, "properties": {"source": "deepforest", "kind": "tree", "species": "pine", "score": 0.35053086280822754, "crown_m": 2.5, "size": "medium", "crown_color": "#55704f"}}, {"type": "Feature", "geometry": {"type": "Point", "coordinates": [-119.47978042066097, 49.85412658735226]}, "properties": {"source": "deepforest", "kind": "tree", "species": "maple", "score": 0.3505166471004486, "crown_m": 2.21, "size": "medium", "crown_color": "#747c5f"}}, {"type": "Feature", "geometry": {"type": "Point", "coordinates": [-119.47652287781239, 49.85711518585414]}, "properties": {"source": "deepforest", "kind": "tree", "species": "maple", "score": 0.3498465418815613, "crown_m": 2.6, "size": "medium", "crown_color": "#7b9f5c"}}, {"type": "Feature", "geometry": {"type": "Point", "coordinates": [-119.47893217206001, 49.85614725121738]}, "properties": {"source": "deepforest", "kind": "tree", "species": "maple", "score": 0.349075049161911, "crown_m": 2.12, "size": "medium", "crown_color": "#323927"}}, {"type": "Feature", "geometry": {"type": "Point", "coordinates": [-119.47551973164082, 49.85603528253841]}, "properties": {"source": "deepforest", "kind": "tree", "species": "pine", "score": 0.3489125370979309, "crown_m": 1.44, "size": "small", "crown_color": "#182907"}}, {"type": "Feature", "geometry": {"type": "Point", "coordinates": [-119.47781503200531, 49.855798807294335]}, "properties": {"source": "deepforest", "kind": "tree", "species": "pine", "score": 0.3488648235797882, "crown_m": 7.7, "size": "large", "crown_color": "#5c7543"}}, {"type": "Feature", "geometry": {"type": "Point", "coordinates": [-119.48038458824158, 49.85711172743529]}, "properties": {"source": "deepforest", "kind": "tree", "species": "maple", "score": 0.34859615564346313, "crown_m": 1.83, "size": "small", "crown_color": "#9c9986"}}, {"type": "Feature", "geometry": {"type": "Point", "coordinates": [-119.47624526917934, 49.85180016858738]}, "properties": {"source": "deepforest", "kind": "tree", "species": "pine", "score": 0.34850364923477173, "crown_m": 2.02, "size": "medium", "crown_color": "#607655"}}, {"type": "Feature", "geometry": {"type": "Point", "coordinates": [-119.48023371398449, 49.856846293049635]}, "properties": {"source": "deepforest", "kind": "tree", "species": "pine", "score": 0.3485012352466583, "crown_m": 2.41, "size": "medium", "crown_color": "#4c6242"}}, {"type": "Feature", "geometry": {"type": "Point", "coordinates": [-119.47930097579956, 49.85561031797117]}, "properties": {"source": "deepforest", "kind": "tree", "species": "maple", "score": 0.3483821153640747, "crown_m": 2.5, "size": "medium", "crown_color": "#666d4f"}}, {"type": "Feature", "geometry": {"type": "Point", "coordinates": [-119.47885036468506, 49.85355331559424]}, "properties": {"source": "deepforest", "kind": "tree", "species": "pine", "score": 0.34824633598327637, "crown_m": 2.5, "size": "medium", "crown_color": "#616c45"}}, {"type": "Feature", "geometry": {"type": "Point", "coordinates": [-119.48203079402447, 49.85318193908365]}, "properties": {"source": "deepforest", "kind": "tree", "species": "pine", "score": 0.34823858737945557, "crown_m": 1.83, "size": "small", "crown_color": "#62705f"}}, {"type": "Feature", "geometry": {"type": "Point", "coordinates": [-119.4813884049654, 49.85503317292562]}, "properties": {"source": "deepforest", "kind": "tree", "species": "pine", "score": 0.3477185368537903, "crown_m": 2.41, "size": "medium", "crown_color": "#495a51"}}, {"type": "Feature", "geometry": {"type": "Point", "coordinates": [-119.48128648102283, 49.85481398569783]}, "properties": {"source": "deepforest", "kind": "tree", "species": "maple", "score": 0.3475976288318634, "crown_m": 3.18, "size": "medium", "crown_color": "#646958"}}, {"type": "Feature", "geometry": {"type": "Point", "coordinates": [-119.47983741760254, 49.85646543106655]}, "properties": {"source": "deepforest", "kind": "tree", "species": "maple", "score": 0.34739840030670166, "crown_m": 2.5, "size": "medium", "crown_color": "#9f9e84"}}, {"type": "Feature", "geometry": {"type": "Point", "coordinates": [-119.48257394134998, 49.852568880578886]}, "properties": {"source": "deepforest", "kind": "tree", "species": "maple", "score": 0.34718719124794006, "crown_m": 2.41, "size": "medium", "crown_color": "#4d443a"}}, {"type": "Feature", "geometry": {"type": "Point", "coordinates": [-119.48226414620876, 49.85537167905782]}, "properties": {"source": "deepforest", "kind": "tree", "species": "maple", "score": 0.34716135263442993, "crown_m": 2.41, "size": "medium", "crown_color": "#2d3b3b"}}, {"type": "Feature", "geometry": {"type": "Point", "coordinates": [-119.48228158056736, 49.85620863934052]}, "properties": {"source": "deepforest", "kind": "fruittree", "species": "apple", "score": 0.34712615609169006, "crown_m": 2.41, "size": "medium", "crown_color": "#38432d"}}, {"type": "Feature", "geometry": {"type": "Point", "coordinates": [-119.47599180042744, 49.85443354002301]}, "properties": {"source": "deepforest", "kind": "tree", "species": "pine", "score": 0.3471091687679291, "crown_m": 2.21, "size": "medium", "crown_color": "#505e4b"}}, {"type": "Feature", "geometry": {"type": "Point", "coordinates": [-119.4756793230772, 49.85688260663475]}, "properties": {"source": "deepforest", "kind": "tree", "species": "pine", "score": 0.34679120779037476, "crown_m": 1.64, "size": "small", "crown_color": "#1a2313"}}, {"type": "Feature", "geometry": {"type": "Point", "coordinates": [-119.47738721966743, 49.8537928281513]}, "properties": {"source": "deepforest", "kind": "tree", "species": "pine", "score": 0.3464622497558594, "crown_m": 2.31, "size": "medium", "crown_color": "#627143"}}, {"type": "Feature", "geometry": {"type": "Point", "coordinates": [-119.47959668934345, 49.85430686824164]}, "properties": {"source": "deepforest", "kind": "tree", "species": "pine", "score": 0.34617143869400024, "crown_m": 1.64, "size": "small", "crown_color": "#111e0c"}}, {"type": "Feature", "geometry": {"type": "Point", "coordinates": [-119.47706066071987, 49.85331380185015]}, "properties": {"source": "deepforest", "kind": "tree", "species": "pine", "score": 0.34611430764198303, "crown_m": 3.85, "size": "large", "crown_color": "#63804a"}}, {"type": "Feature", "geometry": {"type": "Point", "coordinates": [-119.47590731084347, 49.85513087736557]}, "properties": {"source": "deepforest", "kind": "tree", "species": "pine", "score": 0.34610190987586975, "crown_m": 2.02, "size": "medium", "crown_color": "#496142"}}, {"type": "Feature", "geometry": {"type": "Point", "coordinates": [-119.47793640196323, 49.85621858247988]}, "properties": {"source": "deepforest", "kind": "tree", "species": "pine", "score": 0.3458263576030731, "crown_m": 2.02, "size": "medium", "crown_color": "#41513c"}}, {"type": "Feature", "geometry": {"type": "Point", "coordinates": [-119.47986893355846, 49.854027151561965]}, "properties": {"source": "deepforest", "kind": "tree", "species": "pine", "score": 0.3457086980342865, "crown_m": 1.73, "size": "small", "crown_color": "#56704c"}}, {"type": "Feature", "geometry": {"type": "Point", "coordinates": [-119.47945587337017, 49.85425153029438]}, "properties": {"source": "deepforest", "kind": "tree", "species": "maple", "score": 0.3453364074230194, "crown_m": 2.6, "size": "medium", "crown_color": "#738959"}}, {"type": "Feature", "geometry": {"type": "Point", "coordinates": [-119.4770110398531, 49.85620950396142]}, "properties": {"source": "deepforest", "kind": "tree", "species": "maple", "score": 0.3453123867511749, "crown_m": 2.02, "size": "medium", "crown_color": "#829682"}}, {"type": "Feature", "geometry": {"type": "Point", "coordinates": [-119.47716660797596, 49.856244088784564]}, "properties": {"source": "deepforest", "kind": "tree", "species": "pine", "score": 0.34518077969551086, "crown_m": 2.5, "size": "medium", "crown_color": "#44623f"}}, {"type": "Feature", "geometry": {"type": "Point", "coordinates": [-119.48080569505692, 49.857007542451235]}, "properties": {"source": "deepforest", "kind": "tree", "species": "maple", "score": 0.3450296223163605, "crown_m": 3.66, "size": "large", "crown_color": "#5a4a4b"}}, {"type": "Feature", "geometry": {"type": "Point", "coordinates": [-119.47956919670105, 49.856613280229176]}, "properties": {"source": "deepforest", "kind": "tree", "species": "pine", "score": 0.34493377804756165, "crown_m": 1.54, "size": "small", "crown_color": "#233221"}}, {"type": "Feature", "geometry": {"type": "Point", "coordinates": [-119.47601459920406, 49.85200423730477]}, "properties": {"source": "deepforest", "kind": "tree", "species": "maple", "score": 0.34408995509147644, "crown_m": 1.64, "size": "small", "crown_color": "#708c4f"}}, {"type": "Feature", "geometry": {"type": "Point", "coordinates": [-119.47741739451885, 49.85162420186169]}, "properties": {"source": "deepforest", "kind": "tree", "species": "maple", "score": 0.3437274992465973, "crown_m": 2.31, "size": "medium", "crown_color": "#162424"}}, {"type": "Feature", "geometry": {"type": "Point", "coordinates": [-119.4793613255024, 49.85434880398759]}, "properties": {"source": "deepforest", "kind": "tree", "species": "maple", "score": 0.34366849064826965, "crown_m": 1.93, "size": "small", "crown_color": "#6a8057"}}, {"type": "Feature", "geometry": {"type": "Point", "coordinates": [-119.48056697845459, 49.8562047485463]}, "properties": {"source": "deepforest", "kind": "tree", "species": "maple", "score": 0.34338897466659546, "crown_m": 2.12, "size": "medium", "crown_color": "#5b5d40"}}, {"type": "Feature", "geometry": {"type": "Point", "coordinates": [-119.48268055915833, 49.855782379355055]}, "properties": {"source": "deepforest", "kind": "tree", "species": "pine", "score": 0.34325239062309265, "crown_m": 1.93, "size": "small", "crown_color": "#62715a"}}, {"type": "Feature", "geometry": {"type": "Point", "coordinates": [-119.47719946503639, 49.85624149492369]}, "properties": {"source": "deepforest", "kind": "tree", "species": "pine", "score": 0.3429775536060333, "crown_m": 2.5, "size": "medium", "crown_color": "#415e41"}}, {"type": "Feature", "geometry": {"type": "Point", "coordinates": [-119.47478011250496, 49.854594365150994]}, "properties": {"source": "deepforest", "kind": "tree", "species": "pine", "score": 0.34292611479759216, "crown_m": 1.93, "size": "small", "crown_color": "#2c3526"}}, {"type": "Feature", "geometry": {"type": "Point", "coordinates": [-119.48137901723385, 49.851917767614474]}, "properties": {"source": "deepforest", "kind": "tree", "species": "maple", "score": 0.3426634669303894, "crown_m": 3.37, "size": "medium", "crown_color": "#8b8b71"}}, {"type": "Feature", "geometry": {"type": "Point", "coordinates": [-119.47589792311192, 49.85533190579102]}, "properties": {"source": "deepforest", "kind": "tree", "species": "pine", "score": 0.34263986349105835, "crown_m": 3.18, "size": "medium", "crown_color": "#5d7d3b"}}, {"type": "Feature", "geometry": {"type": "Point", "coordinates": [-119.48184438049793, 49.85436307077947]}, "properties": {"source": "deepforest", "kind": "tree", "species": "maple", "score": 0.3425113558769226, "crown_m": 2.79, "size": "medium", "crown_color": "#7e8c79"}}, {"type": "Feature", "geometry": {"type": "Point", "coordinates": [-119.47560757398605, 49.85710135217724]}, "properties": {"source": "deepforest", "kind": "tree", "species": "pine", "score": 0.34213805198669434, "crown_m": 1.83, "size": "small", "crown_color": "#2b4027"}}, {"type": "Feature", "geometry": {"type": "Point", "coordinates": [-119.47603337466717, 49.85440673578297]}, "properties": {"source": "deepforest", "kind": "tree", "species": "pine", "score": 0.34185272455215454, "crown_m": 2.7, "size": "medium", "crown_color": "#2d3d2d"}}, {"type": "Feature", "geometry": {"type": "Point", "coordinates": [-119.47575777769089, 49.85265016099708]}, "properties": {"source": "deepforest", "kind": "tree", "species": "pine", "score": 0.34153711795806885, "crown_m": 2.41, "size": "medium", "crown_color": "#64864e"}}, {"type": "Feature", "geometry": {"type": "Point", "coordinates": [-119.47518579661846, 49.85368777134552]}, "properties": {"source": "deepforest", "kind": "tree", "species": "maple", "score": 0.3415258824825287, "crown_m": 2.41, "size": "medium", "crown_color": "#759453"}}, {"type": "Feature", "geometry": {"type": "Point", "coordinates": [-119.4816405326128, 49.854462938204655]}, "properties": {"source": "deepforest", "kind": "tree", "species": "maple", "score": 0.3413422107696533, "crown_m": 7.89, "size": "large", "crown_color": "#6a7668"}}, {"type": "Feature", "geometry": {"type": "Point", "coordinates": [-119.47684340178967, 49.856236739511715]}, "properties": {"source": "deepforest", "kind": "tree", "species": "pine", "score": 0.3411383330821991, "crown_m": 1.44, "size": "small", "crown_color": "#152213"}}, {"type": "Feature", "geometry": {"type": "Point", "coordinates": [-119.4758141040802, 49.85507294643829]}, "properties": {"source": "deepforest", "kind": "tree", "species": "pine", "score": 0.3411330580711365, "crown_m": 1.93, "size": "small", "crown_color": "#50654e"}}, {"type": "Feature", "geometry": {"type": "Point", "coordinates": [-119.47649136185646, 49.85414604215687]}, "properties": {"source": "deepforest", "kind": "tree", "species": "pine", "score": 0.3407917618751526, "crown_m": 5.97, "size": "large", "crown_color": "#59654e"}}, {"type": "Feature", "geometry": {"type": "Point", "coordinates": [-119.475958943367, 49.85399948243609]}, "properties": {"source": "deepforest", "kind": "tree", "species": "pine", "score": 0.34069254994392395, "crown_m": 2.31, "size": "medium", "crown_color": "#2b331b"}}, {"type": "Feature", "geometry": {"type": "Point", "coordinates": [-119.47566524147987, 49.8564892080092]}, "properties": {"source": "deepforest", "kind": "tree", "species": "pine", "score": 0.3401564657688141, "crown_m": 1.54, "size": "small", "crown_color": "#607554"}}, {"type": "Feature", "geometry": {"type": "Point", "coordinates": [-119.47590664029121, 49.8550400900606]}, "properties": {"source": "deepforest", "kind": "tree", "species": "maple", "score": 0.3400256633758545, "crown_m": 2.31, "size": "medium", "crown_color": "#728b50"}}, {"type": "Feature", "geometry": {"type": "Point", "coordinates": [-119.4810725748539, 49.854111023502945]}, "properties": {"source": "deepforest", "kind": "tree", "species": "maple", "score": 0.3399343192577362, "crown_m": 4.43, "size": "large", "crown_color": "#778458"}}, {"type": "Feature", "geometry": {"type": "Point", "coordinates": [-119.47971470654011, 49.85616454365432]}, "properties": {"source": "deepforest", "kind": "tree", "species": "pine", "score": 0.33957454562187195, "crown_m": 1.92, "size": "small", "crown_color": "#2b4218"}}, {"type": "Feature", "geometry": {"type": "Point", "coordinates": [-119.47941429913044, 49.856228957927485]}, "properties": {"source": "deepforest", "kind": "tree", "species": "maple", "score": 0.3394578695297241, "crown_m": 2.02, "size": "medium", "crown_color": "#202518"}}, {"type": "Feature", "geometry": {"type": "Point", "coordinates": [-119.47863444685936, 49.851646684132604]}, "properties": {"source": "deepforest", "kind": "tree", "species": "maple", "score": 0.3394123315811157, "crown_m": 1.73, "size": "small", "crown_color": "#698062"}}, {"type": "Feature", "geometry": {"type": "Point", "coordinates": [-119.47585567831993, 49.85500896294535]}, "properties": {"source": "deepforest", "kind": "tree", "species": "pine", "score": 0.33928075432777405, "crown_m": 2.41, "size": "medium", "crown_color": "#556e44"}}, {"type": "Feature", "geometry": {"type": "Point", "coordinates": [-119.4786773622036, 49.8556159380763]}, "properties": {"source": "deepforest", "kind": "tree", "species": "maple", "score": 0.3391856849193573, "crown_m": 2.5, "size": "medium", "crown_color": "#789255"}}, {"type": "Feature", "geometry": {"type": "Point", "coordinates": [-119.48223531246185, 49.85658907104053]}, "properties": {"source": "deepforest", "kind": "tree", "species": "maple", "score": 0.3389160931110382, "crown_m": 2.31, "size": "medium", "crown_color": "#899975"}}, {"type": "Feature", "geometry": {"type": "Point", "coordinates": [-119.48169887065887, 49.85180103328716]}, "properties": {"source": "deepforest", "kind": "tree", "species": "maple", "score": 0.3388708829879761, "crown_m": 7.89, "size": "large", "crown_color": "#666740"}}, {"type": "Feature", "geometry": {"type": "Point", "coordinates": [-119.47800278663635, 49.856852777620404]}, "properties": {"source": "deepforest", "kind": "tree", "species": "maple", "score": 0.3388398587703705, "crown_m": 3.66, "size": "large", "crown_color": "#7e975c"}}, {"type": "Feature", "geometry": {"type": "Point", "coordinates": [-119.47693593800068, 49.85537297601162]}, "properties": {"source": "deepforest", "kind": "tree", "species": "pine", "score": 0.33853158354759216, "crown_m": 2.02, "size": "medium", "crown_color": "#486542"}}, {"type": "Feature", "geometry": {"type": "Point", "coordinates": [-119.47642497718334, 49.85606511205739]}, "properties": {"source": "deepforest", "kind": "tree", "species": "maple", "score": 0.3381713330745697, "crown_m": 2.6, "size": "medium", "crown_color": "#4f3e33"}}, {"type": "Feature", "geometry": {"type": "Point", "coordinates": [-119.47474122047424, 49.8545243284675]}, "properties": {"source": "deepforest", "kind": "tree", "species": "maple", "score": 0.33812782168388367, "crown_m": 2.5, "size": "medium", "crown_color": "#6c8e51"}}, {"type": "Feature", "geometry": {"type": "Point", "coordinates": [-119.47655908763409, 49.85618832074502]}, "properties": {"source": "deepforest", "kind": "tree", "species": "maple", "score": 0.3377760648727417, "crown_m": 1.83, "size": "small", "crown_color": "#181e14"}}, {"type": "Feature", "geometry": {"type": "Point", "coordinates": [-119.48079966008663, 49.851628957727556]}, "properties": {"source": "deepforest", "kind": "tree", "species": "pine", "score": 0.3376258909702301, "crown_m": 2.41, "size": "medium", "crown_color": "#37402b"}}, {"type": "Feature", "geometry": {"type": "Point", "coordinates": [-119.47800278663635, 49.85692497244954]}, "properties": {"source": "deepforest", "kind": "tree", "species": "pine", "score": 0.3374134302139282, "crown_m": 1.54, "size": "small", "crown_color": "#243828"}}, {"type": "Feature", "geometry": {"type": "Point", "coordinates": [-119.48200933635235, 49.85225888964401]}, "properties": {"source": "deepforest", "kind": "tree", "species": "maple", "score": 0.33722248673439026, "crown_m": 2.6, "size": "medium", "crown_color": "#3d4331"}}, {"type": "Feature", "geometry": {"type": "Point", "coordinates": [-119.47545871138573, 49.85301765054332]}, "properties": {"source": "deepforest", "kind": "tree", "species": "pine", "score": 0.3366429805755615, "crown_m": 4.14, "size": "large", "crown_color": "#677e3e"}}, {"type": "Feature", "geometry": {"type": "Point", "coordinates": [-119.4764806330204, 49.855981675820345]}, "properties": {"source": "deepforest", "kind": "tree", "species": "maple", "score": 0.33634018898010254, "crown_m": 2.02, "size": "medium", "crown_color": "#7a7e73"}}, {"type": "Feature", "geometry": {"type": "Point", "coordinates": [-119.47622112929821, 49.852881463566796]}, "properties": {"source": "deepforest", "kind": "tree", "species": "pine", "score": 0.33620089292526245, "crown_m": 2.21, "size": "medium", "crown_color": "#536b4a"}}, {"type": "Feature", "geometry": {"type": "Point", "coordinates": [-119.47676494717598, 49.854434404675665]}, "properties": {"source": "deepforest", "kind": "tree", "species": "maple", "score": 0.33619317412376404, "crown_m": 1.54, "size": "small", "crown_color": "#2d3539"}}, {"type": "Feature", "geometry": {"type": "Point", "coordinates": [-119.48045030236244, 49.85441754394607]}, "properties": {"source": "deepforest", "kind": "tree", "species": "maple", "score": 0.33501848578453064, "crown_m": 2.5, "size": "medium", "crown_color": "#1e231c"}}, {"type": "Feature", "geometry": {"type": "Point", "coordinates": [-119.47749584913254, 49.85574217411166]}, "properties": {"source": "deepforest", "kind": "tree", "species": "maple", "score": 0.33487188816070557, "crown_m": 1.73, "size": "small", "crown_color": "#75954d"}}, {"type": "Feature", "geometry": {"type": "Point", "coordinates": [-119.47643168270588, 49.856921081713]}, "properties": {"source": "deepforest", "kind": "fruittree", "species": "apple", "score": 0.3346240520477295, "crown_m": 2.69, "size": "medium", "crown_color": "#4b593d"}}, {"type": "Feature", "geometry": {"type": "Point", "coordinates": [-119.4755157083273, 49.85311622373454]}, "properties": {"source": "deepforest", "kind": "tree", "species": "maple", "score": 0.3344486355781555, "crown_m": 1.64, "size": "small", "crown_color": "#708c61"}}, {"type": "Feature", "geometry": {"type": "Point", "coordinates": [-119.475417137146, 49.853204420629936]}, "properties": {"source": "deepforest", "kind": "tree", "species": "pine", "score": 0.3343961834907532, "crown_m": 2.41, "size": "medium", "crown_color": "#5a7842"}}, {"type": "Feature", "geometry": {"type": "Point", "coordinates": [-119.47655439376831, 49.856903789546784]}, "properties": {"source": "deepforest", "kind": "tree", "species": "pine", "score": 0.3342598080635071, "crown_m": 1.54, "size": "small", "crown_color": "#3f5636"}}, {"type": "Feature", "geometry": {"type": "Point", "coordinates": [-119.47859220206738, 49.857212886084525]}, "properties": {"source": "deepforest", "kind": "tree", "species": "pine", "score": 0.3339972496032715, "crown_m": 2.02, "size": "medium", "crown_color": "#435840"}}, {"type": "Feature", "geometry": {"type": "Point", "coordinates": [-119.47664022445679, 49.85317848038329]}, "properties": {"source": "deepforest", "kind": "tree", "species": "pine", "score": 0.3339805006980896, "crown_m": 1.54, "size": "small", "crown_color": "#5f7646"}}, {"type": "Feature", "geometry": {"type": "Point", "coordinates": [-119.48136158287525, 49.853579687973664]}, "properties": {"source": "deepforest", "kind": "tree", "species": "pine", "score": 0.33378860354423523, "crown_m": 2.02, "size": "medium", "crown_color": "#283227"}}, {"type": "Feature", "geometry": {"type": "Point", "coordinates": [-119.47547279298306, 49.8531564311627]}, "properties": {"source": "deepforest", "kind": "tree", "species": "pine", "score": 0.33360549807548523, "crown_m": 2.79, "size": "medium", "crown_color": "#547643"}}, {"type": "Feature", "geometry": {"type": "Point", "coordinates": [-119.4754707813263, 49.85296576983561]}, "properties": {"source": "deepforest", "kind": "tree", "species": "pine", "score": 0.33314448595046997, "crown_m": 2.5, "size": "medium", "crown_color": "#67824c"}}, {"type": "Feature", "geometry": {"type": "Point", "coordinates": [-119.47902336716652, 49.856800036419564]}, "properties": {"source": "deepforest", "kind": "tree", "species": "maple", "score": 0.3330548107624054, "crown_m": 2.12, "size": "medium", "crown_color": "#6e7168"}}, {"type": "Feature", "geometry": {"type": "Point", "coordinates": [-119.47568669915199, 49.8527552200585]}, "properties": {"source": "deepforest", "kind": "tree", "species": "maple", "score": 0.33301541209220886, "crown_m": 3.08, "size": "medium", "crown_color": "#a2b09f"}}, {"type": "Feature", "geometry": {"type": "Point", "coordinates": [-119.48211260139942, 49.855677326874414]}, "properties": {"source": "deepforest", "kind": "tree", "species": "maple", "score": 0.33296650648117065, "crown_m": 3.95, "size": "large", "crown_color": "#9f9478"}}, {"type": "Feature", "geometry": {"type": "Point", "coordinates": [-119.47588987648487, 49.85263113793274]}, "properties": {"source": "deepforest", "kind": "fruittree", "species": "apple", "score": 0.33205753564834595, "crown_m": 2.98, "size": "medium", "crown_color": "#47563c"}}, {"type": "Feature", "geometry": {"type": "Point", "coordinates": [-119.47614401578903, 49.85505824753524]}, "properties": {"source": "deepforest", "kind": "tree", "species": "maple", "score": 0.33186519145965576, "crown_m": 2.02, "size": "medium", "crown_color": "#8aa16c"}}, {"type": "Feature", "geometry": {"type": "Point", "coordinates": [-119.48108464479446, 49.85705293427688]}, "properties": {"source": "deepforest", "kind": "fruittree", "species": "apple", "score": 0.3318556249141693, "crown_m": 2.79, "size": "medium", "crown_color": "#39453c"}}, {"type": "Feature", "geometry": {"type": "Point", "coordinates": [-119.47599045932293, 49.8527193357134]}, "properties": {"source": "deepforest", "kind": "tree", "species": "maple", "score": 0.3317273259162903, "crown_m": 1.83, "size": "small", "crown_color": "#78925a"}}, {"type": "Feature", "geometry": {"type": "Point", "coordinates": [-119.4757242500782, 49.85505522128994]}, "properties": {"source": "deepforest", "kind": "fruittree", "species": "apple", "score": 0.3316623866558075, "crown_m": 1.93, "size": "small", "crown_color": "#4e4d3e"}}, {"type": "Feature", "geometry": {"type": "Point", "coordinates": [-119.4812972098589, 49.852332388371856]}, "properties": {"source": "deepforest", "kind": "tree", "species": "pine", "score": 0.33135998249053955, "crown_m": 2.02, "size": "medium", "crown_color": "#202c1d"}}, {"type": "Feature", "geometry": {"type": "Point", "coordinates": [-119.4761373102665, 49.853664425357664]}, "properties": {"source": "deepforest", "kind": "tree", "species": "pine", "score": 0.33123838901519775, "crown_m": 2.89, "size": "medium", "crown_color": "#506b3e"}}, {"type": "Feature", "geometry": {"type": "Point", "coordinates": [-119.47520859539509, 49.85441408533414]}, "properties": {"source": "deepforest", "kind": "tree", "species": "maple", "score": 0.33120742440223694, "crown_m": 1.83, "size": "small", "crown_color": "#1d2315"}}, {"type": "Feature", "geometry": {"type": "Point", "coordinates": [-119.47573900222778, 49.852428368895225]}, "properties": {"source": "deepforest", "kind": "fruittree", "species": "apple", "score": 0.3309832513332367, "crown_m": 1.54, "size": "small", "crown_color": "#2a3c19"}}, {"type": "Feature", "geometry": {"type": "Point", "coordinates": [-119.47478614747524, 49.85498302366732]}, "properties": {"source": "deepforest", "kind": "tree", "species": "maple", "score": 0.33071014285087585, "crown_m": 3.18, "size": "medium", "crown_color": "#222f2f"}}, {"type": "Feature", "geometry": {"type": "Point", "coordinates": [-119.47731077671051, 49.85203104287735]}, "properties": {"source": "deepforest", "kind": "tree", "species": "pine", "score": 0.33057498931884766, "crown_m": 2.41, "size": "medium", "crown_color": "#647d50"}}, {"type": "Feature", "geometry": {"type": "Point", "coordinates": [-119.48086872696877, 49.855679488450384]}, "properties": {"source": "deepforest", "kind": "tree", "species": "pine", "score": 0.33036765456199646, "crown_m": 1.54, "size": "small", "crown_color": "#3b4731"}}, {"type": "Feature", "geometry": {"type": "Point", "coordinates": [-119.47937540709972, 49.854744813979735]}, "properties": {"source": "deepforest", "kind": "tree", "species": "maple", "score": 0.3300955593585968, "crown_m": 2.98, "size": "medium", "crown_color": "#89a65d"}}, {"type": "Feature", "geometry": {"type": "Point", "coordinates": [-119.4758053869009, 49.85622506713491]}, "properties": {"source": "deepforest", "kind": "tree", "species": "maple", "score": 0.32913392782211304, "crown_m": 1.92, "size": "small", "crown_color": "#9e9e57"}}, {"type": "Feature", "geometry": {"type": "Point", "coordinates": [-119.47575576603413, 49.85256671886377]}, "properties": {"source": "deepforest", "kind": "tree", "species": "maple", "score": 0.3290904760360718, "crown_m": 1.64, "size": "small", "crown_color": "#2f3317"}}, {"type": "Feature", "geometry": {"type": "Point", "coordinates": [-119.47808392345905, 49.85692843088177]}, "properties": {"source": "deepforest", "kind": "tree", "species": "maple", "score": 0.3284706771373749, "crown_m": 1.83, "size": "small", "crown_color": "#748178"}}, {"type": "Feature", "geometry": {"type": "Point", "coordinates": [-119.47650276124477, 49.851830000720604]}, "properties": {"source": "deepforest", "kind": "fruittree", "species": "apple", "score": 0.32837557792663574, "crown_m": 2.6, "size": "medium", "crown_color": "#2b3638"}}, {"type": "Feature", "geometry": {"type": "Point", "coordinates": [-119.47466142475605, 49.8572388241656]}, "properties": {"source": "deepforest", "kind": "tree", "species": "pine", "score": 0.32806891202926636, "crown_m": 2.21, "size": "medium", "crown_color": "#647051"}}, {"type": "Feature", "geometry": {"type": "Point", "coordinates": [-119.47759509086609, 49.85660722793315]}, "properties": {"source": "deepforest", "kind": "tree", "species": "pine", "score": 0.32791364192962646, "crown_m": 2.5, "size": "medium", "crown_color": "#526b48"}}, {"type": "Feature", "geometry": {"type": "Point", "coordinates": [-119.47685413062572, 49.85338297561656]}, "properties": {"source": "deepforest", "kind": "tree", "species": "pine", "score": 0.32782742381095886, "crown_m": 5.87, "size": "large", "crown_color": "#56713b"}}, {"type": "Feature", "geometry": {"type": "Point", "coordinates": [-119.47972811758518, 49.8547858846993]}, "properties": {"source": "deepforest", "kind": "tree", "species": "pine", "score": 0.32772865891456604, "crown_m": 10.11, "size": "large", "crown_color": "#5f6e5b"}}, {"type": "Feature", "geometry": {"type": "Point", "coordinates": [-119.47543926537037, 49.85441062672197]}, "properties": {"source": "deepforest", "kind": "tree", "species": "maple", "score": 0.32764461636543274, "crown_m": 2.02, "size": "medium", "crown_color": "#171d18"}}, {"type": "Feature", "geometry": {"type": "Point", "coordinates": [-119.47594285011292, 49.856602472557164]}, "properties": {"source": "deepforest", "kind": "tree", "species": "pine", "score": 0.3275052011013031, "crown_m": 1.64, "size": "small", "crown_color": "#597251"}}, {"type": "Feature", "geometry": {"type": "Point", "coordinates": [-119.47682462632656, 49.856218150169525]}, "properties": {"source": "deepforest", "kind": "tree", "species": "pine", "score": 0.3274034857749939, "crown_m": 1.83, "size": "small", "crown_color": "#53613e"}}, {"type": "Feature", "geometry": {"type": "Point", "coordinates": [-119.48268592357635, 49.854676506810954]}, "properties": {"source": "deepforest", "kind": "tree", "species": "maple", "score": 0.32661759853363037, "crown_m": 1.93, "size": "small", "crown_color": "#778663"}}, {"type": "Feature", "geometry": {"type": "Point", "coordinates": [-119.47541646659374, 49.852912592052405]}, "properties": {"source": "deepforest", "kind": "tree", "species": "pine", "score": 0.32653284072875977, "crown_m": 2.31, "size": "medium", "crown_color": "#67844c"}}, {"type": "Feature", "geometry": {"type": "Point", "coordinates": [-119.48002114892006, 49.854165064624915]}, "properties": {"source": "deepforest", "kind": "tree", "species": "pine", "score": 0.32648834586143494, "crown_m": 2.5, "size": "medium", "crown_color": "#5b764c"}}, {"type": "Feature", "geometry": {"type": "Point", "coordinates": [-119.475824162364, 49.85688130972145]}, "properties": {"source": "deepforest", "kind": "tree", "species": "maple", "score": 0.3263266980648041, "crown_m": 4.72, "size": "large", "crown_color": "#474338"}}, {"type": "Feature", "geometry": {"type": "Point", "coordinates": [-119.47713442146778, 49.853325474930166]}, "properties": {"source": "deepforest", "kind": "tree", "species": "maple", "score": 0.3261774182319641, "crown_m": 1.64, "size": "small", "crown_color": "#404031"}}, {"type": "Feature", "geometry": {"type": "Point", "coordinates": [-119.48235265910625, 49.853407618746914]}, "properties": {"source": "deepforest", "kind": "tree", "species": "maple", "score": 0.326001912355423, "crown_m": 2.21, "size": "medium", "crown_color": "#6c7158"}}, {"type": "Feature", "geometry": {"type": "Point", "coordinates": [-119.4780021160841, 49.855267922640955]}, "properties": {"source": "deepforest", "kind": "tree", "species": "maple", "score": 0.3259625732898712, "crown_m": 3.85, "size": "large", "crown_color": "#655140"}}, {"type": "Feature", "geometry": {"type": "Point", "coordinates": [-119.47972074151039, 49.855263599452094]}, "properties": {"source": "deepforest", "kind": "tree", "species": "maple", "score": 0.32590237259864807, "crown_m": 7.32, "size": "large", "crown_color": "#573f3d"}}, {"type": "Feature", "geometry": {"type": "Point", "coordinates": [-119.48087207973003, 49.85572531383834]}, "properties": {"source": "deepforest", "kind": "tree", "species": "pine", "score": 0.32556167244911194, "crown_m": 2.12, "size": "medium", "crown_color": "#50644f"}}, {"type": "Feature", "geometry": {"type": "Point", "coordinates": [-119.47941429913044, 49.855053059686036]}, "properties": {"source": "deepforest", "kind": "tree", "species": "maple", "score": 0.32534584403038025, "crown_m": 2.21, "size": "medium", "crown_color": "#30465d"}}, {"type": "Feature", "geometry": {"type": "Point", "coordinates": [-119.48037922382355, 49.85464927038128]}, "properties": {"source": "deepforest", "kind": "tree", "species": "pine", "score": 0.32514631748199463, "crown_m": 2.6, "size": "medium", "crown_color": "#525d45"}}, {"type": "Feature", "geometry": {"type": "Point", "coordinates": [-119.47668313980103, 49.85689038811372]}, "properties": {"source": "deepforest", "kind": "tree", "species": "maple", "score": 0.32509663701057434, "crown_m": 1.64, "size": "small", "crown_color": "#495043"}}, {"type": "Feature", "geometry": {"type": "Point", "coordinates": [-119.47808392345905, 49.855807885889966]}, "properties": {"source": "deepforest", "kind": "tree", "species": "pine", "score": 0.3247896432876587, "crown_m": 2.02, "size": "medium", "crown_color": "#2c4025"}}, {"type": "Feature", "geometry": {"type": "Point", "coordinates": [-119.48220446705818, 49.855679056135195]}, "properties": {"source": "deepforest", "kind": "tree", "species": "maple", "score": 0.3246312737464905, "crown_m": 3.66, "size": "large", "crown_color": "#717c6b"}}, {"type": "Feature", "geometry": {"type": "Point", "coordinates": [-119.48176458477974, 49.85156799613863]}, "properties": {"source": "deepforest", "kind": "tree", "species": "pine", "score": 0.324579119682312, "crown_m": 1.93, "size": "small", "crown_color": "#42502c"}}, {"type": "Feature", "geometry": {"type": "Point", "coordinates": [-119.47688430547714, 49.855136065206416]}, "properties": {"source": "deepforest", "kind": "tree", "species": "maple", "score": 0.32448849081993103, "crown_m": 4.43, "size": "large", "crown_color": "#778a7e"}}, {"type": "Feature", "geometry": {"type": "Point", "coordinates": [-119.48042146861553, 49.853836493670045]}, "properties": {"source": "deepforest", "kind": "tree", "species": "maple", "score": 0.32406046986579895, "crown_m": 2.6, "size": "medium", "crown_color": "#96946e"}}, {"type": "Feature", "geometry": {"type": "Point", "coordinates": [-119.47689302265644, 49.85564490322315]}, "properties": {"source": "deepforest", "kind": "tree", "species": "pine", "score": 0.3238915205001831, "crown_m": 2.12, "size": "medium", "crown_color": "#5a7249"}}, {"type": "Feature", "geometry": {"type": "Point", "coordinates": [-119.47841718792915, 49.853941117821776]}, "properties": {"source": "deepforest", "kind": "tree", "species": "maple", "score": 0.32346421480178833, "crown_m": 2.02, "size": "medium", "crown_color": "#2c3635"}}, {"type": "Feature", "geometry": {"type": "Point", "coordinates": [-119.4820100069046, 49.85600026525351]}, "properties": {"source": "deepforest", "kind": "tree", "species": "maple", "score": 0.32337939739227295, "crown_m": 6.74, "size": "large", "crown_color": "#5e6554"}}, {"type": "Feature", "geometry": {"type": "Point", "coordinates": [-119.47917357087135, 49.85261254720353]}, "properties": {"source": "deepforest", "kind": "fruittree", "species": "apple", "score": 0.32337936758995056, "crown_m": 1.54, "size": "small", "crown_color": "#788a6e"}}, {"type": "Feature", "geometry": {"type": "Point", "coordinates": [-119.47514154016972, 49.8533021287673]}, "properties": {"source": "deepforest", "kind": "tree", "species": "pine", "score": 0.3233426511287689, "crown_m": 2.79, "size": "medium", "crown_color": "#667643"}}, {"type": "Feature", "geometry": {"type": "Point", "coordinates": [-119.48187053203583, 49.85410713253982]}, "properties": {"source": "deepforest", "kind": "tree", "species": "maple", "score": 0.3230507969856262, "crown_m": 2.41, "size": "medium", "crown_color": "#6e7a67"}}, {"type": "Feature", "geometry": {"type": "Point", "coordinates": [-119.48000974953175, 49.8557940518388]}, "properties": {"source": "deepforest", "kind": "tree", "species": "maple", "score": 0.3229958117008209, "crown_m": 4.14, "size": "large", "crown_color": "#69704b"}}, {"type": "Feature", "geometry": {"type": "Point", "coordinates": [-119.47518311440945, 49.85324938369113]}, "properties": {"source": "deepforest", "kind": "tree", "species": "pine", "score": 0.32293251156806946, "crown_m": 2.02, "size": "medium", "crown_color": "#37421f"}}, {"type": "Feature", "geometry": {"type": "Point", "coordinates": [-119.4758851826191, 49.85487018764589]}, "properties": {"source": "deepforest", "kind": "tree", "species": "pine", "score": 0.322918176651001, "crown_m": 1.93, "size": "small", "crown_color": "#384939"}}, {"type": "Feature", "geometry": {"type": "Point", "coordinates": [-119.47743482887745, 49.8564883433933]}, "properties": {"source": "deepforest", "kind": "tree", "species": "maple", "score": 0.32291296124458313, "crown_m": 2.02, "size": "medium", "crown_color": "#72865b"}}, {"type": "Feature", "geometry": {"type": "Point", "coordinates": [-119.4792902469635, 49.853091148117244]}, "properties": {"source": "deepforest", "kind": "tree", "species": "maple", "score": 0.3222317099571228, "crown_m": 2.79, "size": "medium", "crown_color": "#35474e"}}, {"type": "Feature", "geometry": {"type": "Point", "coordinates": [-119.47519920766354, 49.85396186969272]}, "properties": {"source": "deepforest", "kind": "tree", "species": "maple", "score": 0.3220694661140442, "crown_m": 4.14, "size": "large", "crown_color": "#93a38f"}}, {"type": "Feature", "geometry": {"type": "Point", "coordinates": [-119.48134548962116, 49.85232503850411]}, "properties": {"source": "deepforest", "kind": "tree", "species": "pine", "score": 0.3219812214374542, "crown_m": 2.21, "size": "medium", "crown_color": "#293b2c"}}, {"type": "Feature", "geometry": {"type": "Point", "coordinates": [-119.48216557502747, 49.85318972115855]}, "properties": {"source": "deepforest", "kind": "tree", "species": "pine", "score": 0.32188040018081665, "crown_m": 2.5, "size": "medium", "crown_color": "#394436"}}, {"type": "Feature", "geometry": {"type": "Point", "coordinates": [-119.48089487850666, 49.85588094690699]}, "properties": {"source": "deepforest", "kind": "tree", "species": "maple", "score": 0.3216743469238281, "crown_m": 2.5, "size": "medium", "crown_color": "#848a56"}}, {"type": "Feature", "geometry": {"type": "Point", "coordinates": [-119.4827288389206, 49.85440760043611]}, "properties": {"source": "deepforest", "kind": "tree", "species": "maple", "score": 0.32162830233573914, "crown_m": 2.31, "size": "medium", "crown_color": "#323f41"}}, {"type": "Feature", "geometry": {"type": "Point", "coordinates": [-119.48174312710762, 49.85715711916306]}, "properties": {"source": "deepforest", "kind": "tree", "species": "pine", "score": 0.3215753734111786, "crown_m": 1.92, "size": "small", "crown_color": "#4e5c4d"}}, {"type": "Feature", "geometry": {"type": "Point", "coordinates": [-119.48202610015869, 49.85430427427677]}, "properties": {"source": "deepforest", "kind": "fruittree", "species": "peach", "score": 0.32149985432624817, "crown_m": 1.83, "size": "small", "crown_color": "#2f4042"}}, {"type": "Feature", "geometry": {"type": "Point", "coordinates": [-119.47651751339436, 49.85645808182736]}, "properties": {"source": "deepforest", "kind": "tree", "species": "pine", "score": 0.32134056091308594, "crown_m": 2.79, "size": "medium", "crown_color": "#546549"}}, {"type": "Feature", "geometry": {"type": "Point", "coordinates": [-119.47665899991989, 49.85315167544714]}, "properties": {"source": "deepforest", "kind": "tree", "species": "pine", "score": 0.3212604522705078, "crown_m": 5.78, "size": "large", "crown_color": "#60833b"}}, {"type": "Feature", "geometry": {"type": "Point", "coordinates": [-119.48231108486652, 49.856887361983155]}, "properties": {"source": "deepforest", "kind": "tree", "species": "maple", "score": 0.3210839033126831, "crown_m": 2.89, "size": "medium", "crown_color": "#748369"}}, {"type": "Feature", "geometry": {"type": "Point", "coordinates": [-119.4765604287386, 49.85570153651983]}, "properties": {"source": "deepforest", "kind": "tree", "species": "maple", "score": 0.32106268405914307, "crown_m": 2.21, "size": "medium", "crown_color": "#adb5b1"}}, {"type": "Feature", "geometry": {"type": "Point", "coordinates": [-119.48023907840252, 49.85713636866423]}, "properties": {"source": "deepforest", "kind": "tree", "species": "maple", "score": 0.32093459367752075, "crown_m": 2.6, "size": "medium", "crown_color": "#764c47"}}, {"type": "Feature", "geometry": {"type": "Point", "coordinates": [-119.48025517165661, 49.85646543106655]}, "properties": {"source": "deepforest", "kind": "fruittree", "species": "apple", "score": 0.3208944499492645, "crown_m": 1.92, "size": "small", "crown_color": "#617853"}}, {"type": "Feature", "geometry": {"type": "Point", "coordinates": [-119.47910450398922, 49.85361816568176]}, "properties": {"source": "deepforest", "kind": "tree", "species": "maple", "score": 0.320743590593338, "crown_m": 2.02, "size": "medium", "crown_color": "#423925"}}, {"type": "Feature", "geometry": {"type": "Point", "coordinates": [-119.47868406772614, 49.856968635138166]}, "properties": {"source": "deepforest", "kind": "tree", "species": "pine", "score": 0.3206689953804016, "crown_m": 1.73, "size": "small", "crown_color": "#353d1c"}}, {"type": "Feature", "geometry": {"type": "Point", "coordinates": [-119.47892412543297, 49.853539913231984]}, "properties": {"source": "deepforest", "kind": "tree", "species": "maple", "score": 0.3206082880496979, "crown_m": 1.83, "size": "small", "crown_color": "#364441"}}, {"type": "Feature", "geometry": {"type": "Point", "coordinates": [-119.47597771883011, 49.85296187878029]}, "properties": {"source": "deepforest", "kind": "tree", "species": "pine", "score": 0.3204939067363739, "crown_m": 2.89, "size": "medium", "crown_color": "#51753c"}}, {"type": "Feature", "geometry": {"type": "Point", "coordinates": [-119.47559081017971, 49.85304618490882]}, "properties": {"source": "deepforest", "kind": "tree", "species": "pine", "score": 0.3204682469367981, "crown_m": 3.95, "size": "large", "crown_color": "#567d41"}}, {"type": "Feature", "geometry": {"type": "Point", "coordinates": [-119.48112957179546, 49.85271155356277]}, "properties": {"source": "deepforest", "kind": "tree", "species": "maple", "score": 0.3203771412372589, "crown_m": 2.41, "size": "medium", "crown_color": "#8e9e5f"}}, {"type": "Feature", "geometry": {"type": "Point", "coordinates": [-119.47896972298622, 49.856158923612995]}, "properties": {"source": "deepforest", "kind": "tree", "species": "maple", "score": 0.3200022280216217, "crown_m": 2.79, "size": "medium", "crown_color": "#898571"}}, {"type": "Feature", "geometry": {"type": "Point", "coordinates": [-119.48145009577274, 49.85152216680836]}, "properties": {"source": "deepforest", "kind": "tree", "species": "maple", "score": 0.31973958015441895, "crown_m": 2.5, "size": "medium", "crown_color": "#6b865a"}}, {"type": "Feature", "geometry": {"type": "Point", "coordinates": [-119.4788946211338, 49.85326019211307]}, "properties": {"source": "deepforest", "kind": "tree", "species": "maple", "score": 0.31936225295066833, "crown_m": 2.12, "size": "medium", "crown_color": "#6e8450"}}, {"type": "Feature", "geometry": {"type": "Point", "coordinates": [-119.47653494775295, 49.85622204096267]}, "properties": {"source": "deepforest", "kind": "tree", "species": "pine", "score": 0.3193157911300659, "crown_m": 2.98, "size": "medium", "crown_color": "#4f5a41"}}, {"type": "Feature", "geometry": {"type": "Point", "coordinates": [-119.48280528187752, 49.85505738289374]}, "properties": {"source": "deepforest", "kind": "tree", "species": "maple", "score": 0.3190430700778961, "crown_m": 2.7, "size": "medium", "crown_color": "#344753"}}, {"type": "Feature", "geometry": {"type": "Point", "coordinates": [-119.4762647151947, 49.85401720797167]}, "properties": {"source": "deepforest", "kind": "tree", "species": "pine", "score": 0.3188210427761078, "crown_m": 2.12, "size": "medium", "crown_color": "#587251"}}, {"type": "Feature", "geometry": {"type": "Point", "coordinates": [-119.47785794734955, 49.85692497244954]}, "properties": {"source": "deepforest", "kind": "tree", "species": "pine", "score": 0.3187299966812134, "crown_m": 1.54, "size": "small", "crown_color": "#4b5e45"}}, {"type": "Feature", "geometry": {"type": "Point", "coordinates": [-119.4786585867405, 49.85557486806219]}, "properties": {"source": "deepforest", "kind": "tree", "species": "maple", "score": 0.3186802268028259, "crown_m": 5.01, "size": "large", "crown_color": "#653d40"}}, {"type": "Feature", "geometry": {"type": "Point", "coordinates": [-119.4768501073122, 49.85465705221989]}, "properties": {"source": "deepforest", "kind": "tree", "species": "maple", "score": 0.3186459243297577, "crown_m": 1.83, "size": "small", "crown_color": "#222618"}}, {"type": "Feature", "geometry": {"type": "Point", "coordinates": [-119.47692520916462, 49.856399287873664]}, "properties": {"source": "deepforest", "kind": "tree", "species": "maple", "score": 0.31863537430763245, "crown_m": 2.02, "size": "medium", "crown_color": "#7b8e68"}}, {"type": "Feature", "geometry": {"type": "Point", "coordinates": [-119.47555258870125, 49.85281618014991]}, "properties": {"source": "deepforest", "kind": "tree", "species": "pine", "score": 0.31861045956611633, "crown_m": 2.41, "size": "medium", "crown_color": "#4b5840"}}, {"type": "Feature", "geometry": {"type": "Point", "coordinates": [-119.47478346526623, 49.854392901330684]}, "properties": {"source": "deepforest", "kind": "tree", "species": "maple", "score": 0.3186083734035492, "crown_m": 3.47, "size": "medium", "crown_color": "#655844"}}, {"type": "Feature", "geometry": {"type": "Point", "coordinates": [-119.47868406772614, 49.85575600817767]}, "properties": {"source": "deepforest", "kind": "tree", "species": "pine", "score": 0.31858524680137634, "crown_m": 11.36, "size": "large", "crown_color": "#53653e"}}, {"type": "Feature", "geometry": {"type": "Point", "coordinates": [-119.48233991861343, 49.854152094761155]}, "properties": {"source": "deepforest", "kind": "tree", "species": "maple", "score": 0.31851139664649963, "crown_m": 5.87, "size": "large", "crown_color": "#81876b"}}, {"type": "Feature", "geometry": {"type": "Point", "coordinates": [-119.48187053203583, 49.854389875043715]}, "properties": {"source": "deepforest", "kind": "fruittree", "species": "apple", "score": 0.3183556795120239, "crown_m": 2.02, "size": "medium", "crown_color": "#708866"}}, {"type": "Feature", "geometry": {"type": "Point", "coordinates": [-119.48060519993305, 49.85459652677542]}, "properties": {"source": "deepforest", "kind": "tree", "species": "pine", "score": 0.3183123767375946, "crown_m": 1.83, "size": "small", "crown_color": "#1e2615"}}, {"type": "Feature", "geometry": {"type": "Point", "coordinates": [-119.47816506028175, 49.85620863934052]}, "properties": {"source": "deepforest", "kind": "tree", "species": "pine", "score": 0.31799978017807007, "crown_m": 2.5, "size": "medium", "crown_color": "#5e683f"}}, {"type": "Feature", "geometry": {"type": "Point", "coordinates": [-119.48074869811535, 49.856079378342564]}, "properties": {"source": "deepforest", "kind": "fruittree", "species": "apple", "score": 0.3174736499786377, "crown_m": 3.18, "size": "medium", "crown_color": "#585c46"}}, {"type": "Feature", "geometry": {"type": "Point", "coordinates": [-119.48202341794968, 49.854214350075466]}, "properties": {"source": "deepforest", "kind": "tree", "species": "pine", "score": 0.31744176149368286, "crown_m": 2.5, "size": "medium", "crown_color": "#576950"}}, {"type": "Feature", "geometry": {"type": "Point", "coordinates": [-119.47581008076668, 49.852567151206806]}, "properties": {"source": "deepforest", "kind": "fruittree", "species": "apple", "score": 0.3173266351222992, "crown_m": 1.54, "size": "small", "crown_color": "#3a3f2d"}}, {"type": "Feature", "geometry": {"type": "Point", "coordinates": [-119.47788543999195, 49.856866611368474]}, "properties": {"source": "deepforest", "kind": "tree", "species": "pine", "score": 0.3172639310359955, "crown_m": 7.99, "size": "large", "crown_color": "#52703a"}}, {"type": "Feature", "geometry": {"type": "Point", "coordinates": [-119.48164790868759, 49.85526187017644]}, "properties": {"source": "deepforest", "kind": "tree", "species": "maple", "score": 0.317226767539978, "crown_m": 4.04, "size": "large", "crown_color": "#595f49"}}, {"type": "Feature", "geometry": {"type": "Point", "coordinates": [-119.48109939694405, 49.85274397918218]}, "properties": {"source": "deepforest", "kind": "tree", "species": "maple", "score": 0.3171028196811676, "crown_m": 1.93, "size": "small", "crown_color": "#313526"}}, {"type": "Feature", "geometry": {"type": "Point", "coordinates": [-119.48280528187752, 49.852258457298234]}, "properties": {"source": "deepforest", "kind": "tree", "species": "maple", "score": 0.3171025216579437, "crown_m": 2.31, "size": "medium", "crown_color": "#33444b"}}, {"type": "Feature", "geometry": {"type": "Point", "coordinates": [-119.47656109929085, 49.85508591605491]}, "properties": {"source": "deepforest", "kind": "tree", "species": "maple", "score": 0.3170737624168396, "crown_m": 2.41, "size": "medium", "crown_color": "#232321"}}, {"type": "Feature", "geometry": {"type": "Point", "coordinates": [-119.47537288069725, 49.852958420064176]}, "properties": {"source": "deepforest", "kind": "tree", "species": "maple", "score": 0.31705909967422485, "crown_m": 1.54, "size": "small", "crown_color": "#7ea15e"}}, {"type": "Feature", "geometry": {"type": "Point", "coordinates": [-119.47798199951649, 49.85349495044108]}, "properties": {"source": "deepforest", "kind": "tree", "species": "maple", "score": 0.31653961539268494, "crown_m": 2.6, "size": "medium", "crown_color": "#263137"}}, {"type": "Feature", "geometry": {"type": "Point", "coordinates": [-119.47651751339436, 49.85533363506417]}, "properties": {"source": "deepforest", "kind": "tree", "species": "pine", "score": 0.31629690527915955, "crown_m": 2.7, "size": "medium", "crown_color": "#4f5b3c"}}, {"type": "Feature", "geometry": {"type": "Point", "coordinates": [-119.47634048759937, 49.851532110912025]}, "properties": {"source": "deepforest", "kind": "tree", "species": "pine", "score": 0.3162783682346344, "crown_m": 1.64, "size": "small", "crown_color": "#242d15"}}, {"type": "Feature", "geometry": {"type": "Point", "coordinates": [-119.47598040103912, 49.854929848103836]}, "properties": {"source": "deepforest", "kind": "tree", "species": "maple", "score": 0.316274493932724, "crown_m": 1.54, "size": "small", "crown_color": "#73865f"}}, {"type": "Feature", "geometry": {"type": "Point", "coordinates": [-119.47992391884327, 49.85207989815688]}, "properties": {"source": "deepforest", "kind": "tree", "species": "maple", "score": 0.31536856293678284, "crown_m": 1.64, "size": "small", "crown_color": "#707f64"}}, {"type": "Feature", "geometry": {"type": "Point", "coordinates": [-119.48219239711761, 49.85495189651532]}, "properties": {"source": "deepforest", "kind": "tree", "species": "pine", "score": 0.31536656618118286, "crown_m": 8.57, "size": "large", "crown_color": "#4c5646"}}, {"type": "Feature", "geometry": {"type": "Point", "coordinates": [-119.47933115065098, 49.85224375753912]}, "properties": {"source": "deepforest", "kind": "tree", "species": "pine", "score": 0.3150958716869354, "crown_m": 2.6, "size": "medium", "crown_color": "#525b40"}}, {"type": "Feature", "geometry": {"type": "Point", "coordinates": [-119.48135755956173, 49.85550656206669]}, "properties": {"source": "deepforest", "kind": "tree", "species": "pine", "score": 0.3150832951068878, "crown_m": 2.12, "size": "medium", "crown_color": "#526250"}}, {"type": "Feature", "geometry": {"type": "Point", "coordinates": [-119.4762110710144, 49.855474138300856]}, "properties": {"source": "deepforest", "kind": "tree", "species": "maple", "score": 0.31487247347831726, "crown_m": 4.04, "size": "large", "crown_color": "#90807e"}}, {"type": "Feature", "geometry": {"type": "Point", "coordinates": [-119.48129653930664, 49.85225888964401]}, "properties": {"source": "deepforest", "kind": "tree", "species": "pine", "score": 0.31476250290870667, "crown_m": 1.93, "size": "small", "crown_color": "#404e24"}}, {"type": "Feature", "geometry": {"type": "Point", "coordinates": [-119.47534136474133, 49.85599032206922]}, "properties": {"source": "deepforest", "kind": "tree", "species": "maple", "score": 0.31468915939331055, "crown_m": 2.6, "size": "medium", "crown_color": "#7a8865"}}, {"type": "Feature", "geometry": {"type": "Point", "coordinates": [-119.48081575334072, 49.85214388552794]}, "properties": {"source": "deepforest", "kind": "tree", "species": "maple", "score": 0.31446728110313416, "crown_m": 3.27, "size": "medium", "crown_color": "#9b9c7b"}}, {"type": "Feature", "geometry": {"type": "Point", "coordinates": [-119.4761212170124, 49.85518534966668]}, "properties": {"source": "deepforest", "kind": "tree", "species": "pine", "score": 0.3143242597579956, "crown_m": 1.64, "size": "small", "crown_color": "#29311d"}}, {"type": "Feature", "geometry": {"type": "Point", "coordinates": [-119.48255717754364, 49.85573309550368]}, "properties": {"source": "deepforest", "kind": "tree", "species": "pine", "score": 0.3143235743045807, "crown_m": 2.7, "size": "medium", "crown_color": "#5f6c5e"}}, {"type": "Feature", "geometry": {"type": "Point", "coordinates": [-119.48228426277637, 49.85432372900985]}, "properties": {"source": "deepforest", "kind": "tree", "species": "pine", "score": 0.31422364711761475, "crown_m": 2.02, "size": "medium", "crown_color": "#424f35"}}, {"type": "Feature", "geometry": {"type": "Point", "coordinates": [-119.47747841477394, 49.856453758744976]}, "properties": {"source": "deepforest", "kind": "tree", "species": "maple", "score": 0.31413915753364563, "crown_m": 3.18, "size": "medium", "crown_color": "#a4655f"}}, {"type": "Feature", "geometry": {"type": "Point", "coordinates": [-119.47618424892426, 49.85573050161538]}, "properties": {"source": "deepforest", "kind": "tree", "species": "pine", "score": 0.3141360282897949, "crown_m": 2.31, "size": "medium", "crown_color": "#5f7752"}}, {"type": "Feature", "geometry": {"type": "Point", "coordinates": [-119.47864316403866, 49.85500463973331]}, "properties": {"source": "deepforest", "kind": "tree", "species": "maple", "score": 0.3141043186187744, "crown_m": 1.44, "size": "small", "crown_color": "#788c6d"}}, {"type": "Feature", "geometry": {"type": "Point", "coordinates": [-119.47587847709656, 49.854912555225056]}, "properties": {"source": "deepforest", "kind": "tree", "species": "maple", "score": 0.3140140771865845, "crown_m": 2.31, "size": "medium", "crown_color": "#708e53"}}, {"type": "Feature", "geometry": {"type": "Point", "coordinates": [-119.47929561138153, 49.85223856938777]}, "properties": {"source": "deepforest", "kind": "tree", "species": "maple", "score": 0.31398671865463257, "crown_m": 1.83, "size": "small", "crown_color": "#869d65"}}, {"type": "Feature", "geometry": {"type": "Point", "coordinates": [-119.47655975818634, 49.85302327094998]}, "properties": {"source": "deepforest", "kind": "tree", "species": "maple", "score": 0.31392407417297363, "crown_m": 2.31, "size": "medium", "crown_color": "#343933"}}, {"type": "Feature", "geometry": {"type": "Point", "coordinates": [-119.4780832529068, 49.85575298197607]}, "properties": {"source": "deepforest", "kind": "tree", "species": "maple", "score": 0.3139060437679291, "crown_m": 1.93, "size": "small", "crown_color": "#71855f"}}, {"type": "Feature", "geometry": {"type": "Point", "coordinates": [-119.48176994919777, 49.85714069168555]}, "properties": {"source": "deepforest", "kind": "tree", "species": "maple", "score": 0.313818097114563, "crown_m": 2.5, "size": "medium", "crown_color": "#717f51"}}, {"type": "Feature", "geometry": {"type": "Point", "coordinates": [-119.47910852730274, 49.85644900335389]}, "properties": {"source": "deepforest", "kind": "tree", "species": "maple", "score": 0.31376513838768005, "crown_m": 2.12, "size": "medium", "crown_color": "#7f794f"}}, {"type": "Feature", "geometry": {"type": "Point", "coordinates": [-119.47613127529621, 49.85364021469168]}, "properties": {"source": "deepforest", "kind": "tree", "species": "maple", "score": 0.31366002559661865, "crown_m": 2.02, "size": "medium", "crown_color": "#6f8b5b"}}, {"type": "Feature", "geometry": {"type": "Point", "coordinates": [-119.475012794137, 49.85583166315615]}, "properties": {"source": "deepforest", "kind": "fruittree", "species": "apple", "score": 0.31352177262306213, "crown_m": 3.08, "size": "medium", "crown_color": "#5e633f"}}, {"type": "Feature", "geometry": {"type": "Point", "coordinates": [-119.47971537709236, 49.85305829039214]}, "properties": {"source": "deepforest", "kind": "tree", "species": "pine", "score": 0.31346526741981506, "crown_m": 1.83, "size": "small", "crown_color": "#667e4c"}}, {"type": "Feature", "geometry": {"type": "Point", "coordinates": [-119.4750751554966, 49.85545641329967]}, "properties": {"source": "deepforest", "kind": "tree", "species": "pine", "score": 0.3128681182861328, "crown_m": 3.27, "size": "medium", "crown_color": "#495342"}}, {"type": "Feature", "geometry": {"type": "Point", "coordinates": [-119.47974018752575, 49.855175406314714]}, "properties": {"source": "deepforest", "kind": "tree", "species": "maple", "score": 0.31286513805389404, "crown_m": 2.89, "size": "medium", "crown_color": "#202b35"}}, {"type": "Feature", "geometry": {"type": "Point", "coordinates": [-119.48085330426693, 49.85225326914847]}, "properties": {"source": "deepforest", "kind": "tree", "species": "maple", "score": 0.31278562545776367, "crown_m": 3.18, "size": "medium", "crown_color": "#869267"}}, {"type": "Feature", "geometry": {"type": "Point", "coordinates": [-119.4757604598999, 49.85503144364171]}, "properties": {"source": "deepforest", "kind": "tree", "species": "maple", "score": 0.3126422166824341, "crown_m": 3.18, "size": "medium", "crown_color": "#708d52"}}, {"type": "Feature", "geometry": {"type": "Point", "coordinates": [-119.4777499884367, 49.854393333657384]}, "properties": {"source": "deepforest", "kind": "fruittree", "species": "apple", "score": 0.31215962767601013, "crown_m": 2.41, "size": "medium", "crown_color": "#546548"}}, {"type": "Feature", "geometry": {"type": "Point", "coordinates": [-119.47842858731747, 49.85645764951914]}, "properties": {"source": "deepforest", "kind": "tree", "species": "pine", "score": 0.311996728181839, "crown_m": 1.92, "size": "small", "crown_color": "#636e4d"}}, {"type": "Feature", "geometry": {"type": "Point", "coordinates": [-119.47607763111591, 49.85512352792342]}, "properties": {"source": "deepforest", "kind": "tree", "species": "maple", "score": 0.31185516715049744, "crown_m": 2.5, "size": "medium", "crown_color": "#44504a"}}, {"type": "Feature", "geometry": {"type": "Point", "coordinates": [-119.48047041893005, 49.85156886084255]}, "properties": {"source": "deepforest", "kind": "tree", "species": "maple", "score": 0.3115769922733307, "crown_m": 2.31, "size": "medium", "crown_color": "#51493c"}}, {"type": "Feature", "geometry": {"type": "Point", "coordinates": [-119.47773456573486, 49.85416333530995]}, "properties": {"source": "deepforest", "kind": "tree", "species": "maple", "score": 0.31135860085487366, "crown_m": 4.04, "size": "large", "crown_color": "#6d894e"}}, {"type": "Feature", "geometry": {"type": "Point", "coordinates": [-119.4781543314457, 49.85479582813142]}, "properties": {"source": "deepforest", "kind": "tree", "species": "maple", "score": 0.3113122582435608, "crown_m": 3.08, "size": "medium", "crown_color": "#6b8259"}}, {"type": "Feature", "geometry": {"type": "Point", "coordinates": [-119.47707675397396, 49.852632434960086]}, "properties": {"source": "deepforest", "kind": "tree", "species": "maple", "score": 0.31122782826423645, "crown_m": 2.31, "size": "medium", "crown_color": "#3f4328"}}, {"type": "Feature", "geometry": {"type": "Point", "coordinates": [-119.4764544814825, 49.851602151931964]}, "properties": {"source": "deepforest", "kind": "tree", "species": "maple", "score": 0.31121328473091125, "crown_m": 1.44, "size": "small", "crown_color": "#799460"}}, {"type": "Feature", "geometry": {"type": "Point", "coordinates": [-119.48042750358582, 49.85217933795379]}, "properties": {"source": "deepforest", "kind": "tree", "species": "pine", "score": 0.3111056387424469, "crown_m": 8.09, "size": "large", "crown_color": "#69814a"}}, {"type": "Feature", "geometry": {"type": "Point", "coordinates": [-119.48159091174603, 49.85338384028801]}, "properties": {"source": "deepforest", "kind": "tree", "species": "maple", "score": 0.3105553090572357, "crown_m": 2.31, "size": "medium", "crown_color": "#6f8860"}}, {"type": "Feature", "geometry": {"type": "Point", "coordinates": [-119.48239088058472, 49.85250013799085]}, "properties": {"source": "deepforest", "kind": "tree", "species": "maple", "score": 0.3104092478752136, "crown_m": 3.66, "size": "large", "crown_color": "#4d533c"}}, {"type": "Feature", "geometry": {"type": "Point", "coordinates": [-119.47798870503902, 49.85437387895233]}, "properties": {"source": "deepforest", "kind": "tree", "species": "maple", "score": 0.3103422224521637, "crown_m": 5.39, "size": "large", "crown_color": "#443b36"}}, {"type": "Feature", "geometry": {"type": "Point", "coordinates": [-119.47585701942444, 49.8550374961351]}, "properties": {"source": "deepforest", "kind": "tree", "species": "pine", "score": 0.3101377487182617, "crown_m": 1.93, "size": "small", "crown_color": "#4b6744"}}, {"type": "Feature", "geometry": {"type": "Point", "coordinates": [-119.4774254411459, 49.851906094194426]}, "properties": {"source": "deepforest", "kind": "tree", "species": "maple", "score": 0.31008341908454895, "crown_m": 1.93, "size": "small", "crown_color": "#2b2f1c"}}, {"type": "Feature", "geometry": {"type": "Point", "coordinates": [-119.48175117373466, 49.85175779827956]}, "properties": {"source": "deepforest", "kind": "tree", "species": "pine", "score": 0.3100421726703644, "crown_m": 3.18, "size": "medium", "crown_color": "#697e4f"}}, {"type": "Feature", "geometry": {"type": "Point", "coordinates": [-119.4813884049654, 49.85537556991912]}, "properties": {"source": "deepforest", "kind": "tree", "species": "pine", "score": 0.30985918641090393, "crown_m": 2.41, "size": "medium", "crown_color": "#4c5844"}}, {"type": "Feature", "geometry": {"type": "Point", "coordinates": [-119.47600319981575, 49.85505695057299]}, "properties": {"source": "deepforest", "kind": "tree", "species": "pine", "score": 0.3095073997974396, "crown_m": 1.73, "size": "small", "crown_color": "#3c4f30"}}, {"type": "Feature", "geometry": {"type": "Point", "coordinates": [-119.48093712329865, 49.855378596144355]}, "properties": {"source": "deepforest", "kind": "fruittree", "species": "apple", "score": 0.30938154458999634, "crown_m": 1.54, "size": "small", "crown_color": "#637880"}}, {"type": "Feature", "geometry": {"type": "Point", "coordinates": [-119.47810605168343, 49.85692064940892]}, "properties": {"source": "deepforest", "kind": "tree", "species": "pine", "score": 0.30937597155570984, "crown_m": 2.02, "size": "medium", "crown_color": "#475446"}}, {"type": "Feature", "geometry": {"type": "Point", "coordinates": [-119.47782441973686, 49.85529299712878]}, "properties": {"source": "deepforest", "kind": "tree", "species": "pine", "score": 0.30890384316444397, "crown_m": 2.5, "size": "medium", "crown_color": "#2c341e"}}, {"type": "Feature", "geometry": {"type": "Point", "coordinates": [-119.48066152632236, 49.854012884670915]}, "properties": {"source": "deepforest", "kind": "tree", "species": "maple", "score": 0.30875658988952637, "crown_m": 3.75, "size": "large", "crown_color": "#72775a"}}, {"type": "Feature", "geometry": {"type": "Point", "coordinates": [-119.47971940040588, 49.85583901249061]}, "properties": {"source": "deepforest", "kind": "tree", "species": "maple", "score": 0.3087487816810608, "crown_m": 2.41, "size": "medium", "crown_color": "#272f2c"}}, {"type": "Feature", "geometry": {"type": "Point", "coordinates": [-119.48145277798176, 49.85474049074407]}, "properties": {"source": "deepforest", "kind": "tree", "species": "maple", "score": 0.30872029066085815, "crown_m": 2.12, "size": "medium", "crown_color": "#475952"}}, {"type": "Feature", "geometry": {"type": "Point", "coordinates": [-119.47991251945496, 49.85639280324204]}, "properties": {"source": "deepforest", "kind": "tree", "species": "pine", "score": 0.30864378809928894, "crown_m": 2.12, "size": "medium", "crown_color": "#676f5c"}}, {"type": "Feature", "geometry": {"type": "Point", "coordinates": [-119.4758503139019, 49.85488877750662]}, "properties": {"source": "deepforest", "kind": "fruittree", "species": "peach", "score": 0.3085837662220001, "crown_m": 2.02, "size": "medium", "crown_color": "#597249"}}, {"type": "Feature", "geometry": {"type": "Point", "coordinates": [-119.47507917881012, 49.856380698594]}, "properties": {"source": "deepforest", "kind": "tree", "species": "maple", "score": 0.3084713816642761, "crown_m": 2.89, "size": "medium", "crown_color": "#b6b9a3"}}, {"type": "Feature", "geometry": {"type": "Point", "coordinates": [-119.47908505797386, 49.85442489349558]}, "properties": {"source": "deepforest", "kind": "tree", "species": "maple", "score": 0.30823639035224915, "crown_m": 3.66, "size": "large", "crown_color": "#503e3b"}}, {"type": "Feature", "geometry": {"type": "Point", "coordinates": [-119.48180213570595, 49.85375910623853]}, "properties": {"source": "deepforest", "kind": "tree", "species": "pine", "score": 0.30816856026649475, "crown_m": 3.27, "size": "medium", "crown_color": "#5c6b4c"}}, {"type": "Feature", "geometry": {"type": "Point", "coordinates": [-119.47568535804749, 49.85251224361093]}, "properties": {"source": "deepforest", "kind": "tree", "species": "pine", "score": 0.30811333656311035, "crown_m": 1.73, "size": "small", "crown_color": "#263016"}}, {"type": "Feature", "geometry": {"type": "Point", "coordinates": [-119.47643637657166, 49.85466267243589]}, "properties": {"source": "deepforest", "kind": "tree", "species": "pine", "score": 0.30784380435943604, "crown_m": 8.47, "size": "large", "crown_color": "#636b49"}}, {"type": "Feature", "geometry": {"type": "Point", "coordinates": [-119.47863779962063, 49.854854624036044]}, "properties": {"source": "deepforest", "kind": "tree", "species": "maple", "score": 0.307781845331192, "crown_m": 6.64, "size": "large", "crown_color": "#47433f"}}, {"type": "Feature", "geometry": {"type": "Point", "coordinates": [-119.47675354778767, 49.854178899142426]}, "properties": {"source": "deepforest", "kind": "tree", "species": "pine", "score": 0.30760154128074646, "crown_m": 2.02, "size": "medium", "crown_color": "#2f4131"}}, {"type": "Feature", "geometry": {"type": "Point", "coordinates": [-119.48283478617668, 49.856054304262784]}, "properties": {"source": "deepforest", "kind": "tree", "species": "pine", "score": 0.30718162655830383, "crown_m": 2.6, "size": "medium", "crown_color": "#64755d"}}, {"type": "Feature", "geometry": {"type": "Point", "coordinates": [-119.47681590914726, 49.8571588483709]}, "properties": {"source": "deepforest", "kind": "tree", "species": "maple", "score": 0.30705878138542175, "crown_m": 6.93, "size": "large", "crown_color": "#82976d"}}, {"type": "Feature", "geometry": {"type": "Point", "coordinates": [-119.4790280610323, 49.85451438497952]}, "properties": {"source": "deepforest", "kind": "tree", "species": "pine", "score": 0.307004451751709, "crown_m": 1.44, "size": "small", "crown_color": "#253023"}}, {"type": "Feature", "geometry": {"type": "Point", "coordinates": [-119.48107793927193, 49.85212097114128]}, "properties": {"source": "deepforest", "kind": "tree", "species": "maple", "score": 0.30695435404777527, "crown_m": 9.05, "size": "large", "crown_color": "#859166"}}, {"type": "Feature", "geometry": {"type": "Point", "coordinates": [-119.48221988976002, 49.85522642001184]}, "properties": {"source": "deepforest", "kind": "tree", "species": "maple", "score": 0.3069380521774292, "crown_m": 5.97, "size": "large", "crown_color": "#696a5d"}}, {"type": "Feature", "geometry": {"type": "Point", "coordinates": [-119.47811476886272, 49.85308855408713]}, "properties": {"source": "deepforest", "kind": "tree", "species": "maple", "score": 0.3066878020763397, "crown_m": 1.64, "size": "small", "crown_color": "#273436"}}, {"type": "Feature", "geometry": {"type": "Point", "coordinates": [-119.47651281952858, 49.85509110390057]}, "properties": {"source": "deepforest", "kind": "tree", "species": "maple", "score": 0.3065319061279297, "crown_m": 2.41, "size": "medium", "crown_color": "#3e4433"}}, {"type": "Feature", "geometry": {"type": "Point", "coordinates": [-119.47753138840199, 49.85499253473754]}, "properties": {"source": "deepforest", "kind": "tree", "species": "pine", "score": 0.30639758706092834, "crown_m": 2.21, "size": "medium", "crown_color": "#445039"}}, {"type": "Feature", "geometry": {"type": "Point", "coordinates": [-119.47596430778503, 49.8566163063769]}, "properties": {"source": "deepforest", "kind": "tree", "species": "pine", "score": 0.3062494397163391, "crown_m": 1.92, "size": "small", "crown_color": "#4e6e49"}}, {"type": "Feature", "geometry": {"type": "Point", "coordinates": [-119.47679445147514, 49.8554689504963]}, "properties": {"source": "deepforest", "kind": "tree", "species": "pine", "score": 0.30577710270881653, "crown_m": 1.93, "size": "small", "crown_color": "#4d5934"}}, {"type": "Feature", "geometry": {"type": "Point", "coordinates": [-119.47709016501904, 49.85197267588575]}, "properties": {"source": "deepforest", "kind": "tree", "species": "pine", "score": 0.3057518005371094, "crown_m": 1.93, "size": "small", "crown_color": "#6a7745"}}, {"type": "Feature", "geometry": {"type": "Point", "coordinates": [-119.47842925786972, 49.855002045805904]}, "properties": {"source": "deepforest", "kind": "tree", "species": "pine", "score": 0.30563515424728394, "crown_m": 2.02, "size": "medium", "crown_color": "#5f7a58"}}, {"type": "Feature", "geometry": {"type": "Point", "coordinates": [-119.48188997805119, 49.85622766099666]}, "properties": {"source": "deepforest", "kind": "tree", "species": "maple", "score": 0.30557963252067566, "crown_m": 2.98, "size": "medium", "crown_color": "#70855d"}}, {"type": "Feature", "geometry": {"type": "Point", "coordinates": [-119.48238618671894, 49.854155553391834]}, "properties": {"source": "deepforest", "kind": "tree", "species": "pine", "score": 0.30554458498954773, "crown_m": 2.21, "size": "medium", "crown_color": "#606e5e"}}, {"type": "Feature", "geometry": {"type": "Point", "coordinates": [-119.4769211858511, 49.85505651825223]}, "properties": {"source": "deepforest", "kind": "tree", "species": "maple", "score": 0.30510133504867554, "crown_m": 2.21, "size": "medium", "crown_color": "#90d2d4"}}, {"type": "Feature", "geometry": {"type": "Point", "coordinates": [-119.47613798081875, 49.85194759967511]}, "properties": {"source": "deepforest", "kind": "tree", "species": "pine", "score": 0.30501461029052734, "crown_m": 2.02, "size": "medium", "crown_color": "#566f49"}}, {"type": "Feature", "geometry": {"type": "Point", "coordinates": [-119.4828113168478, 49.85619437309351]}, "properties": {"source": "deepforest", "kind": "tree", "species": "maple", "score": 0.3046906292438507, "crown_m": 6.45, "size": "large", "crown_color": "#666b55"}}, {"type": "Feature", "geometry": {"type": "Point", "coordinates": [-119.47664223611355, 49.852654052077504]}, "properties": {"source": "deepforest", "kind": "tree", "species": "pine", "score": 0.3042570650577545, "crown_m": 2.12, "size": "medium", "crown_color": "#62864b"}}, {"type": "Feature", "geometry": {"type": "Point", "coordinates": [-119.48217228055, 49.85565138795514]}, "properties": {"source": "deepforest", "kind": "tree", "species": "pine", "score": 0.30405738949775696, "crown_m": 2.02, "size": "medium", "crown_color": "#454f41"}}, {"type": "Feature", "geometry": {"type": "Point", "coordinates": [-119.47992995381355, 49.85408508374293]}, "properties": {"source": "deepforest", "kind": "tree", "species": "pine", "score": 0.3039732575416565, "crown_m": 1.73, "size": "small", "crown_color": "#19280c"}}, {"type": "Feature", "geometry": {"type": "Point", "coordinates": [-119.47589054703712, 49.856910274109836]}, "properties": {"source": "deepforest", "kind": "tree", "species": "maple", "score": 0.3036803901195526, "crown_m": 1.64, "size": "small", "crown_color": "#414c49"}}, {"type": "Feature", "geometry": {"type": "Point", "coordinates": [-119.4823157787323, 49.85444823911607]}, "properties": {"source": "deepforest", "kind": "tree", "species": "maple", "score": 0.30353084206581116, "crown_m": 2.7, "size": "medium", "crown_color": "#8a9679"}}, {"type": "Feature", "geometry": {"type": "Point", "coordinates": [-119.4767964631319, 49.852677830895495]}, "properties": {"source": "deepforest", "kind": "tree", "species": "maple", "score": 0.3034633994102478, "crown_m": 2.02, "size": "medium", "crown_color": "#32351f"}}, {"type": "Feature", "geometry": {"type": "Point", "coordinates": [-119.48282204568386, 49.854737464478866]}, "properties": {"source": "deepforest", "kind": "tree", "species": "pine", "score": 0.30335596203804016, "crown_m": 3.75, "size": "large", "crown_color": "#636e59"}}, {"type": "Feature", "geometry": {"type": "Point", "coordinates": [-119.47785258293152, 49.85350359713489]}, "properties": {"source": "deepforest", "kind": "tree", "species": "maple", "score": 0.3031746447086334, "crown_m": 2.7, "size": "medium", "crown_color": "#1c2427"}}, {"type": "Feature", "geometry": {"type": "Point", "coordinates": [-119.47940424084663, 49.85651039109369]}, "properties": {"source": "deepforest", "kind": "tree", "species": "pine", "score": 0.3031421899795532, "crown_m": 1.92, "size": "small", "crown_color": "#4b6244"}}, {"type": "Feature", "geometry": {"type": "Point", "coordinates": [-119.48162510991096, 49.85443743095985]}, "properties": {"source": "deepforest", "kind": "tree", "species": "maple", "score": 0.3030879497528076, "crown_m": 2.89, "size": "medium", "crown_color": "#687166"}}, {"type": "Feature", "geometry": {"type": "Point", "coordinates": [-119.47974152863026, 49.85435442423944]}, "properties": {"source": "deepforest", "kind": "tree", "species": "maple", "score": 0.3030685484409332, "crown_m": 2.02, "size": "medium", "crown_color": "#2d311b"}}, {"type": "Feature", "geometry": {"type": "Point", "coordinates": [-119.47683870792389, 49.85694312921594]}, "properties": {"source": "deepforest", "kind": "tree", "species": "maple", "score": 0.3027862310409546, "crown_m": 1.83, "size": "small", "crown_color": "#768e5e"}}, {"type": "Feature", "geometry": {"type": "Point", "coordinates": [-119.47677299380302, 49.85507078483518]}, "properties": {"source": "deepforest", "kind": "tree", "species": "pine", "score": 0.3025551438331604, "crown_m": 2.5, "size": "medium", "crown_color": "#637e45"}}, {"type": "Feature", "geometry": {"type": "Point", "coordinates": [-119.47839707136154, 49.85474049074407]}, "properties": {"source": "deepforest", "kind": "tree", "species": "maple", "score": 0.3024293780326843, "crown_m": 4.81, "size": "large", "crown_color": "#959777"}}, {"type": "Feature", "geometry": {"type": "Point", "coordinates": [-119.48138639330864, 49.85160258428363]}, "properties": {"source": "deepforest", "kind": "tree", "species": "pine", "score": 0.30234646797180176, "crown_m": 1.93, "size": "small", "crown_color": "#5a7140"}}, {"type": "Feature", "geometry": {"type": "Point", "coordinates": [-119.48135755956173, 49.85234233230881]}, "properties": {"source": "deepforest", "kind": "tree", "species": "maple", "score": 0.30229970812797546, "crown_m": 1.64, "size": "small", "crown_color": "#6b855c"}}, {"type": "Feature", "geometry": {"type": "Point", "coordinates": [-119.4807118177414, 49.854043580097944]}, "properties": {"source": "deepforest", "kind": "tree", "species": "pine", "score": 0.30224424600601196, "crown_m": 1.93, "size": "small", "crown_color": "#536553"}}, {"type": "Feature", "geometry": {"type": "Point", "coordinates": [-119.47645716369152, 49.85714587931063]}, "properties": {"source": "deepforest", "kind": "tree", "species": "pine", "score": 0.3022080957889557, "crown_m": 1.92, "size": "small", "crown_color": "#63874e"}}, {"type": "Feature", "geometry": {"type": "Point", "coordinates": [-119.47617821395397, 49.85382698237229]}, "properties": {"source": "deepforest", "kind": "fruittree", "species": "apple", "score": 0.30219218134880066, "crown_m": 5.68, "size": "large", "crown_color": "#5d7149"}}, {"type": "Feature", "geometry": {"type": "Point", "coordinates": [-119.47644107043743, 49.85613601113005]}, "properties": {"source": "deepforest", "kind": "tree", "species": "maple", "score": 0.30218592286109924, "crown_m": 1.83, "size": "small", "crown_color": "#769662"}}, {"type": "Feature", "geometry": {"type": "Point", "coordinates": [-119.48213942348957, 49.85374138060828]}, "properties": {"source": "deepforest", "kind": "tree", "species": "maple", "score": 0.30148574709892273, "crown_m": 9.91, "size": "large", "crown_color": "#565d4b"}}, {"type": "Feature", "geometry": {"type": "Point", "coordinates": [-119.47722494602203, 49.853576229301765]}, "properties": {"source": "deepforest", "kind": "tree", "species": "pine", "score": 0.3013811409473419, "crown_m": 2.02, "size": "medium", "crown_color": "#313d2e"}}, {"type": "Feature", "geometry": {"type": "Point", "coordinates": [-119.47589591145515, 49.85218366141859]}, "properties": {"source": "deepforest", "kind": "tree", "species": "pine", "score": 0.30134162306785583, "crown_m": 1.54, "size": "small", "crown_color": "#273816"}}, {"type": "Feature", "geometry": {"type": "Point", "coordinates": [-119.47648800909519, 49.85412399337772]}, "properties": {"source": "deepforest", "kind": "tree", "species": "maple", "score": 0.30133605003356934, "crown_m": 4.33, "size": "large", "crown_color": "#6d775a"}}, {"type": "Feature", "geometry": {"type": "Point", "coordinates": [-119.47588317096233, 49.85271890337173]}, "properties": {"source": "deepforest", "kind": "tree", "species": "pine", "score": 0.30130672454833984, "crown_m": 1.93, "size": "small", "crown_color": "#5c7b4e"}}, {"type": "Feature", "geometry": {"type": "Point", "coordinates": [-119.47842121124268, 49.8535342928854]}, "properties": {"source": "deepforest", "kind": "tree", "species": "pine", "score": 0.30129945278167725, "crown_m": 2.31, "size": "medium", "crown_color": "#677759"}}, {"type": "Feature", "geometry": {"type": "Point", "coordinates": [-119.47571150958538, 49.85499858723581]}, "properties": {"source": "deepforest", "kind": "tree", "species": "maple", "score": 0.30085623264312744, "crown_m": 2.79, "size": "medium", "crown_color": "#759058"}}, {"type": "Feature", "geometry": {"type": "Point", "coordinates": [-119.47754211723804, 49.85713593636207]}, "properties": {"source": "deepforest", "kind": "fruittree", "species": "peach", "score": 0.3007834255695343, "crown_m": 2.41, "size": "medium", "crown_color": "#6e7c5b"}}, {"type": "Feature", "geometry": {"type": "Point", "coordinates": [-119.48276974260807, 49.85589478093328]}, "properties": {"source": "deepforest", "kind": "tree", "species": "maple", "score": 0.3007439970970154, "crown_m": 6.35, "size": "large", "crown_color": "#6b776c"}}, {"type": "Feature", "geometry": {"type": "Point", "coordinates": [-119.480459690094, 49.85595271087535]}, "properties": {"source": "deepforest", "kind": "tree", "species": "maple", "score": 0.3006896376609802, "crown_m": 1.54, "size": "small", "crown_color": "#556260"}}, {"type": "Feature", "geometry": {"type": "Point", "coordinates": [-119.47555862367153, 49.85664094785848]}, "properties": {"source": "deepforest", "kind": "tree", "species": "pine", "score": 0.30012190341949463, "crown_m": 2.12, "size": "medium", "crown_color": "#495138"}}]}